/* Auto-generated Sun Solaris /dev/audio 8000 Hz u-law sound arrays */
#ifndef FTAGHN_EMBEDDED_AUDIO_H
#define FTAGHN_EMBEDDED_AUDIO_H

/* select.wav: 800 bytes @ 8kHz u-law */
static const unsigned char snd_select[] = {
    0xFF, 0xFF, 0xFF, 0xFF, 0xFF, 0xFF, 0xFF, 0xFF, 0xFF, 0xF2, 0xE7, 0xFF, 0xFF, 0xDD, 0xEC, 0x62,
    0x69, 0x75, 0x55, 0x4C, 0x5B, 0x5B, 0x50, 0x6D, 0xDE, 0x5F, 0xDF, 0xC7, 0xF0, 0x54, 0xD3, 0xCA,
    0x6F, 0x4F, 0x65, 0x6C, 0x58, 0x7E, 0xCC, 0xFF, 0x47, 0x6F, 0xCF, 0x5F, 0x53, 0xDB, 0xE0, 0x51,
    0x51, 0xDB, 0xE4, 0x58, 0xF5, 0xCE, 0xFA, 0x5D, 0xEA, 0x6E, 0x54, 0x53, 0x53, 0x4E, 0x5E, 0xDE,
    0xD5, 0xD7, 0xCE, 0xCC, 0xF6, 0x60, 0xCD, 0xD9, 0x45, 0x4F, 0xD4, 0x4E, 0x47, 0xCF, 0xBE, 0xCF,
    0xDD, 0xC6, 0xC2, 0xDA, 0xF7, 0xD4, 0xE8, 0x4B, 0x5A, 0xE2, 0x4D, 0x49, 0x66, 0x64, 0x68, 0xFF,
    0xEA, 0xFE, 0xDB, 0xE3, 0x67, 0xD7, 0xCC, 0xF8, 0x67, 0xCB, 0xCE, 0xED, 0xD2, 0xCD, 0xE7, 0xDC,
    0xC3, 0xC3, 0x74, 0x4E, 0x49, 0x47, 0x3E, 0x38, 0x4C, 0x5F, 0x54, 0xFE, 0xCE, 0xDE, 0x51, 0x54,
    0xFF, 0x6B, 0x5F, 0xDB, 0xCE, 0xF2, 0x5E, 0xFF, 0x71, 0x67, 0x6D, 0xDF, 0xD4, 0x76, 0x53, 0x5D,
    0xEE, 0x6A, 0x5A, 0xDA, 0xCA, 0xD6, 0xEE, 0x5A, 0x4B, 0x58, 0x4D, 0x44, 0x5B, 0xE7, 0x50, 0x49,
    0xD7, 0xCE, 0x5B, 0xDE, 0xE8, 0x55, 0xE2, 0xE1, 0x4D, 0x58, 0xCE, 0xD6, 0x68, 0xD1, 0xBD, 0xC5,
    0xDB, 0xE6, 0xFC, 0x5B, 0xFD, 0xE7, 0xF9, 0x78, 0x71, 0xDC, 0xCC, 0xDA, 0x5B, 0xEB, 0xCA, 0xD6,
    0x78, 0xD4, 0xD4, 0x52, 0x55, 0x7E, 0x6B, 0x55, 0x6B, 0xE7, 0x72, 0xE3, 0xD2, 0xD4, 0xE6, 0x6E,
    0x56, 0x54, 0x64, 0x4E, 0x4F, 0xE5, 0xCE, 0xC8, 0xD6, 0x67, 0x6E, 0x5E, 0x4B, 0x4A, 0x53, 0x54,
    0x4F, 0xFA, 0xD8, 0xE2, 0x60, 0x53, 0x7C, 0xE2, 0x4F, 0x4F, 0xF1, 0x60, 0x55, 0xE6, 0xCD, 0xE3,
    0xEB, 0xCD, 0xDC, 0x4F, 0xEF, 0xE1, 0x49, 0x52, 0xDC, 0x70, 0x4F, 0xEE, 0xCF, 0xF4, 0x55, 0xDD,
    0xDA, 0x53, 0x4F, 0x53, 0x47, 0x54, 0xFD, 0xE7, 0xDD, 0xDA, 0xCF, 0xD3, 0x7E, 0xE9, 0xD3, 0xDE,
    0x5C, 0xD6, 0xC9, 0xDB, 0xE1, 0xD5, 0x77, 0x57, 0x5A, 0x5B, 0x56, 0x5B, 0x77, 0x6F, 0x5A, 0x68,
    0xD5, 0xDE, 0x51, 0x69, 0xDB, 0x5C, 0x5D, 0xED, 0xFA, 0xF5, 0xD3, 0xCD, 0xCF, 0xD3, 0xD5, 0xDB,
    0xE6, 0xDE, 0xF6, 0x4D, 0x4F, 0x62, 0x5B, 0x61, 0xDC, 0x66, 0x59, 0xD8, 0xCF, 0x5E, 0x4E, 0xFF,
    0x67, 0x4E, 0xF6, 0xD8, 0x53, 0x59, 0xC7, 0xCC, 0x4D, 0x4C, 0xDC, 0xE7, 0x4D, 0x63, 0xCA, 0x7E,
    0x4A, 0xF1, 0xDD, 0xF9, 0xDF, 0xE6, 0xDE, 0xE7, 0x67, 0x6E, 0x6A, 0x64, 0x6A, 0xFF, 0xFF, 0xFF,
    0xE9, 0x68, 0x4B, 0x46, 0x4E, 0x53, 0x48, 0x4B, 0xD7, 0xC9, 0xD2, 0xCC, 0xC0, 0xCE, 0x5E, 0xE2,
    0xCC, 0x5A, 0x43, 0x58, 0xF5, 0x4D, 0x52, 0xCF, 0xD1, 0x51, 0x59, 0xCF, 0xE9, 0x55, 0xE2, 0xCE,
    0xEA, 0xFF, 0xD4, 0xD3, 0xD3, 0xDC, 0xE7, 0xE7, 0xDA, 0xD3, 0xD3, 0xD3, 0xD9, 0xE9, 0xEF, 0xFB,
    0x5F, 0x53, 0x5B, 0x6D, 0xFF, 0x67, 0xFE, 0xD5, 0xD6, 0xFE, 0x67, 0x79, 0xF8, 0x4F, 0x44, 0x51,
    0xEC, 0xFF, 0xE3, 0xC2, 0xC4, 0xE7, 0xD1, 0xC6, 0x5E, 0x44, 0x4F, 0x5D, 0x47, 0x47, 0xF9, 0xE7,
    0x53, 0x7C, 0xC9, 0xC5, 0xD1, 0xE7, 0xD9, 0xDB, 0x6F, 0x53, 0x6B, 0x6F, 0x4E, 0x4F, 0xE3, 0xDC,
    0x56, 0x70, 0xD7, 0x56, 0x4D, 0xE5, 0xED, 0x4A, 0x67, 0xCE, 0xEC, 0x4E, 0x5B, 0x76, 0x4F, 0x4E,
    0x6E, 0xEA, 0xDB, 0xDB, 0x69, 0xEC, 0xEE, 0x61, 0x4B, 0x47, 0x4A, 0x5A, 0x5B, 0x48, 0x2F, 0x9C,
    0x2E, 0xC0, 0xC6, 0x27, 0xC9, 0x3B, 0x6A, 0xB1, 0x3D, 0xC3, 0x2C, 0x41, 0xA2, 0xBF, 0xAE, 0x3A,
    0x35, 0x20, 0xC5, 0xC9, 0xC4, 0x37, 0x2B, 0xBD, 0xC0, 0xAE, 0xA9, 0x31, 0xCC, 0x23, 0xAB, 0xBF,
    0xFF, 0xC2, 0x4C, 0x2E, 0x34, 0x4E, 0xC7, 0xAB, 0xDD, 0x3C, 0x49, 0x3D, 0xB1, 0xC9, 0xC6, 0xBF,
    0xE5, 0xCD, 0xBB, 0xB8, 0xDE, 0x6A, 0xC9, 0xC2, 0xDC, 0xD0, 0x48, 0x5A, 0x6F, 0xBE, 0xD0, 0xBE,
    0x42, 0x28, 0x2F, 0x47, 0xDB, 0xF5, 0x6A, 0x2D, 0x3C, 0x3F, 0x3B, 0x5E, 0x39, 0xC5, 0x4E, 0x4B,
    0x51, 0x6D, 0x38, 0x78, 0xBC, 0xB6, 0xB8, 0x3A, 0xC4, 0xC2, 0x39, 0xB2, 0xB9, 0xB8, 0x3B, 0x5A,
    0xB8, 0xB9, 0xB7, 0xDE, 0x62, 0x6D, 0xCC, 0xCF, 0xB1, 0x7E, 0x40, 0xC0, 0xCB, 0xD7, 0xD4, 0x6A,
    0x4A, 0x3A, 0x4B, 0xB3, 0xC7, 0x3F, 0x5B, 0x4F, 0x46, 0x5F, 0x4A, 0x46, 0x63, 0x3F, 0xCB, 0x52,
    0xE7, 0xC6, 0x4C, 0x3B, 0x71, 0xCE, 0x6F, 0x3C, 0x49, 0xCB, 0x39, 0xB5, 0x47, 0xB4, 0xC3, 0xC7,
    0xE3, 0x4F, 0xE2, 0x51, 0x4E, 0x57, 0x49, 0x41, 0x49, 0xDD, 0xC7, 0x31, 0xBB, 0xBD, 0xE3, 0x72,
    0x5B, 0x5B, 0x4F, 0x6D, 0xDF, 0x5E, 0x4B, 0x5E, 0x55, 0xC1, 0xD4, 0x3F, 0x4A, 0x3F, 0x5F, 0x75,
    0x45, 0x39, 0x46, 0xEC, 0x51, 0xCF, 0xB4, 0xC8, 0x49, 0xCF, 0xCF, 0xBA, 0xBB, 0x5E, 0xE6, 0xBF,
    0x57, 0x5D, 0xCA, 0xC8, 0x6D, 0x5B, 0xCB, 0xD1, 0xC3, 0x57, 0xC2, 0x7D, 0x4F, 0x4A, 0xE4, 0xE0,
    0xD8, 0xD4, 0xC4, 0xD4, 0x49, 0x5E, 0xC6, 0xD8, 0x48, 0xDB, 0x4B, 0x5C, 0x42, 0xD9, 0xC7, 0xE9,
    0xD3, 0x5E, 0x3F, 0x40, 0x4C, 0x5E, 0x3D, 0x40, 0xD5, 0x52, 0x53, 0xD3, 0x54, 0xD2, 0xCF, 0xE3,
    0xF7, 0xD9, 0xC9, 0xD0, 0x68, 0xC0, 0xBD, 0xD6, 0xCF, 0xE2, 0xC1, 0xC3, 0x56, 0xDA, 0x6A, 0x5A,
    0x6C, 0xE2, 0xEA, 0x5F, 0x4C, 0x53, 0x62, 0xDC, 0xD6, 0xE2, 0x5C, 0x6E, 0x57, 0x55, 0x61, 0x67,
    0x61, 0x5B, 0xFF, 0xD8, 0xCD, 0xF7, 0x77, 0x4D, 0x4D, 0x4A, 0xDA, 0xD3, 0x59, 0x64, 0xBA, 0xCA,
    0xDF, 0xC1, 0xD4, 0x61, 0x68, 0xDF, 0xD9, 0x6A, 0xD7, 0xCF, 0xC2, 0xC8, 0xC9, 0x59, 0xEE, 0x64,
    0x52, 0x55, 0x5F, 0x5D, 0x53, 0xFF, 0xEC, 0xE7, 0xE0, 0xD5, 0x77, 0x72, 0xFF, 0xFF, 0xFF, 0xFF,
};
static const unsigned int snd_select_len = 800;

/* place.wav: 4075 bytes @ 8kHz u-law */
static const unsigned char snd_clone[] = {
    0xFF, 0xFF, 0xFF, 0xFF, 0xFF, 0xFF, 0xFF, 0xFF, 0xFF, 0xFF, 0xFF, 0xFF, 0xFF, 0xFF, 0xFF, 0xFF,
    0xFF, 0xFF, 0xFF, 0xFF, 0xFF, 0xFF, 0xFF, 0xFF, 0xFF, 0xFF, 0xFF, 0xFF, 0xFF, 0xFF, 0xFF, 0xFF,
    0xFF, 0xFF, 0xFF, 0xFF, 0xFF, 0xFF, 0xFF, 0xFF, 0xFF, 0xFF, 0xFF, 0xFF, 0xFF, 0xFF, 0xFF, 0xFF,
    0xFF, 0xFF, 0xFF, 0xFF, 0xFF, 0xFF, 0xFF, 0xFF, 0xFF, 0xFF, 0xFF, 0xFF, 0xFF, 0xFF, 0xFF, 0xFF,
    0xFF, 0xFF, 0xFF, 0xFF, 0xFF, 0xFF, 0xFF, 0xFF, 0xFF, 0xFF, 0xFF, 0xFF, 0xFF, 0xFF, 0xFF, 0xFF,
    0xFF, 0xFF, 0xFF, 0xFF, 0xFF, 0xFF, 0xFF, 0xFF, 0xFF, 0xFF, 0xFF, 0xFF, 0xFF, 0xFF, 0xFF, 0xFF,
    0xFF, 0xFF, 0xFF, 0xFF, 0xFF, 0xFF, 0xFF, 0xFF, 0xFF, 0xFF, 0xFF, 0xFF, 0xFF, 0xFF, 0xFF, 0xFF,
    0xFF, 0xFF, 0xFF, 0xFF, 0xFF, 0xFF, 0xFF, 0xFF, 0xFF, 0xFF, 0xFF, 0xFF, 0xFF, 0xFF, 0xFF, 0xFF,
    0xFF, 0xFF, 0xFF, 0xFF, 0xFF, 0xFF, 0xFF, 0xFF, 0xFF, 0xFF, 0xFF, 0xFF, 0xFF, 0xFF, 0xFF, 0xFF,
    0xFF, 0xFF, 0xFF, 0xFF, 0xFF, 0xFF, 0xFF, 0xFF, 0xFF, 0xFF, 0xFF, 0xFF, 0xFF, 0xFF, 0xFF, 0xFF,
    0xFF, 0xFF, 0xFF, 0xFF, 0xFF, 0xFF, 0xFF, 0xFF, 0xFF, 0xFF, 0xFF, 0xFF, 0xFF, 0xFF, 0xFF, 0xFF,
    0xFF, 0xFF, 0xFF, 0xFF, 0xFF, 0xFF, 0xFF, 0xFF, 0xFF, 0xFF, 0xFF, 0xFF, 0xFF, 0xFF, 0xFF, 0xFF,
    0xFF, 0xFF, 0xE7, 0xE7, 0xFB, 0xE7, 0xFB, 0x63, 0x61, 0xFF, 0x72, 0x67, 0xF6, 0xDB, 0xF8, 0x60,
    0xED, 0xE8, 0x61, 0x5B, 0x5B, 0x57, 0x53, 0x61, 0xE2, 0xDC, 0xEE, 0xDE, 0xDA, 0xD8, 0xE6, 0x6D,
    0x62, 0x68, 0x70, 0x67, 0xF8, 0xE7, 0xFE, 0xE2, 0xDB, 0xFF, 0xFF, 0xFF, 0x63, 0x56, 0x5B, 0x6D,
    0xFF, 0x67, 0x6F, 0xE9, 0xEB, 0x6D, 0xFE, 0xD8, 0xE0, 0xFF, 0xEF, 0xE7, 0xE7, 0xE7, 0xE8, 0xFF,
    0xEA, 0xE7, 0xF1, 0xFF, 0xFF, 0xEC, 0xE7, 0xE0, 0xDB, 0xEA, 0xFF, 0xFF, 0xFF, 0xFF, 0xFF, 0x6F,
    0x67, 0xF8, 0xF2, 0xFF, 0xF3, 0xDD, 0xE7, 0xEF, 0xFF, 0x57, 0x4D, 0x5B, 0x67, 0x67, 0x69, 0xFF,
    0xE9, 0xFF, 0xFF, 0xFF, 0x71, 0x5D, 0x67, 0x70, 0xFF, 0x67, 0x74, 0x7D, 0x60, 0x64, 0x6A, 0xFF,
    0x68, 0x67, 0x67, 0x54, 0x5B, 0x64, 0x5D, 0x72, 0xFF, 0x6C, 0x63, 0x69, 0x6F, 0x67, 0x67, 0x72,
    0xFF, 0x61, 0x63, 0xE7, 0xEF, 0x56, 0x70, 0xD4, 0xDB, 0xDF, 0xD7, 0xD5, 0xE0, 0xFC, 0xF6, 0xE7,
    0xDC, 0xE7, 0xE7, 0xDE, 0xFF, 0xFF, 0xDB, 0xEE, 0xFF, 0xF0, 0xE7, 0xE7, 0xF2, 0x68, 0xEC, 0xE3,
    0x78, 0x5B, 0x75, 0x63, 0x5B, 0x67, 0x67, 0x67, 0xE5, 0xDB, 0xE5, 0xFF, 0xED, 0xE7, 0xFF, 0x6B,
    0x5B, 0x5F, 0x67, 0xFF, 0x6C, 0xFF, 0xFF, 0xEA, 0xDD, 0xF1, 0x68, 0x6C, 0xFF, 0x66, 0x5B, 0x5B,
    0x6A, 0xEE, 0xE7, 0x67, 0xF1, 0xD5, 0xFD, 0x67, 0xF8, 0xF2, 0x5C, 0x51, 0x6F, 0xE9, 0xFF, 0xFF,
    0xE7, 0xF3, 0x7E, 0x6D, 0xEB, 0xFF, 0x6F, 0x67, 0xF6, 0xF4, 0xFF, 0xF2, 0xDD, 0xDD, 0xF0, 0xE8,
    0xE7, 0xF5, 0x65, 0x57, 0x5B, 0x64, 0x5B, 0x5B, 0x6C, 0xEC, 0xE7, 0xE7, 0xE7, 0x78, 0x67, 0x7E,
    0x73, 0x67, 0xFC, 0xDF, 0xE5, 0xDB, 0xD1, 0xD3, 0xE3, 0xEB, 0xE9, 0xFF, 0xFF, 0x76, 0x5E, 0x5C,
    0xFF, 0xFF, 0x5D, 0x70, 0xDD, 0x62, 0x56, 0xFF, 0x69, 0x4F, 0x51, 0xE5, 0xDB, 0x67, 0xF3, 0xD5,
    0xFC, 0x56, 0x5D, 0x67, 0x5C, 0x5B, 0xFA, 0xDB, 0xD7, 0xD5, 0xD3, 0xDD, 0xE7, 0xED, 0x6B, 0x54,
    0x5F, 0xDE, 0xEB, 0x6D, 0xDB, 0xD3, 0xE0, 0xFA, 0xDB, 0xD3, 0xFA, 0x56, 0x54, 0x6E, 0xFF, 0x6A,
    0xFF, 0xDD, 0xDE, 0xF5, 0xE8, 0xFF, 0x6A, 0xF9, 0xF1, 0x68, 0x5E, 0x75, 0xE9, 0xFF, 0xFF, 0x67,
    0x72, 0xFF, 0x73, 0x67, 0x67, 0x67, 0xEB, 0xDB, 0xE1, 0xFF, 0xE7, 0xF7, 0x67, 0x67, 0x67, 0x6B,
    0xFF, 0xE7, 0xDF, 0x6E, 0x5D, 0xE5, 0xDB, 0x5F, 0x4F, 0x5C, 0x69, 0x5B, 0xEE, 0xCF, 0xD3, 0xE7,
    0xE7, 0xDC, 0xFC, 0x56, 0x6A, 0x6E, 0x54, 0x5C, 0xEC, 0xEC, 0x66, 0xDE, 0xD9, 0x6D, 0x7E, 0xE7,
    0x6F, 0x5D, 0xE7, 0xE5, 0xE7, 0xDE, 0xE8, 0xF2, 0xDD, 0xD6, 0xE7, 0xE7, 0xE0, 0x6C, 0x5C, 0xF1,
    0xE7, 0xDB, 0xDB, 0xE6, 0xDB, 0xDB, 0x7C, 0x67, 0x5D, 0x5B, 0x5B, 0x5B, 0x5E, 0x75, 0xE7, 0xE0,
    0xCF, 0xD1, 0x6A, 0x5B, 0x53, 0x4B, 0x4A, 0x4F, 0x5A, 0x63, 0xF3, 0x67, 0xEB, 0xCF, 0xEA, 0xFF,
    0xE9, 0x63, 0x56, 0x5C, 0x67, 0x78, 0xFA, 0xE7, 0xDC, 0xD3, 0xDE, 0x7D, 0x67, 0x67, 0x67, 0x5F,
    0x5B, 0x6C, 0xEC, 0xE7, 0xE7, 0xE7, 0xE4, 0xE1, 0x68, 0x67, 0x67, 0x67, 0x67, 0x67, 0xE7, 0xDE,
    0xE7, 0xE7, 0xDD, 0xDC, 0xEF, 0xE9, 0xEC, 0x6D, 0x67, 0xF2, 0xE7, 0x67, 0x70, 0xDD, 0xEC, 0x6C,
    0xE6, 0xDB, 0xF3, 0xFF, 0xDE, 0xDB, 0xF3, 0x75, 0xE8, 0x69, 0x55, 0x6A, 0xFF, 0xFF, 0x6D, 0xFF,
    0xE9, 0x6F, 0x67, 0xF7, 0xE7, 0x67, 0x5E, 0x67, 0xFF, 0x6F, 0x5C, 0x6B, 0xED, 0xE7, 0xEE, 0xFF,
    0xFF, 0xFF, 0xFF, 0xF6, 0xE7, 0x7C, 0x5F, 0x78, 0xEA, 0xFF, 0xFF, 0xEC, 0x61, 0x5C, 0x67, 0x67,
    0x64, 0x5B, 0x5B, 0x5B, 0x56, 0x4E, 0x5B, 0x67, 0x5B, 0x61, 0x67, 0x6D, 0xEB, 0xDB, 0xE7, 0x69,
    0xF7, 0xE7, 0xFF, 0xEB, 0xD5, 0xDF, 0x67, 0x7B, 0xDE, 0xF4, 0x68, 0xFF, 0xFF, 0x6A, 0xE6, 0xD4,
    0xDB, 0xDB, 0xCD, 0xCD, 0xE1, 0xF3, 0xE0, 0xFD, 0x58, 0x75, 0xE9, 0xFF, 0xDE, 0xD5, 0xE1, 0xDC,
    0xDB, 0x79, 0x53, 0x53, 0x53, 0x53, 0x5D, 0xE7, 0xDE, 0xE7, 0xDB, 0xDB, 0xE5, 0xE7, 0xD9, 0xD4,
    0x6A, 0x5B, 0x6C, 0x7C, 0x67, 0xFA, 0xD9, 0xE9, 0xF6, 0xD5, 0xED, 0x5F, 0xEA, 0x6D, 0x50, 0x5B,
    0x5B, 0x5B, 0x5D, 0x71, 0xFF, 0xF4, 0xDE, 0xDC, 0xEF, 0x69, 0x60, 0x53, 0x4D, 0x59, 0x76, 0xFF,
    0xEF, 0xD5, 0xCD, 0xD6, 0xE7, 0xE7, 0xF8, 0x7A, 0x67, 0x7B, 0xFF, 0xED, 0xE7, 0xDB, 0xD5, 0xDD,
    0xE7, 0xD5, 0xD0, 0xED, 0x5C, 0x67, 0x5D, 0x55, 0x60, 0xE9, 0x74, 0x67, 0xE7, 0xE7, 0x6C, 0x6B,
    0xE4, 0xFE, 0x61, 0x6F, 0xE9, 0x67, 0x5B, 0xF7, 0xE7, 0xFF, 0xFF, 0xEB, 0xFF, 0xFF, 0xFF, 0xFF,
    0x6D, 0x5B, 0x5B, 0x64, 0xFA, 0xE7, 0xFC, 0xFF, 0xEC, 0xDC, 0xEE, 0xEA, 0xDD, 0xF1, 0x68, 0xED,
    0xDB, 0xE8, 0xF0, 0xDD, 0xDD, 0xF2, 0xFF, 0x73, 0x67, 0x5B, 0x5B, 0x65, 0x67, 0x72, 0xE7, 0xED,
    0xFF, 0xFF, 0xFF, 0x69, 0x5B, 0x61, 0x7E, 0x61, 0x5B, 0xE5, 0xDB, 0x6B, 0x67, 0xE7, 0x7D, 0x67,
    0x78, 0x6E, 0x53, 0x65, 0xE7, 0xE7, 0xFD, 0xEE, 0xFF, 0x67, 0x67, 0x5C, 0x53, 0x59, 0xFC, 0xE0,
    0xE5, 0xFF, 0xFF, 0xE7, 0x73, 0x67, 0x67, 0x5F, 0x5B, 0x4E, 0x5D, 0xDB, 0xDE, 0xF7, 0xD9, 0xCD,
    0xDA, 0xE3, 0xE2, 0xE8, 0x71, 0x67, 0x67, 0x67, 0x67, 0x67, 0x74, 0xE7, 0xEE, 0xFF, 0xE4, 0xE0,
    0xFD, 0x6C, 0xEC, 0x79, 0x5B, 0x64, 0xE7, 0xF2, 0x67, 0xE2, 0xD0, 0xDB, 0xD7, 0xCE, 0xD7, 0x77,
    0x67, 0xFF, 0x6B, 0x5C, 0x6F, 0xE9, 0xEF, 0xDB, 0xE8, 0xFF, 0xFF, 0x67, 0x5F, 0x66, 0x6C, 0xEC,
    0xE6, 0xDF, 0xDD, 0xDA, 0xD3, 0xDB, 0xEC, 0x6C, 0x67, 0x60, 0x64, 0x6A, 0x6E, 0xE8, 0xD9, 0xD9,
    0xE9, 0xFF, 0x69, 0x63, 0x61, 0x7E, 0x61, 0x5B, 0xE5, 0xDB, 0xF7, 0xE7, 0xDE, 0xE8, 0x61, 0x5B,
    0x5E, 0x6F, 0x55, 0x4C, 0x67, 0xDC, 0xFF, 0xFF, 0xD3, 0xD8, 0x6A, 0x72, 0xD8, 0xE9, 0x67, 0x79,
    0xEA, 0xFF, 0x68, 0xFF, 0xFF, 0xFF, 0xFF, 0xEA, 0xEB, 0x64, 0x5B, 0x6D, 0x6B, 0x5B, 0x67, 0xE9,
    0xE7, 0x76, 0x67, 0x69, 0xE7, 0x71, 0x4F, 0x5A, 0x6B, 0x6D, 0xFF, 0xFF, 0xFF, 0xE5, 0xDB, 0xE6,
    0x6C, 0xFF, 0xE8, 0xFF, 0xFF, 0xE7, 0xE7, 0xE7, 0xFF, 0xFF, 0xE7, 0xE7, 0xFA, 0xFF, 0xEE, 0xE7,
    0x73, 0x67, 0x7B, 0x5C, 0x4E, 0x57, 0x72, 0x67, 0x67, 0x77, 0xFF, 0xFF, 0xFF, 0xFF, 0x6D, 0x67,
    0x5E, 0x77, 0xEA, 0x6E, 0x67, 0xE7, 0xE7, 0xE6, 0xD8, 0xCE, 0xDD, 0xF1, 0xE8, 0xDE, 0x72, 0x54,
    0x65, 0xFF, 0x78, 0x71, 0xDC, 0xD6, 0xE3, 0xE6, 0xDB, 0xF6, 0x63, 0x61, 0x67, 0x67, 0x67, 0xFB,
    0xDF, 0xDB, 0xDB, 0xDB, 0xE7, 0x72, 0x67, 0x67, 0x5F, 0x5B, 0x5E, 0xF5, 0xE7, 0xE7, 0xE7, 0xDB,
    0xE0, 0xE7, 0xE7, 0xE7, 0xE8, 0x70, 0x5D, 0xF9, 0xDF, 0xFC, 0xFF, 0xE1, 0xE7, 0x72, 0x65, 0xFF,
    0x64, 0x4E, 0x5E, 0x76, 0x5C, 0x6F, 0xDD, 0xEB, 0x6D, 0xFF, 0xFF, 0x6B, 0x5C, 0x67, 0x67, 0xFF,
    0xFF, 0xFE, 0xDD, 0xCE, 0xD5, 0xDB, 0xE6, 0xEC, 0xFF, 0xE8, 0x71, 0x67, 0x67, 0x67, 0x7D, 0xE7,
    0xF5, 0x68, 0xF0, 0xE7, 0x78, 0x5A, 0x5B, 0x5E, 0x5D, 0x5C, 0x6F, 0x69, 0xF0, 0xEB, 0xCA, 0xCB,
    0xB0, 0x24, 0x69, 0xA5, 0xCF, 0x25, 0xAD, 0xC9, 0x27, 0x24, 0xC8, 0xBF, 0x2B, 0x5E, 0x50, 0x43,
    0xC5, 0xBF, 0x2A, 0x29, 0xB2, 0xA4, 0x3A, 0x24, 0xBF, 0xA2, 0xC1, 0x37, 0x36, 0x2A, 0x35, 0xAD,
    0xBC, 0x30, 0x48, 0xB9, 0xCB, 0xBF, 0xC6, 0xD7, 0xC5, 0xAC, 0xB2, 0xE7, 0xD6, 0x67, 0xBA, 0x47,
    0x4B, 0xAE, 0xAD, 0x4C, 0x2D, 0xE2, 0x4D, 0xCD, 0x41, 0x35, 0x3A, 0x3A, 0x69, 0xE3, 0xBB, 0xE5,
    0x4D, 0x39, 0xCB, 0x6C, 0xBE, 0x36, 0xEC, 0x3E, 0xD1, 0xAC, 0xCD, 0x33, 0xE1, 0xBA, 0xBA, 0x58,
    0xBA, 0x64, 0xAC, 0xC3, 0x39, 0xD1, 0xD0, 0xE8, 0x41, 0x3E, 0x4E, 0xE8, 0xD5, 0x3E, 0x3F, 0x54,
    0x5B, 0x65, 0xEA, 0x61, 0x62, 0x55, 0xE4, 0xC3, 0x43, 0x44, 0xC7, 0xC1, 0x54, 0x49, 0xB0, 0x3D,
    0xCF, 0xB8, 0x3A, 0x33, 0x49, 0xCE, 0x43, 0x3D, 0xD0, 0xB8, 0xCF, 0x5E, 0xC8, 0x53, 0x50, 0xED,
    0x7A, 0x57, 0x53, 0x48, 0x3B, 0x4F, 0xD3, 0x67, 0x53, 0x5C, 0x54, 0xEE, 0x41, 0xCB, 0x5F, 0x4C,
    0xB9, 0x53, 0xBE, 0xC0, 0xBD, 0xC6, 0xC6, 0xC4, 0xC7, 0xC2, 0xC5, 0xE3, 0x6B, 0x58, 0x4F, 0xCA,
    0x5F, 0xCE, 0x7E, 0x63, 0xEB, 0xD3, 0xF2, 0x43, 0x50, 0xD9, 0xCA, 0xE1, 0x5D, 0xEA, 0x49, 0xCD,
    0x5E, 0xE6, 0x52, 0x48, 0x5C, 0x4D, 0xDD, 0xC9, 0x75, 0x4F, 0x57, 0xD0, 0xD2, 0x5F, 0xFF, 0xD4,
    0xFF, 0xDA, 0xDC, 0x60, 0xE4, 0xD1, 0xE9, 0xCD, 0xC9, 0x5F, 0x5A, 0xD7, 0x6C, 0x4A, 0xE4, 0xCD,
    0xD2, 0xF1, 0xF5, 0xDB, 0xCE, 0xEE, 0x4F, 0x4A, 0x59, 0x5E, 0x4C, 0x70, 0x68, 0x4E, 0x4B, 0x4F,
    0xE2, 0xD3, 0x3D, 0x49, 0xFF, 0x59, 0x6A, 0xD8, 0xDE, 0x4B, 0xF0, 0xF9, 0x53, 0xF3, 0xE7, 0x5B,
    0x67, 0xCF, 0xEF, 0x5E, 0x67, 0xEB, 0x75, 0x5C, 0x6F, 0xFF, 0xDD, 0xD6, 0xD5, 0x5B, 0xE4, 0xCB,
    0xDC, 0x5D, 0x7C, 0xED, 0xE9, 0x52, 0x55, 0xF9, 0x62, 0x46, 0x4F, 0x4F, 0xD5, 0x70, 0xD8, 0x53,
    0xFF, 0xDB, 0xDB, 0xF4, 0x56, 0x67, 0xE0, 0xD7, 0x4E, 0xFE, 0xCE, 0xF0, 0xC9, 0xC9, 0xEF, 0xF0,
    0x67, 0x67, 0xFF, 0x58, 0x56, 0xDE, 0xCA, 0xD4, 0x62, 0xE9, 0xEC, 0xD3, 0xE3, 0x4F, 0x46, 0x58,
    0x75, 0x5B, 0x66, 0xDE, 0x7D, 0xFB, 0xD3, 0xE7, 0xE7, 0xEF, 0xD7, 0x45, 0x75, 0xE1, 0xE7, 0x4E,
    0xBF, 0xFC, 0x49, 0x70, 0xCE, 0xE9, 0x46, 0x6A, 0xF8, 0x49, 0x4E, 0xDF, 0x5B, 0x5B, 0xDB, 0xCF,
    0xDA, 0xDE, 0x55, 0x63, 0xD6, 0x4F, 0x43, 0x62, 0x4E, 0x4F, 0x60, 0x7D, 0x56, 0xCF, 0xCF, 0x71,
    0xE1, 0xDD, 0x78, 0x54, 0x51, 0x55, 0xFB, 0xEF, 0x5D, 0x55, 0x6B, 0x7E, 0x53, 0x4E, 0x7A, 0x53,
    0x46, 0x4C, 0x6D, 0x4D, 0x4E, 0x78, 0xE5, 0x6A, 0xCB, 0xF2, 0x58, 0x3F, 0xF9, 0x5C, 0xD3, 0x5F,
    0x77, 0xEC, 0xE1, 0x6F, 0x5D, 0xCE, 0xE2, 0x72, 0xD4, 0xD9, 0xCF, 0xD3, 0xD7, 0x6D, 0xF7, 0xE7,
    0x5B, 0x63, 0xDF, 0xEC, 0x5B, 0x64, 0xDB, 0xE2, 0x67, 0x6D, 0xD9, 0xDE, 0xEF, 0xCE, 0xDE, 0xF4,
    0xFF, 0xF1, 0xDD, 0xEA, 0xEE, 0xE7, 0xE8, 0xD9, 0x6D, 0xCF, 0xEF, 0xDB, 0xEA, 0xD4, 0xDE, 0xD2,
    0xE7, 0xE7, 0xFA, 0xFF, 0xED, 0xCE, 0xCD, 0xD7, 0xDD, 0xEF, 0xCB, 0xF0, 0x67, 0xDB, 0xDF, 0xF8,
    0xD1, 0xCC, 0xCD, 0xCF, 0xD3, 0xD5, 0x79, 0xDD, 0xE4, 0xDB, 0xCE, 0xD0, 0xD0, 0xD4, 0xD8, 0xD3,
    0xD5, 0xEA, 0xFF, 0xD9, 0xCF, 0xE6, 0xDB, 0xDB, 0xD5, 0xDB, 0xCA, 0xD9, 0x6F, 0xE5, 0xDF, 0xDC,
    0xD3, 0xCF, 0xC9, 0xCB, 0xCA, 0xC7, 0xC9, 0xC5, 0xC8, 0xD1, 0xD3, 0xCC, 0xD0, 0xC8, 0xBD, 0xBE,
    0xC3, 0xC5, 0xC6, 0xD1, 0xE7, 0xD0, 0xCC, 0xE5, 0xD1, 0xCB, 0xCD, 0xCC, 0xBE, 0xCC, 0xEA, 0xD4,
    0xC1, 0xC4, 0xCD, 0xC7, 0xC2, 0xCA, 0xC8, 0xC5, 0xCB, 0xCD, 0xC9, 0xC9, 0x74, 0xCE, 0xBD, 0xD4,
    0x6D, 0xDF, 0xD7, 0x5E, 0x53, 0xE5, 0x59, 0x3F, 0x65, 0xFF, 0x48, 0x41, 0x49, 0x4B, 0x45, 0x45,
    0x40, 0x3B, 0x3B, 0x3B, 0x39, 0x34, 0x36, 0x35, 0x2C, 0x31, 0x36, 0x30, 0x2B, 0x2F, 0x2F, 0x2C,
    0x2C, 0x2C, 0x29, 0x29, 0x2B, 0x2A, 0x27, 0x25, 0x28, 0x26, 0x28, 0x27, 0x28, 0x2A, 0x29, 0x28,
    0x28, 0x28, 0x28, 0x28, 0x29, 0x25, 0x28, 0x2B, 0x28, 0x27, 0x2B, 0x2D, 0x2E, 0x2D, 0x2D, 0x2E,
    0x2F, 0x30, 0x33, 0x36, 0x31, 0x33, 0x36, 0x37, 0x3E, 0x3C, 0x44, 0x49, 0x4E, 0x68, 0xE7, 0x6E,
    0x6C, 0xD3, 0xCD, 0xD3, 0xC8, 0xBF, 0xC1, 0xB9, 0xB4, 0xB5, 0xB6, 0xB1, 0xAE, 0xAC, 0xAB, 0xAA,
    0xA8, 0xA6, 0xA5, 0xA6, 0xA3, 0xA4, 0xA2, 0xA3, 0xA3, 0xA2, 0xA1, 0xA1, 0xA1, 0xA0, 0xA2, 0xA4,
    0xA3, 0xA4, 0xA7, 0xA8, 0xA8, 0xA9, 0xAB, 0xAD, 0xAC, 0xB1, 0xB6, 0xB5, 0xBA, 0xBE, 0xC2, 0xC7,
    0xCD, 0xE2, 0xDC, 0x5D, 0x4C, 0x47, 0x3E, 0x3A, 0x3C, 0x3C, 0x37, 0x31, 0x2F, 0x2F, 0x2E, 0x2C,
    0x2C, 0x2E, 0x2A, 0x2A, 0x28, 0x29, 0x2A, 0x26, 0x25, 0x28, 0x26, 0x25, 0x26, 0x29, 0x28, 0x27,
    0x2A, 0x29, 0x2D, 0x2C, 0x2D, 0x2E, 0x31, 0x32, 0x38, 0x36, 0x3A, 0x42, 0x47, 0x46, 0x4C, 0x69,
    0xDC, 0xCC, 0xC7, 0xBE, 0xB4, 0xB2, 0xAF, 0xAF, 0xAC, 0xAA, 0xAB, 0xA9, 0xA5, 0xA5, 0xA6, 0xA4,
    0xA5, 0xA7, 0xA6, 0xA6, 0xAB, 0xAE, 0xAB, 0xAF, 0xB7, 0xB9, 0xB7, 0xBE, 0xC5, 0xBF, 0xC5, 0xD6,
    0xE6, 0xE3, 0x4C, 0x41, 0x3F, 0x3E, 0x36, 0x39, 0x3C, 0x38, 0x34, 0x35, 0x33, 0x2F, 0x2E, 0x2E,
    0x2F, 0x2E, 0x30, 0x2E, 0x32, 0x34, 0x36, 0x33, 0x3B, 0x43, 0x3F, 0x3D, 0x4E, 0xE7, 0x6A, 0x5B,
    0xDF, 0xC5, 0xBF, 0xC3, 0xB9, 0xB7, 0xB9, 0xBA, 0xB2, 0xB5, 0xB8, 0xB8, 0xB7, 0xB9, 0xBE, 0xBC,
    0xBF, 0xC8, 0xCD, 0xC7, 0xCF, 0xD3, 0xD0, 0xCD, 0xC9, 0xC9, 0xC6, 0xC8, 0xCA, 0xC6, 0xCD, 0xCA,
    0xCA, 0xD0, 0xDB, 0xDB, 0x75, 0x4C, 0x3F, 0x3B, 0x33, 0x2F, 0x2C, 0x2A, 0x2B, 0x2A, 0x28, 0x2A,
    0x2D, 0x2D, 0x2D, 0x37, 0x42, 0x50, 0xEC, 0xC6, 0xBB, 0xAF, 0xA9, 0xA5, 0xA5, 0xA3, 0x9F, 0xA1,
    0xA5, 0xAB, 0xAE, 0xB5, 0xBA, 0xCA, 0x69, 0x45, 0x43, 0x3C, 0x36, 0x35, 0x36, 0x38, 0x38, 0x3B,
    0x4D, 0x59, 0x55, 0x60, 0xDD, 0xEC, 0xFF, 0x66, 0x51, 0x40, 0x3A, 0x3A, 0x3A, 0x34, 0x31, 0x33,
    0x3E, 0x41, 0x4F, 0x77, 0xCA, 0xC8, 0xBA, 0xB4, 0xAE, 0xAE, 0xAE, 0xAD, 0xAD, 0xAD, 0xB6, 0xB9,
    0xC5, 0xD8, 0x4D, 0x3E, 0x36, 0x35, 0x35, 0x39, 0x3A, 0x3C, 0x40, 0x4B, 0x53, 0x4B, 0x4D, 0x4F,
    0x57, 0x43, 0x44, 0x3F, 0x45, 0x41, 0x54, 0x6A, 0xE5, 0xD4, 0xC7, 0xBC, 0xBC, 0xB3, 0xB4, 0xB1,
    0xB4, 0xB4, 0xB6, 0xB6, 0xBD, 0xCF, 0x5E, 0x45, 0x3A, 0x36, 0x36, 0x3A, 0x38, 0x37, 0x3C, 0x4D,
    0x4D, 0x5C, 0xF2, 0xF8, 0x4D, 0x55, 0x7C, 0x57, 0x56, 0xF8, 0xCA, 0xBF, 0xBA, 0xB2, 0xB6, 0xB8,
    0xBD, 0xC2, 0xC6, 0xB8, 0xC2, 0xFD, 0x46, 0x42, 0x41, 0x3D, 0x3F, 0x3C, 0x3D, 0x42, 0x4D, 0x43,
    0x48, 0x4E, 0x4F, 0x46, 0x43, 0x53, 0xFE, 0xD2, 0xBB, 0xB0, 0xB2, 0xB4, 0xB9, 0xC7, 0xC9, 0xC3,
    0xB9, 0xC4, 0xEB, 0x47, 0x47, 0x49, 0x45, 0x3E, 0x3B, 0x3C, 0x44, 0x52, 0xFF, 0xEC, 0x70, 0x47,
    0x4C, 0x53, 0xCF, 0xB9, 0xAF, 0xB3, 0xC4, 0x6F, 0x63, 0xC4, 0xB8, 0xC6, 0x4C, 0x3A, 0x37, 0x3C,
    0x45, 0x45, 0x40, 0x3E, 0x3C, 0x4C, 0xD6, 0xCC, 0xF8, 0x4B, 0x48, 0xD6, 0xAF, 0xAA, 0xB5, 0x65,
    0x49, 0xCC, 0xB6, 0xC4, 0x4E, 0x3D, 0x3C, 0x3D, 0x45, 0x4C, 0x46, 0x41, 0x45, 0x6C, 0xCC, 0xD2,
    0x5B, 0x5C, 0xCB, 0xAD, 0xAC, 0xDC, 0x40, 0xF2, 0xBA, 0xC2, 0x50, 0x3D, 0x3C, 0x35, 0x40, 0x48,
    0x4D, 0x43, 0x43, 0xE6, 0xC5, 0xD2, 0x5D, 0xBF, 0xA8, 0xB1, 0x40, 0x3F, 0xCD, 0xD1, 0x3E, 0x3C,
    0x4D, 0x46, 0x3B, 0x61, 0xDA, 0x5B, 0x4F, 0xCF, 0xC2, 0xF0, 0xE5, 0xB4, 0xAB, 0xDD, 0x40, 0xBF,
    0xC1, 0x46, 0x3E, 0x43, 0x41, 0x3A, 0x3D, 0x67, 0x5C, 0x4C, 0xC8, 0xC3, 0x69, 0xB6, 0xAE, 0x71,
    0x3E, 0xC6, 0xCD, 0x47, 0x41, 0x3D, 0x49, 0x48, 0x48, 0x64, 0xFF, 0xD1, 0xC2, 0xC6, 0xBE, 0xAB,
    0x3C, 0x51, 0xCA, 0x59, 0x3F, 0x3D, 0x44, 0x52, 0x5F, 0x58, 0xD3, 0xD3, 0xC5, 0xDA, 0xBD, 0xBC,
    0x59, 0x64, 0xBB, 0x7D, 0x3E, 0x50, 0x5F, 0x7B, 0x5B, 0xDF, 0x7C, 0xD2, 0xC4, 0xCB, 0xBA, 0x3B,
    0xD3, 0xC9, 0x4D, 0x47, 0x49, 0x43, 0x52, 0x5B, 0xE1, 0xDB, 0xBC, 0xCB, 0xAE, 0x57, 0xCF, 0xC6,
    0x61, 0x4A, 0x40, 0x40, 0x4D, 0xE3, 0xED, 0x6F, 0xBA, 0xBB, 0xF0, 0xF7, 0xD4, 0x6F, 0x39, 0x39,
    0x4B, 0x47, 0x5D, 0xEB, 0xCE, 0xB8, 0xB2, 0xEA, 0x5C, 0xBD, 0xDC, 0x42, 0x41, 0x48, 0x57, 0xDA,
    0xCD, 0xBC, 0xC3, 0xCF, 0xE6, 0xC5, 0xE1, 0x3A, 0x3F, 0x41, 0x5E, 0xD4, 0xC1, 0xC0, 0xC7, 0xE5,
    0x4D, 0xC7, 0xEB, 0x48, 0x41, 0x40, 0x57, 0xD5, 0xC8, 0xBD, 0xB9, 0xBD, 0xC1, 0xC9, 0x44, 0x3D,
    0x47, 0x66, 0xCC, 0xC1, 0xBA, 0xB7, 0xBC, 0xBA, 0xCC, 0x41, 0x4E, 0x55, 0xE7, 0xEF, 0xC4, 0xCF,
    0x69, 0x42, 0x50, 0x44, 0x4B, 0x4B, 0x51, 0xDD, 0xC0, 0xBC, 0xC2, 0xCD, 0xD3, 0x5F, 0x54, 0x59,
    0x69, 0xF7, 0xCC, 0xC2, 0xCB, 0x67, 0x54, 0x4E, 0x5B, 0x6C, 0xD8, 0xC7, 0xC4, 0x75, 0xE8, 0xD3,
    0x4E, 0x44, 0x5F, 0xDF, 0xCF, 0xC3, 0xC2, 0x5B, 0x73, 0x51, 0x3D, 0x4C, 0xD4, 0xCF, 0xDA, 0xC9,
    0x61, 0xFB, 0x49, 0x4D, 0xF5, 0xD3, 0xCD, 0xCB, 0xDA, 0x67, 0xD3, 0x47, 0x62, 0xEC, 0xC1, 0xC3,
    0xCC, 0xFA, 0x77, 0x4A, 0x67, 0xF0, 0xC8, 0xBE, 0xDB, 0xC9, 0xC8, 0xDC, 0x5D, 0x6B, 0xC6, 0xD0,
    0xDB, 0xEA, 0xCA, 0x53, 0x5C, 0xD0, 0xC9, 0xDE, 0x5C, 0xD1, 0xE3, 0x54, 0x7B, 0xC6, 0xC8, 0x5A,
    0xD7, 0xE7, 0x4F, 0x4F, 0xD8, 0xC7, 0xD9, 0x64, 0xC2, 0x53, 0x5B, 0xD2, 0xC9, 0xEC, 0x66, 0xD3,
    0x45, 0x54, 0xE3, 0xCB, 0x7C, 0xCD, 0xD2, 0x5F, 0x5C, 0xE4, 0xD3, 0x4F, 0xFD, 0xD5, 0x53, 0xF3,
    0xCD, 0xD0, 0xD8, 0xD5, 0x6A, 0x4E, 0xD6, 0xCD, 0x44, 0xD0, 0x5E, 0x57, 0xE2, 0xFC, 0x6B, 0x5E,
    0xD3, 0x49, 0x59, 0x60, 0x5D, 0xE8, 0x5B, 0x63, 0xE7, 0xE7, 0xFB, 0xFF, 0x6D, 0x67, 0x61, 0x5B,
    0x69, 0xEF, 0x6A, 0x5A, 0xFF, 0x7D, 0x60, 0x5B, 0x5D, 0x70, 0x5C, 0x5B, 0x5B, 0x5C, 0x60, 0x5B,
    0x5D, 0x5F, 0x5B, 0x74, 0x5E, 0x5C, 0x6F, 0xEA, 0xFF, 0xEE, 0xE7, 0xE7, 0xF7, 0xE7, 0xEF, 0xFF,
    0x63, 0x61, 0x7E, 0x6D, 0xFF, 0x69, 0xEF, 0xFC, 0xF1, 0x5E, 0xFE, 0xEE, 0xEB, 0x64, 0x60, 0x7C,
    0xFF, 0xFF, 0x67, 0x7A, 0xDD, 0xD5, 0xE0, 0xE7, 0xE7, 0xDE, 0xDC, 0xEF, 0x5E, 0x5B, 0x6A, 0xE8,
    0xED, 0xFF, 0xFC, 0xE7, 0xE7, 0xE7, 0xE7, 0xFF, 0x5E, 0x67, 0x67, 0x5B, 0x53, 0x64, 0xF4, 0x5B,
    0x5A, 0x77, 0x75, 0x60, 0x67, 0xEC, 0x62, 0x67, 0x6E, 0x6A, 0x64, 0x60, 0x67, 0xF5, 0xDE, 0xE7,
    0xE7, 0xDD, 0xDD, 0xF2, 0xFF, 0xED, 0x6C, 0x5C, 0x7D, 0xFA, 0xEB, 0xED, 0x67, 0x76, 0xF7, 0x61,
    0x57, 0x67, 0x67, 0x4D, 0x5C, 0xE1, 0xF0, 0x67, 0x6F, 0xE9, 0x63, 0x5B, 0x5B, 0x5F, 0x5D, 0x5D,
    0x70, 0xFF, 0xE6, 0x67, 0xFB, 0xDB, 0xE4, 0xF9, 0xE7, 0xE7, 0x74, 0x67, 0xFC, 0xFD, 0x5D, 0x5F,
    0xEE, 0xE7, 0xF4, 0xDD, 0xD5, 0xEF, 0x69, 0x67, 0x67, 0x53, 0x59, 0x77, 0x7A, 0x5F, 0x78, 0xDE,
    0xE7, 0x7E, 0x67, 0x67, 0x67, 0x67, 0x67, 0xFF, 0xEC, 0xE7, 0xEE, 0xEA, 0xFF, 0x6E, 0x67, 0xFF,
    0xFF, 0x67, 0x6E, 0xEA, 0xE7, 0xF2, 0x68, 0xF4, 0x70, 0x5B, 0x5B, 0x65, 0x63, 0x5B, 0x67, 0xE7,
    0xE7, 0xDD, 0xEF, 0xE7, 0xEB, 0xFF, 0xFE, 0xE7, 0xE7, 0xFF, 0xE6, 0xD4, 0xD6, 0xE2, 0xFE, 0xEE,
    0xFF, 0x67, 0x67, 0x67, 0x5B, 0x5B, 0x69, 0xE7, 0x6D, 0x6A, 0xE5, 0xE7, 0x6C, 0x6E, 0xFF, 0x6F,
    0x56, 0x5D, 0x72, 0x67, 0x67, 0xF0, 0xE5, 0xDB, 0xE5, 0xDD, 0xE7, 0xDB, 0xF8, 0x77, 0xE7, 0xF0,
    0xFF, 0x70, 0xDE, 0xD4, 0xDF, 0xF8, 0xDB, 0xDB, 0x6B, 0xF5, 0xF5, 0x7D, 0x67, 0x5D, 0x5B, 0x5B,
    0x66, 0x6C, 0xFF, 0xFF, 0xF0, 0xDD, 0xE7, 0x78, 0x67, 0x67, 0x5D, 0x5C, 0x67, 0x67, 0x67, 0x72,
    0xE7, 0xE7, 0xE7, 0xDB, 0xDB, 0xF8, 0x6B, 0xED, 0xFF, 0x72, 0x67, 0x67, 0x67, 0x7C, 0xF2, 0x67,
    0x68, 0xFF, 0xFF, 0x67, 0x71, 0xFF, 0x62, 0x62, 0xFF, 0xFF, 0x6A, 0x6A, 0xEE, 0xFE, 0xFF, 0x6B,
    0xFC, 0xE7, 0xFA, 0xFF, 0xFF, 0xFF, 0xFF, 0xEB, 0xE9, 0xFF, 0x69, 0x5D, 0x67, 0xFE, 0xE7, 0xDD,
    0xD5, 0xDB, 0xDB, 0xD9, 0xD3, 0xE8, 0xFF, 0x6A, 0x67, 0x67, 0x67, 0xF5, 0xE7, 0xDB, 0xDB, 0xDB,
    0xDF, 0x6E, 0x67, 0xED, 0x6C, 0x68, 0xF0, 0xE7, 0xEB, 0xEE, 0xE7, 0xD8, 0xD9, 0xE9, 0xFF, 0xFF,
    0x6F, 0x56, 0xFF, 0x72, 0x57, 0x5C, 0xEE, 0x6C, 0x6B, 0xED, 0xE8, 0x71, 0x67, 0x79, 0x67, 0x67,
    0x6C, 0xEC, 0x68, 0xFF, 0xFF, 0xE7, 0xF1, 0xFF, 0x6D, 0x6E, 0x7C, 0x6E, 0xFF, 0xF8, 0xE7, 0xFE,
    0xE7, 0xE7, 0xD4, 0xDF, 0xFB, 0xE3, 0xDB, 0xE7, 0xE7, 0xF7, 0x69, 0xFF, 0xE9, 0xDD, 0xE7, 0xDC,
    0xFF, 0xFF, 0x7A, 0x5F, 0x5B, 0xEE, 0xED, 0xFF, 0x71, 0x78, 0xEA, 0xEE, 0xE7, 0xE7, 0xF5, 0x5C,
    0xFF, 0xEA, 0xEE, 0x5F, 0x7C, 0xE7, 0xF6, 0x67, 0x7D, 0xE7, 0xEB, 0x6D, 0x67, 0x6D, 0xFF, 0x67,
    0x5F, 0x5B, 0xFF, 0xFF, 0x67, 0xF2, 0xDD, 0xDE, 0xFF, 0xFF, 0xFF, 0x6C, 0x67, 0x6E, 0xEB, 0xE7,
    0xE7, 0xDC, 0xD9, 0xD3, 0xDC, 0xE0, 0xE4, 0xEE, 0x5A, 0x53, 0x5E, 0x67, 0x6A, 0xE0, 0xDB, 0xDD,
    0xF2, 0xE8, 0xED, 0xFF, 0x67, 0x6F, 0xFF, 0xE7, 0xE7, 0xDB, 0xE3, 0xEB, 0xDA, 0xD7, 0xE6, 0x70,
    0xDE, 0x7E, 0x67, 0xEE, 0xEA, 0x6E, 0x7C, 0xE7, 0xE7, 0xE7, 0xE7, 0xE7, 0xFF, 0xFF, 0xFF, 0x5E,
    0x75, 0x68, 0xFF, 0xEA, 0xE7, 0x79, 0x7E, 0xE7, 0xE7, 0xE9, 0xFF, 0xE9, 0x77, 0x67, 0x7E, 0xE7,
    0x6F, 0xFB, 0xE7, 0xDC, 0xE0, 0xED, 0xE7, 0xE7, 0xE7, 0xE7, 0xF0, 0xFF, 0xE7, 0xE7, 0xFE, 0xE7,
    0xF9, 0x67, 0x67, 0x7C, 0x67, 0x75, 0xFD, 0xE7, 0xE7, 0xE4, 0xDB, 0xE7, 0xED, 0xFF, 0x7C, 0x67,
    0xEC, 0x77, 0x67, 0x7E, 0xE1, 0xE3, 0xE7, 0xEF, 0x69, 0x5F, 0x63, 0x5B, 0x63, 0xEB, 0xEC, 0x67,
    0xD7, 0xE0, 0x6D, 0x68, 0xF2, 0x61, 0x55, 0x60, 0x7C, 0xFF, 0xEC, 0xD3, 0xD7, 0xE4, 0xDA, 0xD8,
    0xFC, 0xFF, 0xE1, 0x7C, 0x60, 0x74, 0xE7, 0xE7, 0xE7, 0xE2, 0xE3, 0xFF, 0x6F, 0x67, 0x6B, 0xFF,
    0x5B, 0x5E, 0xEF, 0xDB, 0xDF, 0xDC, 0xDB, 0xE2, 0xFE, 0xE7, 0xF8, 0x64, 0x5B, 0x79, 0xE7, 0xF4,
    0xFF, 0xFF, 0xFF, 0xFF, 0xFF, 0xFF, 0xFF, 0xFF, 0x68, 0xFF, 0xEA, 0xE7, 0xE7, 0xE7, 0xD9, 0xD9,
    0xDB, 0xE7, 0xEA, 0xFF, 0xFF, 0xFF, 0x73, 0x76, 0xE5, 0xDF, 0xFB, 0xEF, 0xD6, 0xD4, 0xEE, 0xFF,
    0xFF, 0xFF, 0x69, 0x5E, 0xF5, 0xDB, 0xDF, 0xE7, 0xE7, 0xE7, 0xFD, 0xEC, 0x6C, 0x67, 0x67, 0x67,
    0xF9, 0xE7, 0xE7, 0xE7, 0xE7, 0xE7, 0xEF, 0xFF, 0xE7, 0xF2, 0x5C, 0x53, 0x59, 0x67, 0x6F, 0xE9,
    0xE7, 0xE7, 0xE7, 0xE1, 0xDB, 0xE9, 0xFF, 0xFF, 0xFF, 0xED, 0xE7, 0xEE, 0xFF, 0xE5, 0xD7, 0xE5,
    0xDB, 0xD6, 0xDC, 0xEE, 0xFF, 0xF9, 0xE7, 0xFD, 0xFF, 0xFF, 0x7C, 0x6E, 0xEA, 0xFF, 0x6E, 0x7E,
    0x73, 0x67, 0x67, 0x5F, 0x5B, 0x5F, 0xED, 0xE7, 0xF3, 0xDD, 0xD5, 0xE7, 0xFB, 0xFF, 0x6D, 0x67,
    0x6D, 0xEB, 0xE7, 0xDF, 0xDB, 0xDB, 0xE2, 0xFF, 0x71, 0x5D, 0x5A, 0x4F, 0x53, 0x5E, 0x75, 0x67,
    0x6E, 0xEA, 0xE7, 0xF2, 0xFF, 0x74, 0x67, 0x6A, 0xE7, 0xE7, 0xF8, 0xDE, 0xD3, 0xDE, 0xE7, 0xDB,
    0xDF, 0x6B, 0xF7, 0xE7, 0x7E, 0x78, 0xE7, 0xEA, 0xFF, 0xFF, 0xFF, 0xFF, 0x7D, 0x67, 0x78, 0xFF,
    0x6E, 0x7C, 0xFF, 0xFF, 0xFB, 0xDB, 0xE4, 0xE7, 0xDF, 0xDB, 0xE7, 0xF6, 0x68, 0xFF, 0xFF, 0x63,
    0x61, 0xE8, 0xDE, 0xE7, 0xFF, 0xEF, 0xE7, 0xE7, 0xF3, 0x67, 0xFF, 0xFF, 0x7A, 0x67, 0x67, 0xFF,
    0xED, 0xFF, 0xFF, 0xEB, 0xEA, 0xFF, 0xFF, 0xFF, 0xEC, 0xFD, 0xE7, 0xF9, 0x67, 0x67, 0x7D, 0x6D,
    0x5B, 0x5C, 0x67, 0x79, 0xFF, 0xFF, 0xFF, 0xFF, 0xFF, 0xE7, 0xE0, 0xE5, 0xE7, 0xE7, 0xE7, 0xFF,
    0xFF, 0xE9, 0xEF, 0xFB, 0xE7, 0xDE, 0xDC, 0xEE, 0xFF, 0xDD, 0xF0, 0x68, 0x5E, 0x74, 0xFF, 0xF1,
    0xF9, 0xE4, 0xDB, 0xDB, 0xE7, 0xE7, 0xDC, 0xEE, 0xFF, 0xE4, 0xDB, 0xE7, 0xE7, 0xE7, 0xE7, 0xE7,
    0xFA, 0xFF, 0x6D, 0x7E, 0xED, 0xFF, 0xFF, 0x6F, 0x67, 0x5D, 0x73, 0x7E, 0x61, 0x5B, 0x67, 0x5F,
    0x54, 0x55, 0x5B, 0x66, 0x5F, 0x78, 0xE7, 0xF0, 0xFF, 0xDB, 0xE2, 0x7D, 0x67, 0x67, 0x67, 0x71,
    0xFF, 0xE7, 0xDE, 0xDB, 0xDF, 0xE7, 0xE4, 0xDB, 0xE7, 0xFF, 0xEC, 0xE9, 0x6F, 0xEC, 0xDB, 0xEB,
    0xFF, 0xE1, 0xE3, 0x7A, 0x67, 0x7B, 0xFF, 0xFF, 0xFF, 0xF2, 0xD7, 0xD5, 0xE0, 0xDC, 0xDB, 0xE2,
    0x7B, 0x5F, 0x67, 0x64, 0x5B, 0x66, 0xFF, 0xFF, 0xFF, 0xFF, 0xFF, 0x67, 0x67, 0x67, 0x67, 0x67,
    0xFC, 0xE7, 0xE7, 0xEB, 0xED, 0xE7, 0xFF, 0x6B, 0x67, 0x6F, 0xFF, 0xFF, 0xFF, 0xFF, 0x72, 0x67,
    0x67, 0x67, 0x7C, 0xF6, 0xE7, 0xE7, 0xE7, 0xE7, 0xE7, 0xE7, 0xFD, 0xFF, 0xEC, 0xFF, 0xFF, 0xFF,
    0xE7, 0xE7, 0xE7, 0xED, 0xFF, 0xFF, 0xFF, 0xFF, 0xF8, 0xDF, 0xDB, 0xED, 0xFF, 0xFF, 0xFF, 0xFF,
    0x6B, 0x6D, 0x67, 0xED, 0xFF, 0xFF, 0xEF, 0xDC, 0xDE, 0xF4, 0xFE, 0xE7, 0xE7, 0xE7, 0xE7, 0xE7,
    0xFF, 0xEC, 0xE8, 0x71, 0x67, 0xFF, 0xFF, 0x68, 0xF5, 0xF5, 0xFF, 0x70, 0x79, 0xFF, 0x6E, 0x7E,
    0xF4, 0xF6, 0x7B, 0x6F, 0xFF, 0xFF, 0xFF, 0xFF, 0xE7, 0xE7, 0xE9, 0xEF, 0xE7, 0xF0, 0x67, 0x67,
    0xFF, 0xFF, 0x67, 0x70, 0xFF, 0xFF, 0xFF, 0xE7, 0xE7, 0xE7, 0xE7, 0xE7, 0xE7, 0xE7, 0xF5, 0xFF,
    0xF1, 0xE7, 0xEB, 0xFF, 0xE8, 0xE7, 0xE7, 0xE7, 0xE7, 0xFA, 0xE7, 0xE7, 0xFF, 0x6D, 0xFF, 0xFB,
    0xE7, 0xFB, 0xE7, 0xE7, 0xE7, 0xED, 0xFF, 0x5C, 0x6F, 0x69, 0x63, 0x62, 0xFE, 0xFA, 0x67, 0x6A,
    0xFF, 0xFF, 0xE7, 0xE7, 0xE8, 0x70, 0x67, 0x67, 0x67, 0x67, 0x67, 0x75, 0xE7, 0xEF, 0xFF, 0xF8,
    0xE7, 0xE7, 0x73, 0x67, 0x67, 0x67, 0x7A, 0x6B, 0xFF, 0xFF, 0xFF, 0xEB, 0xE5, 0xDB, 0xE6, 0xE7,
    0xF4, 0xFF, 0xFF, 0xFF, 0xFF, 0x6E, 0x7C, 0xFF, 0xFF, 0xFF, 0x71, 0x78, 0xFF, 0xFF, 0xFF, 0xEC,
    0x6C, 0x6A, 0xE7, 0xE7, 0xE7, 0xE7, 0xE7, 0x73, 0x76, 0x67, 0x6F, 0xFF, 0xFF, 0xFF, 0xE7, 0xDB,
    0xDB, 0xDB, 0xDB, 0xDB, 0xDD, 0xE7, 0xE8, 0xFF, 0x6B, 0x67, 0x70, 0xE9, 0xE7, 0xE7, 0xE7, 0xE7,
    0xE7, 0xEA, 0xFF, 0xFF, 0x75, 0x5E, 0x67, 0x6E, 0x6A, 0x67, 0x71, 0xE8, 0xED, 0xFF, 0x7C, 0x67,
    0x67, 0xFF, 0x6D, 0x67, 0xE7, 0xE7, 0xE7, 0xE7, 0xE7, 0xDB, 0xE1, 0xE7, 0xE7, 0xDD, 0xDD, 0xE7,
    0xE7, 0xE7, 0xE7, 0xFF, 0xFF, 0xFF, 0x79, 0x67, 0x7C, 0x75, 0x67, 0x68, 0xFF, 0xFF, 0x67, 0x71,
    0xFF, 0xFF, 0xFF, 0xE9, 0xFF, 0xEA, 0xE7, 0xE7, 0xE7, 0xF4, 0xE7, 0xE9, 0xFF, 0xE9, 0xDB, 0xE1,
    0xFF, 0xFF, 0xFF, 0xFF, 0xFF, 0xFF, 0xFF, 0x6D, 0xFE, 0xE7, 0xF8, 0xFF, 0xEF, 0xE7, 0xEC, 0xFF,
    0xE8, 0xFF, 0xFF, 0x64, 0x5B, 0x5B, 0x5E, 0x67, 0xFF, 0xFF, 0xFF, 0xFF, 0xFF, 0xE8, 0x74, 0x67,
    0x7B, 0x67, 0x7A, 0xE7, 0xE7, 0xE7, 0xD5, 0xCD, 0xD5, 0xEF, 0xFF, 0xFF, 0x6D, 0x5B, 0x6D, 0xEB,
    0xE7, 0xDF, 0xDB, 0xDE, 0xF4, 0xFF, 0x71, 0x5D, 0x55, 0x60, 0x7C, 0x6C, 0xEC, 0xDC, 0xEE, 0x6A,
    0x78, 0x67, 0x67, 0xFF, 0xFF, 0xFF, 0xFF, 0xFF, 0xFF, 0xFF, 0xFF, 0xFF, 0xFF, 0xFF, 0xFF, 0xFF,
    0xFF, 0xFF, 0xFF, 0xFF, 0xFF, 0xFF, 0xFF, 0xFF, 0xFF, 0xFF, 0xFF, 0xFF, 0xFF, 0xFF, 0xFF, 0xFF,
    0xFF, 0xFF, 0xFF, 0xFF, 0xFF, 0xFF, 0xFF, 0xFF, 0xFF, 0xFF, 0xFF, 0xFF, 0xFF, 0xFF, 0xFF, 0xFF,
    0xFF, 0xFF, 0xFF, 0xFF, 0xFF, 0xFF, 0xFF, 0xFF, 0xFF, 0xFF, 0xFF, 0xFF, 0xFF, 0xFF, 0xFF, 0xFF,
    0xFF, 0xFF, 0xFF, 0xFF, 0xFF, 0xFF, 0xFF, 0xFF, 0xFF, 0xFF, 0xFF, 0xFF, 0xFF, 0xFF, 0xFF, 0xFF,
    0xFF, 0xFF, 0xFF, 0xFF, 0xFF, 0xFF, 0xFF, 0xFF, 0xFF, 0xFF, 0xFF, 0xFF, 0xFF, 0xFF, 0xFF, 0xFF,
    0xFF, 0xFF, 0xFF, 0xFF, 0xFF, 0xFF, 0xFF, 0xFF, 0xFF, 0xFF, 0xFF, 0xFF, 0xFF, 0xFF, 0xFF, 0xFF,
    0xFF, 0xFF, 0xFF, 0xFF, 0xFF, 0xFF, 0xFF, 0xFF, 0xFF, 0xFF, 0xFF, 0xFF, 0xFF, 0xFF, 0xFF, 0xFF,
    0xFF, 0xFF, 0xFF, 0xFF, 0xFF, 0xFF, 0xFF, 0xFF, 0xFF, 0xFF, 0xFF, 0xFF, 0xFF, 0xFF, 0xFF, 0xFF,
    0xFF, 0xFF, 0xFF, 0xFF, 0xFF, 0xFF, 0xFF, 0xFF, 0xFF, 0xFF, 0xFF, 0xFF, 0xFF, 0xFF, 0xFF, 0xFF,
    0xFF, 0xFF, 0xFF, 0xFF, 0xFF, 0xFF, 0xFF, 0xFF, 0xFF, 0xFF, 0xFF,
};
static const unsigned int snd_clone_len = 4075;

/* enemyplace.wav: 15035 bytes @ 8kHz u-law */
static const unsigned char snd_leap[] = {
    0xFF, 0xFF, 0xFF, 0xFF, 0xFF, 0xFF, 0xFF, 0xFF, 0xFF, 0xFF, 0xFF, 0xFF, 0xFF, 0xFF, 0xFF, 0xFF,
    0xFF, 0xFF, 0xFF, 0xFF, 0xFF, 0xFF, 0xFF, 0xFF, 0xFF, 0xFF, 0xFF, 0xFF, 0xFF, 0xFF, 0xFF, 0xFF,
    0xFF, 0xFF, 0xFF, 0xFF, 0xFF, 0xFF, 0xFF, 0xFF, 0xFF, 0xFF, 0xFF, 0xFF, 0xFF, 0xFF, 0xFF, 0xFF,
    0xFF, 0xFF, 0xFF, 0xFF, 0xFF, 0xFF, 0xFF, 0xFF, 0xFF, 0xFF, 0xFF, 0xFF, 0xFF, 0xFF, 0xFF, 0xFF,
    0xFF, 0xFF, 0xFF, 0xFF, 0xFF, 0xFF, 0xFF, 0xFF, 0xFF, 0xFF, 0xFF, 0xFF, 0xFF, 0xFF, 0xFF, 0xFF,
    0xFF, 0xFF, 0xFF, 0xFF, 0xFF, 0xFF, 0xFF, 0xFF, 0xFF, 0xFF, 0xFF, 0xFF, 0xFF, 0xFF, 0xFF, 0xFF,
    0xFF, 0xFF, 0xFF, 0xFF, 0xFF, 0xFF, 0xFF, 0xFF, 0xFF, 0xFF, 0xFF, 0xFF, 0xFF, 0xFF, 0xFF, 0xFF,
    0xFF, 0xFF, 0xFF, 0xFF, 0xFF, 0xFF, 0xFF, 0xFF, 0xFF, 0xFF, 0xFF, 0xFF, 0xFF, 0xFF, 0xFF, 0xFF,
    0xFF, 0xFF, 0xFF, 0xFF, 0xFF, 0xFF, 0xFF, 0xFF, 0xFF, 0xFF, 0xFF, 0xFF, 0xFF, 0xFF, 0xFF, 0xFF,
    0xFF, 0xFF, 0xFF, 0xFF, 0xFF, 0xFF, 0xFF, 0xFF, 0xFF, 0xFF, 0xFF, 0xFF, 0xFF, 0xFF, 0xFF, 0xFF,
    0xFF, 0xFF, 0xFF, 0xFF, 0xFF, 0xFF, 0xFF, 0xFF, 0xFF, 0xFF, 0xFF, 0xFF, 0xFF, 0xFF, 0xFF, 0xFF,
    0xFF, 0xFF, 0xFF, 0xFF, 0xFF, 0xFF, 0xFF, 0xFF, 0xFF, 0xFF, 0xFF, 0xFF, 0xFF, 0xFF, 0xFF, 0xFF,
    0xFF, 0xFF, 0xFF, 0xFF, 0xFF, 0xFF, 0xFF, 0x77, 0x73, 0xE7, 0xE7, 0xF7, 0xFF, 0xFF, 0x69, 0xDF,
    0xE6, 0x67, 0x5F, 0x67, 0x67, 0x67, 0x7C, 0xFF, 0x61, 0x54, 0x76, 0x63, 0x59, 0x6C, 0x54, 0xFF,
    0xFF, 0xFC, 0xE7, 0xFA, 0xE7, 0xE7, 0x68, 0x68, 0x70, 0x55, 0x67, 0x67, 0x67, 0x67, 0x5B, 0xF3,
    0xF7, 0xFF, 0xEF, 0xFB, 0xD9, 0xCF, 0xCE, 0xDF, 0xDD, 0xEA, 0xE6, 0xF9, 0xE3, 0xE2, 0xE7, 0xEE,
    0x5E, 0x73, 0x5B, 0x7A, 0x67, 0x75, 0x5B, 0x6B, 0x62, 0x50, 0x67, 0x67, 0x67, 0x75, 0xDC, 0xEF,
    0xD7, 0xDF, 0xEE, 0xDB, 0xD0, 0xD1, 0xDB, 0xE7, 0x5D, 0xE7, 0x69, 0xE7, 0xED, 0x6B, 0x6E, 0xE0,
    0xFC, 0x67, 0x5E, 0x4A, 0xFF, 0x58, 0x55, 0x60, 0x5C, 0x61, 0xEC, 0xDC, 0xF1, 0xDD, 0xDB, 0xE0,
    0x69, 0x67, 0xF2, 0x7C, 0x6E, 0xEA, 0xE7, 0xE7, 0xE7, 0xDB, 0xDB, 0xFF, 0xFF, 0xDE, 0x67, 0x55,
    0x67, 0x61, 0x4F, 0x47, 0x57, 0x5B, 0x4D, 0x60, 0xFE, 0xF9, 0x78, 0xFA, 0xF0, 0x68, 0xDE, 0xF4,
    0x54, 0x6E, 0x6A, 0x5D, 0xEC, 0xDB, 0xD6, 0xCD, 0xCD, 0xCF, 0xDA, 0xE4, 0xD7, 0xE6, 0xDE, 0xDF,
    0xE7, 0xE7, 0xE7, 0x60, 0x58, 0x67, 0x67, 0x57, 0x5C, 0xFF, 0x6B, 0x5D, 0x67, 0x67, 0x5B, 0x63,
    0x5C, 0x6F, 0x69, 0x6C, 0xED, 0xDB, 0xDF, 0xF8, 0x6D, 0xF1, 0x5C, 0xF5, 0xE7, 0xE7, 0xE0, 0xE4,
    0xF9, 0xF1, 0xFF, 0xED, 0xE3, 0x5C, 0x67, 0xEC, 0x59, 0x5D, 0x7E, 0xF3, 0x6F, 0x6B, 0xE7, 0x6B,
    0x4C, 0x61, 0x67, 0x61, 0xF6, 0x7A, 0x67, 0x67, 0xFF, 0xED, 0xDC, 0xE1, 0xDB, 0xFA, 0xE7, 0xFC,
    0x6D, 0x62, 0x7D, 0x6E, 0xFF, 0xFF, 0xFF, 0x68, 0xDB, 0xEE, 0xFF, 0xF0, 0xFA, 0x64, 0x6A, 0xFF,
    0x7D, 0x63, 0xE9, 0xFF, 0x57, 0x6F, 0xF3, 0x67, 0x5E, 0x67, 0x6B, 0x7E, 0x5C, 0xE3, 0xE2, 0x5B,
    0xF9, 0xDB, 0xE1, 0xEC, 0xDB, 0x62, 0xFF, 0xCE, 0xFA, 0x5D, 0xE4, 0xE9, 0x5C, 0x5D, 0xF5, 0xE7,
    0xEE, 0xFF, 0xDD, 0xF2, 0x5C, 0x67, 0x58, 0x53, 0x5B, 0x67, 0x55, 0x61, 0x7E, 0x61, 0x5B, 0xFB,
    0xEF, 0xFF, 0xE3, 0xE1, 0xDB, 0xCD, 0xE7, 0xCD, 0xD0, 0xE4, 0xF6, 0xCF, 0xFF, 0xF2, 0x6E, 0x67,
    0x67, 0x67, 0xE7, 0xF5, 0x7D, 0x67, 0xCB, 0xDF, 0x6E, 0xDC, 0xD9, 0x5E, 0x55, 0x60, 0x5B, 0x67,
    0x72, 0x5C, 0x6D, 0x6B, 0x67, 0x7E, 0xDC, 0xEB, 0xFF, 0xFF, 0xE7, 0x6F, 0xE5, 0xD3, 0xF1, 0xE6,
    0xDB, 0xDB, 0xD3, 0xD3, 0xEF, 0xD3, 0xD3, 0xEC, 0xE2, 0xFF, 0x71, 0x78, 0x61, 0x58, 0x66, 0x67,
    0x67, 0xE7, 0xE0, 0x62, 0x6A, 0xEE, 0x68, 0x5E, 0x67, 0x59, 0x4D, 0x5A, 0x63, 0x56, 0x7E, 0xFF,
    0x6B, 0xFF, 0x6F, 0x67, 0xF8, 0x5B, 0xFE, 0xF8, 0x67, 0x5B, 0x5B, 0x66, 0x5F, 0x67, 0xE7, 0xD8,
    0xDA, 0x6A, 0xE5, 0x56, 0x73, 0xF5, 0x66, 0x5F, 0x79, 0xDD, 0xE7, 0xDC, 0xDB, 0xEE, 0xE7, 0xE7,
    0xDD, 0x77, 0x5E, 0x53, 0x5E, 0x67, 0x4C, 0xEF, 0xFB, 0x55, 0xEF, 0xE7, 0xF8, 0xE2, 0xDB, 0xE8,
    0xFF, 0xE0, 0xFF, 0xD4, 0xEE, 0xEB, 0x6A, 0xFF, 0x5C, 0x61, 0x6C, 0x67, 0x6E, 0xEA, 0xF3, 0xDB,
    0xFC, 0x62, 0x6E, 0xFF, 0x68, 0x55, 0x71, 0x5B, 0xE8, 0xED, 0x60, 0xE7, 0x70, 0x5B, 0x5B, 0x5B,
    0xFF, 0xE7, 0xE7, 0x76, 0x5F, 0xEB, 0xD9, 0xDE, 0xDB, 0xCF, 0xDA, 0xE7, 0xF0, 0x5D, 0x58, 0x74,
    0x54, 0xDA, 0xDD, 0xCE, 0xCD, 0xE7, 0xD0, 0x62, 0xCB, 0xE7, 0xE7, 0x78, 0x67, 0x5C, 0x62, 0xEC,
    0xEA, 0x7D, 0xE7, 0x5D, 0x67, 0xE8, 0x73, 0x67, 0x69, 0x5F, 0x73, 0xE0, 0x63, 0x4D, 0x55, 0x67,
    0x48, 0xEE, 0x57, 0x7A, 0xDB, 0xCD, 0xC7, 0xCD, 0xCD, 0xCD, 0xDA, 0xE7, 0xE7, 0xE8, 0x69, 0x64,
    0x72, 0xEA, 0xFF, 0xDE, 0xD3, 0x5C, 0x67, 0x67, 0x67, 0x5E, 0x53, 0xFC, 0xEF, 0x77, 0x6F, 0xD5,
    0x5D, 0x73, 0x7E, 0x5D, 0xFD, 0xEC, 0x67, 0x7B, 0xF1, 0x5E, 0x5B, 0x5B, 0x64, 0x52, 0x50, 0x4E,
    0x4D, 0x59, 0x60, 0x42, 0x58, 0xC1, 0xDC, 0xCE, 0xC5, 0xE6, 0xFF, 0xFF, 0x6A, 0x67, 0xE1, 0xCE,
    0xE7, 0xE7, 0xFF, 0xEF, 0xE7, 0x77, 0x72, 0x5B, 0x4F, 0x5F, 0x76, 0x53, 0x4D, 0xDD, 0x5A, 0x67,
    0xE4, 0x69, 0x66, 0xDC, 0x68, 0x5A, 0xED, 0x67, 0x5C, 0x48, 0x4E, 0x4F, 0x53, 0x53, 0x68, 0x7C,
    0xE3, 0xC7, 0xCC, 0xF7, 0xCE, 0xE8, 0x4E, 0x5E, 0xFC, 0xEE, 0xCB, 0xD3, 0xE7, 0xCF, 0xD9, 0x7B,
    0xEF, 0xE5, 0x63, 0x7B, 0xDC, 0xEB, 0xE4, 0x6C, 0xF0, 0x69, 0xFF, 0x6C, 0x5B, 0x51, 0x56, 0x67,
    0x56, 0x46, 0xDE, 0xF5, 0xE6, 0xDF, 0xE7, 0x72, 0x57, 0x66, 0xED, 0x6C, 0xE9, 0x68, 0x65, 0x6E,
    0xF2, 0x67, 0x50, 0xF2, 0xD7, 0x7E, 0xDC, 0xDD, 0xE7, 0xD3, 0xE1, 0xCC, 0xDC, 0x7E, 0x55, 0x68,
    0xEC, 0x5B, 0x4D, 0x45, 0xCA, 0x52, 0xCD, 0xDE, 0xCF, 0xCE, 0xD4, 0xCD, 0xDA, 0xDC, 0x69, 0xD3,
    0x65, 0x54, 0x66, 0x5E, 0xFF, 0x6E, 0x5C, 0x4E, 0x63, 0xEB, 0x67, 0x7A, 0xE7, 0x60, 0x53, 0x5B,
    0x63, 0x52, 0x53, 0x54, 0x55, 0x61, 0x4E, 0xD5, 0xDE, 0xE7, 0xDB, 0xDB, 0xE7, 0xDE, 0xE8, 0x71,
    0x56, 0x67, 0x5A, 0xD7, 0xEB, 0xE0, 0xDB, 0xDF, 0xDD, 0xED, 0xD3, 0x4F, 0xE7, 0xE7, 0xE6, 0xEE,
    0x5C, 0x47, 0x46, 0x45, 0xE0, 0xC2, 0xC9, 0xC9, 0xBF, 0xC3, 0xCC, 0xDB, 0xD5, 0xD8, 0xEA, 0xFF,
    0x69, 0x6E, 0x51, 0x67, 0x5D, 0xFA, 0x79, 0x56, 0x4A, 0x53, 0x67, 0x4A, 0x4D, 0x47, 0x3F, 0x48,
    0x4A, 0x5E, 0xE5, 0xD1, 0xCB, 0xD3, 0xCA, 0xBE, 0xCD, 0xD9, 0xCB, 0xDF, 0x67, 0xFF, 0x57, 0x4B,
    0x45, 0x4E, 0x40, 0x36, 0x44, 0x71, 0xF0, 0xD9, 0xC9, 0xC6, 0xCA, 0xC8, 0xC4, 0xCD, 0xDB, 0xD1,
    0xFD, 0xEE, 0x6A, 0xF9, 0xD6, 0xCD, 0xE1, 0x6C, 0xD5, 0xEE, 0xD7, 0x5A, 0x6D, 0xCE, 0xD7, 0x63,
    0x5E, 0x61, 0x43, 0x5D, 0x67, 0x53, 0x59, 0x57, 0x54, 0x53, 0x52, 0xE3, 0xDB, 0xDB, 0xF8, 0x67,
    0xFA, 0xF0, 0xFF, 0xEE, 0xD1, 0xDD, 0x53, 0x5A, 0xDA, 0x57, 0x5B, 0xED, 0x7D, 0xFF, 0xDD, 0xD9,
    0xDB, 0xDB, 0xE7, 0x53, 0x4F, 0x55, 0x6F, 0xEA, 0x6C, 0x58, 0x67, 0xF6, 0x76, 0xEC, 0xC5, 0xD0,
    0xEF, 0xC9, 0xCD, 0xD8, 0xD9, 0xD2, 0xF3, 0x53, 0xF1, 0x4F, 0x46, 0x49, 0x5C, 0x4D, 0x4B, 0x72,
    0xCD, 0xD4, 0x4E, 0x69, 0x55, 0x42, 0x4A, 0xCB, 0xCD, 0xD7, 0xCC, 0xBF, 0xC7, 0x71, 0x6A, 0xCE,
    0x66, 0x4E, 0x69, 0xEF, 0x51, 0x43, 0x52, 0x53, 0x3E, 0x3D, 0xD6, 0x43, 0x4C, 0xC4, 0xBE, 0xD4,
    0xE1, 0xC6, 0xD4, 0x74, 0xC3, 0xC3, 0xCB, 0xE6, 0xDB, 0xE4, 0x64, 0xDC, 0xD2, 0xEC, 0x6C, 0x67,
    0x5C, 0x4E, 0xDF, 0x6E, 0xE8, 0x67, 0x7B, 0x7B, 0x5F, 0x75, 0xCB, 0x6D, 0x5B, 0x73, 0x5D, 0x5B,
    0x5B, 0x54, 0x53, 0x45, 0x3D, 0x5A, 0xE2, 0xB9, 0x6C, 0x72, 0xC5, 0xD6, 0x67, 0xE6, 0xD2, 0xED,
    0x4E, 0x66, 0x65, 0x3A, 0x67, 0x5C, 0xDC, 0x61, 0x53, 0xD4, 0xCD, 0xE5, 0x4F, 0xDB, 0x6F, 0x6E,
    0xDF, 0xCE, 0xDC, 0xE8, 0xFF, 0x5C, 0x4A, 0xC4, 0xD0, 0xD3, 0xD8, 0xCE, 0xEC, 0xEE, 0x5F, 0x58,
    0x59, 0x54, 0x61, 0x5B, 0x6F, 0xCD, 0xCD, 0xD0, 0xDB, 0x7D, 0x7A, 0xE7, 0x64, 0x5B, 0x54, 0x4C,
    0x54, 0x5C, 0x67, 0x56, 0x73, 0xE1, 0xE7, 0xE2, 0xEC, 0x5F, 0xD8, 0xCE, 0x57, 0xF5, 0xDB, 0x69,
    0x67, 0xCF, 0xFF, 0x69, 0xD0, 0x4D, 0xFE, 0xE1, 0xE4, 0x60, 0x54, 0x66, 0x7A, 0x59, 0xFF, 0xF1,
    0xDD, 0xE7, 0xD6, 0xE4, 0xEC, 0x6C, 0xFB, 0xE6, 0x6A, 0x53, 0x58, 0x4E, 0xD9, 0x4A, 0x4F, 0x5F,
    0x75, 0xD5, 0xCE, 0xBD, 0xD3, 0xCC, 0xDE, 0x67, 0x67, 0xDF, 0x6A, 0xFE, 0xE0, 0x67, 0x65, 0x5B,
    0x65, 0x4D, 0x4B, 0x4E, 0x4E, 0xDA, 0x79, 0x41, 0x48, 0xD3, 0xB5, 0xB3, 0xC3, 0xC9, 0xBE, 0xCC,
    0x54, 0x7E, 0xF0, 0x4C, 0x41, 0x6A, 0xDA, 0x55, 0x53, 0xF2, 0xEA, 0x69, 0xD8, 0xCD, 0xEB, 0x6D,
    0x53, 0x7A, 0x55, 0x4E, 0x70, 0xE7, 0xE3, 0xEC, 0x68, 0xE4, 0xFF, 0xF5, 0xDB, 0xFA, 0x58, 0xD8,
    0xCE, 0xF6, 0xF2, 0xE6, 0x5C, 0xE9, 0x5E, 0x67, 0x67, 0x67, 0x67, 0x5F, 0x58, 0x5B, 0x67, 0xF1,
    0xEE, 0x5B, 0x7A, 0x5D, 0xF8, 0x67, 0x76, 0xCA, 0xDA, 0x53, 0x5B, 0xD9, 0xCF, 0xCD, 0xC9, 0xCD,
    0xD6, 0x5E, 0x63, 0xE7, 0xD9, 0x73, 0x3F, 0x64, 0xE5, 0x49, 0x45, 0xF7, 0xCF, 0xD5, 0xD7, 0xCF,
    0x67, 0x71, 0xFF, 0x7E, 0x4A, 0x47, 0xE2, 0xC7, 0x77, 0x5C, 0xD4, 0xE3, 0x5F, 0x4B, 0x67, 0x4F,
    0x3F, 0x67, 0xC5, 0xD0, 0xE7, 0xDA, 0xD3, 0xDB, 0x6B, 0xE2, 0xCA, 0x63, 0x53, 0xEF, 0xD8, 0xFA,
    0x64, 0xDE, 0x56, 0xDF, 0x59, 0xEA, 0x6E, 0x3F, 0x4C, 0x67, 0x48, 0x42, 0x62, 0xFF, 0xDD, 0xCE,
    0xC5, 0xD3, 0xC9, 0xC4, 0xC8, 0xCF, 0xEB, 0x67, 0x50, 0xF7, 0x4D, 0x4D, 0x4E, 0x64, 0xF4, 0x5B,
    0x72, 0xE4, 0x75, 0x57, 0x64, 0xD0, 0xED, 0x4E, 0x75, 0x71, 0x70, 0xCC, 0x6E, 0x3F, 0xFC, 0xDD,
    0x6E, 0xDE, 0xCB, 0xFC, 0xE9, 0xD1, 0xE5, 0x5D, 0xE8, 0xD5, 0xE2, 0x5E, 0xDC, 0x61, 0x55, 0x67,
    0x4F, 0x5E, 0xDB, 0xCE, 0xC9, 0xC7, 0x75, 0xD3, 0xD3, 0xF6, 0x51, 0x56, 0xFF, 0xEA, 0x64, 0x43,
    0x54, 0x66, 0x62, 0x4D, 0x4E, 0xDD, 0xCA, 0xD2, 0xD9, 0xCA, 0xC1, 0xF6, 0xD1, 0xC7, 0x57, 0x5B,
    0x61, 0x5B, 0x4C, 0x49, 0x4C, 0xFE, 0x4B, 0x4A, 0x44, 0xCD, 0xCE, 0xE3, 0xDE, 0xCB, 0xCB, 0x6E,
    0x5B, 0x5A, 0x3E, 0x44, 0x4F, 0xFC, 0x6A, 0x4F, 0x77, 0xBE, 0xBA, 0xDD, 0xDB, 0xD2, 0xC2, 0xCB,
    0xDC, 0xFA, 0xD4, 0xDF, 0x52, 0x55, 0x67, 0x4E, 0x63, 0x4C, 0xCE, 0xD7, 0xDB, 0xEB, 0xDB, 0xCC,
    0x6B, 0x4E, 0x5F, 0x67, 0xEB, 0x63, 0xDB, 0xCE, 0x64, 0x63, 0x6C, 0x4A, 0x48, 0x56, 0x7D, 0x6E,
    0xEA, 0xDD, 0x7B, 0xE9, 0xEC, 0xE1, 0xDE, 0x57, 0xF0, 0xE7, 0xDF, 0x55, 0xEC, 0x69, 0x69, 0x55,
    0x5D, 0xE1, 0x49, 0x49, 0x4E, 0xD2, 0x52, 0x4F, 0xEF, 0xE3, 0xC6, 0xBD, 0xD8, 0xDF, 0xC4, 0xD7,
    0xCE, 0xEC, 0x62, 0x66, 0x5F, 0x57, 0x46, 0x3C, 0x3C, 0x3F, 0x3D, 0x47, 0xEB, 0xE1, 0x57, 0x4E,
    0x65, 0x67, 0x4E, 0x4A, 0xB9, 0xB1, 0xDD, 0xE7, 0xB5, 0xBA, 0xDC, 0x6B, 0xEF, 0x69, 0x4B, 0x4A,
    0xDB, 0xDD, 0xC5, 0xD6, 0xCF, 0xD1, 0xCF, 0xD8, 0xFF, 0xDE, 0xC4, 0xC9, 0xCE, 0xBC, 0xD5, 0xD6,
    0xE6, 0xDF, 0xF9, 0x5E, 0xE5, 0xE6, 0x58, 0xCE, 0xD5, 0x73, 0x55, 0xE4, 0x68, 0x42, 0x3B, 0xED,
    0xCF, 0xFE, 0x7A, 0xCC, 0xCE, 0x68, 0x63, 0xEB, 0x58, 0x45, 0x48, 0x4C, 0xEE, 0x4A, 0xEB, 0xD5,
    0xD5, 0xCD, 0xD8, 0x71, 0xE7, 0xDD, 0x4D, 0x58, 0xD9, 0xCD, 0xDA, 0xDE, 0x5D, 0x5C, 0x6E, 0x51,
    0x48, 0x7A, 0x3F, 0xFF, 0xFF, 0x6A, 0xD4, 0xD1, 0xE0, 0x6D, 0x53, 0xDB, 0xCA, 0xED, 0x57, 0xE1,
    0x6F, 0x49, 0x3E, 0x44, 0x69, 0xCE, 0x60, 0xCB, 0xE0, 0x6D, 0x54, 0xF8, 0x55, 0x74, 0xD3, 0xCE,
    0xCB, 0xC8, 0xCB, 0xF1, 0xDD, 0x6B, 0x42, 0x3E, 0x3F, 0x5C, 0x6F, 0x45, 0x45, 0x68, 0xCD, 0xE5,
    0x73, 0xCD, 0xCA, 0xD7, 0x6E, 0x55, 0x52, 0xE7, 0x4A, 0x48, 0x48, 0xFE, 0x49, 0x4D, 0x5B, 0xDB,
    0xE7, 0x56, 0xD3, 0x72, 0xC7, 0x60, 0xDB, 0xC6, 0xD4, 0xD2, 0xDA, 0xD3, 0xCE, 0xDB, 0xCD, 0xCD,
    0xCF, 0x65, 0xE4, 0xEA, 0xFF, 0x5E, 0x6A, 0xD1, 0xC9, 0xE0, 0x77, 0x67, 0x5B, 0xD3, 0xC9, 0xCE,
    0xCB, 0xD0, 0x51, 0x46, 0x7C, 0x4C, 0xD0, 0x49, 0x4C, 0x4A, 0x44, 0x47, 0x4D, 0x44, 0x3F, 0x42,
    0x3A, 0x3C, 0x61, 0x55, 0xE7, 0xE7, 0xE7, 0xE1, 0xDD, 0xFD, 0xC1, 0x63, 0x68, 0xF0, 0xFA, 0x5B,
    0x52, 0xE9, 0xC4, 0xCB, 0x6C, 0xDB, 0xC4, 0xBC, 0xBD, 0xC1, 0xBE, 0xB3, 0xB6, 0xCC, 0x50, 0xD9,
    0xDE, 0x49, 0x45, 0x49, 0x4A, 0x4B, 0x49, 0xEF, 0x6B, 0x4B, 0x7E, 0x3E, 0x57, 0x45, 0x3D, 0x4D,
    0x56, 0x4D, 0x53, 0x5B, 0x73, 0x73, 0x42, 0x47, 0x4C, 0x3E, 0x3E, 0x44, 0x48, 0x40, 0x4D, 0x58,
    0x59, 0xDE, 0x6F, 0xCC, 0xC7, 0xBD, 0xBF, 0xC9, 0xC6, 0xBE, 0xBD, 0xD8, 0xC2, 0xD1, 0xCD, 0xC3,
    0xD5, 0x67, 0xD0, 0xBF, 0xC0, 0xD1, 0xDC, 0x70, 0x5D, 0xDD, 0x79, 0x7D, 0xE7, 0xD8, 0xD4, 0xEE,
    0x5C, 0x7A, 0x50, 0xDC, 0x3C, 0x48, 0x5D, 0xEF, 0x45, 0x49, 0xE7, 0xD4, 0xDA, 0xCA, 0xC0, 0xE9,
    0x5C, 0x5D, 0x74, 0x5B, 0x45, 0x46, 0x5F, 0x58, 0x67, 0xD3, 0xE8, 0x67, 0xEB, 0x5C, 0xD5, 0xCC,
    0xD3, 0xCE, 0xC6, 0x6B, 0xD4, 0xC7, 0xF4, 0x56, 0x4D, 0x6E, 0xEF, 0x5D, 0xEF, 0xDC, 0xFF, 0xE3,
    0xC5, 0x7A, 0x55, 0x4C, 0xC3, 0xBA, 0xC9, 0xD3, 0xDC, 0x61, 0xDD, 0x5D, 0xE5, 0x5F, 0x71, 0x53,
    0x41, 0x45, 0x4F, 0x47, 0xDE, 0xC6, 0xE7, 0xE7, 0x5C, 0x7C, 0x6C, 0xDB, 0xCA, 0xDB, 0xE7, 0xD3,
    0xDD, 0x68, 0x4F, 0x5B, 0x4E, 0x53, 0x50, 0x47, 0x40, 0x3C, 0x48, 0x51, 0x46, 0x67, 0x72, 0xEF,
    0xDD, 0x7D, 0x7C, 0xE3, 0x5E, 0xC5, 0xBC, 0xC9, 0xBD, 0xC8, 0xBB, 0xC1, 0xE9, 0x6F, 0xCE, 0xFF,
    0xEE, 0x4E, 0x33, 0x3E, 0x45, 0x5C, 0x51, 0x45, 0x56, 0xDB, 0x68, 0x3E, 0x43, 0x5A, 0x4F, 0x52,
    0x63, 0xCF, 0xC5, 0xC6, 0xCD, 0xC6, 0xCC, 0xDA, 0xD8, 0x68, 0xE7, 0xDB, 0x65, 0x5D, 0x5F, 0x66,
    0xF5, 0x73, 0x4E, 0x5B, 0x64, 0xD3, 0xD8, 0xFC, 0x73, 0xD8, 0xC8, 0xBF, 0xC5, 0xBD, 0xDA, 0xBF,
    0xCC, 0xEA, 0xFF, 0x5C, 0x60, 0xE3, 0x59, 0x5B, 0xDC, 0x4E, 0x53, 0x4D, 0x3D, 0x46, 0x42, 0x36,
    0x2C, 0x30, 0xAD, 0xA7, 0xBA, 0x4A, 0xF4, 0xBE, 0xC1, 0xEE, 0x5B, 0x5B, 0x54, 0x5E, 0x4C, 0x3A,
    0xDE, 0xE9, 0xF8, 0xD1, 0xD3, 0xE8, 0x5E, 0x5E, 0xDC, 0xCE, 0xCC, 0x71, 0x5B, 0xD3, 0xC1, 0x7B,
    0x45, 0x4A, 0x42, 0x4A, 0x49, 0x53, 0x48, 0x5C, 0x5B, 0x53, 0x4E, 0x4B, 0xE5, 0xCD, 0xE1, 0x6F,
    0xDB, 0x56, 0xDE, 0xD9, 0xDB, 0xD1, 0xD7, 0x71, 0xEA, 0x5C, 0x44, 0x54, 0x53, 0x4F, 0x53, 0x74,
    0xF9, 0x7E, 0x66, 0x59, 0x59, 0xD7, 0x6D, 0xEB, 0xC2, 0xC1, 0xBB, 0xC6, 0xDA, 0xD3, 0xCE, 0xD3,
    0xD9, 0xE7, 0xEE, 0x52, 0x5B, 0x5B, 0x4A, 0x42, 0x44, 0x4F, 0x37, 0x49, 0xCF, 0xC3, 0xD2, 0xCD,
    0xC8, 0xCF, 0xDD, 0xCA, 0xCE, 0xD8, 0xD4, 0xCD, 0xC5, 0xCE, 0xEE, 0x5C, 0x6B, 0xE4, 0xFF, 0x4F,
    0x4E, 0x46, 0x4B, 0x3F, 0x3D, 0x43, 0x68, 0xF2, 0x5B, 0x62, 0xD9, 0xB6, 0xBC, 0xEC, 0xC1, 0xBF,
    0xBA, 0xCB, 0x74, 0x69, 0x53, 0x68, 0xC7, 0xE0, 0xCF, 0xD5, 0xD2, 0xCD, 0xF5, 0x5F, 0xD8, 0xD2,
    0x57, 0x57, 0xF8, 0xFE, 0x4C, 0x55, 0x3E, 0x41, 0x5E, 0x67, 0x59, 0x53, 0x4E, 0xC4, 0xBF, 0xD4,
    0xCF, 0xE3, 0xCB, 0xCA, 0xF4, 0x64, 0x5E, 0x47, 0x45, 0x48, 0x51, 0x5C, 0x60, 0x4F, 0x41, 0x3E,
    0x3C, 0x49, 0x69, 0xCF, 0x70, 0x67, 0x5B, 0xF3, 0xFD, 0x4D, 0x5A, 0xCB, 0xD0, 0xBF, 0xBD, 0xBF,
    0xBE, 0xB0, 0xB7, 0xBE, 0xD0, 0xD4, 0xD8, 0x4E, 0x42, 0x78, 0xDD, 0x51, 0x49, 0x52, 0x71, 0xE7,
    0xFF, 0x71, 0x5D, 0x50, 0x40, 0x35, 0x41, 0x4C, 0xDA, 0xD6, 0x40, 0x3D, 0xD4, 0xB9, 0xD9, 0x64,
    0xEF, 0xC0, 0xCD, 0x70, 0x61, 0xE8, 0xCE, 0xD5, 0x52, 0x49, 0x49, 0x5D, 0x5E, 0xFE, 0xD7, 0xD0,
    0xCC, 0xBF, 0xBE, 0xEE, 0x3F, 0x2F, 0x40, 0xBC, 0xDC, 0x49, 0x4D, 0x47, 0x41, 0x50, 0xC4, 0xBE,
    0xD0, 0x4D, 0xD6, 0xC4, 0xBC, 0xCB, 0xF0, 0xC2, 0xB1, 0xB7, 0xC1, 0xC1, 0xC1, 0xBB, 0xBC, 0xC0,
    0xBD, 0xBD, 0xC6, 0xDB, 0x66, 0x42, 0x43, 0x3F, 0x5A, 0xE2, 0x67, 0x6E, 0x47, 0x4F, 0xCD, 0xE2,
    0x55, 0xDB, 0xE9, 0x5C, 0x5A, 0x4D, 0x50, 0x53, 0x53, 0x4F, 0x46, 0x48, 0x3D, 0x3A, 0x36, 0x34,
    0x5C, 0xD7, 0x57, 0x4B, 0xE0, 0xBD, 0xB2, 0xBE, 0x4D, 0x4B, 0x67, 0x4D, 0x41, 0x41, 0x53, 0x5B,
    0x5E, 0x67, 0x49, 0x4A, 0x63, 0xCF, 0xD3, 0x7D, 0x5C, 0xE7, 0xC9, 0xCE, 0x5E, 0xC9, 0x58, 0x56,
    0xD5, 0xE9, 0x6A, 0x54, 0x53, 0xFF, 0x6C, 0x4F, 0x67, 0x5C, 0x53, 0x5D, 0x53, 0x56, 0xE8, 0xD5,
    0xEF, 0x5D, 0x4B, 0x65, 0xCA, 0xDD, 0x59, 0xEB, 0xCC, 0xD3, 0x76, 0x53, 0x46, 0x5A, 0x78, 0xDD,
    0x5D, 0x46, 0x5D, 0xF5, 0x7D, 0x5C, 0x4B, 0x3F, 0x46, 0x64, 0x44, 0x44, 0x6A, 0xD4, 0xBF, 0xBC,
    0xC1, 0xC9, 0xC4, 0xCF, 0x55, 0x67, 0x7A, 0xFF, 0x63, 0xE7, 0xE3, 0xEB, 0xD2, 0xCD, 0xCD, 0xC9,
    0xD9, 0xFC, 0xD0, 0xE9, 0x4D, 0x4E, 0x53, 0xFF, 0x5B, 0x4C, 0x45, 0xCC, 0xBD, 0xEB, 0x77, 0xE3,
    0xCD, 0xC9, 0xC4, 0xBE, 0xC1, 0xDA, 0x68, 0xF5, 0x48, 0x3A, 0x3B, 0x39, 0x38, 0x34, 0x34, 0x3F,
    0x47, 0xE1, 0xCB, 0x75, 0xD5, 0xC7, 0xE9, 0x4D, 0x47, 0x40, 0x52, 0xAF, 0xAE, 0xC7, 0x3A, 0x3E,
    0xCE, 0xCA, 0x4A, 0x39, 0x44, 0xD7, 0xBC, 0xBE, 0xC8, 0xBF, 0xBA, 0xB9, 0xC1, 0xEC, 0x51, 0xDB,
    0xE7, 0xE6, 0x4E, 0x45, 0xDB, 0xD7, 0x6F, 0x47, 0x3D, 0x3B, 0x37, 0x53, 0x4A, 0x42, 0xEC, 0x5B,
    0x5A, 0x4E, 0x3B, 0x32, 0x33, 0x3A, 0x3C, 0x55, 0xD6, 0xC8, 0xC3, 0xCE, 0xF1, 0x47, 0x43, 0x67,
    0x67, 0x56, 0x6E, 0xDA, 0xCC, 0xD1, 0xE7, 0x78, 0xD4, 0xC1, 0xBF, 0xDE, 0x67, 0xEC, 0xBE, 0xC1,
    0xD3, 0xF3, 0xE7, 0xC7, 0xC4, 0xD3, 0xD1, 0xC8, 0xC0, 0xAE, 0xB8, 0xCB, 0xD7, 0xDB, 0xDF, 0x56,
    0x45, 0x3B, 0x3A, 0x50, 0x49, 0x5A, 0x6C, 0x5B, 0xE2, 0xD5, 0xFF, 0xFF, 0xE4, 0xDB, 0xF6, 0x43,
    0x40, 0x38, 0x3B, 0x38, 0x34, 0x34, 0x3F, 0x4E, 0x7B, 0x5B, 0x63, 0xCB, 0xB7, 0xB1, 0xB5, 0xC0,
    0xCD, 0xBD, 0xB5, 0xBF, 0xE7, 0x5B, 0x64, 0xEA, 0xC9, 0xCE, 0x56, 0x4A, 0xDA, 0xBD, 0xCD, 0x62,
    0x4C, 0xE9, 0xCA, 0xD6, 0x6C, 0x48, 0x4B, 0xEC, 0x56, 0x3E, 0x3A, 0x38, 0x3E, 0x3E, 0x3D, 0x4B,
    0xEF, 0xC9, 0xB8, 0xB4, 0xB8, 0xC1, 0xC0, 0xC5, 0xBB, 0xBA, 0xBF, 0xCA, 0xD3, 0xD1, 0xD5, 0x5D,
    0x4B, 0x4B, 0x55, 0xEE, 0x40, 0x41, 0xDF, 0xC2, 0xC1, 0xCD, 0x74, 0x5E, 0xC5, 0xE2, 0x55, 0x3D,
    0x3E, 0x4F, 0x5A, 0x53, 0x4A, 0x40, 0x4E, 0x5B, 0x40, 0x3B, 0x39, 0x3C, 0x3D, 0x3C, 0x52, 0xCD,
    0xBF, 0xB4, 0xB0, 0xAF, 0xAE, 0xB5, 0xBF, 0xD4, 0xEE, 0x5E, 0x4F, 0x3F, 0x3B, 0x43, 0x45, 0x4D,
    0x4D, 0x47, 0x3D, 0x39, 0x41, 0x51, 0x50, 0x3F, 0x45, 0x5F, 0xCC, 0xC8, 0xC2, 0xE6, 0x51, 0x54,
    0x67, 0xE9, 0x76, 0x5E, 0x5B, 0xE4, 0xCB, 0xCF, 0xDB, 0xE6, 0xE5, 0x74, 0xDB, 0xD1, 0xBD, 0xBB,
    0xC0, 0xCD, 0xE1, 0x6C, 0x67, 0x60, 0x4C, 0x3B, 0x36, 0x40, 0x39, 0x3F, 0x4A, 0x5F, 0xC6, 0xBB,
    0xBD, 0xBE, 0xD4, 0xDD, 0xC7, 0xEE, 0x4B, 0x3B, 0x3B, 0x45, 0x5F, 0x63, 0x50, 0x58, 0xBE, 0xBE,
    0xB5, 0xB3, 0xBD, 0xC5, 0xF4, 0x4D, 0x62, 0xC3, 0xB4, 0xD5, 0x52, 0x45, 0x4C, 0xD8, 0xE4, 0x54,
    0x47, 0x45, 0x41, 0x45, 0x3F, 0x3F, 0x3B, 0x46, 0x57, 0x69, 0xDC, 0xEE, 0x6F, 0x5B, 0xE8, 0xCA,
    0xDF, 0x5D, 0xDF, 0xCE, 0xD4, 0x63, 0x54, 0xEE, 0xC8, 0xB7, 0xD0, 0xBE, 0xC4, 0xC7, 0xC5, 0xCC,
    0xF2, 0x4F, 0x3F, 0x3B, 0x37, 0x47, 0x7C, 0x5C, 0x44, 0x4E, 0x53, 0x42, 0x3A, 0x41, 0x66, 0x6E,
    0xE7, 0xDC, 0xC2, 0xB3, 0xAF, 0xB2, 0xBB, 0xC7, 0xCD, 0xCF, 0xE1, 0xDB, 0xCD, 0x58, 0xDB, 0xF1,
    0x7B, 0xF6, 0x54, 0x42, 0x4F, 0x5A, 0x55, 0x53, 0x46, 0x5B, 0x61, 0xCC, 0xCD, 0x79, 0x6A, 0x59,
    0x3F, 0x6C, 0xFF, 0x4F, 0xE1, 0xCB, 0xD1, 0xD5, 0xCA, 0xC1, 0xC2, 0xD7, 0xBF, 0xBB, 0x57, 0xC9,
    0xE7, 0x3E, 0x34, 0x30, 0x38, 0x6D, 0xC7, 0xB7, 0xAF, 0xAE, 0xB1, 0xBE, 0x75, 0x53, 0x43, 0x38,
    0x3C, 0x34, 0x32, 0x3B, 0x3C, 0x6E, 0x51, 0x43, 0x3A, 0x3C, 0x4E, 0xC5, 0xB2, 0xA8, 0xAB, 0xB5,
    0xBE, 0xBB, 0xB0, 0xAF, 0xB7, 0xC1, 0xCD, 0xCD, 0xDB, 0xEF, 0x4F, 0x44, 0x46, 0x49, 0x52, 0x4C,
    0x3F, 0x47, 0x4D, 0x53, 0xC6, 0xCA, 0xE9, 0x72, 0x55, 0xF8, 0xCE, 0xD6, 0xE2, 0x54, 0x5B, 0x5B,
    0x42, 0x4F, 0x66, 0x53, 0x4C, 0x56, 0xFD, 0xDF, 0xBD, 0xB0, 0xC5, 0xC1, 0xB2, 0xB9, 0xBE, 0xCF,
    0x49, 0x37, 0x34, 0x2D, 0x2F, 0x33, 0x3D, 0x50, 0xE6, 0xBD, 0xBB, 0xC2, 0xCD, 0xD9, 0xFC, 0xD5,
    0xEC, 0xFF, 0xC6, 0xF7, 0xF1, 0xE7, 0x7A, 0x5C, 0x67, 0x5F, 0xCE, 0xD0, 0xDF, 0xC6, 0xF7, 0xE9,
    0xDF, 0xE4, 0xCC, 0xC5, 0xEE, 0x5B, 0x56, 0x53, 0x45, 0x3B, 0x34, 0x3B, 0x45, 0x52, 0xF6, 0xD3,
    0xC5, 0xCF, 0xDF, 0x5B, 0xD0, 0xC4, 0xCF, 0x66, 0x75, 0xD5, 0xCB, 0xBA, 0xAF, 0xBC, 0xE5, 0xFF,
    0x61, 0x62, 0x64, 0x4C, 0x45, 0x5E, 0xF1, 0xD1, 0xC5, 0xD0, 0x60, 0x58, 0x5B, 0x55, 0x44, 0x3F,
    0x47, 0x6F, 0x5E, 0xCB, 0xBA, 0xBF, 0xC9, 0xDE, 0xDB, 0xC3, 0xBA, 0xB4, 0xB7, 0xBA, 0xBB, 0xBA,
    0xBA, 0xC4, 0xCD, 0xCB, 0xD5, 0x59, 0x44, 0x3C, 0x4A, 0x3F, 0x56, 0x3F, 0x3E, 0x38, 0x34, 0x3A,
    0x3E, 0x3B, 0x3D, 0x31, 0x37, 0x3D, 0x45, 0xD4, 0xC6, 0xC9, 0xD5, 0xD1, 0xDB, 0xE8, 0xDD, 0x67,
    0x73, 0xE7, 0xDF, 0x5A, 0x4E, 0x47, 0x37, 0x37, 0x47, 0xE6, 0xD8, 0xCE, 0xDE, 0xDE, 0xDB, 0xDE,
    0xE7, 0xDD, 0x68, 0x55, 0xDC, 0x4C, 0x42, 0xDD, 0xD0, 0xC8, 0xC3, 0xC9, 0xD1, 0xD5, 0xE7, 0xBF,
    0xBC, 0xC2, 0xC9, 0xE2, 0x5F, 0x66, 0xE8, 0x5E, 0x5D, 0x4F, 0x32, 0x38, 0x47, 0x7E, 0x7A, 0x5A,
    0x78, 0xE7, 0xE7, 0xFD, 0x73, 0xD8, 0xF8, 0xD3, 0xE2, 0x64, 0x6A, 0xD4, 0xC7, 0xC4, 0xCC, 0xC1,
    0xBF, 0xFF, 0xEE, 0x5C, 0x58, 0x53, 0x52, 0x4D, 0x4D, 0x3B, 0x3C, 0x45, 0x42, 0x72, 0xD3, 0xDC,
    0xE7, 0xDD, 0xCB, 0xC2, 0xC7, 0xC9, 0xD5, 0xDB, 0xDB, 0xCB, 0xC5, 0xEB, 0x57, 0x5B, 0xDD, 0xCE,
    0xE6, 0x53, 0x4F, 0x5B, 0x4C, 0x56, 0x52, 0x55, 0x53, 0x4B, 0x57, 0x67, 0x67, 0x5C, 0xCC, 0xC7,
    0xD3, 0x72, 0xE3, 0xD8, 0x67, 0xEB, 0xCF, 0xC4, 0xC2, 0xDA, 0xCD, 0xC9, 0xBE, 0xBE, 0xD4, 0x4B,
    0x3E, 0x3B, 0x3C, 0x42, 0x45, 0x45, 0x35, 0x35, 0x3F, 0x63, 0xD5, 0xEE, 0x67, 0xE8, 0xCC, 0xCC,
    0xD3, 0xD0, 0xC3, 0xBF, 0xC5, 0xC5, 0xC5, 0xBD, 0xD3, 0xD7, 0x58, 0x4D, 0x43, 0x54, 0xE4, 0x5F,
    0x57, 0x6F, 0x5C, 0x5B, 0x5B, 0x53, 0x50, 0x58, 0x61, 0x62, 0xFF, 0x5C, 0x4B, 0x53, 0x57, 0x73,
    0xF2, 0xC5, 0xC1, 0xCC, 0xCC, 0xCE, 0xD0, 0xCD, 0xE4, 0xDB, 0xDB, 0xF6, 0x52, 0x4D, 0x4B, 0x46,
    0x40, 0x3B, 0x3E, 0x3A, 0x43, 0x58, 0xE7, 0xC7, 0xC8, 0xC6, 0xC1, 0xBA, 0xB8, 0xBC, 0xBE, 0xC8,
    0x6F, 0x48, 0x42, 0x47, 0x50, 0x4B, 0x4F, 0x7D, 0x4C, 0x39, 0x2D, 0x35, 0x43, 0xCD, 0xBE, 0xCD,
    0xCD, 0xC6, 0xC7, 0xB6, 0xAE, 0xAA, 0xAD, 0xBC, 0xEF, 0x55, 0xED, 0xC5, 0xCC, 0xEB, 0x62, 0x3D,
    0x3F, 0x4D, 0x2C, 0x56, 0x54, 0xDB, 0x38, 0x67, 0x4F, 0x38, 0xB9, 0x45, 0x3F, 0x50, 0x45, 0x41,
    0x52, 0x2F, 0x49, 0x31, 0x2B, 0x4D, 0x41, 0x48, 0x3F, 0xD0, 0x3B, 0x47, 0x49, 0xD3, 0x3E, 0x48,
    0x41, 0xB4, 0x5C, 0xAE, 0x46, 0xBA, 0xC3, 0xBB, 0xB5, 0xAD, 0xCB, 0xC7, 0xCA, 0xD8, 0xED, 0x36,
    0xD2, 0x3E, 0x3B, 0x3E, 0x54, 0x3D, 0xBD, 0x77, 0xEC, 0x3B, 0xB3, 0xC2, 0xBB, 0xC7, 0xB3, 0xBC,
    0xCC, 0xB7, 0xCB, 0xF4, 0x50, 0x43, 0x3B, 0x3C, 0x36, 0x4D, 0x3B, 0x4A, 0x34, 0x3C, 0x4E, 0x66,
    0xE4, 0xB6, 0x59, 0xB7, 0xBE, 0xC0, 0x3F, 0xC4, 0x56, 0xBD, 0x3F, 0x50, 0x36, 0x47, 0x34, 0x4F,
    0x49, 0xE0, 0x5D, 0x53, 0xEC, 0xD9, 0x54, 0xC2, 0xC1, 0xB6, 0xAE, 0xA9, 0xB7, 0xBF, 0xCD, 0x4F,
    0x2F, 0x2D, 0x32, 0x30, 0x2E, 0x4A, 0x3F, 0x4D, 0x37, 0xC9, 0xCC, 0xAC, 0xB4, 0xB6, 0xAD, 0xBB,
    0xC5, 0xFD, 0xC5, 0x51, 0xCF, 0x40, 0x54, 0x51, 0x43, 0xCD, 0x64, 0xCE, 0xC4, 0xBC, 0xCD, 0xBD,
    0xC9, 0xC5, 0x5D, 0x46, 0x59, 0x57, 0x64, 0xDF, 0xED, 0x3B, 0x3A, 0x53, 0x40, 0xCE, 0x5A, 0xCD,
    0xD2, 0xBE, 0x78, 0xCE, 0xF7, 0xCC, 0xBF, 0xCE, 0x51, 0xDF, 0x4B, 0x3D, 0x45, 0x3C, 0x5F, 0x65,
    0x5C, 0xC7, 0xCE, 0xCE, 0x59, 0x4F, 0x4F, 0x4C, 0xCE, 0xFD, 0xE3, 0xDF, 0xC5, 0xD7, 0xC7, 0xBE,
    0xC1, 0xC8, 0xCB, 0xCB, 0xD7, 0xD4, 0xC6, 0xD9, 0x5B, 0x5A, 0xC9, 0x43, 0x3E, 0x38, 0x38, 0x3C,
    0x3C, 0x3F, 0x3C, 0x52, 0x4B, 0x63, 0xDB, 0xDB, 0xC4, 0x7C, 0x5F, 0xC6, 0xCC, 0xBF, 0x45, 0x3C,
    0x3C, 0x3B, 0x38, 0x45, 0x4A, 0xE8, 0x6F, 0x4E, 0xD7, 0xBB, 0xBA, 0xB7, 0xC6, 0xE6, 0xD3, 0xD2,
    0xE6, 0x61, 0x4C, 0xE0, 0xFF, 0x69, 0xDF, 0xD0, 0xC1, 0xC2, 0xD2, 0x72, 0xD8, 0xDB, 0xEB, 0x4F,
    0x40, 0x3E, 0x4D, 0x59, 0xE5, 0xCD, 0xC7, 0xBF, 0xC2, 0xC5, 0xFB, 0x6E, 0xEF, 0xE0, 0x49, 0x4C,
    0x3B, 0x3D, 0x49, 0x40, 0x64, 0x67, 0xD0, 0xBA, 0xBF, 0xE2, 0x66, 0x61, 0xD0, 0xC5, 0xD5, 0xE8,
    0xD1, 0xED, 0xFA, 0xD3, 0x77, 0xDC, 0xC8, 0xD3, 0xF4, 0x52, 0x5A, 0x53, 0x48, 0x58, 0x58, 0x5B,
    0x66, 0x5F, 0xF1, 0xCB, 0xEC, 0xD9, 0x6D, 0x53, 0x53, 0x48, 0x4B, 0x67, 0x7B, 0xEF, 0xEC, 0x54,
    0xCC, 0xD0, 0xD6, 0x5E, 0x73, 0x70, 0x40, 0x3C, 0x38, 0x3C, 0x3F, 0x3F, 0x45, 0x7D, 0xD0, 0xD4,
    0xD8, 0x75, 0xF8, 0xF2, 0x68, 0xEC, 0xD6, 0xC5, 0xC3, 0xC9, 0xD5, 0xEB, 0xFF, 0xD6, 0xE3, 0x57,
    0x4D, 0x5B, 0x51, 0xDA, 0xC9, 0xBF, 0xBD, 0xB9, 0xC0, 0xCD, 0xCB, 0x5E, 0x4D, 0x3A, 0x30, 0x35,
    0x46, 0x62, 0xEF, 0xD6, 0xFB, 0xDB, 0xF3, 0x5B, 0x5B, 0x54, 0x51, 0xDF, 0xC9, 0xC3, 0xD0, 0xE0,
    0xD3, 0xDB, 0xD1, 0xD1, 0xD7, 0x4A, 0x34, 0x2E, 0x34, 0x41, 0xDD, 0xD3, 0x54, 0x70, 0xC0, 0xB6,
    0xAD, 0xA6, 0xA8, 0xB9, 0x62, 0x33, 0x25, 0x25, 0x29, 0x2E, 0x3F, 0xDD, 0xB9, 0xAD, 0xAA, 0xAD,
    0xB6, 0xBB, 0xC7, 0x4B, 0x3E, 0x2F, 0x2A, 0x2E, 0x43, 0xCF, 0xBD, 0xBC, 0xC7, 0xBC, 0xB3, 0xB9,
    0xBE, 0xCD, 0x49, 0x30, 0x2C, 0x2D, 0x33, 0x3E, 0x3D, 0x3E, 0x3A, 0xFF, 0xCD, 0xC0, 0xBF, 0xD2,
    0x72, 0x5A, 0x53, 0x78, 0xC5, 0xD7, 0xC1, 0xBE, 0xCD, 0xDB, 0xCC, 0xFB, 0xEC, 0xEE, 0x5A, 0x4B,
    0x43, 0x44, 0x3D, 0x4D, 0x6D, 0xEB, 0xEE, 0xC9, 0xD1, 0xCF, 0x6F, 0x67, 0x4D, 0x42, 0x4D, 0x4F,
    0x64, 0x64, 0xD9, 0xCB, 0x53, 0x60, 0x59, 0x45, 0x48, 0x55, 0xEC, 0xCD, 0xCA, 0xE4, 0xCC, 0xC5,
    0xC2, 0xD1, 0xD6, 0xCD, 0xC7, 0xD1, 0xD6, 0xD2, 0x5C, 0xEE, 0x4D, 0x46, 0x4F, 0x4B, 0x63, 0xCD,
    0xC5, 0xCC, 0xEC, 0x5A, 0x4F, 0x4D, 0x53, 0x58, 0x69, 0xCD, 0xDB, 0x5F, 0x58, 0x67, 0x4D, 0x4B,
    0x49, 0x47, 0x4D, 0x43, 0x3B, 0x3E, 0x48, 0x5C, 0x62, 0x4D, 0x6F, 0xF8, 0xF2, 0x4A, 0x54, 0xE5,
    0x78, 0x57, 0x53, 0x60, 0x5D, 0x7E, 0xD8, 0xD9, 0xC5, 0xCB, 0xCE, 0xCC, 0xC9, 0xC9, 0xC4, 0xBF,
    0xBC, 0xB7, 0xB5, 0xBE, 0xC0, 0xBE, 0xC2, 0xC3, 0xC5, 0xC5, 0xCD, 0xF5, 0xE7, 0x54, 0x5F, 0xE0,
    0xEA, 0x6E, 0x7D, 0xE2, 0x7A, 0x49, 0x42, 0x3B, 0x33, 0x2E, 0x2E, 0x32, 0x3A, 0x50, 0xCE, 0xC5,
    0xE7, 0x4E, 0x4D, 0x4E, 0xD1, 0xC1, 0xC6, 0x72, 0x47, 0x44, 0x4D, 0x50, 0xEE, 0xDF, 0x52, 0x3B,
    0x3E, 0x45, 0x6B, 0xC5, 0xBA, 0xBF, 0xC6, 0xCD, 0xCC, 0xC9, 0xBE, 0xB9, 0xBA, 0xC3, 0xCC, 0xC6,
    0xBF, 0xBA, 0xB7, 0xBB, 0xCF, 0x5C, 0x47, 0x38, 0x33, 0x39, 0x3E, 0x41, 0x58, 0xDB, 0xE2, 0xE6,
    0xC6, 0xCE, 0xDE, 0x6E, 0x55, 0x53, 0x4C, 0x46, 0x5F, 0x78, 0x53, 0x58, 0x4A, 0x4C, 0x59, 0xFA,
    0xED, 0x67, 0x6A, 0x6E, 0x54, 0x56, 0x63, 0xFC, 0xE0, 0xE5, 0xD4, 0xC8, 0xC5, 0xBD, 0xC3, 0xDA,
    0xD3, 0xF3, 0x6B, 0xED, 0xE7, 0xDD, 0xCE, 0xCC, 0xC5, 0xC5, 0xC4, 0xCF, 0xC9, 0xCB, 0xCD, 0xC9,
    0xCC, 0xDA, 0x6D, 0x50, 0x45, 0x41, 0x3F, 0x47, 0x4D, 0x53, 0x56, 0x62, 0x5B, 0x4E, 0x45, 0x55,
    0x5B, 0x4A, 0xEC, 0xE3, 0x55, 0x35, 0x2A, 0x2B, 0x35, 0x5C, 0xB5, 0xA3, 0xA6, 0xA8, 0xAE, 0xC9,
    0x39, 0x2A, 0x23, 0x1F, 0x1F, 0x26, 0x3C, 0xE3, 0xB2, 0xA9, 0xA5, 0xA8, 0xAF, 0xB8, 0xC5, 0xCA,
    0xBE, 0xBC, 0xB8, 0xBE, 0x4A, 0x35, 0x2D, 0x34, 0x54, 0xBE, 0xAD, 0xAE, 0xBF, 0x6C, 0x3F, 0x35,
    0x38, 0x4F, 0xDB, 0xC6, 0xC5, 0xBA, 0xDB, 0xDB, 0xD5, 0x60, 0x45, 0x3B, 0x30, 0x2B, 0x2C, 0x31,
    0x3B, 0x3E, 0x4A, 0x64, 0x73, 0xCC, 0xBE, 0xB7, 0xB2, 0xAF, 0xAE, 0xB8, 0xC6, 0x5F, 0x45, 0x41,
    0x41, 0x4A, 0x50, 0x5B, 0x64, 0xEF, 0x4F, 0x6F, 0x67, 0xDF, 0xCA, 0xC5, 0xB5, 0xAE, 0xAB, 0xAA,
    0xAD, 0xB1, 0xBD, 0xD5, 0x49, 0x3B, 0x3A, 0x38, 0x3C, 0x49, 0x4F, 0x52, 0x41, 0x37, 0x3D, 0x48,
    0x4D, 0x7E, 0xD6, 0xED, 0x4A, 0x3A, 0x37, 0x3E, 0x4D, 0xDE, 0xCF, 0x60, 0x44, 0x38, 0x32, 0x37,
    0x49, 0x6B, 0xD3, 0xE3, 0xD3, 0xC3, 0xC5, 0xBF, 0xC1, 0xBA, 0xBA, 0xC8, 0xC0, 0xC1, 0xBE, 0xBD,
    0xB9, 0xC4, 0xD8, 0x4F, 0x4C, 0x5B, 0xDE, 0xC6, 0xB8, 0xBA, 0xCD, 0xF3, 0x4E, 0x46, 0x48, 0x5D,
    0x62, 0x53, 0x4F, 0x40, 0x49, 0x45, 0x56, 0x5B, 0x47, 0x3B, 0x30, 0x2D, 0x2F, 0x31, 0x35, 0x35,
    0x2F, 0x37, 0x3A, 0x38, 0x3F, 0x4A, 0x69, 0xCC, 0xB9, 0xAC, 0xAB, 0xA6, 0xA2, 0xA9, 0xB0, 0xB8,
    0x67, 0x3C, 0x49, 0x7E, 0x58, 0xB9, 0xBB, 0xAB, 0x9F, 0x9C, 0x9E, 0xA5, 0xBC, 0x49, 0x3D, 0x31,
    0x3F, 0x46, 0x3E, 0x30, 0x2F, 0x32, 0x4E, 0xCB, 0xC8, 0xE7, 0x59, 0x36, 0x3A, 0x3A, 0x48, 0xD8,
    0xAF, 0xAD, 0xB4, 0xBE, 0x4F, 0x34, 0x2B, 0x2B, 0x25, 0x29, 0x27, 0x29, 0x2C, 0x2F, 0x38, 0x3E,
    0x42, 0x6A, 0x5E, 0xE7, 0x6B, 0x76, 0xC4, 0xC1, 0xC6, 0xD7, 0x5C, 0x3E, 0x4F, 0xCD, 0xBA, 0xB5,
    0xBE, 0xDA, 0x5A, 0x4B, 0x45, 0x5D, 0xC7, 0xAF, 0xAA, 0xA5, 0xA8, 0xAE, 0xB6, 0xBA, 0xB9, 0xBD,
    0xCD, 0xDF, 0x4B, 0x3E, 0x3C, 0x37, 0x3A, 0x43, 0x53, 0xF2, 0xCD, 0xC9, 0xBB, 0xB0, 0xB0, 0xAF,
    0xBB, 0xEA, 0x49, 0x37, 0x36, 0x38, 0x3D, 0x4B, 0x71, 0xFC, 0x5E, 0x67, 0xFE, 0xE1, 0xC9, 0xBE,
    0xBF, 0xC9, 0xC3, 0xC8, 0xD2, 0xC5, 0x6E, 0x4E, 0x3B, 0x35, 0x38, 0x3F, 0x4F, 0x69, 0x41, 0x3C,
    0x30, 0x34, 0x3D, 0x59, 0x7B, 0x67, 0x45, 0x2E, 0x24, 0x1F, 0x21, 0x2B, 0x3A, 0x72, 0xBC, 0xBD,
    0xBE, 0xCA, 0xD2, 0xDB, 0xDD, 0xDB, 0xCE, 0xCC, 0xD3, 0xDB, 0xD1, 0xC6, 0xBA, 0xAF, 0xAD, 0xAA,
    0xA8, 0xA6, 0xA7, 0xA8, 0xA7, 0xAA, 0xAE, 0xAF, 0xB3, 0xB3, 0xB5, 0xAE, 0xB2, 0xB2, 0xB6, 0xB9,
    0xBF, 0xCE, 0xF0, 0x55, 0x47, 0x3F, 0x3C, 0x3C, 0x39, 0x36, 0x36, 0x36, 0x35, 0x34, 0x30, 0x2E,
    0x2A, 0x2A, 0x29, 0x2B, 0x29, 0x2A, 0x2B, 0x2A, 0x29, 0x29, 0x27, 0x24, 0x28, 0x29, 0x2A, 0x30,
    0x38, 0x3F, 0x4A, 0x66, 0xDE, 0xC9, 0xBC, 0xB9, 0xB3, 0xB8, 0xB5, 0xAF, 0xB0, 0xAE, 0xAA, 0xA9,
    0xA8, 0xA8, 0xA7, 0xA9, 0xA9, 0xAA, 0xAD, 0xAF, 0xB4, 0xBB, 0xB8, 0xBC, 0xB8, 0xB7, 0xB0, 0xAE,
    0xAE, 0xB2, 0xB7, 0xBD, 0xBF, 0xC8, 0xCA, 0xD5, 0xFD, 0x53, 0x46, 0x3A, 0x34, 0x2E, 0x2C, 0x2C,
    0x2D, 0x2A, 0x28, 0x28, 0x2C, 0x2E, 0x3A, 0x4B, 0xE6, 0xD7, 0xCF, 0xC6, 0xC7, 0xC2, 0xBF, 0xC7,
    0xCE, 0xFA, 0x50, 0x3B, 0x34, 0x33, 0x34, 0x35, 0x3F, 0x55, 0xC9, 0xBE, 0xB9, 0xBC, 0xC3, 0xCE,
    0xD3, 0xCA, 0xBD, 0xB8, 0xB5, 0xB2, 0xB3, 0xB6, 0xBB, 0xCB, 0x61, 0x40, 0x39, 0x32, 0x31, 0x34,
    0x2B, 0x2A, 0x2A, 0x29, 0x2F, 0x3B, 0x6D, 0xBA, 0xAB, 0xA8, 0xA7, 0xB2, 0xC3, 0x4C, 0x39, 0x35,
    0x3C, 0x5A, 0xCA, 0xBB, 0xB8, 0xBC, 0xBD, 0xBE, 0xBB, 0xB6, 0xB3, 0xB2, 0xB6, 0xB9, 0xBD, 0xCF,
    0x4E, 0x40, 0x3A, 0x40, 0x5C, 0xCF, 0xBA, 0xB1, 0xB2, 0xB6, 0xBB, 0xDA, 0xF8, 0x49, 0x48, 0x49,
    0x43, 0x3D, 0x34, 0x2C, 0x26, 0x23, 0x1D, 0x1C, 0x1B, 0x1C, 0x1F, 0x29, 0x3A, 0xDE, 0xB9, 0xAE,
    0xAF, 0xAF, 0xB9, 0xC1, 0xC9, 0xC4, 0xBC, 0xB4, 0xB0, 0xB0, 0xB1, 0xB9, 0xBE, 0xBC, 0xBB, 0xB6,
    0xB1, 0xB0, 0xB2, 0xB4, 0xBA, 0xCB, 0xED, 0x3E, 0x34, 0x2F, 0x2E, 0x33, 0x40, 0x6B, 0xCA, 0xBC,
    0xB7, 0xB4, 0xB7, 0xBD, 0xC1, 0xC5, 0xC8, 0xC5, 0xC3, 0xC5, 0xC6, 0xCC, 0xDB, 0x7B, 0x49, 0x41,
    0x3E, 0x41, 0x53, 0xDC, 0xC5, 0xBF, 0xC5, 0xCB, 0xE0, 0x6A, 0x51, 0x4D, 0x4D, 0x4C, 0x49, 0x40,
    0x3A, 0x37, 0x34, 0x34, 0x36, 0x36, 0x33, 0x35, 0x35, 0x36, 0x35, 0x2F, 0x2B, 0x29, 0x29, 0x2C,
    0x2E, 0x36, 0x38, 0x38, 0x3D, 0x45, 0x51, 0xEB, 0xC7, 0xB8, 0xB0, 0xAC, 0xAD, 0xAD, 0xB0, 0xB4,
    0xB9, 0xBA, 0xB6, 0xAF, 0xAE, 0xAB, 0xAD, 0xAE, 0xB1, 0xB9, 0xBA, 0xB8, 0xB6, 0xB3, 0xB4, 0xB5,
    0xB8, 0xBD, 0xC9, 0xD2, 0xDF, 0x6E, 0x7E, 0xDE, 0xDE, 0xDE, 0x5C, 0x47, 0x34, 0x2B, 0x25, 0x22,
    0x23, 0x28, 0x31, 0x4A, 0xC7, 0xB5, 0xAD, 0xB0, 0xB7, 0xC9, 0x56, 0x3F, 0x3A, 0x3D, 0x46, 0xF6,
    0xCC, 0xC3, 0xCE, 0xF9, 0x51, 0x42, 0x42, 0x45, 0x49, 0x50, 0xEB, 0xCE, 0xD9, 0xCC, 0xCE, 0xDB,
    0xFA, 0x58, 0x4B, 0x45, 0x44, 0x4F, 0x56, 0xE7, 0xE5, 0xD9, 0xD3, 0xC9, 0xBD, 0xB6, 0xB1, 0xB4,
    0xB6, 0xBF, 0xC4, 0xC6, 0xCF, 0xDA, 0xED, 0x56, 0x3F, 0x32, 0x28, 0x21, 0x20, 0x22, 0x26, 0x2D,
    0x3C, 0x4D, 0xFB, 0xD3, 0xD3, 0xE5, 0x71, 0x61, 0x5B, 0x5B, 0x5B, 0x6B, 0xDC, 0xCB, 0xBE, 0xBA,
    0xB8, 0xB9, 0xBD, 0xC9, 0xC9, 0xC9, 0xBF, 0xBA, 0xB6, 0xB1, 0xAE, 0xAE, 0xAF, 0xB2, 0xB6, 0xBB,
    0xC2, 0xC5, 0xC9, 0xCE, 0xD8, 0xE6, 0x62, 0x50, 0x4D, 0x44, 0x45, 0x41, 0x41, 0x45, 0x45, 0x42,
    0x3E, 0x3B, 0x3C, 0x3E, 0x3C, 0x3E, 0x44, 0x46, 0x4E, 0x5B, 0x77, 0xE7, 0xE7, 0x67, 0x50, 0x4D,
    0x47, 0x61, 0xCF, 0xBC, 0xB2, 0xAE, 0xAD, 0xB1, 0xB8, 0xCA, 0x6B, 0x4C, 0x49, 0x46, 0x4B, 0x4D,
    0x56, 0x67, 0x7D, 0xDB, 0xDB, 0xDD, 0x68, 0x48, 0x40, 0x3C, 0x3A, 0x3A, 0x3A, 0x38, 0x2E, 0x2B,
    0x2A, 0x2E, 0x38, 0x48, 0x5F, 0xFF, 0x6F, 0x5C, 0x4B, 0x45, 0x46, 0x52, 0x64, 0xE7, 0x7C, 0x5C,
    0x5E, 0x67, 0xD9, 0xBE, 0xB6, 0xB2, 0xB4, 0xB8, 0xBE, 0xC4, 0xC9, 0xBF, 0xBB, 0xBA, 0xBC, 0xC1,
    0xC1, 0xBF, 0xBE, 0xBE, 0xC4, 0xD9, 0x63, 0x53, 0x56, 0x63, 0xFF, 0xFF, 0xE9, 0x59, 0x53, 0x45,
    0x41, 0x44, 0x4E, 0x58, 0x66, 0xFF, 0xED, 0xDB, 0xDB, 0xDB, 0xDB, 0xDB, 0xE6, 0xFF, 0x6C, 0x68,
    0xFF, 0xEA, 0xDB, 0xDB, 0xE7, 0x59, 0x4F, 0x55, 0x67, 0x7A, 0xE4, 0xDB, 0xE7, 0x73, 0x67, 0x5B,
    0x5B, 0x5B, 0x6B, 0xFF, 0xFE, 0xDE, 0xE7, 0xEA, 0xFF, 0xFF, 0xE3, 0xE2, 0x7D, 0x5D, 0x4E, 0x49,
    0x45, 0x4D, 0x58, 0xE6, 0xD3, 0xD3, 0xD3, 0x72, 0x4E, 0x3D, 0x3A, 0x3A, 0x42, 0x49, 0x52, 0x6B,
    0xEE, 0xE7, 0x6C, 0x4D, 0x40, 0x3C, 0x3C, 0x3E, 0x4A, 0x67, 0xE1, 0xD5, 0xD4, 0xE8, 0xFF, 0xF6,
    0xD9, 0xC5, 0xBE, 0xC1, 0xCB, 0xE0, 0xFC, 0xF5, 0xD9, 0xC5, 0xBE, 0xBE, 0xC8, 0xDC, 0xDC, 0xE2,
    0xD6, 0xCD, 0xCD, 0xD9, 0xE4, 0xDB, 0xD4, 0xCF, 0xD9, 0xEB, 0x5C, 0x4E, 0x4D, 0x4B, 0x49, 0x51,
    0x5B, 0x5C, 0x67, 0x67, 0x53, 0x4F, 0x4D, 0x44, 0x41, 0x42, 0x45, 0x49, 0x4D, 0x4D, 0x54, 0x65,
    0xEA, 0xCC, 0xC3, 0xC5, 0xC9, 0xC9, 0xD4, 0xD8, 0xCE, 0xCD, 0xD0, 0xCE, 0xD1, 0xCB, 0xCA, 0xDB,
    0xFA, 0x77, 0x67, 0x7E, 0xFF, 0x6B, 0x5B, 0x53, 0x4A, 0x4E, 0x58, 0xFF, 0xE7, 0xE7, 0xEC, 0x5F,
    0x4E, 0x47, 0x3E, 0x3A, 0x3A, 0x37, 0x37, 0x3D, 0x48, 0x6A, 0xD0, 0xD3, 0xDA, 0xF9, 0xFF, 0xFF,
    0xE8, 0xDE, 0xE7, 0xE7, 0xE7, 0xFA, 0x5B, 0x56, 0x53, 0x4F, 0x7C, 0xCD, 0xC3, 0xC5, 0xCA, 0xD5,
    0xFF, 0x61, 0x5B, 0x69, 0xE7, 0xDB, 0xCC, 0xC7, 0xC6, 0xCD, 0xCD, 0xD5, 0xE8, 0x68, 0x59, 0x4F,
    0x4D, 0x4D, 0x4D, 0x55, 0x60, 0x7D, 0xDB, 0xDB, 0xEA, 0x60, 0x55, 0x52, 0x4B, 0x46, 0x4B, 0x4D,
    0x4E, 0x57, 0x5B, 0x59, 0x4F, 0x53, 0x53, 0x59, 0x69, 0x6F, 0x67, 0xDF, 0xCA, 0xC1, 0xBE, 0xBE,
    0xC3, 0xCE, 0xE4, 0x62, 0x5B, 0x5B, 0x5B, 0x5B, 0x67, 0x67, 0x67, 0xDE, 0xD3, 0xCD, 0xCD, 0xCD,
    0xD7, 0xF1, 0xE8, 0xE7, 0xF6, 0x66, 0x5B, 0x54, 0x4C, 0x4E, 0x53, 0x5E, 0xF0, 0xD4, 0xDB, 0xE5,
    0x4C, 0x4E, 0x5B, 0x5B, 0x6F, 0xE5, 0xDB, 0xF8, 0xF1, 0x67, 0x7E, 0x6E, 0x6A, 0x6A, 0x6E, 0x7C,
    0x5C, 0x4B, 0x4E, 0x63, 0xDD, 0xF9, 0xDA, 0xCA, 0xCB, 0xDC, 0x5B, 0x5B, 0xDF, 0xCE, 0xFE, 0x42,
    0x42, 0x6D, 0xC0, 0xBD, 0xDD, 0x4E, 0x5D, 0xD3, 0xCC, 0xC9, 0xC9, 0xC7, 0xC9, 0xCA, 0xD1, 0xE8,
    0x67, 0x67, 0x67, 0x67, 0x67, 0x5B, 0x56, 0x53, 0x57, 0x5B, 0x58, 0x4B, 0x49, 0x4C, 0x53, 0x53,
    0x53, 0x53, 0x5B, 0x60, 0xE8, 0xD9, 0xD3, 0xCD, 0xCB, 0xD2, 0xCE, 0xD3, 0xDB, 0x6B, 0x4C, 0x3E,
    0x3B, 0x3E, 0x48, 0x5D, 0xE7, 0xD0, 0xCA, 0xC9, 0xC9, 0xBF, 0xBE, 0xBD, 0xBC, 0xBF, 0xC2, 0xC2,
    0xC3, 0xC1, 0xC1, 0xD4, 0x65, 0x4C, 0x45, 0x4C, 0x69, 0xE8, 0xD9, 0xC9, 0xBC, 0xBA, 0xC0, 0xCB,
    0xD3, 0xDB, 0xEE, 0x47, 0x3A, 0x3C, 0x48, 0x59, 0x47, 0x34, 0x35, 0x4B, 0xDB, 0x7D, 0x3C, 0x2F,
    0x33, 0x55, 0xCD, 0xD4, 0x5F, 0x4D, 0x53, 0x72, 0xDE, 0xD3, 0xD3, 0xD3, 0xEA, 0xEE, 0xDC, 0xD1,
    0xCD, 0xC9, 0xC5, 0xBF, 0xBC, 0xBC, 0xBE, 0xBC, 0xB9, 0xB7, 0xBA, 0xBC, 0xC3, 0xCE, 0xDB, 0xF7,
    0x5D, 0x5B, 0x5B, 0x54, 0x53, 0x4F, 0x49, 0x44, 0x41, 0x41, 0x41, 0x41, 0x44, 0x3F, 0x3C, 0x3C,
    0x3E, 0x3F, 0x41, 0x41, 0x43, 0x45, 0x49, 0x49, 0x58, 0x55, 0x6A, 0xD4, 0xCC, 0xC7, 0xC6, 0xCD,
    0xDA, 0xE7, 0xE7, 0xE7, 0xDB, 0xE3, 0xDB, 0xDB, 0xDB, 0xEF, 0x59, 0x53, 0x77, 0xDD, 0xEC, 0x5F,
    0x5B, 0x70, 0xDE, 0x7B, 0x4C, 0x49, 0x62, 0xD3, 0xDA, 0x47, 0x3A, 0x43, 0xCD, 0xB8, 0xBE, 0x52,
    0x35, 0x3C, 0x58, 0xFC, 0xE0, 0xDB, 0xE7, 0xE7, 0xE7, 0xFF, 0xEC, 0xE5, 0xD7, 0xDA, 0xEB, 0x6D,
    0x67, 0xF3, 0xE7, 0xE5, 0xDB, 0xE5, 0xEC, 0xFF, 0xFF, 0xFF, 0xEB, 0xE7, 0xE7, 0xE7, 0xFF, 0xEC,
    0xFD, 0xE7, 0xE7, 0xEA, 0xFF, 0xFF, 0xFF, 0xEC, 0xE7, 0xE7, 0xE7, 0xFF, 0xFF, 0xFF, 0xF4, 0xDE,
    0xDC, 0xEF, 0xFF, 0x67, 0x72, 0xE7, 0xE1, 0xE3, 0xE9, 0x6F, 0x67, 0x6B, 0xED, 0xDB, 0xDB, 0xE4,
    0xFF, 0x6F, 0x7C, 0xFF, 0xFF, 0x67, 0x67, 0x78, 0xDB, 0xD7, 0xDB, 0x6D, 0x56, 0x54, 0x5F, 0xE0,
    0xCD, 0xCC, 0xDB, 0x56, 0x4B, 0x6D, 0xC6, 0xBB, 0xC5, 0x48, 0x35, 0x3A, 0xF3, 0xBC, 0xBA, 0xCF,
    0x67, 0x67, 0x67, 0x67, 0x67, 0xFF, 0xFF, 0xE9, 0xEC, 0xFF, 0x7E, 0x6E, 0xFF, 0xFA, 0xE7, 0xE7,
    0xE7, 0xE7, 0xFF, 0x71, 0x67, 0x6A, 0xFF, 0xFF, 0xF5, 0xE7, 0xE9, 0xFF, 0x6A, 0x6A, 0xFF, 0xE8,
    0xDB, 0xE3, 0xE9, 0xFF, 0xFF, 0xFF, 0xFF, 0xFF, 0xFF, 0xFF, 0xFB, 0xE7, 0xE7, 0xEB, 0xFF, 0x67,
    0xFF, 0xEB, 0xE5, 0xE0, 0xE7, 0x75, 0x5E, 0x68, 0xEA, 0xD5, 0xD5, 0xE9, 0x68, 0x5B, 0x62, 0xFD,
    0xE7, 0xE7, 0xE7, 0xF2, 0xFF, 0xE7, 0xE7, 0x78, 0x57, 0x53, 0x75, 0xCE, 0xC5, 0xCE, 0x67, 0x49,
    0x49, 0xF2, 0xC3, 0xC0, 0xDC, 0x47, 0x3B, 0x49, 0xCD, 0xB9, 0xBD, 0x76, 0x3C, 0x3A, 0x58, 0xBE,
    0xB4, 0xBC, 0x65, 0x3D, 0x3D, 0x5E, 0xDE, 0xDB, 0xE0, 0xFD, 0xFF, 0xFF, 0xFF, 0xF0, 0xE7, 0xE7,
    0xE7, 0xE7, 0xFF, 0x6B, 0x67, 0x6F, 0xFF, 0xE7, 0xE7, 0xE7, 0xFF, 0xFF, 0xFF, 0xFF, 0xFF, 0xFF,
    0xFF, 0xFF, 0xFF, 0xFF, 0xFF, 0xFF, 0xFF, 0xFF, 0xEC, 0xE7, 0xE7, 0xE7, 0xFF, 0x6E, 0x67, 0xFF,
    0xFF, 0xE7, 0xE7, 0xE7, 0xEB, 0x6E, 0x67, 0xF4, 0xE7, 0xE7, 0xE7, 0xE7, 0x77, 0x67, 0x67, 0x76,
    0xE7, 0xDB, 0xDB, 0xE5, 0xE7, 0x76, 0x5B, 0x5B, 0x5B, 0xF5, 0xD3, 0xCA, 0xCB, 0xDB, 0x52, 0x40,
    0x44, 0xFD, 0xBF, 0xBA, 0xCE, 0x46, 0x39, 0x46, 0xC8, 0xB2, 0xB3, 0xD8, 0x38, 0x2E, 0x36, 0xEC,
    0xB7, 0xB4, 0xC9, 0x68, 0x5E, 0x67, 0x67, 0x67, 0x67, 0xFF, 0xED, 0xE7, 0xDD, 0xCB, 0xC1, 0xBB,
    0xB5, 0xAE, 0xAB, 0xA8, 0xA6, 0xA6, 0xA6, 0xA6, 0xA5, 0xA5, 0xA5, 0xA5, 0xA5, 0xA8, 0xA9, 0xAB,
    0xAD, 0xAD, 0xAF, 0xAF, 0xAF, 0xB0, 0xB3, 0xB8, 0xB8, 0xBB, 0xBF, 0xC6, 0xCF, 0xDA, 0x6F, 0x4E,
    0x3E, 0x36, 0x2E, 0x2A, 0x26, 0x24, 0x21, 0x1F, 0x1E, 0x1E, 0x1E, 0x1E, 0x1F, 0x20, 0x21, 0x20,
    0x1E, 0x1E, 0x1F, 0x22, 0x27, 0x2E, 0x39, 0x43, 0x4E, 0x57, 0x64, 0xCE, 0xBB, 0xAD, 0xA6, 0xA2,
    0xA1, 0xA4, 0xA9, 0xA8, 0xA3, 0x9E, 0x9D, 0x9F, 0xAC, 0xBA, 0xBD, 0xAE, 0xA4, 0x9F, 0xA8, 0xBD,
    0x41, 0x32, 0x3A, 0x3D, 0x3E, 0x42, 0x48, 0x4C, 0x67, 0x67, 0x67, 0xF5, 0xE7, 0x7C, 0x60, 0x55,
    0x53, 0x53, 0x5B, 0x5E, 0x67, 0x66, 0x58, 0x4B, 0x44, 0x3D, 0x39, 0x38, 0x35, 0x32, 0x2F, 0x2F,
    0x31, 0x34, 0x36, 0x37, 0x3A, 0x3D, 0x46, 0x4D, 0x53, 0x53, 0x53, 0x4D, 0x52, 0x5D, 0x70, 0xE8,
    0xEC, 0xFF, 0x5B, 0x5B, 0x64, 0xE1, 0xCD, 0xC6, 0xC1, 0xC1, 0xC1, 0xC0, 0xBB, 0xB5, 0xAE, 0xAC,
    0xAC, 0xAE, 0xB1, 0xB5, 0xB6, 0xB2, 0xAE, 0xAC, 0xAE, 0xB8, 0xD2, 0x4B, 0x3D, 0x3E, 0x47, 0x4D,
    0x41, 0x30, 0x24, 0x1F, 0x20, 0x29, 0x30, 0x2F, 0x23, 0x1B, 0x17, 0x19, 0x1F, 0x2B, 0x38, 0x34,
    0x2E, 0x2F, 0x35, 0x3C, 0x4D, 0xFE, 0xCA, 0xBA, 0xB3, 0xAD, 0xAB, 0xA8, 0xA5, 0xA3, 0xA1, 0xA0,
    0xA0, 0x9F, 0xA0, 0xA0, 0xA1, 0xA1, 0xA3, 0xA4, 0xA5, 0xA6, 0xA9, 0xAB, 0xAD, 0xB0, 0xB4, 0xB7,
    0xBB, 0xBE, 0xC4, 0xCF, 0x79, 0x4C, 0x3C, 0x34, 0x2F, 0x2D, 0x2C, 0x2A, 0x28, 0x24, 0x1F, 0x1E,
    0x1E, 0x1F, 0x23, 0x24, 0x23, 0x20, 0x1E, 0x1E, 0x1F, 0x23, 0x2A, 0x2E, 0x30, 0x2E, 0x2D, 0x31,
    0x3E, 0xE4, 0xB8, 0xAD, 0xAB, 0xAF, 0xB4, 0xB6, 0xAF, 0xAA, 0xA4, 0xA1, 0xA3, 0xA9, 0xB2, 0xBB,
    0xBA, 0xB2, 0xAC, 0xAB, 0xB4, 0xD9, 0x42, 0x43, 0xD7, 0xAE, 0xA6, 0xA8, 0xB1, 0xD3, 0x46, 0x65,
    0xC0, 0xB6, 0xAF, 0xAF, 0xAF, 0xB0, 0xB3, 0xB4, 0xB3, 0xB0, 0xB2, 0xB4, 0xBA, 0xC1, 0xCE, 0xE5,
    0x5E, 0x48, 0x3D, 0x35, 0x2E, 0x29, 0x25, 0x21, 0x1F, 0x1F, 0x1F, 0x20, 0x21, 0x21, 0x20, 0x1F,
    0x1F, 0x1F, 0x23, 0x26, 0x2B, 0x2E, 0x33, 0x38, 0x3E, 0x55, 0xCA, 0xB4, 0xAA, 0xA6, 0xA5, 0xA6,
    0xA7, 0xA6, 0xA1, 0x9E, 0x9D, 0x9E, 0xA2, 0xA8, 0xAB, 0xA8, 0xA2, 0x9F, 0xA0, 0xA7, 0xB4, 0xE0,
    0x42, 0x38, 0x38, 0x3A, 0x38, 0x2E, 0x24, 0x1E, 0x1C, 0x1C, 0x1F, 0x25, 0x29, 0x28, 0x21, 0x1C,
    0x1A, 0x1C, 0x25, 0x3D, 0x67, 0x4C, 0x2E, 0x24, 0x26, 0x37, 0xC5, 0xA9, 0xA3, 0xA7, 0xAD, 0xAC,
    0xAB, 0xA9, 0xA6, 0xA4, 0xA2, 0xA2, 0xA3, 0xA5, 0xA7, 0xA8, 0xAA, 0xAB, 0xAC, 0xAD, 0xAE, 0xB0,
    0xB5, 0xBA, 0xC0, 0xCA, 0xCD, 0xCD, 0xCF, 0xD3, 0xDD, 0x67, 0x4E, 0x49, 0x49, 0x4D, 0x4F, 0x53,
    0x52, 0x49, 0x3F, 0x3A, 0x37, 0x37, 0x38, 0x3A, 0x38, 0x34, 0x2E, 0x2A, 0x28, 0x27, 0x2A, 0x2C,
    0x2D, 0x2B, 0x26, 0x22, 0x22, 0x25, 0x2B, 0x35, 0x3A, 0x38, 0x31, 0x2B, 0x2A, 0x2F, 0x3D, 0xF8,
    0xC7, 0xC4, 0xDC, 0x4D, 0x42, 0x51, 0xCD, 0xB4, 0xAB, 0xA9, 0xAB, 0xAF, 0xB2, 0xAE, 0xA6, 0x9E,
    0x9C, 0x9C, 0xA1, 0xAD, 0xB6, 0xAD, 0xA0, 0x99, 0x98, 0x9D, 0xA8, 0xBD, 0xED, 0xD3, 0xC1, 0xC1,
    0xD1, 0x79, 0x48, 0x3C, 0x33, 0x2F, 0x2D, 0x2A, 0x27, 0x24, 0x22, 0x1F, 0x1F, 0x21, 0x23, 0x24,
    0x25, 0x26, 0x25, 0x25, 0x24, 0x25, 0x27, 0x2B, 0x2E, 0x33, 0x37, 0x3A, 0x3A, 0x3D, 0x46, 0x55,
    0xE2, 0xC7, 0xBE, 0xB9, 0xB7, 0xB4, 0xB0, 0xAC, 0xA8, 0xA6, 0xA5, 0xA8, 0xAC, 0xAF, 0xB0, 0xAC,
    0xA8, 0xA6, 0xA8, 0xAE, 0xBB, 0xCE, 0xDB, 0xD0, 0xBF, 0xBB, 0xBE, 0xE1, 0x41, 0x33, 0x30, 0x36,
    0x46, 0x64, 0x59, 0x3E, 0x30, 0x2B, 0x2C, 0x32, 0x43, 0x65, 0x67, 0x43, 0x32, 0x2C, 0x2F, 0x4F,
    0xB8, 0xAC, 0xB8, 0x48, 0x2A, 0x26, 0x2E, 0x55, 0xBE, 0xB4, 0xCA, 0x48, 0x41, 0x3F, 0x45, 0x46,
    0x4C, 0x68, 0xDA, 0xC7, 0xC1, 0xBC, 0xB9, 0xB3, 0xAE, 0xAB, 0xA9, 0xA7, 0xA7, 0xA7, 0xA8, 0xA9,
    0xAB, 0xAB, 0xAC, 0xAD, 0xAD, 0xB1, 0xB8, 0xC6, 0xD7, 0x67, 0x5F, 0x54, 0x4B, 0x3F, 0x34, 0x2C,
    0x28, 0x26, 0x25, 0x26, 0x26, 0x27, 0x26, 0x23, 0x21, 0x21, 0x24, 0x28, 0x2B, 0x2E, 0x2E, 0x2C,
    0x28, 0x29, 0x2D, 0x36, 0x42, 0x5C, 0x5A, 0x46, 0x39, 0x37, 0x3F, 0x77, 0xBD, 0xB1, 0xAE, 0xB4,
    0xBE, 0xC9, 0xBE, 0xB1, 0xA8, 0xA3, 0xA1, 0xA3, 0xA7, 0xAC, 0xAC, 0xA9, 0xA2, 0x9F, 0xA1, 0xAB,
    0xBF, 0x5F, 0x73, 0xBC, 0xA8, 0xA3, 0xAA, 0xBF, 0x3E, 0x2E, 0x31, 0x3F, 0x49, 0x43, 0x40, 0x3C,
    0x3B, 0x39, 0x3C, 0x3E, 0x3F, 0x41, 0x3E, 0x3B, 0x3A, 0x3B, 0x3E, 0x41, 0x41, 0x3F, 0x3C, 0x39,
    0x38, 0x37, 0x38, 0x3B, 0x3C, 0x3C, 0x3C, 0x3C, 0x3A, 0x3D, 0x41, 0x4B, 0x5C, 0xDD, 0xCF, 0xC7,
    0xC1, 0xBE, 0xB9, 0xB4, 0xAE, 0xAA, 0xA9, 0xAA, 0xAD, 0xB0, 0xB6, 0xB8, 0xB5, 0xB4, 0xB8, 0xC4,
    0x5E, 0x3D, 0x33, 0x31, 0x37, 0x3C, 0x40, 0x3A, 0x2F, 0x29, 0x27, 0x2A, 0x31, 0x42, 0x6A, 0xE7,
    0x60, 0x49, 0x45, 0x54, 0xD1, 0xBA, 0xB2, 0xB2, 0xBC, 0xD9, 0x55, 0x55, 0xCD, 0xB4, 0xAC, 0xB0,
    0xE1, 0x2E, 0x23, 0x24, 0x2F, 0x50, 0xD0, 0xED, 0x34, 0x2C, 0x2D, 0x2E, 0x30, 0x2F, 0x2F, 0x30,
    0x35, 0x3A, 0x3C, 0x3F, 0x44, 0x57, 0xDF, 0xC7, 0xBC, 0xB8, 0xB2, 0xAE, 0xAA, 0xA8, 0xA5, 0xA3,
    0xA1, 0xA0, 0xA0, 0xA3, 0xA7, 0xA9, 0xAC, 0xAE, 0xB0, 0xB5, 0xBF, 0xDA, 0x57, 0x47, 0x3E, 0x3C,
    0x3C, 0x39, 0x34, 0x2F, 0x2D, 0x2D, 0x2E, 0x30, 0x38, 0x3C, 0x3C, 0x38, 0x35, 0x33, 0x37, 0x42,
    0x61, 0xD7, 0xCE, 0xE1, 0x55, 0x43, 0x3E, 0x46, 0x6B, 0xD0, 0xCE, 0xE2, 0x4E, 0x3D, 0x37, 0x39,
    0x3F, 0x4F, 0x52, 0x46, 0x3B, 0x34, 0x31, 0x35, 0x41, 0x6B, 0xD2, 0xD5, 0x5C, 0x3D, 0x32, 0x38,
    0xEF, 0xAE, 0xA1, 0x9F, 0xA4, 0xB1, 0xCC, 0xD3, 0xB6, 0xAB, 0xAB, 0xAC, 0xAE, 0xB1, 0xB4, 0xB9,
    0xBD, 0xC1, 0xCB, 0xD1, 0xDC, 0xEE, 0xFF, 0x64, 0x57, 0x4A, 0x44, 0x3F, 0x3E, 0x3E, 0x3C, 0x3C,
    0x3C, 0x3A, 0x38, 0x35, 0x34, 0x33, 0x36, 0x39, 0x39, 0x36, 0x33, 0x2E, 0x2D, 0x2D, 0x30, 0x34,
    0x3A, 0x3E, 0x3E, 0x3C, 0x3B, 0x3E, 0x45, 0x65, 0xCC, 0xBA, 0xB3, 0xAF, 0xAF, 0xB0, 0xB0, 0xAD,
    0xA7, 0xA2, 0x9E, 0x9D, 0x9E, 0xA0, 0xA4, 0xA6, 0xA5, 0xA4, 0xA3, 0xA5, 0xA9, 0xB2, 0xC5, 0xF7,
    0x5D, 0x69, 0x67, 0x4B, 0x35, 0x28, 0x20, 0x1E, 0x1E, 0x21, 0x2A, 0x34, 0x39, 0x2E, 0x22, 0x1A,
    0x17, 0x1C, 0x27, 0x3F, 0xF5, 0x5D, 0x3A, 0x30, 0x34, 0x39, 0x3D, 0x45, 0x51, 0x6E, 0xDA, 0xCA,
    0xC2, 0xBE, 0xBA, 0xB8, 0xB8, 0xB5, 0xB4, 0xB2, 0xB1, 0xB1, 0xB2, 0xB4, 0xB5, 0xB6, 0xB6, 0xB4,
    0xB3, 0xB2, 0xB0, 0xB3, 0xB6, 0xBA, 0xBD, 0xC0, 0xC1, 0xC3, 0xC8, 0xCE, 0xE5, 0x58, 0x44, 0x3B,
    0x35, 0x30, 0x30, 0x31, 0x32, 0x30, 0x2E, 0x2B, 0x28, 0x27, 0x29, 0x2B, 0x2F, 0x38, 0x3F, 0x44,
    0x45, 0x40, 0x40, 0x47, 0x68, 0xCB, 0xBD, 0xB9, 0xB9, 0xBD, 0xC1, 0xC1, 0xBD, 0xB9, 0xB1, 0xAF,
    0xB3, 0xBE, 0xCF, 0xD8, 0xC2, 0xB1, 0xAA, 0xA8, 0xAB, 0xBB, 0x5E, 0x3B, 0x38, 0x49, 0xBF, 0xA9,
    0xA2, 0xA7, 0xB9, 0x59, 0x34, 0x30, 0x4C, 0xDF, 0xD5, 0x7E, 0x5C, 0x51, 0x4B, 0x49, 0x49, 0x46,
    0x45, 0x3E, 0x3B, 0x38, 0x36, 0x38, 0x39, 0x3A, 0x3C, 0x3C, 0x3E, 0x3E, 0x3E, 0x3E, 0x3E, 0x41,
    0x46, 0x4C, 0x53, 0x5B, 0x5B, 0x53, 0x4D, 0x4D, 0x4E, 0x5D, 0xE8, 0xD6, 0xCD, 0xCE, 0xD3, 0xDA,
    0xE7, 0xE7, 0xE7, 0xD5, 0xCA, 0xC1, 0xBD, 0xBC, 0xBC, 0xBC, 0xBC, 0xBC, 0xB9, 0xB8, 0xB3, 0xB1,
    0xB0, 0xB2, 0xB5, 0xB6, 0xB8, 0xB8, 0xBB, 0xBE, 0xCD, 0x7B, 0x53, 0x4F, 0x5A, 0xF8, 0xDF, 0xE7,
    0x55, 0x3A, 0x2B, 0x26, 0x24, 0x28, 0x31, 0x49, 0x6D, 0x59, 0x38, 0x27, 0x1E, 0x1C, 0x1E, 0x2A,
    0x42, 0xD6, 0xCB, 0x55, 0x3B, 0x3E, 0x51, 0xFA, 0xCE, 0xC3, 0xBE, 0xB9, 0xB8, 0xB6, 0xB5, 0xB2,
    0xB0, 0xAE, 0xAD, 0xAC, 0xAD, 0xAF, 0xB2, 0xB7, 0xB9, 0xBA, 0xBC, 0xBE, 0xC1, 0xC7, 0xCC, 0xDC,
    0xE7, 0xFB, 0xF7, 0xE7, 0xDB, 0xDE, 0xE7, 0x65, 0x53, 0x4A, 0x49, 0x49, 0x4E, 0x5A, 0x67, 0xFF,
    0xFF, 0x68, 0x5B, 0x56, 0x53, 0x4C, 0x46, 0x41, 0x3D, 0x3C, 0x3A, 0x3A, 0x3C, 0x3A, 0x39, 0x36,
    0x33, 0x30, 0x31, 0x35, 0x3B, 0x43, 0x51, 0xDF, 0xCC, 0xC1, 0xBE, 0xBE, 0xC7, 0xCF, 0xDB, 0xD5,
    0xBE, 0xAF, 0xA8, 0xA1, 0xA1, 0xA8, 0xB9, 0x4E, 0x30, 0x2C, 0x38, 0xCB, 0xAA, 0x9F, 0x9E, 0xAC,
    0xD4, 0x35, 0x2A, 0x2F, 0x47, 0xFF, 0x68, 0x56, 0x4D, 0x49, 0x49, 0x4D, 0x53, 0x53, 0x4D, 0x4C,
    0x49, 0x4A, 0x4D, 0x52, 0x5B, 0x5B, 0x53, 0x50, 0x4D, 0x4D, 0x50, 0x53, 0x53, 0x53, 0x53, 0x4E,
    0x49, 0x45, 0x41, 0x3F, 0x3F, 0x44, 0x46, 0x4B, 0x52, 0x5D, 0x67, 0x7D, 0xF4, 0xDE, 0xD3, 0xD0,
    0xCA, 0xC1, 0xBC, 0xB7, 0xB2, 0xAF, 0xAF, 0xB2, 0xB8, 0xBD, 0xC4, 0xC9, 0xC9, 0xC3, 0xC1, 0xC4,
    0xC9, 0xDA, 0x5C, 0x45, 0x3B, 0x37, 0x37, 0x3B, 0x44, 0x50, 0x62, 0x66, 0x51, 0x3E, 0x33, 0x2D,
    0x2B, 0x2D, 0x34, 0x47, 0xE2, 0xC3, 0xBF, 0xCB, 0x4A, 0x34, 0x2C, 0x2B, 0x34, 0x54, 0xC1, 0xB3,
    0xB4, 0xC7, 0xEC, 0xE5, 0xD3, 0xCA, 0xC5, 0xC5, 0xC2, 0xC4, 0xC1, 0xC1, 0xBE, 0xBD, 0xBC, 0xBA,
    0xBC, 0xBE, 0xC5, 0xCE, 0xD8, 0xDB, 0xE7, 0xE7, 0xE8, 0x70, 0x5D, 0x50, 0x47, 0x3F, 0x3E, 0x3C,
    0x3E, 0x3F, 0x45, 0x44, 0x3F, 0x3E, 0x3E, 0x3E, 0x42, 0x4B, 0x59, 0xEB, 0xCC, 0xC1, 0xBE, 0xBC,
    0xBF, 0xC8, 0xD9, 0x75, 0x67, 0xE6, 0xCC, 0xBC, 0xB5, 0xB0, 0xB2, 0xBE, 0xDF, 0x48, 0x3B, 0x3A,
    0x46, 0xDC, 0xBB, 0xB0, 0xAE, 0xB3, 0xC1, 0x5C, 0x3B, 0x32, 0x32, 0x3B, 0x5D, 0xBF, 0xAE, 0xA8,
    0xA9, 0xB2, 0xDC, 0x38, 0x28, 0x21, 0x23, 0x2B, 0x50, 0xB4, 0xA6, 0xA4, 0xAF, 0x65, 0x2E, 0x23,
    0x22, 0x2C, 0x46, 0x53, 0x4E, 0x4C, 0x45, 0x42, 0x47, 0x49, 0x4D, 0x4F, 0x53, 0x53, 0x53, 0x53,
    0x5B, 0x5B, 0x67, 0x6F, 0xE9, 0xD8, 0xCD, 0xC5, 0xC4, 0xC1, 0xC2, 0xC5, 0xC9, 0xCD, 0xCD, 0xC9,
    0xC8, 0xC2, 0xC1, 0xBE, 0xBE, 0xC3, 0xC8, 0xD4, 0xDF, 0xF9, 0x6A, 0xFF, 0xE8, 0xD9, 0xCF, 0xCD,
    0xCB, 0xD2, 0xEE, 0x5A, 0x4E, 0x45, 0x48, 0x56, 0xE8, 0xCB, 0xC0, 0xBE, 0xC5, 0xE4, 0x49, 0x38,
    0x31, 0x30, 0x36, 0x40, 0x54, 0xDA, 0xCA, 0xCF, 0x6D, 0x47, 0x37, 0x2F, 0x2D, 0x2F, 0x39, 0x4D,
    0xD1, 0xBB, 0xB6, 0xB4, 0xB9, 0xCA, 0x5B, 0x45, 0x44, 0x5A, 0xC1, 0xB1, 0xAB, 0xA8, 0xAB, 0xB5,
    0xB7, 0xB5, 0xB4, 0xB4, 0xB7, 0xBA, 0xC4, 0xCF, 0x6F, 0x4D, 0x40, 0x3D, 0x3C, 0x3D, 0x41, 0x3E,
    0x3D, 0x38, 0x34, 0x31, 0x2F, 0x2E, 0x2F, 0x32, 0x38, 0x42, 0x56, 0xE0, 0xCD, 0xC7, 0xC5, 0xC8,
    0xD1, 0xE7, 0xE7, 0xDD, 0xC2, 0xB6, 0xAF, 0xAD, 0xAD, 0xAF, 0xBB, 0xD6, 0x4D, 0x3B, 0x36, 0x39,
    0x48, 0xDE, 0xBE, 0xB5, 0xB6, 0xBE, 0xDC, 0x3E, 0x2D, 0x27, 0x25, 0x2A, 0x3A, 0xD1, 0xB0, 0xA7,
    0xA6, 0xAB, 0xBE, 0x44, 0x2D, 0x26, 0x26, 0x31, 0xE9, 0xAF, 0xA2, 0x9D, 0x9D, 0xA3, 0xB5, 0x4D,
    0x2A, 0x1F, 0x1E, 0x21, 0x2B, 0x4C, 0xB2, 0xA5, 0xA0, 0xA5, 0xBD, 0x3C, 0x27, 0x1F, 0x20, 0x2F,
    0x67, 0xDF, 0xD3, 0xC9, 0xC9, 0xC9, 0xC9, 0xC9, 0xCD, 0xD0, 0xDB, 0xDB, 0xDB, 0xD5, 0xD3, 0xCF,
    0xCD, 0xD9, 0xF6, 0x66, 0x58, 0x4E, 0x4A, 0x50, 0x5B, 0xF4, 0xDE, 0xD2, 0xCD, 0xCD, 0xD5, 0xE1,
    0xFF, 0x61, 0x55, 0x5C, 0x6F, 0xDD, 0xCC, 0xC9, 0xCA, 0xCF, 0xDA, 0x74, 0x53, 0x46, 0x3E, 0x3C,
    0x3F, 0x43, 0x4F, 0x6D, 0xDF, 0xD4, 0xD6, 0xE2, 0x66, 0x54, 0x47, 0x45, 0x4A, 0x65, 0xCC, 0xB9,
    0xAF, 0xAC, 0xAB, 0xAE, 0xB7, 0xCD, 0x5A, 0x44, 0x42, 0x49, 0x6F, 0xC5, 0xB7, 0xB0, 0xB0, 0xB7,
    0xC9, 0x56, 0x3A, 0x2D, 0x28, 0x27, 0x2A, 0x30, 0x49, 0xDD, 0xC2, 0xC1, 0xDF, 0x4C, 0x3E, 0x3B,
    0x38, 0x3A, 0x3C, 0x49, 0x7A, 0xCC, 0xBF, 0xBB, 0xBB, 0xC2, 0xCD, 0xE8, 0x57, 0x4D, 0x4B, 0x59,
    0xEB, 0xC7, 0xBA, 0xB4, 0xB2, 0xB7, 0xC0, 0xDF, 0x52, 0x3F, 0x3B, 0x3D, 0x47, 0x6F, 0xCD, 0xBD,
    0xB8, 0xB6, 0xBB, 0xC3, 0xE8, 0x4A, 0x3B, 0x37, 0x3A, 0x47, 0xD7, 0xBA, 0xAE, 0xA9, 0xA9, 0xAC,
    0xB7, 0xCF, 0x4B, 0x37, 0x2F, 0x2F, 0x37, 0x49, 0xCC, 0xB7, 0xAE, 0xAE, 0xB6, 0xF4, 0x32, 0x23,
    0x1B, 0x18, 0x1A, 0x1E, 0x2D, 0xEF, 0xAF, 0xA7, 0xA7, 0xAE, 0xCA, 0x37, 0x25, 0x1E, 0x1D, 0x21,
    0x2E, 0x66, 0xB0, 0x9F, 0x98, 0x96, 0x98, 0x9F, 0xB7, 0x48, 0x33, 0x30, 0x45, 0xB5, 0xAC, 0xAC,
    0xB1, 0xBA, 0xC1, 0xCF, 0xDB, 0xE7, 0xE7, 0xE7, 0xE7, 0xE7, 0x76, 0x5E, 0x4D, 0x48, 0x42, 0x3E,
    0x3E, 0x3E, 0x44, 0x49, 0x4D, 0x4D, 0x4D, 0x49, 0x43, 0x3F, 0x3C, 0x3C, 0x3D, 0x3F, 0x48, 0x57,
    0xF9, 0xD4, 0xC8, 0xC2, 0xC2, 0xC5, 0xCC, 0xD5, 0xE1, 0x7E, 0x61, 0x63, 0xF6, 0xD3, 0xC6, 0xBE,
    0xBB, 0xB9, 0xBB, 0xC0, 0xCF, 0x6D, 0x4A, 0x3F, 0x3C, 0x3D, 0x45, 0x50, 0xEE, 0xCD, 0xC6, 0xC5,
    0xC8, 0xDD, 0x55, 0x3F, 0x3A, 0x38, 0x3C, 0x47, 0xED, 0xC0, 0xB6, 0xAE, 0xAD, 0xAE, 0xB0, 0xB9,
    0xC8, 0x6F, 0x47, 0x3F, 0x3D, 0x49, 0x5C, 0xEB, 0xD5, 0xD3, 0xE9, 0x5C, 0x67, 0x67, 0x5B, 0x4E,
    0x43, 0x3A, 0x34, 0x2F, 0x2F, 0x31, 0x37, 0x45, 0x6C, 0xCA, 0xBB, 0xB5, 0xB2, 0xB5, 0xBB, 0xC7,
    0xEE, 0x56, 0x47, 0x45, 0x4E, 0xE8, 0xBF, 0xB2, 0xAB, 0xA9, 0xAA, 0xAE, 0xB9, 0xD8, 0x46, 0x34,
    0x2D, 0x2C, 0x2E, 0x37, 0x4B, 0xD4, 0xBB, 0xB1, 0xAF, 0xB4, 0xBE, 0xED, 0x41, 0x32, 0x2D, 0x2C,
    0x2F, 0x3A, 0x5D, 0xBF, 0xB1, 0xAB, 0xAA, 0xAD, 0xB8, 0xDF, 0x3D, 0x2A, 0x22, 0x1E, 0x1F, 0x26,
    0x34, 0xDF, 0xAF, 0xA3, 0x9F, 0xA2, 0xAC, 0xCA, 0x3A, 0x25, 0x1D, 0x1C, 0x20, 0x2C, 0x57, 0xB6,
    0xA5, 0x9C, 0x9A, 0x9B, 0x9F, 0xAD, 0x4D, 0x2E, 0x26, 0x26, 0x38, 0xCD, 0xB8, 0xB8, 0xBD, 0xC3,
    0xCE, 0xDF, 0x6C, 0x59, 0x4F, 0x49, 0x49, 0x4C, 0x5C, 0x6F, 0xE9, 0xD9, 0xD8, 0xDB, 0xF8, 0x57,
    0x48, 0x3F, 0x3B, 0x39, 0x3A, 0x3D, 0x45, 0x56, 0xF4, 0xD3, 0xCA, 0xC8, 0xC8, 0xCE, 0xE5, 0x5E,
    0x52, 0x4B, 0x4D, 0x56, 0x6E, 0xD1, 0xC0, 0xB9, 0xB4, 0xB1, 0xB2, 0xB8, 0xBD, 0xCB, 0xEF, 0x55,
    0x4C, 0x4C, 0x53, 0x77, 0xD1, 0xC4, 0xBC, 0xBA, 0xBD, 0xC5, 0xDC, 0x4F, 0x3C, 0x33, 0x2E, 0x2C,
    0x2D, 0x31, 0x39, 0x4E, 0xD3, 0xBD, 0xB5, 0xB1, 0xB4, 0xBC, 0xD7, 0x4E, 0x3C, 0x34, 0x32, 0x32,
    0x3D, 0x50, 0xCF, 0xB9, 0xAF, 0xAD, 0xAE, 0xB4, 0xCD, 0x55, 0x3F, 0x37, 0x35, 0x36, 0x3B, 0x46,
    0xEE, 0xC5, 0xBA, 0xB5, 0xB4, 0xB8, 0xBE, 0xD5, 0x56, 0x3E, 0x36, 0x32, 0x34, 0x3C, 0x4F, 0xD1,
    0xBD, 0xB3, 0xAF, 0xAE, 0xB0, 0xBB, 0xCC, 0x58, 0x3F, 0x34, 0x2F, 0x2F, 0x32, 0x3D, 0x5B, 0xC7,
    0xB9, 0xB3, 0xB3, 0xB9, 0xC6, 0x59, 0x3B, 0x2E, 0x29, 0x26, 0x27, 0x2B, 0x35, 0x49, 0xCB, 0xB5,
    0xAD, 0xAC, 0xAE, 0xB7, 0xCF, 0x4D, 0x35, 0x2C, 0x29, 0x29, 0x2D, 0x3C, 0xDC, 0xB0, 0xA3, 0x9C,
    0x99, 0x98, 0x9C, 0xA6, 0xBF, 0x40, 0x29, 0x20, 0x1F, 0x23, 0x2F, 0x69, 0xB7, 0xA9, 0xA1, 0x9E,
    0x9E, 0xA6, 0xB4, 0x42, 0x2A, 0x1F, 0x1D, 0x22, 0x37, 0xDB, 0xD7, 0x71, 0x58, 0x4B, 0x46, 0x45,
    0x45, 0x45, 0x45, 0x49, 0x4A, 0x4D, 0x53, 0x5B, 0x63, 0x69, 0xFF, 0xFF, 0x67, 0x5E, 0x5B, 0x58,
    0x59, 0x5C, 0x6F, 0xE9, 0xD7, 0xC8, 0xBE, 0xBC, 0xB9, 0xB8, 0xB8, 0xBA, 0xBD, 0xC0, 0xC6, 0xCF,
    0xDA, 0xEA, 0x6E, 0x67, 0x5B, 0x5B, 0x67, 0x6E, 0xFF, 0x78, 0x67, 0x67, 0x59, 0x4F, 0x4D, 0x49,
    0x49, 0x49, 0x49, 0x4D, 0x4F, 0x59, 0x69, 0xEF, 0xDC, 0xDB, 0xDB, 0xDB, 0xE7, 0xE7, 0xFF, 0xFF,
    0xFF, 0xE7, 0xDE, 0xD3, 0xCD, 0xCD, 0xD5, 0xE0, 0x69, 0x53, 0x4F, 0x4D, 0x4C, 0x49, 0x4A, 0x4B,
    0x52, 0x67, 0x75, 0x67, 0x5C, 0x4B, 0x3C, 0x3D, 0x49, 0xFD, 0xD0, 0xC1, 0xBB, 0xBA, 0xBB, 0xC2,
    0xD3, 0x65, 0x45, 0x3E, 0x3A, 0x3C, 0x40, 0x50, 0xDB, 0xBF, 0xB4, 0xAE, 0xAB, 0xAC, 0xAF, 0xB9,
    0xCE, 0x56, 0x3E, 0x35, 0x30, 0x32, 0x37, 0x42, 0x6D, 0xC6, 0xB9, 0xB0, 0xAD, 0xAE, 0xB5, 0xC0,
    0x6D, 0x3E, 0x30, 0x2A, 0x27, 0x29, 0x2D, 0x39, 0x52, 0xC5, 0xB4, 0xAB, 0xA9, 0xA9, 0xAD, 0xB6,
    0xD4, 0x43, 0x2E, 0x28, 0x25, 0x26, 0x2A, 0x32, 0x47, 0xC8, 0xAF, 0xA5, 0x9F, 0x9D, 0x9E, 0xA3,
    0xAF, 0xFD, 0x2F, 0x23, 0x1D, 0x1B, 0x1D, 0x25, 0x38, 0xCD, 0xAE, 0xA6, 0x9F, 0x9D, 0x9F, 0xA6,
    0xBA, 0x3E, 0x29, 0x22, 0x1F, 0x25, 0x39, 0x5E, 0x51, 0x4B, 0x54, 0x79, 0xD7, 0xC3, 0xBB, 0xB7,
    0xB6, 0xB8, 0xBB, 0xC3, 0xD0, 0xED, 0x5A, 0x4A, 0x49, 0x49, 0x4E, 0x5F, 0x79, 0xDA, 0xCF, 0xCA,
    0xC5, 0xC8, 0xCE, 0xDB, 0x5F, 0x4E, 0x40, 0x3A, 0x38, 0x38, 0x3B, 0x3F, 0x45, 0x49, 0x66, 0xDB,
    0xD0, 0xCD, 0xD5, 0xD7, 0xDB, 0xDE, 0xE7, 0xDB, 0xCE, 0xC3, 0xB9, 0xAF, 0xA9, 0xA4, 0x9F, 0x9D,
    0x9C, 0x9C, 0x9C, 0x9E, 0xA1, 0xA5, 0xAB, 0xB1, 0xBA, 0xC0, 0xC1, 0xBD, 0xB9, 0xAF, 0xA8, 0xA4,
    0xA1, 0xA0, 0xA1, 0xA7, 0xAE, 0xC0, 0x58, 0x39, 0x2C, 0x25, 0x1F, 0x1E, 0x1E, 0x1E, 0x23, 0x28,
    0x2D, 0x2F, 0x30, 0x2C, 0x2A, 0x29, 0x24, 0x1E, 0x1A, 0x19, 0x19, 0x1A, 0x1C, 0x1F, 0x24, 0x2D,
    0x3C, 0x7A, 0xBD, 0xAE, 0xA7, 0xA3, 0xA0, 0x9F, 0xA0, 0xA2, 0xAA, 0xB4, 0xBF, 0xC7, 0xC9, 0xC8,
    0xBF, 0xB6, 0xAF, 0xAB, 0xA8, 0xA8, 0xA9, 0xAE, 0xB7, 0xCE, 0x4F, 0x38, 0x2E, 0x29, 0x2A, 0x2C,
    0x2F, 0x37, 0x4E, 0xC6, 0xB0, 0xA9, 0xA3, 0xA1, 0xA2, 0xA7, 0xAF, 0xC5, 0x45, 0x2D, 0x22, 0x1D,
    0x1A, 0x1B, 0x1D, 0x22, 0x28, 0x2F, 0x42, 0xE1, 0xBE, 0xBA, 0xBA, 0xBE, 0xCF, 0x4B, 0x2F, 0x23,
    0x1D, 0x1B, 0x1C, 0x1E, 0x28, 0x3D, 0xC2, 0xA9, 0xA2, 0x9F, 0x9D, 0x9E, 0xA1, 0xA9, 0xBD, 0x44,
    0x32, 0x2D, 0x35, 0x4D, 0xAB, 0xA1, 0xA0, 0xA2, 0xA4, 0xA6, 0xA8, 0xAA, 0xAB, 0xAD, 0xAE, 0xB0,
    0xB4, 0xB8, 0xBC, 0xBF, 0xC5, 0xD0, 0xED, 0x5B, 0x46, 0x38, 0x2E, 0x29, 0x25, 0x21, 0x1E, 0x1E,
    0x1D, 0x1B, 0x1B, 0x1B, 0x1C, 0x1F, 0x24, 0x29, 0x2E, 0x33, 0x39, 0x3D, 0x3F, 0x41, 0x46, 0x4E,
    0xFF, 0xCD, 0xBC, 0xB4, 0xAF, 0xAB, 0xA6, 0xA1, 0x9E, 0x9D, 0x9C, 0x9C, 0x9E, 0xA1, 0xA5, 0xAC,
    0xB3, 0xBB, 0xC4, 0xCD, 0xCD, 0xCA, 0xC3, 0xBC, 0xB4, 0xB0, 0xAE, 0xAE, 0xB3, 0xBA, 0xCA, 0xFB,
    0x3F, 0x30, 0x28, 0x21, 0x1D, 0x1B, 0x1B, 0x1C, 0x1E, 0x22, 0x27, 0x2A, 0x2F, 0x30, 0x2D, 0x29,
    0x27, 0x23, 0x1F, 0x1F, 0x1F, 0x21, 0x25, 0x2C, 0x37, 0x52, 0xC3, 0xAF, 0xA7, 0xA1, 0x9E, 0x9C,
    0x9B, 0x9D, 0x9F, 0xA5, 0xAC, 0xB5, 0xBF, 0xD0, 0xDB, 0xD7, 0xCE, 0xC0, 0xB6, 0xAE, 0xAA, 0xA5,
    0xA3, 0xA3, 0xA4, 0xA7, 0xAC, 0xB2, 0xBF, 0xD1, 0x76, 0x59, 0x54, 0x64, 0xD2, 0xBB, 0xAE, 0xA6,
    0xA1, 0x9E, 0x9D, 0x9E, 0xA0, 0xA7, 0xB3, 0xD8, 0x3D, 0x2B, 0x22, 0x1C, 0x18, 0x17, 0x15, 0x16,
    0x1A, 0x1F, 0x27, 0x2D, 0x36, 0x3D, 0x3D, 0x38, 0x31, 0x2D, 0x28, 0x22, 0x1D, 0x1A, 0x19, 0x1B,
    0x20, 0x2C, 0x59, 0xB2, 0xA1, 0x9A, 0x97, 0x95, 0x95, 0x97, 0x9B, 0x9F, 0xAB, 0xC0, 0xE4, 0xFD,
    0xD1, 0xAD, 0xA3, 0xA3, 0xAA, 0xAF, 0xBA, 0xCA, 0xE6, 0x4F, 0x40, 0x39, 0x2F, 0x2B, 0x29, 0x28,
    0x26, 0x26, 0x25, 0x23, 0x22, 0x21, 0x20, 0x1F, 0x1D, 0x1E, 0x20, 0x26, 0x2B, 0x33, 0x3D, 0x51,
    0xDA, 0xC2, 0xBB, 0xB2, 0xAE, 0xAC, 0xAA, 0xA8, 0xA8, 0xA7, 0xA7, 0xA6, 0xA5, 0xA5, 0xA4, 0xA3,
    0xA3, 0xA2, 0xA2, 0xA4, 0xA5, 0xA6, 0xA8, 0xAA, 0xAD, 0xB0, 0xB8, 0xBE, 0xC6, 0xCB, 0xD3, 0xD9,
    0xD3, 0xD3, 0xCD, 0xCA, 0xCA, 0xCB, 0xC9, 0xCF, 0xDE, 0x7B, 0x58, 0x4E, 0x45, 0x3F, 0x39, 0x35,
    0x31, 0x2E, 0x2C, 0x2C, 0x2F, 0x2E, 0x2A, 0x2A, 0x2A, 0x27, 0x26, 0x26, 0x26, 0x26, 0x23, 0x1D,
    0x1C, 0x1E, 0x21, 0x26, 0x2C, 0x34, 0x39, 0x44, 0x69, 0xD9, 0xCB, 0xC9, 0xCF, 0xD9, 0x7D, 0x60,
    0x55, 0x53, 0x5C, 0xE9, 0xC3, 0xB2, 0xAA, 0xA2, 0x9E, 0x9B, 0x9A, 0x98, 0x98, 0x98, 0x99, 0x9C,
    0x9F, 0xA8, 0xB1, 0xC1, 0xE4, 0x4C, 0x41, 0x3F, 0x41, 0x42, 0x4A, 0x53, 0xEB, 0xD5, 0xD5, 0xE8,
    0x4F, 0x37, 0x28, 0x1F, 0x1C, 0x19, 0x16, 0x15, 0x14, 0x15, 0x16, 0x19, 0x1E, 0x25, 0x32, 0x50,
    0xC7, 0xB9, 0xB6, 0xB6, 0xB7, 0xBE, 0xCC, 0xF8, 0x54, 0x43, 0x39, 0x33, 0x37, 0x43, 0xE4, 0xB5,
    0xA9, 0x9E, 0x98, 0x95, 0x94, 0x95, 0x97, 0x99, 0x9D, 0xA7, 0xC0, 0x44, 0x30, 0x2F, 0x33, 0x5F,
    0xB8, 0xB3, 0xB9, 0xC4, 0xD4, 0xFB, 0x5E, 0x4F, 0x45, 0x40, 0x3D, 0x3C, 0x3C, 0x3E, 0x47, 0x4C,
    0x4C, 0x3E, 0x37, 0x39, 0x38, 0x30, 0x2F, 0x32, 0x35, 0x36, 0x38, 0x3A, 0x39, 0x38, 0x30, 0x2D,
    0x2E, 0x2E, 0x34, 0x37, 0x38, 0x3D, 0x43, 0x4C, 0x56, 0x67, 0x7C, 0xDE, 0xCF, 0xC5, 0xC0, 0xBA,
    0xB4, 0xB0, 0xAD, 0xAB, 0xA8, 0xA6, 0xA4, 0xA2, 0xA2, 0xA3, 0xA5, 0xA8, 0xAB, 0xAE, 0xB7, 0xBE,
    0xD3, 0x5C, 0x45, 0x3D, 0x36, 0x30, 0x2E, 0x2F, 0x31, 0x31, 0x32, 0x2D, 0x2A, 0x29, 0x28, 0x25,
    0x23, 0x23, 0x23, 0x21, 0x20, 0x21, 0x24, 0x27, 0x2A, 0x2C, 0x2E, 0x2F, 0x2D, 0x2B, 0x32, 0x45,
    0xD8, 0xB9, 0xAE, 0xAA, 0xA6, 0xA5, 0xA7, 0xA9, 0xAD, 0xB3, 0xB9, 0xC0, 0xC5, 0xC4, 0xBE, 0xB6,
    0xAD, 0xA8, 0xA2, 0x9D, 0x9B, 0x9A, 0x99, 0x99, 0x9B, 0x9E, 0xA3, 0xAA, 0xB9, 0xEB, 0x3E, 0x30,
    0x2A, 0x28, 0x27, 0x2A, 0x30, 0x3B, 0x4D, 0xCF, 0xBA, 0xAF, 0xAC, 0xAE, 0xB4, 0xBD, 0xDF, 0x3C,
    0x29, 0x21, 0x1C, 0x1A, 0x19, 0x18, 0x18, 0x19, 0x1C, 0x21, 0x2B, 0x3C, 0xF8, 0xBF, 0xB7, 0xB6,
    0xB6, 0xBA, 0xCA, 0x6B, 0x44, 0x35, 0x2D, 0x2A, 0x26, 0x28, 0x2C, 0x34, 0x75, 0xB8, 0xA7, 0x9D,
    0x98, 0x97, 0x98, 0x9A, 0x9C, 0xA2, 0xAD, 0xDB, 0x30, 0x25, 0x20, 0x1F, 0x26, 0x3F, 0x4D, 0x3D,
    0x36, 0x30, 0x31, 0x32, 0x32, 0x36, 0x40, 0x5F, 0xCB, 0xBC, 0xB5, 0xB1, 0xB0, 0xB2, 0xB6, 0xBC,
    0xC9, 0x75, 0x48, 0x3D, 0x3A, 0x37, 0x36, 0x37, 0x3A, 0x3F, 0x49, 0x52, 0x5D, 0x67, 0x7E, 0x73,
    0x5D, 0x52, 0x47, 0x3B, 0x33, 0x2F, 0x2C, 0x2B, 0x29, 0x2A, 0x2E, 0x36, 0x43, 0xE7, 0xBA, 0xAD,
    0xA5, 0x9F, 0x9D, 0x9B, 0x9A, 0x99, 0x9A, 0x9D, 0x9F, 0xA4, 0xAA, 0xB2, 0xB8, 0xBD, 0xC9, 0xCB,
    0xCD, 0xCC, 0xC5, 0xC5, 0xC1, 0xC1, 0xCE, 0xD7, 0xDB, 0x55, 0x36, 0x2B, 0x27, 0x21, 0x1D, 0x1A,
    0x19, 0x19, 0x19, 0x1C, 0x1F, 0x25, 0x2E, 0x3A, 0x45, 0x67, 0x4E, 0x4E, 0x77, 0xD5, 0xCD, 0xCC,
    0xDB, 0xF4, 0x52, 0x3E, 0x36, 0x2E, 0x2B, 0x29, 0x29, 0x29, 0x2B, 0x2E, 0x39, 0x55, 0xD2, 0xBB,
    0xB2, 0xAD, 0xAB, 0xAB, 0xAB, 0xAE, 0xB3, 0xBC, 0xCA, 0xD5, 0x6E, 0x6A, 0xFF, 0x5D, 0x5A, 0xD6,
    0xBC, 0xAF, 0xA8, 0xA1, 0x9E, 0x9D, 0x9D, 0x9E, 0xA0, 0xA7, 0xAF, 0xC3, 0x57, 0x39, 0x2B, 0x25,
    0x21, 0x1F, 0x21, 0x24, 0x29, 0x32, 0x4A, 0xD5, 0xB9, 0xAE, 0xA9, 0xA8, 0xAA, 0xAE, 0xB8, 0xD7,
    0x42, 0x31, 0x28, 0x21, 0x1F, 0x1D, 0x1C, 0x1E, 0x23, 0x2B, 0x3F, 0xCA, 0xAE, 0xA2, 0x9C, 0x99,
    0x99, 0x9A, 0x9B, 0x9F, 0xA7, 0xB2, 0xCF, 0x49, 0x44, 0x67, 0xCA, 0xA7, 0xA1, 0x9F, 0x9E, 0x9E,
    0x9F, 0x9F, 0x9F, 0xA1, 0xA8, 0xB0, 0xBB, 0xDE, 0x38, 0x2A, 0x23, 0x1E, 0x1B, 0x19, 0x17, 0x17,
    0x17, 0x19, 0x1B, 0x1D, 0x21, 0x27, 0x2C, 0x32, 0x3A, 0x3F, 0x45, 0x42, 0x3B, 0x37, 0x31, 0x2D,
    0x2B, 0x2A, 0x2A, 0x2B, 0x2F, 0x3C, 0x54, 0xCD, 0xB6, 0xAB, 0xA5, 0xA0, 0x9E, 0x9D, 0x9D, 0x9E,
    0x9F, 0xA3, 0xA9, 0xAF, 0xBA, 0xC5, 0xED, 0x45, 0x3C, 0x3E, 0x4B, 0x6B, 0xCA, 0xB9, 0xB2, 0xAD,
    0xA9, 0xA8, 0xA8, 0xAA, 0xAE, 0xB9, 0xCF, 0x4B, 0x36, 0x29, 0x21, 0x1E, 0x1D, 0x1C, 0x1D, 0x20,
    0x25, 0x2C, 0x39, 0x64, 0xC9, 0xBC, 0xB4, 0xB3, 0xBC, 0xBD, 0xB6, 0xB8, 0xBC, 0xBE, 0xC8, 0xD6,
    0xE7, 0xE7, 0xDB, 0xDB, 0xD2, 0xC0, 0xB9, 0xB4, 0xAE, 0xA9, 0xA5, 0xA3, 0xA0, 0x9F, 0xA0, 0xA2,
    0xA6, 0xAD, 0xB5, 0xC1, 0xF1, 0x47, 0x3D, 0x38, 0x36, 0x36, 0x33, 0x3B, 0x4C, 0xE6, 0xCA, 0xC9,
    0xCC, 0xD3, 0xD3, 0xD3, 0xE2, 0x4F, 0x3F, 0x33, 0x29, 0x23, 0x1F, 0x1D, 0x1B, 0x1A, 0x1B, 0x1D,
    0x21, 0x29, 0x35, 0x52, 0xCC, 0xB8, 0xB1, 0xAD, 0xAB, 0xAC, 0xB5, 0xC0, 0xEE, 0x41, 0x33, 0x2D,
    0x29, 0x29, 0x2A, 0x2C, 0x31, 0x3A, 0x54, 0xC1, 0xAE, 0xA3, 0x9C, 0x98, 0x97, 0x99, 0x9D, 0xA2,
    0xAC, 0xC3, 0x4E, 0x31, 0x25, 0x22, 0x25, 0x29, 0x6C, 0xB3, 0xAB, 0xA8, 0xA8, 0xA8, 0xA9, 0xAA,
    0xAD, 0xB2, 0xBB, 0xD3, 0x50, 0x3D, 0x34, 0x2E, 0x2A, 0x29, 0x28, 0x29, 0x2A, 0x2C, 0x2F, 0x38,
    0x3E, 0x48, 0x5B, 0xE7, 0xE1, 0xDB, 0xED, 0x5B, 0x4A, 0x40, 0x3C, 0x36, 0x36, 0x36, 0x39, 0x3E,
    0x4D, 0xE2, 0xBF, 0xB4, 0xAE, 0xA8, 0xA2, 0x9F, 0x9E, 0x9D, 0x9D, 0x9E, 0xA0, 0xA5, 0xAB, 0xB3,
    0xBC, 0xCC, 0x7E, 0x46, 0x36, 0x34, 0x35, 0x3A, 0x49, 0x3D, 0x37, 0x3E, 0x4E, 0x64, 0xE7, 0xE7,
    0x65, 0x4E, 0x43, 0x37, 0x30, 0x2C, 0x28, 0x25, 0x22, 0x23, 0x23, 0x27, 0x2D, 0x34, 0x3E, 0x4A,
    0x6D, 0xC8, 0xBD, 0xBB, 0xBC, 0xC9, 0x57, 0x39, 0x32, 0x2E, 0x2D, 0x2E, 0x2F, 0x32, 0x38, 0x46,
    0xEE, 0xC5, 0xB7, 0xAE, 0xA8, 0xA3, 0xA2, 0xA0, 0xA2, 0xA6, 0xAB, 0xAD, 0xAF, 0xB3, 0xBF, 0xD1,
    0xF2, 0x4C, 0x3B, 0x38, 0x37, 0x37, 0x3E, 0x4C, 0x5B, 0x78, 0xC2, 0xB9, 0xB8, 0xB4, 0xB3, 0xB6,
    0xBD, 0xC5, 0xCE, 0xF8, 0x51, 0x44, 0x3B, 0x35, 0x30, 0x2F, 0x2E, 0x30, 0x37, 0x40, 0x63, 0xCB,
    0xBE, 0xB8, 0xAF, 0xAD, 0xAF, 0xB0, 0xB1, 0xBA, 0xCC, 0xE9, 0x44, 0x37, 0x31, 0x2E, 0x2E, 0x30,
    0x36, 0x38, 0x3E, 0x5B, 0xCC, 0xB7, 0xAA, 0xA1, 0x9D, 0x9A, 0x9A, 0x9D, 0xA2, 0xA9, 0xBB, 0x66,
    0x42, 0x2F, 0x25, 0x1E, 0x1D, 0x20, 0x33, 0x69, 0xE7, 0xF9, 0x61, 0x4F, 0x46, 0x3B, 0x34, 0x2F,
    0x2C, 0x29, 0x27, 0x26, 0x24, 0x25, 0x27, 0x2A, 0x2D, 0x34, 0x3C, 0x49, 0x7D, 0xCF, 0xC1, 0xBC,
    0xB9, 0xBC, 0xBA, 0xC0, 0xD4, 0xF8, 0x67, 0x4C, 0x43, 0x3F, 0x44, 0x53, 0xFB, 0xCC, 0xBC, 0xB1,
    0xAC, 0xA9, 0xA9, 0xAB, 0xAA, 0xA9, 0xAB, 0xAC, 0xB0, 0xB8, 0xC3, 0xF0, 0x44, 0x39, 0x31, 0x2C,
    0x2B, 0x2C, 0x2F, 0x33, 0x3F, 0x4F, 0x76, 0xCD, 0xBB, 0xBA, 0xBB, 0xB7, 0xB7, 0xC0, 0xC9, 0xCB,
    0xE1, 0x5B, 0x50, 0x41, 0x38, 0x37, 0x35, 0x35, 0x3D, 0xFA, 0xCC, 0xB9, 0xAC, 0xA7, 0xA0, 0x9D,
    0x9D, 0x9E, 0xA3, 0xAA, 0xDC, 0x52, 0x46, 0x40, 0x3D, 0x39, 0x3B, 0x40, 0x4A, 0x5A, 0xE7, 0xC9,
    0xC0, 0xB7, 0xAF, 0xAD, 0xAD, 0xAB, 0xAC, 0xB2, 0xBF, 0xD8, 0x52, 0x3B, 0x2C, 0x26, 0x22, 0x1D,
    0x1B, 0x1C, 0x1E, 0x21, 0x24, 0x2A, 0x31, 0x39, 0x47, 0x72, 0xD7, 0xCE, 0xCB, 0xCD, 0xEA, 0x50,
    0x3D, 0x38, 0x34, 0x2F, 0x2B, 0x2B, 0x2A, 0x2A, 0x2E, 0x33, 0x3E, 0x4E, 0xCE, 0xBA, 0xB3, 0xAB,
    0xA4, 0xA2, 0xA2, 0xA2, 0xA4, 0xAB, 0xAF, 0xBA, 0xCC, 0xEB, 0x4D, 0x3C, 0x32, 0x32, 0x35, 0x33,
    0x40, 0x53, 0xDD, 0xBC, 0xAE, 0xA8, 0xA4, 0xA0, 0xA0, 0xA9, 0xB4, 0xBA, 0xDB, 0x45, 0x35, 0x26,
    0x20, 0x21, 0x22, 0x2E, 0xC1, 0xAB, 0xAD, 0xAF, 0xB7, 0xC4, 0xD8, 0x5F, 0x45, 0x3D, 0x3A, 0x38,
    0x36, 0x37, 0x3C, 0x46, 0x4E, 0x65, 0xD4, 0xC4, 0xBC, 0xB9, 0xB6, 0xB2, 0xAE, 0xAD, 0xAE, 0xAE,
    0xAD, 0xB0, 0xB6, 0xB9, 0xBE, 0xC9, 0xCF, 0xD3, 0xCD, 0xC5, 0xBF, 0xBA, 0xB8, 0xB0, 0xAF, 0xB0,
    0xB5, 0xB8, 0xBE, 0xF6, 0x3D, 0x30, 0x2F, 0x2A, 0x24, 0x21, 0x1D, 0x1B, 0x1B, 0x1D, 0x21, 0x24,
    0x2A, 0x31, 0x3A, 0x47, 0xEE, 0xC0, 0xBA, 0xB8, 0xB4, 0xAF, 0xB4, 0xBD, 0xBE, 0xC3, 0xD3, 0xE3,
    0x57, 0x48, 0x3C, 0x35, 0x31, 0x32, 0x3C, 0x4F, 0xDD, 0xC6, 0xBE, 0xB9, 0xB2, 0xAB, 0xAF, 0xB4,
    0xB1, 0xE9, 0x36, 0x33, 0x33, 0x2F, 0x2E, 0x2F, 0x35, 0x3F, 0x4E, 0xEA, 0xC1, 0xBA, 0xB4, 0xAF,
    0xAD, 0xAD, 0xAF, 0xAF, 0xB4, 0xBE, 0xD7, 0x67, 0x52, 0x3D, 0x34, 0x36, 0x37, 0x32, 0x34, 0x38,
    0x3A, 0x3C, 0x43, 0x58, 0xEA, 0xC9, 0xBA, 0xB2, 0xAF, 0xAC, 0xAC, 0xAE, 0xB2, 0xBA, 0xC3, 0xD5,
    0x73, 0x4F, 0x41, 0x3E, 0x3E, 0x3C, 0x3F, 0x4F, 0xE0, 0xCB, 0xBF, 0xBA, 0xB3, 0xAE, 0xAD, 0xAD,
    0xAD, 0xAE, 0xB9, 0xC5, 0xDC, 0x54, 0x3E, 0x3A, 0x38, 0x35, 0x38, 0x3E, 0x38, 0x2F, 0x2E, 0x36,
    0x40, 0x71, 0xBD, 0xB0, 0xAF, 0xB0, 0xC1, 0x53, 0x3E, 0x33, 0x2D, 0x27, 0x1D, 0x1A, 0x1A, 0x1C,
    0x22, 0x3E, 0xB3, 0xAD, 0xAD, 0xAE, 0xB2, 0xBA, 0xC6, 0xCD, 0xD1, 0xF0, 0x5C, 0x5F, 0x65, 0x5D,
    0x73, 0xDB, 0xCA, 0xBF, 0xBC, 0xB6, 0xB4, 0xB6, 0xB6, 0xB5, 0xB9, 0xC3, 0xCD, 0xD4, 0x4B, 0x35,
    0x2E, 0x2B, 0x2A, 0x29, 0x28, 0x2A, 0x2F, 0x36, 0x3A, 0x43, 0xF2, 0xC7, 0xBF, 0xB5, 0xAD, 0xAA,
    0xAC, 0xAF, 0xB0, 0xB6, 0xBD, 0xC8, 0xCE, 0x78, 0x4F, 0x49, 0x49, 0x3F, 0x43, 0x56, 0xFF, 0xDE,
    0xC4, 0xB9, 0xB0, 0xAD, 0xAA, 0xAA, 0xAA, 0xAA, 0xAD, 0xB8, 0xBE, 0xC9, 0xED, 0x5A, 0x4F, 0x3C,
    0x3C, 0x3C, 0x39, 0x38, 0x5E, 0xC0, 0xB8, 0xB1, 0xA9, 0xA7, 0xA1, 0x9C, 0x9D, 0xA4, 0xA7, 0xC2,
    0x36, 0x2C, 0x2B, 0x2B, 0x2A, 0x28, 0x26, 0x27, 0x27, 0x29, 0x2C, 0x2E, 0x37, 0x3E, 0x3F, 0x41,
    0x37, 0x2F, 0x2F, 0x33, 0x34, 0x32, 0x35, 0x35, 0x32, 0x32, 0x37, 0x3B, 0x4B, 0x63, 0xDA, 0xBB,
    0xB2, 0xAF, 0xAD, 0xA8, 0xA6, 0xA7, 0xA4, 0xA4, 0xA8, 0xAD, 0xB3, 0xBC, 0xD9, 0x55, 0x49, 0x3C,
    0x32, 0x30, 0x30, 0x31, 0x38, 0x3E, 0x53, 0xF2, 0xE7, 0xFC, 0x67, 0xC9, 0xC5, 0xCD, 0xC4, 0xC7,
    0xDF, 0x4A, 0x3B, 0x33, 0x2F, 0x2F, 0x2D, 0x2D, 0x31, 0x37, 0x30, 0x39, 0x46, 0x54, 0xCC, 0xB2,
    0xA8, 0xA5, 0xA3, 0x9D, 0x9F, 0xA8, 0xAF, 0xBA, 0xCB, 0x4D, 0x37, 0x28, 0x27, 0x2A, 0x2C, 0xEB,
    0xAD, 0xA9, 0xAD, 0xB7, 0xC8, 0xDD, 0x70, 0x56, 0x48, 0x44, 0x45, 0x41, 0x41, 0x56, 0xE7, 0xCB,
    0xBD, 0xB3, 0xAF, 0xAD, 0xAB, 0xA9, 0xA9, 0xAA, 0xAB, 0xAE, 0xB5, 0xBC, 0xCE, 0x6C, 0x3F, 0x35,
    0x2E, 0x2C, 0x27, 0x25, 0x26, 0x29, 0x2C, 0x30, 0x3D, 0x4B, 0x48, 0x3E, 0x4B, 0x52, 0x4B, 0x53,
    0x50, 0x4A, 0x45, 0x42, 0x3D, 0x37, 0x3A, 0x3C, 0x3C, 0x3B, 0x44, 0x5F, 0xEB, 0xC7, 0xBB, 0xB0,
    0xAB, 0xA8, 0xA9, 0xA9, 0xAC, 0xB3, 0xC0, 0xD4, 0x65, 0x44, 0x3C, 0x37, 0x2E, 0x2E, 0x31, 0x31,
    0x32, 0x35, 0x43, 0x51, 0x7C, 0xC0, 0xB6, 0xAD, 0xA6, 0xA4, 0xA7, 0xAB, 0xBE, 0x31, 0x29, 0x2B,
    0x2C, 0x2F, 0x35, 0x38, 0x3A, 0x45, 0x6C, 0xDB, 0xCF, 0xBF, 0xB6, 0xB8, 0xB8, 0xB8, 0xBC, 0xC3,
    0xCC, 0xD3, 0xEC, 0x5B, 0x4D, 0x45, 0x45, 0x46, 0x4C, 0x65, 0x6C, 0xE1, 0xBE, 0xB6, 0xB8, 0xB3,
    0xAD, 0xA9, 0xA9, 0xA9, 0xA9, 0xAA, 0xAF, 0xBA, 0xC2, 0xCD, 0x65, 0x45, 0x3A, 0x36, 0x31, 0x33,
    0x37, 0x3D, 0x43, 0x62, 0xCA, 0xBE, 0xC1, 0xCA, 0xBA, 0xBD, 0xC5, 0xBE, 0xCA, 0x4E, 0x39, 0x33,
    0x2E, 0x29, 0x28, 0x26, 0x26, 0x24, 0x25, 0x28, 0x2A, 0x2F, 0x3B, 0x67, 0xC7, 0xB2, 0xAB, 0xA5,
    0xA0, 0xA4, 0xAC, 0xB2, 0xBD, 0xF1, 0x45, 0x37, 0x26, 0x23, 0x22, 0x25, 0x3B, 0xB8, 0xA9, 0xAC,
    0xB2, 0xBC, 0xC8, 0xDA, 0x4C, 0x3E, 0x38, 0x34, 0x2F, 0x35, 0x38, 0x35, 0x3B, 0x4D, 0xF3, 0xC8,
    0xBF, 0xC1, 0xBC, 0xB8, 0xB8, 0xB9, 0xBA, 0xBC, 0xC4, 0xC2, 0xCA, 0xE8, 0x55, 0x4A, 0x3D, 0x33,
    0x32, 0x36, 0x3D, 0x4E, 0x6B, 0xD0, 0xBD, 0xB7, 0xB3, 0xB3, 0xB2, 0xAF, 0xB0, 0xB8, 0xBD, 0xC2,
    0xD2, 0xF4, 0x5E, 0x4C, 0x41, 0x3F, 0x3E, 0x3C, 0x41, 0x6D, 0xE0, 0xC1, 0xB9, 0xAE, 0xA9, 0xA7,
    0xA9, 0xAA, 0xAB, 0xAF, 0xBE, 0xD8, 0xD8, 0x68, 0x49, 0x3D, 0x34, 0x2F, 0x2C, 0x27, 0x27, 0x25,
    0x2B, 0x33, 0x40, 0x56, 0xD8, 0xB7, 0xAF, 0xB1, 0xB3, 0xBC, 0xC2, 0x2C, 0x24, 0x27, 0x28, 0x29,
    0x2A, 0x2E, 0x35, 0x43, 0x79, 0xCA, 0xC0, 0xB6, 0xAF, 0xAF, 0xB2, 0xB2, 0xB4, 0xBA, 0xBF, 0xCC,
    0xF2, 0x4D, 0x3F, 0x3B, 0x34, 0x2F, 0x30, 0x36, 0x3B, 0x42, 0x52, 0xDC, 0xC8, 0xC9, 0xC4, 0xBD,
    0xBA, 0xB6, 0xB6, 0xB7, 0xC0, 0xEE, 0x4A, 0x45, 0x3D, 0x37, 0x2F, 0x2C, 0x2C, 0x2C, 0x2D, 0x33,
    0x3C, 0x43, 0x5C, 0xC7, 0xBB, 0xB6, 0xAF, 0xAF, 0xAE, 0xAB, 0xAB, 0xAF, 0xB0, 0xB9, 0xCA, 0x6B,
    0x56, 0x45, 0x3C, 0x3F, 0x4C, 0x52, 0x50, 0x65, 0xE8, 0xC9, 0xBA, 0xAE, 0xA8, 0xA4, 0xA0, 0xA2,
    0xAA, 0xB4, 0xBA, 0xE6, 0x45, 0x35, 0x26, 0x21, 0x24, 0x26, 0x34, 0xB9, 0xA9, 0xAB, 0xAD, 0xB1,
    0xBE, 0xCC, 0xD6, 0x6D, 0x4E, 0x56, 0x5B, 0x4D, 0x46, 0x4B, 0x46, 0x4E, 0xEB, 0xD3, 0xCF, 0xC5,
    0xC1, 0xCD, 0xCD, 0xD5, 0x5C, 0x59, 0x59, 0x3E, 0x39, 0x33, 0x2B, 0x25, 0x22, 0x24, 0x26, 0x2A,
    0x2F, 0x34, 0x3D, 0x6E, 0xDB, 0xC9, 0xBC, 0xBC, 0xB5, 0xB3, 0xBA, 0xBB, 0xB9, 0xC7, 0x72, 0x4D,
    0x42, 0x3C, 0x3F, 0x41, 0x3B, 0x45, 0x5D, 0x5A, 0xC7, 0xBB, 0xB1, 0xAB, 0xA7, 0xA8, 0xAE, 0xB0,
    0xB5, 0xC5, 0x66, 0x59, 0x4D, 0x43, 0x39, 0x35, 0x30, 0x2B, 0x26, 0x26, 0x23, 0x2E, 0x3F, 0x67,
    0xCA, 0xB6, 0xAD, 0xA7, 0x9D, 0x9F, 0xAC, 0xA8, 0x44, 0x25, 0x24, 0x29, 0x31, 0x3A, 0x49, 0xD9,
    0xBF, 0xB4, 0xB1, 0xAE, 0xAC, 0xAC, 0xAA, 0xA9, 0xAB, 0xAF, 0xB7, 0xC0, 0xCE, 0xE5, 0x5B, 0x49,
    0x3F, 0x3A, 0x38, 0x35, 0x35, 0x39, 0x3F, 0x55, 0xDB, 0xBE, 0xB9, 0xB7, 0xB1, 0xAE, 0xAD, 0xB0,
    0xB9, 0xD1, 0x65, 0x46, 0x3E, 0x38, 0x3A, 0x35, 0x2E, 0x2E, 0x2F, 0x2B, 0x2D, 0x35, 0x43, 0x57,
    0xD8, 0xC5, 0xBF, 0xBB, 0xBD, 0xCB, 0xF4, 0xDF, 0x4F, 0x4D, 0x3B, 0x2E, 0x2A, 0x27, 0x26, 0x25,
    0x27, 0x2B, 0x32, 0x36, 0x39, 0x46, 0x7A, 0xC9, 0xBD, 0xB1, 0xAA, 0xA6, 0xA3, 0xAC, 0xB1, 0xB5,
    0xD0, 0x4E, 0x3C, 0x26, 0x1E, 0x21, 0x26, 0x28, 0xB8, 0xA6, 0xA7, 0xAA, 0xAE, 0xB5, 0xC6, 0x6F,
    0x53, 0x48, 0x3E, 0x39, 0x3B, 0x3E, 0x4A, 0xEE, 0xCD, 0xCC, 0xC3, 0xC1, 0xBE, 0xB9, 0xB6, 0xB9,
    0xB0, 0xB3, 0xBD, 0xB8, 0xBA, 0xD8, 0x53, 0x4F, 0x3E, 0x39, 0x35, 0x34, 0x37, 0x3E, 0x4D, 0x51,
    0xF2, 0xC8, 0xC1, 0xBC, 0xB7, 0xB2, 0xB3, 0xB3, 0xB5, 0xB7, 0xBE, 0xC4, 0xCC, 0x7D, 0x4F, 0x4E,
    0x5D, 0x41, 0x41, 0x4D, 0x5B, 0x5C, 0xE6, 0xBE, 0xB6, 0xB6, 0xB6, 0xB3, 0xB5, 0xB5, 0xBB, 0xCE,
    0xCF, 0xCF, 0xE7, 0xF4, 0x40, 0x33, 0x2A, 0x27, 0x26, 0x22, 0x25, 0x2F, 0x3A, 0x4B, 0xE0, 0xCD,
    0xCD, 0xB4, 0xAD, 0xAD, 0xB1, 0xD2, 0x2B, 0x1F, 0x22, 0x28, 0x2A, 0x2F, 0x38, 0x49, 0xE6, 0xD4,
    0xC7, 0xBB, 0xB6, 0xB5, 0xB8, 0xBA, 0xBA, 0xBC, 0xC8, 0xDC, 0x79, 0x54, 0x47, 0x3B, 0x35, 0x31,
    0x2D, 0x32, 0x39, 0x4B, 0xD2, 0xC8, 0xBE, 0xB6, 0xB1, 0xAE, 0xB1, 0xB5, 0xB6, 0xB4, 0xBF, 0xDC,
    0x72, 0x5D, 0x4D, 0x41, 0x3B, 0x36, 0x36, 0x34, 0x36, 0x45, 0x4C, 0x69, 0xDC, 0xBD, 0xB6, 0xB4,
    0xB1, 0xAC, 0xAD, 0xAF, 0xB2, 0xB9, 0xC9, 0x61, 0x44, 0x3D, 0x39, 0x31, 0x32, 0x3C, 0x53, 0x54,
    0x5B, 0x77, 0xCE, 0xCB, 0xC5, 0xB1, 0xA9, 0xA4, 0xA1, 0xA3, 0xAC, 0xAF, 0xBD, 0x5C, 0x45, 0x30,
    0x24, 0x1F, 0x20, 0x28, 0x3B, 0xB5, 0xAD, 0xAD, 0xB3, 0xBE, 0xC7, 0xDA, 0x4D, 0x49, 0x52, 0x39,
    0x2D, 0x2E, 0x31, 0x32, 0x37, 0x3C, 0x45, 0x55, 0x7B, 0xD3, 0xC2, 0xBE, 0xC5, 0xBD, 0xC0, 0xDA,
    0xFF, 0x78, 0x3D, 0x31, 0x33, 0x38, 0x2F, 0x2E, 0x32, 0x36, 0x34, 0x39, 0x4B, 0x6B, 0xD4, 0xC8,
    0xB5, 0xB4, 0xAE, 0xAC, 0xAF, 0xB3, 0xB6, 0xBF, 0xD7, 0x46, 0x34, 0x2F, 0x2F, 0x31, 0x2D, 0x31,
    0x39, 0x39, 0x3F, 0xED, 0xD1, 0xB7, 0xB4, 0xAF, 0xAC, 0xA9, 0xAC, 0xB4, 0xBA, 0xC4, 0xCA, 0xEA,
    0xE4, 0x5E, 0x40, 0x35, 0x2F, 0x2C, 0x22, 0x27, 0x3F, 0xEB, 0x6F, 0xBD, 0xAD, 0xA9, 0x9A, 0x9A,
    0xA6, 0xA2, 0xBA, 0x25, 0x1F, 0x28, 0x32, 0x43, 0x73, 0xCD, 0xC1, 0xB0, 0xB2, 0xB5, 0xAE, 0xAB,
    0xAF, 0xB0, 0xB2, 0xB1, 0xBE, 0xC2, 0xCD, 0xD0, 0xE5, 0x4E, 0x40, 0x3C, 0x3B, 0x43, 0x58, 0x65,
    0x4A, 0x3E, 0x48, 0x6A, 0x62, 0x52, 0xDB, 0xF8, 0x39, 0x24, 0x1D, 0x22, 0x2E, 0x57, 0xAA, 0xA1,
    0xA6, 0xA8, 0xAE, 0x7A, 0x2B, 0x22, 0x1B, 0x17, 0x18, 0x23, 0x37, 0x7C, 0xB2, 0xAB, 0xA5, 0xAD,
    0xB7, 0xBC, 0xC6, 0xBF, 0xB6, 0xAF, 0xB1, 0xC7, 0x34, 0x2F, 0x29, 0x39, 0xDE, 0xAF, 0xA9, 0xAD,
    0xC0, 0x61, 0x39, 0x2A, 0x2E, 0x41, 0x63, 0xEB, 0xB9, 0xBC, 0xE0, 0xEA, 0xCB, 0x65, 0x39, 0x2E,
    0x28, 0x25, 0x29, 0x38, 0x53, 0xFE, 0xD3, 0xBF, 0xB9, 0xB3, 0xAF, 0xAD, 0xAC, 0xA9, 0xAA, 0xB4,
    0xCD, 0x5D, 0x4E, 0x53, 0x4F, 0x4A, 0x57, 0x67, 0xC9, 0xEB, 0x7D, 0xD0, 0xCD, 0xD7, 0xBE, 0xB2,
    0xAA, 0xAB, 0xA4, 0xA7, 0xAB, 0xB3, 0xBC, 0x66, 0x3A, 0x3D, 0x45, 0x38, 0x3A, 0x47, 0x53, 0x43,
    0x40, 0x48, 0x53, 0x4A, 0x42, 0x4A, 0x49, 0x45, 0x39, 0x36, 0x3B, 0x41, 0x4F, 0xDA, 0xE4, 0x4A,
    0x3C, 0x34, 0x33, 0x37, 0x3A, 0x43, 0x44, 0x41, 0x4E, 0xDF, 0xCB, 0xBE, 0xBE, 0xB1, 0xBE, 0xBD,
    0xC6, 0x6C, 0x4E, 0x74, 0xF9, 0x4B, 0x45, 0x3D, 0x45, 0x4D, 0x66, 0xC8, 0xBD, 0xCD, 0x61, 0x48,
    0x3C, 0x3B, 0x42, 0xDF, 0xD3, 0xD9, 0x5C, 0xF6, 0x74, 0x4A, 0x4D, 0x4D, 0x35, 0x2D, 0x28, 0x2A,
    0x2A, 0x2E, 0x2D, 0x2A, 0x2B, 0x31, 0x34, 0x36, 0x42, 0x42, 0xE1, 0xC4, 0xAA, 0xA3, 0xA2, 0x9E,
    0x9B, 0x9F, 0xAB, 0xB8, 0x3E, 0x3A, 0x5B, 0x45, 0xDE, 0xC9, 0xB5, 0xA0, 0x9B, 0x98, 0x9A, 0xA2,
    0xC8, 0x5B, 0x36, 0x36, 0x46, 0x47, 0x39, 0x32, 0x37, 0x4A, 0xBD, 0xB8, 0xC1, 0xDB, 0x3B, 0x2F,
    0x34, 0x39, 0x59, 0xB4, 0x9F, 0xA2, 0xA2, 0xB8, 0x5B, 0x30, 0x28, 0x22, 0x1F, 0x1E, 0x1D, 0x22,
    0x26, 0x2C, 0x3C, 0x3F, 0x52, 0x64, 0xE9, 0xD6, 0xE3, 0xDE, 0xBC, 0xBC, 0xBD, 0xCB, 0x4A, 0x3C,
    0x48, 0xE3, 0xC5, 0xBC, 0xDC, 0x46, 0x3A, 0x33, 0x38, 0x55, 0xBA, 0xAB, 0xAA, 0xAB, 0xB1, 0xBF,
    0xCC, 0xCF, 0xC3, 0xE1, 0x5E, 0x49, 0x40, 0x38, 0x35, 0x35, 0x3C, 0x52, 0x62, 0xCA, 0xBE, 0xB9,
    0xB0, 0xAE, 0xAE, 0xAF, 0xC8, 0x4D, 0x35, 0x2A, 0x2F, 0x34, 0x3A, 0x41, 0x51, 0x55, 0x45, 0x4C,
    0x64, 0x79, 0xC3, 0xBA, 0xB6, 0xBA, 0xBC, 0xBC, 0xBE, 0xBF, 0xF6, 0x48, 0x38, 0x38, 0x48, 0x5B,
    0xD5, 0x6D, 0x48, 0x33, 0x2C, 0x33, 0x47, 0xE1, 0xE6, 0x71, 0x3A, 0x29, 0x22, 0x1E, 0x21, 0x2F,
    0x4D, 0xC8, 0xB8, 0xB8, 0xB6, 0xBE, 0xE0, 0xE3, 0xC5, 0xC0, 0xC4, 0xBB, 0xC2, 0xD9, 0xCD, 0xBC,
    0xAE, 0xAB, 0xA7, 0xA2, 0xA0, 0xA0, 0xA5, 0xA9, 0xA7, 0xAD, 0xAC, 0xB1, 0xB0, 0xB0, 0xAF, 0xAD,
    0xAE, 0xAF, 0xB9, 0xBD, 0xC5, 0xE7, 0x4A, 0x48, 0x4C, 0x3B, 0x2F, 0x32, 0x30, 0x2D, 0x2C, 0x2F,
    0x31, 0x2B, 0x2A, 0x29, 0x26, 0x22, 0x21, 0x20, 0x1D, 0x1E, 0x22, 0x24, 0x24, 0x23, 0x23, 0x23,
    0x20, 0x20, 0x25, 0x2C, 0x31, 0x39, 0x4F, 0xD1, 0xD0, 0xBD, 0xAF, 0xAF, 0xB1, 0xB5, 0xAC, 0xAA,
    0xB6, 0xB1, 0xAD, 0xAC, 0xAB, 0xAB, 0xAB, 0xAC, 0xAC, 0xAE, 0xB3, 0xB8, 0xC5, 0xBE, 0xB7, 0xB4,
    0xB6, 0xAF, 0xA6, 0xA9, 0xAD, 0xAE, 0xB2, 0xB6, 0xBA, 0xBF, 0xC1, 0xC9, 0x73, 0x5F, 0x54, 0x3B,
    0x36, 0x38, 0x33, 0x2D, 0x2C, 0x2A, 0x26, 0x25, 0x2A, 0x2F, 0x3D, 0x54, 0xC5, 0xC9, 0xC2, 0xBC,
    0xB4, 0xAF, 0xB5, 0xC4, 0xC9, 0xEA, 0x45, 0x34, 0x34, 0x34, 0x3A, 0x46, 0xEC, 0xB9, 0xB0, 0xB7,
    0xBC, 0xC4, 0xE1, 0x67, 0xCE, 0xBE, 0xB6, 0xB0, 0xAE, 0xAC, 0xAD, 0xB0, 0xB8, 0xC9, 0x58, 0x3B,
    0x32, 0x2F, 0x32, 0x2E, 0x24, 0x24, 0x25, 0x26, 0x2D, 0x36, 0x79, 0xB6, 0xAC, 0xA7, 0xAB, 0xB6,
    0xD4, 0x32, 0x26, 0x26, 0x2F, 0x42, 0xE6, 0xC5, 0xC6, 0xDA, 0xED, 0xD5, 0xBE, 0xBB, 0xB7, 0xB6,
    0xB6, 0xBC, 0xC7, 0xDB, 0x51, 0x3F, 0x3C, 0x48, 0x65, 0xE7, 0xCA, 0xC2, 0xBC, 0xC0, 0xED, 0x58,
    0x6D, 0x45, 0x46, 0x58, 0x42, 0x35, 0x31, 0x2D, 0x27, 0x20, 0x1D, 0x1C, 0x1B, 0x1C, 0x24, 0x34,
    0x6C, 0xB5, 0xA8, 0xA6, 0xA7, 0xAB, 0xB2, 0xBF, 0xC8, 0xBA, 0xB6, 0xB6, 0xB5, 0xAF, 0xBA, 0xC8,
    0xBE, 0xB9, 0xB8, 0xAF, 0xAB, 0xAB, 0xAA, 0xB0, 0xB9, 0xC8, 0x4E, 0x39, 0x34, 0x30, 0x35, 0x5C,
    0xCD, 0xBE, 0xAD, 0xA8, 0xA9, 0xAB, 0xAF, 0xB8, 0xC7, 0xDD, 0xDF, 0xC6, 0xC3, 0xC8, 0xCD, 0xC9,
    0xD8, 0x49, 0x3A, 0x3A, 0x39, 0x3D, 0x57, 0xDB, 0xC3, 0xBC, 0xBE, 0xCA, 0xEA, 0x51, 0x41, 0x41,
    0x45, 0x3F, 0x3A, 0x30, 0x2D, 0x2A, 0x2B, 0x2C, 0x2B, 0x2B, 0x2E, 0x30, 0x2D, 0x2E, 0x2D, 0x27,
    0x24, 0x24, 0x23, 0x24, 0x2D, 0x36, 0x30, 0x33, 0x3E, 0x4A, 0x53, 0xD7, 0xBA, 0xAF, 0xAF, 0xAC,
    0xA7, 0xAB, 0xB9, 0xC5, 0xC3, 0xBF, 0xB7, 0xB1, 0xB0, 0xB2, 0xB6, 0xB7, 0xBB, 0xC1, 0xBA, 0xAF,
    0xAB, 0xAB, 0xAC, 0xAE, 0xB4, 0xBA, 0xC7, 0xCC, 0xE8, 0x69, 0xD3, 0xC4, 0xC0, 0xCD, 0xDB, 0x53,
    0x2F, 0x24, 0x21, 0x20, 0x23, 0x2A, 0x3C, 0xCF, 0xB3, 0xAB, 0xA7, 0xAB, 0xB0, 0xBF, 0x6E, 0x48,
    0x3E, 0x3F, 0x50, 0xCF, 0xB8, 0xB5, 0xC0, 0xCD, 0xD8, 0x5E, 0x5B, 0x5E, 0x67, 0x67, 0xEB, 0xCE,
    0xD3, 0xD8, 0xD4, 0xDE, 0x71, 0x64, 0x4E, 0x3C, 0x3C, 0x46, 0x5B, 0x73, 0xE4, 0xC5, 0xBE, 0xB7,
    0xB0, 0xAE, 0xAF, 0xAE, 0xB1, 0xBD, 0xC1, 0xBF, 0xD6, 0x54, 0x41, 0x38, 0x2E, 0x24, 0x1E, 0x1D,
    0x1D, 0x1E, 0x24, 0x31, 0x45, 0x4F, 0x4F, 0x4D, 0x47, 0x3F, 0x3B, 0x3E, 0x3F, 0x3B, 0x47, 0xE9,
    0xD1, 0xCD, 0xC3, 0xB6, 0xAE, 0xB4, 0xBB, 0xBC, 0xBD, 0xC1, 0xBB, 0xB5, 0xB8, 0xB9, 0xB6, 0xB9,
    0xBC, 0xBC, 0xC0, 0xD8, 0xDC, 0xDB, 0xED, 0xDC, 0xE7, 0xE7, 0xE7, 0x6C, 0x4E, 0x4D, 0x50, 0x3E,
    0x3C, 0x4E, 0x50, 0x42, 0x41, 0x45, 0x4E, 0x49, 0x3F, 0x48, 0x70, 0x5B, 0x7E, 0xD0, 0xCA, 0xDB,
    0xDF, 0xE7, 0x5B, 0x4E, 0x54, 0xC7, 0xBA, 0xAF, 0xAA, 0xA5, 0xA8, 0xAC, 0xB5, 0xCA, 0x64, 0x5A,
    0x58, 0x66, 0xE7, 0x73, 0xDA, 0xC6, 0xBD, 0xBD, 0xC0, 0xE3, 0x44, 0x3B, 0x36, 0x34, 0x33, 0x30,
    0x30, 0x2E, 0x2A, 0x26, 0x26, 0x2C, 0x37, 0x44, 0x5A, 0xDB, 0xF7, 0x5D, 0x49, 0x45, 0x4D, 0x6B,
    0xED, 0xCA, 0xEB, 0x4D, 0x6C, 0x7C, 0xEA, 0xC9, 0xBD, 0xBF, 0xC3, 0xBE, 0xD1, 0xEE, 0xC7, 0xBC,
    0xBE, 0xBF, 0xCF, 0x6F, 0x6A, 0xDD, 0xCE, 0xD4, 0x52, 0x46, 0x44, 0x3E, 0x45, 0x6E, 0xD3, 0xCA,
    0xC5, 0xDD, 0x5F, 0x4E, 0x42, 0x3A, 0x3B, 0x41, 0x4C, 0x4C, 0x4A, 0x5A, 0xF6, 0xF4, 0x5B, 0x58,
    0x4E, 0x45, 0x48, 0x63, 0xD6, 0xCD, 0xC5, 0xC1, 0xC1, 0xCF, 0xEA, 0xDC, 0xCD, 0xCD, 0xDA, 0xCC,
    0xBF, 0xC6, 0xD2, 0xDB, 0xD3, 0xD3, 0xD4, 0xD7, 0xC7, 0xC8, 0xD8, 0xE7, 0xD0, 0xCA, 0xD5, 0xD7,
    0xCA, 0xE0, 0x62, 0xFF, 0xFF, 0x58, 0x67, 0xC5, 0xC1, 0xD0, 0xDB, 0xD5, 0x59, 0x44, 0x3F, 0x46,
    0x42, 0x3C, 0x3E, 0x3F, 0x4B, 0x6F, 0x62, 0x3C, 0x35, 0x38, 0x36, 0x35, 0x41, 0x5F, 0xDF, 0xD3,
    0xDB, 0xD8, 0xC8, 0xC1, 0xC1, 0xB9, 0xB0, 0xB5, 0xC6, 0xDD, 0xCE, 0xC9, 0xC5, 0xBB, 0xBB, 0xC4,
    0xD4, 0xE7, 0x6D, 0x5B, 0x5B, 0x66, 0xE7, 0x5D, 0x4B, 0xE3, 0xBE, 0xCA, 0x61, 0x4A, 0x38, 0x30,
    0x32, 0x32, 0x34, 0x3C, 0x4B, 0x7E, 0x65, 0x5F, 0xE9, 0x53, 0x38, 0x3B, 0x46, 0x34, 0x2F, 0x37,
    0x3B, 0x3D, 0x4C, 0xEE, 0xD1, 0xCD, 0xCD, 0xED, 0x6F, 0xDB, 0xE6, 0xF7, 0xC9, 0xBD, 0xC3, 0xC2,
    0xC1, 0xC4, 0xD3, 0xF4, 0x71, 0x5B, 0x6E, 0xD6, 0xD7, 0xDF, 0xDB, 0xEE, 0x55, 0x67, 0xF0, 0xDB,
    0xD5, 0xD6, 0x67, 0x5B, 0x55, 0x4B, 0x3B, 0x3A, 0x44, 0x3E, 0x3B, 0x4E, 0xDA, 0xC5, 0xC1, 0xC5,
    0xC1, 0xC4, 0xCA, 0xCE, 0xC6, 0xC1, 0xC6, 0xD3, 0xD6, 0x6A, 0x45, 0x40, 0x3D, 0x47, 0xD7, 0xC6,
    0xCC, 0xCF, 0xD5, 0x70, 0x54, 0x55, 0x7A, 0xD3, 0xC8, 0xCD, 0xC2, 0xB5, 0xBC, 0xC9, 0xC4, 0xCA,
    0xF2, 0x70, 0xE5, 0xF2, 0x67, 0xDF, 0xD9, 0x5B, 0x4D, 0x58, 0x67, 0x51, 0x3F, 0x3D, 0x43, 0x3C,
    0x3B, 0x40, 0x4E, 0x4F, 0x4D, 0x53, 0x4F, 0x3D, 0x33, 0x3A, 0x44, 0x3C, 0x3E, 0x4F, 0x67, 0xD8,
    0xBF, 0xBC, 0xBC, 0xBC, 0xC2, 0xE4, 0x59, 0x43, 0x39, 0x38, 0x3A, 0x3D, 0x42, 0x45, 0x49, 0x5D,
    0xED, 0xD4, 0xE6, 0x5E, 0x54, 0x5F, 0x79, 0xEB, 0xD0, 0xFA, 0x62, 0x62, 0x45, 0x47, 0xFD, 0xDB,
    0xE1, 0xDC, 0xC7, 0xD1, 0x52, 0x4F, 0x63, 0x6F, 0xD4, 0xC9, 0xCF, 0xD3, 0xCD, 0xCB, 0xD9, 0x76,
    0xF5, 0xDC, 0x5A, 0x58, 0x6F, 0xDB, 0xDB, 0xCF, 0xBF, 0xB9, 0xC3, 0xD0, 0xC1, 0xC8, 0x6C, 0xDE,
    0xC4, 0xCB, 0x6A, 0x53, 0xEB, 0xFF, 0x68, 0x66, 0x4E, 0x47, 0x57, 0x65, 0xEC, 0xC8, 0xB9, 0xB6,
    0xBD, 0xC7, 0xD3, 0xDA, 0xE4, 0x67, 0xFE, 0xEE, 0x6B, 0xFA, 0xDF, 0xE6, 0xE3, 0xD6, 0xE9, 0x55,
    0x5E, 0x54, 0x3C, 0x38, 0x47, 0x4F, 0x55, 0xF1, 0xDD, 0xFF, 0xFF, 0xCA, 0xD3, 0xCF, 0xCA, 0xDE,
    0x5C, 0x48, 0x38, 0x2E, 0x2F, 0x37, 0x40, 0x5F, 0xD6, 0xCF, 0xC9, 0xCA, 0xD0, 0xC4, 0xC5, 0xC1,
    0xC1, 0xE9, 0x56, 0x54, 0x79, 0xF8, 0x59, 0x50, 0x53, 0x3C, 0x3E, 0x53, 0x53, 0x5A, 0xD5, 0xCA,
    0xBF, 0xB9, 0xB9, 0xC6, 0xCD, 0xDA, 0x78, 0x55, 0x46, 0x4B, 0x57, 0x45, 0x3D, 0x4B, 0x59, 0x4F,
    0x49, 0x56, 0x63, 0x54, 0x5F, 0x7B, 0xE7, 0xF4, 0xFE, 0xE7, 0xE7, 0xD9, 0xC9, 0xBF, 0xBA, 0xBE,
    0xC1, 0xBE, 0xBC, 0xBF, 0xC3, 0xBB, 0xC5, 0xC0, 0xB0, 0xAF, 0xB7, 0xB6, 0xB4, 0xBA, 0xC4, 0xC9,
    0xCF, 0x58, 0x46, 0x4B, 0x53, 0x45, 0x41, 0x4D, 0x69, 0x6F, 0x67, 0x5B, 0x5B, 0x67, 0x4B, 0x48,
    0x56, 0x4D, 0x3D, 0x40, 0x67, 0x66, 0x53, 0x6D, 0x6A, 0xEE, 0xFD, 0xE2, 0x7D, 0x53, 0x53, 0x61,
    0xF2, 0x69, 0x46, 0x41, 0x5F, 0x4C, 0x43, 0xEB, 0xEB, 0x5D, 0xDC, 0xD6, 0x58, 0x46, 0x4B, 0x4D,
    0x46, 0x4C, 0x53, 0x56, 0x63, 0xE9, 0xFF, 0x69, 0x67, 0x59, 0x41, 0x3A, 0x3E, 0x42, 0x43, 0x4C,
    0x72, 0xE7, 0xE6, 0xD8, 0xDA, 0x50, 0x4C, 0x64, 0x59, 0x4F, 0x55, 0xF3, 0xD5, 0xD5, 0xD7, 0xCA,
    0xC4, 0xD5, 0xF8, 0xD4, 0xCD, 0xDD, 0xDE, 0xCD, 0xCF, 0xD9, 0xD2, 0xCB, 0xD9, 0x76, 0xDA, 0xC6,
    0xD8, 0xFF, 0xC4, 0xBE, 0xC8, 0xC0, 0xBE, 0xD4, 0xDB, 0xE4, 0xEA, 0xEE, 0xE7, 0xD6, 0xCB, 0xC9,
    0xC8, 0xC9, 0xCD, 0xC9, 0xC9, 0x61, 0x4B, 0x4D, 0x46, 0x3F, 0x4E, 0xED, 0xFF, 0x6D, 0xDA, 0xCA,
    0xD3, 0xF7, 0xF7, 0xE7, 0x5B, 0x53, 0x6C, 0xD2, 0xCB, 0xC9, 0xC5, 0xC5, 0xC6, 0xC9, 0xC9, 0xCE,
    0xDC, 0xE7, 0xFF, 0xE1, 0xC9, 0xC9, 0xCD, 0xD7, 0xF1, 0x5C, 0x74, 0xF6, 0x58, 0x41, 0x45, 0x53,
    0x58, 0x67, 0xCB, 0xC5, 0xCD, 0xCD, 0xCA, 0x5D, 0x3A, 0x34, 0x37, 0x3A, 0x3D, 0x4A, 0x62, 0xEF,
    0xDB, 0xE9, 0x58, 0x4E, 0x43, 0x39, 0x3A, 0x3F, 0x41, 0x46, 0x52, 0x55, 0x4C, 0x4A, 0x53, 0x54,
    0x47, 0x47, 0x5F, 0x5D, 0x55, 0x6A, 0xE8, 0xFF, 0xEC, 0xDB, 0xD7, 0xF6, 0x6F, 0xF3, 0xE7, 0xDA,
    0xCA, 0xCE, 0xDB, 0xCE, 0xCA, 0xDB, 0xDB, 0xC8, 0xD4, 0x7A, 0xDE, 0xC6, 0xCA, 0xD6, 0xCD, 0xC9,
    0xC6, 0xC5, 0xC5, 0xC5, 0xC3, 0xC8, 0xE7, 0xDC, 0xC8, 0xCF, 0xDB, 0xCA, 0xC3, 0xD7, 0x55, 0x58,
    0x4D, 0x47, 0x55, 0x53, 0x5E, 0x76, 0x5B, 0x5B, 0x5B, 0x6B, 0xFF, 0x67, 0x6D, 0xEB, 0xDB, 0xE0,
    0xE7, 0xDF, 0xCF, 0xCD, 0xCF, 0xCB, 0xC5, 0xC5, 0xC5, 0xC7, 0xCF, 0xE7, 0xD9, 0xC7, 0xC6, 0xCE,
    0xDB, 0x5B, 0x48, 0x46, 0x4B, 0x59, 0x5D, 0x67, 0x7E, 0xF4, 0xF6, 0x67, 0x67, 0x7A, 0x77, 0x67,
    0x67, 0xE1, 0x67, 0x3E, 0x3E, 0x4C, 0x53, 0x4F, 0x45, 0x47, 0x50, 0x64, 0x4F, 0x42, 0x3C, 0x3C,
    0x3A, 0x3D, 0x48, 0x3E, 0x3B, 0x48, 0x4D, 0x42, 0x46, 0x5E, 0x5E, 0x49, 0x51, 0xE9, 0xF5, 0x5D,
    0xF9, 0xD8, 0xE3, 0xE0, 0xCD, 0xC9, 0xD1, 0xDB, 0xD3, 0xD7, 0xDB, 0xD7, 0xD0, 0xDB, 0xE1, 0xCF,
    0xC6, 0xCC, 0xDA, 0xD1, 0xD1, 0xE8, 0xFF, 0xFF, 0xE4, 0xD7, 0xD3, 0xDB, 0xD0, 0xC6, 0xC9, 0xCD,
    0xCA, 0xD0, 0xDB, 0xDB, 0xD6, 0xDB, 0xEE, 0x5C, 0x4D, 0x4D, 0x53, 0x67, 0x67, 0x6B, 0xDF, 0xD4,
    0xDD, 0xF3, 0xE7, 0xF3, 0xE7, 0xD2, 0xD0, 0xDB, 0xD7, 0xCB, 0xCA, 0xCD, 0xCD, 0xCD, 0xCD, 0xCA,
    0xC7, 0xCF, 0xE6, 0xD8, 0xCE, 0xD5, 0xD7, 0xC6, 0xC8, 0xD1, 0xCC, 0xC7, 0x79, 0x41, 0x46, 0x65,
    0x5E, 0x4C, 0x5D, 0xE8, 0xDB, 0xDB, 0xDB, 0xDB, 0xDE, 0x6F, 0x5A, 0x57, 0x65, 0x5D, 0x46, 0x3E,
    0x3F, 0x4B, 0x4D, 0x4D, 0xEE, 0xD9, 0x5E, 0x3E, 0x3A, 0x3B, 0x36, 0x39, 0x41, 0x41, 0x47, 0x5E,
    0xD8, 0xDA, 0x58, 0x50, 0x7B, 0x56, 0x43, 0x47, 0x5F, 0x65, 0x7C, 0xD3, 0xE7, 0xEC, 0xCF, 0xCE,
    0xE7, 0xE9, 0xD1, 0xDB, 0x67, 0x6A, 0xD7, 0xCD, 0xD0, 0xCE, 0xC3, 0xC0, 0xC5, 0xC5, 0xC5, 0xD5,
    0xE0, 0xD5, 0xE1, 0xFF, 0x69, 0xE7, 0xCC, 0xC5, 0xC8, 0xCD, 0xC3, 0xCB, 0xF9, 0xD4, 0xC7, 0xDA,
    0x55, 0x4D, 0x5B, 0x5B, 0x69, 0xE8, 0xF7, 0x63, 0x61, 0x67, 0x5D, 0x53, 0x5D, 0xFF, 0x69, 0x4E,
    0xF7, 0xCE, 0xE4, 0xDF, 0xCD, 0xCE, 0xE5, 0x6C, 0xFF, 0x7D, 0x67, 0x78, 0xD2, 0xCD, 0xDA, 0xCB,
    0xC5, 0xD3, 0xD3, 0xD3, 0xDF, 0xFF, 0x5C, 0x4C, 0x3F, 0x43, 0x57, 0x54, 0x4F, 0x7A, 0xE7, 0xE7,
    0xD7, 0xDD, 0x67, 0xED, 0x76, 0x67, 0xE7, 0xE7, 0x4C, 0x40, 0x4B, 0x42, 0x46, 0x5E, 0x66, 0x58,
    0x5A, 0x48, 0x3E, 0x41, 0x43, 0x3E, 0x3D, 0x49, 0x52, 0x4D, 0x4D, 0x4D, 0x4F, 0x5F, 0x67, 0x6F,
    0xEA, 0xDA, 0xD8, 0xDB, 0xCF, 0xCC, 0xD6, 0xFF, 0xE9, 0xD1, 0xE7, 0xE7, 0xC9, 0xCC, 0xE3, 0xCB,
    0xC9, 0xCC, 0xCA, 0xCD, 0xD2, 0xCF, 0xC9, 0xCE, 0xDB, 0xD9, 0xD3, 0xDC, 0xE7, 0xDD, 0xCD, 0xD0,
    0xD3, 0xCB, 0xC8, 0xD4, 0xD4, 0xCD, 0xD2, 0x64, 0x4A, 0x4F, 0x46, 0x3F, 0x53, 0x65, 0x4C, 0x4C,
    0x67, 0x6B, 0x4F, 0x56, 0xE7, 0xDB, 0xDF, 0xCF, 0xC9, 0xCB, 0xD2, 0xD2, 0xC9, 0xC5, 0xD0, 0xDB,
    0xC9, 0xCB, 0xD8, 0xCF, 0xC1, 0xC5, 0xD3, 0xCF, 0xC6, 0xCD, 0xD2, 0xDB, 0xDB, 0xCE, 0xDB, 0xD6,
    0xDD, 0x5C, 0x4D, 0x5F, 0xFF, 0xDC, 0xCF, 0xDF, 0x5D, 0xFF, 0x69, 0x4E, 0x5D, 0xFF, 0xFF, 0xD3,
    0xC9, 0xD4, 0xDC, 0xD9, 0x59, 0x3C, 0x3A, 0x4F, 0x51, 0x38, 0x34, 0x43, 0x3E, 0x35, 0x3A, 0x4B,
    0x45, 0x38, 0x3C, 0x49, 0x41, 0x3F, 0x52, 0xDF, 0xD5, 0xE1, 0xFE, 0xE7, 0xF7, 0x5C, 0x7E, 0xCF,
    0xFF, 0x53, 0xE7, 0xCF, 0x7D, 0x4F, 0xEE, 0xD4, 0x57, 0x50, 0xE7, 0xE7, 0x6E, 0xFA, 0xD6, 0xC6,
    0xBE, 0xC3, 0xC6, 0xC6, 0xC5, 0xD0, 0xDA, 0xCE, 0xD6, 0xE2, 0xC1, 0xC1, 0xC8, 0xBF, 0xC9, 0xE6,
    0x53, 0x49, 0x3E, 0x3F, 0x4C, 0x5F, 0xFF, 0xE7, 0xDD, 0xD3, 0xDD, 0x6F, 0x7B, 0xE7, 0x75, 0xE7,
    0xC9, 0xBE, 0xBF, 0xC3, 0xC1, 0xC8, 0xD1, 0xCE, 0xEE, 0x6A, 0xE7, 0xF1, 0xFF, 0xE7, 0xF5, 0xFD,
    0xE7, 0xE7, 0xE1, 0xDD, 0xE7, 0xE7, 0xCC, 0xCD, 0xCD, 0xC7, 0xDD, 0x4C, 0x41, 0x3E, 0x3F, 0x4A,
    0x4D, 0x4D, 0x59, 0x6D, 0x67, 0xF9, 0xD5, 0xDE, 0x6F, 0xEA, 0x76, 0x59, 0xFE, 0xE7, 0x4B, 0x3D,
    0x44, 0x46, 0x3F, 0x3A, 0x3A, 0x37, 0x33, 0x3D, 0x3C, 0x2F, 0x33, 0x45, 0x4D, 0x42, 0x44, 0x59,
    0x5D, 0x4A, 0x5C, 0xD5, 0xD9, 0x5F, 0xCC, 0xBE, 0xCA, 0xCD, 0xC4, 0xCE, 0xE9, 0xEF, 0xDC, 0xDE,
    0x75, 0xFE, 0xDD, 0xD3, 0xE7, 0xDF, 0xCE, 0xCF, 0xD9, 0xCD, 0xC8, 0xC9, 0xC6, 0xC7, 0xC2, 0xC3,
    0xC5, 0xCE, 0xDF, 0xE7, 0xE7, 0xDA, 0xD3, 0xCD, 0xD1, 0x59, 0x49, 0x51, 0x4B, 0x3F, 0x41, 0x4B,
    0x47, 0x48, 0xDF, 0xDA, 0x54, 0xE3, 0xC6, 0x78, 0x4F, 0x5C, 0x67, 0x5C, 0x71, 0xDE, 0xD4, 0xD8,
    0xCE, 0xC5, 0xC4, 0xCD, 0xFF, 0xE1, 0xCE, 0xE6, 0x6A, 0xE4, 0xD7, 0xD3, 0xCF, 0xC9, 0xCE, 0xD3,
    0xCB, 0xC2, 0xCF, 0xDB, 0xED, 0x6B, 0x53, 0x57, 0xED, 0xEB, 0x63, 0x5B, 0x6D, 0xFF, 0x65, 0x5B,
    0x65, 0xE7, 0xF4, 0xFC, 0xD0, 0xCA, 0xDB, 0xDB, 0x5E, 0x39, 0x34, 0x3A, 0x39, 0x32, 0x31, 0x3A,
    0x45, 0x3F, 0x3E, 0x49, 0x48, 0x3D, 0x43, 0x4C, 0x49, 0x4D, 0x51, 0x5C, 0x6F, 0xFF, 0xFF, 0xE3,
    0xCD, 0xC7, 0xD6, 0xE7, 0xDF, 0xDB, 0xD3, 0xD9, 0xFD, 0xD8, 0xD3, 0xD6, 0xDF, 0xFA, 0xF2, 0xE7,
    0xCD, 0xCB, 0xD2, 0xC5, 0xC1, 0xCD, 0xC7, 0xBC, 0xC6, 0xD3, 0xCB, 0xCC, 0xEA, 0xDC, 0xCF, 0xD3,
    0xDA, 0xD7, 0x5F, 0x55, 0x56, 0x49, 0x45, 0x45, 0x42, 0x4B, 0x63, 0x67, 0x73, 0xE7, 0xEE, 0x6B,
    0x67, 0x67, 0x5C, 0x4C, 0x4F, 0xFA, 0xCA, 0xC9, 0xD2, 0xC7, 0xC1, 0xCE, 0xDE, 0xD3, 0xD2, 0xE4,
    0xE4, 0xE0, 0xFE, 0xDE, 0xC9, 0xC9, 0xCB, 0xC7, 0xC2, 0xCA, 0xD3, 0xDB, 0xDB, 0xD4, 0xEF, 0x4F,
    0x4A, 0x50, 0x53, 0x53, 0x59, 0x53, 0x57, 0x65, 0x63, 0x5B, 0x49, 0x47, 0x5C, 0xDE, 0x5E, 0x77,
    0xC9, 0xCC, 0x67, 0x5C, 0x53, 0x3E, 0x32, 0x34, 0x3B, 0x38, 0x35, 0x3B, 0x45, 0x44, 0x40, 0x41,
    0x44, 0x3F, 0x3E, 0x41, 0x57, 0xEB, 0x63, 0x7E, 0xCB, 0xCA, 0xD4, 0xD3, 0xD2, 0xF0, 0xF6, 0xCD,
    0xCF, 0xE0, 0xDA, 0xCD, 0xC6, 0xC4, 0xD3, 0xE6, 0xCC, 0xC9, 0xE3, 0x69, 0xD5, 0xCC, 0xDE, 0xF3,
    0xC8, 0xC5, 0xD8, 0xCB, 0xC9, 0xCF, 0xD3, 0xE7, 0xE0, 0xCF, 0xDE, 0x4D, 0x4D, 0x55, 0x4A, 0x4A,
    0x57, 0x54, 0x46, 0x4C, 0x67, 0x61, 0x70, 0xE5, 0xF1, 0x7B, 0xE3, 0xEC, 0xE6, 0xD3, 0xE1, 0x62,
    0xD3, 0xCD, 0xFF, 0xFF, 0xD4, 0xEE, 0xFF, 0xCB, 0xC1, 0xC5, 0xC7, 0xC7, 0xCE, 0xD4, 0xC7, 0xCA,
    0x78, 0x67, 0xC7, 0xC4, 0xD2, 0xC6, 0xBD, 0xC4, 0xDF, 0xFF, 0xE7, 0x5B, 0x45, 0x50, 0xD7, 0xE4,
    0x5E, 0xFD, 0xD8, 0xED, 0x6A, 0xDE, 0xD3, 0xE1, 0xEC, 0xE6, 0xDF, 0xF9, 0xF9, 0x63, 0x3D, 0x2F,
    0x2F, 0x32, 0x32, 0x32, 0x3B, 0x40, 0x3F, 0x44, 0x4C, 0x45, 0x3F, 0x41, 0x45, 0x48, 0x4D, 0x5E,
    0x67, 0x5B, 0x5F, 0xDE, 0xCD, 0xD0, 0xDB, 0xD8, 0xD3, 0xEC, 0x5F, 0x5B, 0x59, 0x4C, 0x4A, 0xF6,
    0xCF, 0xD3, 0xCD, 0xC6, 0xC4, 0xBF, 0xC2, 0xCD, 0xCE, 0xCA, 0xDE, 0xFF, 0xD1, 0xC0, 0xC6, 0xC9,
    0xBF, 0xBB, 0xC3, 0x69, 0x4D, 0x4D, 0x49, 0x4F, 0xED, 0x7E, 0x53, 0x68, 0xDA, 0x62, 0x4C, 0x6F,
    0xE9, 0x51, 0x51, 0xFF, 0x6A, 0x5B, 0x5F, 0xE7, 0xD5, 0xCD, 0xCB, 0xC5, 0xC1, 0xCC, 0xE1, 0xCF,
    0xCD, 0xE7, 0xD2, 0xBF, 0xC9, 0xDA, 0xC7, 0xC5, 0xCD, 0xD9, 0xD9, 0xE7, 0xE7, 0xDC, 0xDF, 0xCA,
    0xBE, 0xBE, 0xC0, 0xD8, 0x5B, 0x5A, 0x59, 0x4C, 0x49, 0x52, 0xF4, 0xCC, 0xC8, 0xCD, 0xCD, 0xD1,
    0x7B, 0x5F, 0x78, 0x73, 0x57, 0x5B, 0xF6, 0xD9, 0x46, 0x2E, 0x2F, 0x37, 0x32, 0x31, 0x36, 0x35,
    0x35, 0x38, 0x40, 0x49, 0x47, 0x45, 0x54, 0x5D, 0x52, 0x57, 0x7B, 0x6F, 0x56, 0x5C, 0xEB, 0xDB,
    0xE5, 0xD7, 0xCE, 0xCF, 0xDE, 0xE7, 0xE7, 0xF8, 0x64, 0x5B, 0x7A, 0xD6, 0xCD, 0xD3, 0xCE, 0xC3,
    0xC5, 0xC8, 0xCD, 0xCD, 0xC8, 0xC6, 0xCF, 0xCF, 0xC5, 0xC9, 0xD3, 0xD6, 0xD7, 0x4F, 0x3E, 0x48,
    0x53, 0x4A, 0x49, 0x4B, 0x4D, 0x5C, 0xEE, 0xE6, 0xEC, 0xED, 0x7D, 0x5B, 0x5B, 0xED, 0x56, 0x42,
    0x65, 0xD3, 0xE7, 0xDC, 0xC1, 0xC8, 0xF6, 0xDD, 0xC9, 0xDF, 0x6C, 0xD0, 0xCA, 0xC9, 0xC7, 0xCD,
    0xCB, 0xD7, 0x6A, 0xD0, 0xC5, 0xDB, 0xEA, 0xCD, 0xC3, 0xC8, 0xC9, 0xC7, 0xC2, 0xCB, 0x5F, 0x53,
    0x5B, 0x5B, 0x4D, 0x58, 0x7C, 0x6E, 0xEC, 0xD3, 0xFE, 0x4D, 0x70, 0xF5, 0x47, 0x4D, 0xE0, 0x78,
    0x50, 0xFA, 0x7E, 0x3C, 0x2F, 0x31, 0x35, 0x32, 0x31, 0x38, 0x3D, 0x40, 0x45, 0x4B, 0x51, 0x4A,
    0x4D, 0x52, 0x53, 0x53, 0x5B, 0x5B, 0x63, 0x67, 0x6F, 0xE9, 0xD8, 0xF4, 0x69, 0xD5, 0xCA, 0xD5,
    0xE0, 0xD5, 0xCF, 0xD9, 0xDB, 0xD8, 0xDA, 0xDB, 0xDB, 0xDB, 0xE7, 0xE7, 0xDC, 0xE0, 0xCF, 0xC0,
    0xBC, 0xC5, 0xC8, 0xBE, 0xC8, 0x54, 0x45, 0x4F, 0x44, 0x3C, 0x47, 0x4F, 0x4D, 0x49, 0x46, 0x4E,
    0x53, 0x4D, 0x5A, 0x67, 0x59, 0x4D, 0x53, 0x67, 0x67, 0x6A, 0xD8, 0xD3, 0xDA, 0xCD, 0xCD, 0xD1,
    0xC8, 0xCE, 0xDB, 0xDD, 0xDF, 0xEE, 0xD4, 0xC8, 0xCD, 0xCC, 0xC3, 0xCC, 0xD1, 0xC6, 0xBE, 0xBF,
    0xC1, 0xC1, 0xC5, 0xCD, 0xD1, 0xD0, 0xDC, 0xEB, 0xE4, 0x6B, 0x47, 0x4D, 0xDF, 0xE7, 0x68, 0xDD,
    0xDA, 0x5F, 0x50, 0x53, 0x5C, 0x51, 0x54, 0x5F, 0x67, 0xE1, 0xCF, 0xDB, 0x59, 0x53, 0x48, 0x37,
    0x31, 0x31, 0x35, 0x38, 0x3B, 0x3F, 0x45, 0x45, 0x45, 0x4C, 0x61, 0x5B, 0x53, 0x59, 0x5A, 0x4D,
    0x49, 0x50, 0x5B, 0x54, 0x73, 0xC9, 0xC0, 0xCD, 0xD3, 0xC6, 0xE8, 0x4E, 0x5F, 0x67, 0x49, 0x5A,
    0xCA, 0xCB, 0xD6, 0xC3, 0xB9, 0xBE, 0xC0, 0xBF, 0xC9, 0xCB, 0xCD, 0xE2, 0xCA, 0xBF, 0xCF, 0x5E,
    0x67, 0x5D, 0x53, 0x52, 0x4F, 0x53, 0x53, 0x45, 0x4E, 0x61, 0x4C, 0x5F, 0xD6, 0xF4, 0x59, 0x5E,
    0xFF, 0xF1, 0xF9, 0xF9, 0xDA, 0xD3, 0xE7, 0xDE, 0xCA, 0xD0, 0xCD, 0xC9, 0xCC, 0xC6, 0xC5, 0xC8,
    0xC1, 0xBD, 0xC8, 0xCC, 0xC3, 0xC5, 0xD0, 0xCA, 0xCB, 0xDF, 0xE7, 0xCC, 0xCC, 0xD3, 0xCA, 0xC5,
    0xCD, 0xC9, 0xC5, 0x76, 0x45, 0x4E, 0xFF, 0x58, 0x47, 0x62, 0xDC, 0x75, 0xF3, 0xD3, 0xCF, 0xE2,
    0x78, 0x67, 0x5C, 0x56, 0x4B, 0x45, 0x43, 0x49, 0x51, 0x46, 0x3B, 0x3A, 0x37, 0x35, 0x39, 0x3E,
    0x3E, 0x42, 0x4D, 0x4B, 0x41, 0x48, 0x67, 0x5C, 0x58, 0xF5, 0xE9, 0x55, 0x52, 0xEF, 0xD8, 0x6B,
    0x5E, 0x74, 0x79, 0x53, 0x61, 0xD2, 0xD0, 0xFA, 0xE2, 0xD6, 0xE7, 0xE7, 0xD6, 0xDB, 0xDB, 0xCA,
    0xC0, 0xC0, 0xC5, 0xBF, 0xBE, 0xCC, 0x6F, 0x53, 0x46, 0x3F, 0x3F, 0x47, 0x4D, 0x53, 0x53, 0x53,
    0x64, 0xEB, 0xDB, 0xDB, 0xE6, 0x5F, 0x4F, 0x54, 0x5B, 0x5B, 0xF3, 0xD7, 0xDB, 0xEC, 0xD5, 0xC1,
    0xC3, 0xCD, 0xC9, 0xBE, 0xC5, 0xD8, 0xBF, 0xB7, 0xC9, 0xC7, 0xBE, 0xBF, 0xC5, 0xC4, 0xC7, 0xC9,
    0xC7, 0xC9, 0xC7, 0xBF, 0xBD, 0xC5, 0xC5, 0xBF, 0xC6, 0xD2, 0xD9, 0xCF, 0xC6, 0xCD, 0x79, 0x5B,
    0x69, 0xE8, 0x6F, 0x4D, 0x55, 0x62, 0x48, 0x52, 0xDE, 0xFA, 0xE2, 0xCA, 0xCE, 0xDF, 0x6C, 0x4E,
    0x3F, 0x3C, 0x3B, 0x3E, 0x40, 0x36, 0x33, 0x39, 0x3A, 0x3E, 0x44, 0x43, 0x4A, 0x49, 0x3F, 0x40,
    0x4F, 0x49, 0x47, 0x71, 0xDF, 0x67, 0xDD, 0xD6, 0xED, 0xE8, 0xFF, 0x5E, 0x67, 0x67, 0x67, 0xF5,
    0xD8, 0xC9, 0xC5, 0xD1, 0xDB, 0xDB, 0xDB, 0xE2, 0xD6, 0xCA, 0xD7, 0xFA, 0xC9, 0xBC, 0xCD, 0x67,
    0x57, 0x4B, 0x3D, 0x48, 0x67, 0x5E, 0x53, 0x5E, 0xEE, 0x7A, 0x67, 0x67, 0x67, 0x5E, 0x5C, 0x60,
    0x5B, 0x60, 0xF1, 0xFF, 0xF5, 0xDE, 0xE5, 0xD0, 0xCD, 0xE7, 0xD5, 0xC6, 0xD1, 0xEC, 0xD2, 0xCD,
    0xF1, 0xE9, 0xC9, 0xC5, 0xC9, 0xC4, 0xBC, 0xBD, 0xC8, 0xC9, 0xC7, 0xDC, 0x61, 0x70, 0xDA, 0xD3,
    0xD3, 0xCC, 0xC4, 0xBD, 0xC3, 0xC9, 0xC8, 0x5D, 0x37, 0x3A, 0x4E, 0x52, 0x45, 0x5C, 0xD8, 0x59,
    0x4D, 0xDE, 0xF6, 0x4A, 0x4F, 0x62, 0x50, 0x40, 0x45, 0x56, 0x50, 0x46, 0x4F, 0x5B, 0x40, 0x34,
    0x34, 0x38, 0x35, 0x38, 0x46, 0x5A, 0x48, 0x48, 0xDB, 0xD7, 0x50, 0x47, 0x58, 0x67, 0x48, 0x4D,
    0xE7, 0xEE, 0xFF, 0xCD, 0xC7, 0xD2, 0xCB, 0xCD, 0xDC, 0xE0, 0xF4, 0x5A, 0x63, 0xDC, 0xE8, 0x76,
    0xD0, 0xC3, 0xC9, 0xCB, 0xBD, 0xBE, 0xCC, 0xCE, 0x61, 0x4B, 0x4D, 0x53, 0x58, 0x68, 0xE7, 0x6E,
    0x57, 0xE6, 0xDB, 0x59, 0x59, 0x66, 0x55, 0x52, 0x5E, 0x6E, 0x67, 0x5E, 0x59, 0xF9, 0xDA, 0xF9,
    0xEA, 0xCD, 0xDB, 0xF4, 0xD8, 0xCE, 0xE6, 0xFF, 0xD0, 0xCC, 0xD3, 0xDB, 0xC5, 0xBD, 0xCD, 0xCE,
    0xC1, 0xC6, 0xDB, 0xCD, 0xBE, 0xC3, 0xD0, 0xD4, 0xCC, 0xC9, 0xCD, 0xC8, 0xC5, 0xC5, 0xC5, 0xC5,
    0xC3, 0xD1, 0x52, 0x4B, 0x58, 0x5A, 0x4F, 0x5A, 0xF5, 0x72, 0x67, 0x6E, 0xFF, 0xFF, 0x64, 0x5B,
    0x4B, 0x40, 0x3B, 0x45, 0x6C, 0x46, 0x3D, 0x45, 0x43, 0x39, 0x37, 0x39, 0x31, 0x32, 0x44, 0x52,
    0x3C, 0x4A, 0xE1, 0x4B, 0x45, 0x58, 0x59, 0x5B, 0x5B, 0x55, 0x70, 0xF5, 0x5C, 0x58, 0xDE, 0xEA,
    0x7B, 0xCC, 0xC4, 0xD5, 0xDB, 0xCC, 0xDA, 0x5B, 0x6E, 0xDD, 0xDF, 0xED, 0xD4, 0xC1, 0xC4, 0xD2,
    0xD3, 0x6D, 0x48, 0x43, 0x53, 0x56, 0x55, 0x54, 0x5F, 0xEA, 0xDB, 0xE2, 0xE7, 0xEE, 0xFF, 0x67,
    0x67, 0x7C, 0x67, 0x67, 0xE6, 0xDB, 0xE4, 0xE7, 0xDA, 0xD3, 0xDB, 0xDB, 0xD3, 0xD3, 0xCB, 0xC5,
    0xC1, 0xC5, 0xCF, 0xD3, 0xC9, 0xC7, 0xC9, 0xC8, 0xCA, 0xCD, 0xCB, 0xD1, 0xCB, 0xC2, 0xD1, 0x6D,
    0xC7, 0xBB, 0xCD, 0xD3, 0xC5, 0xC6, 0xCD, 0xCA, 0xBF, 0xBF, 0xC3, 0xCF, 0xFF, 0x6E, 0x5C, 0x5E,
    0x75, 0xE8, 0x70, 0x67, 0xE4, 0xDB, 0xFD, 0xFE, 0xD6, 0x6A, 0x3D, 0x3C, 0x3E, 0x38, 0x3E, 0x4C,
    0x43, 0x4B, 0x6F, 0x5E, 0x3C, 0x36, 0x34, 0x32, 0x37, 0x3F, 0x45, 0x49, 0x67, 0x67, 0x5C, 0x67,
    0x67, 0x6D, 0xDF, 0x6A, 0x67, 0xF3, 0x7C, 0x67, 0x79, 0xDA, 0xCF, 0xCA, 0xD1, 0xE3, 0xE4, 0xD7,
    0xF5, 0x57, 0xEA, 0xD3, 0x58, 0x55, 0xD7, 0xC5, 0xD1, 0x5F, 0xED, 0xE8, 0x4D, 0x5E, 0xDF, 0x53,
    0x3F, 0x4D, 0x6C, 0x53, 0x4F, 0x60, 0x79, 0x70, 0xDD, 0xDE, 0xF5, 0xE5, 0xDA, 0x6D, 0x5E, 0xEE,
    0x5C, 0x62, 0xCF, 0xDB, 0xDF, 0xC2, 0xC0, 0xCE, 0xCA, 0xBF, 0xC8, 0xD0, 0xC3, 0xC9, 0xC8, 0xC5,
    0xC9, 0xCB, 0xD1, 0xD3, 0xCF, 0xCD, 0xCD, 0xC8, 0xC6, 0xCC, 0xC3, 0xBD, 0xC4, 0xC9, 0xC3, 0xC8,
    0xD3, 0xD0, 0xCA, 0xC9, 0xD1, 0xE6, 0x74, 0x58, 0x4D, 0x4F, 0x64, 0x67, 0x5F, 0x5B, 0x56, 0x5B,
    0x5A, 0x53, 0x4E, 0x43, 0x3B, 0x3A, 0x3E, 0x44, 0x45, 0x41, 0x48, 0x67, 0x5E, 0x4D, 0x4E, 0x43,
    0x3A, 0x36, 0x3C, 0x3F, 0x3F, 0x4A, 0xDE, 0xDE, 0x58, 0x5D, 0xD5, 0xDB, 0x61, 0xF9, 0xD7, 0x62,
    0x5D, 0xDC, 0xD3, 0xD9, 0xD8, 0xC9, 0xC1, 0xC8, 0xDB, 0xD7, 0xCA, 0xD4, 0x6F, 0x6B, 0xE7, 0x6B,
    0xF7, 0xE7, 0x49, 0x38, 0x37, 0x3D, 0x3F, 0x3E, 0x45, 0x56, 0x67, 0x6B, 0xD7, 0xCF, 0x64, 0x4E,
    0xEE, 0xED, 0x5B, 0x76, 0xDB, 0xDE, 0xDE, 0xCA, 0xCD, 0xE2, 0xE5, 0xD3, 0xDA, 0xE4, 0xCE, 0xC6,
    0xC7, 0xCC, 0xCD, 0xC7, 0xC5, 0xCA, 0xD0, 0xDB, 0xCF, 0xD3, 0xE3, 0xCF, 0xCA, 0xD1, 0xC8, 0xBB,
    0xBE, 0xCB, 0xC9, 0xC3, 0xC1, 0xC7, 0xC9, 0xCA, 0xCF, 0xDA, 0xD3, 0xCD, 0xC6, 0xCB, 0xCD, 0xCE,
    0x73, 0x48, 0x46, 0x51, 0x66, 0x53, 0x4C, 0x5B, 0x57, 0x4E, 0x53, 0x53, 0x49, 0x44, 0x41, 0x41,
    0x3F, 0x3F, 0x46, 0x4C, 0x45, 0x42, 0x56, 0xF2, 0x4B, 0x3B, 0x3D, 0x3E, 0x3A, 0x3A, 0x3E, 0x41,
    0x41, 0x41, 0x4D, 0x62, 0x66, 0x6C, 0xD6, 0xCD, 0xE7, 0xFD, 0xDB, 0x5A, 0x4E, 0x5E, 0xEA, 0xD3,
    0xD3, 0xDB, 0xC8, 0xC0, 0xCB, 0xD4, 0xCD, 0xD9, 0x6D, 0xE7, 0x5F, 0x41, 0x3B, 0x44, 0x60, 0x59,
    0x4A, 0x5C, 0xE7, 0x61, 0x52, 0xE7, 0xFC, 0x4D, 0xEC, 0xCA, 0xE5, 0x5E, 0x6D, 0xE7, 0xE7, 0xFF,
    0xDB, 0xC9, 0xCB, 0xE2, 0xDE, 0xCB, 0xCD, 0xDE, 0xDE, 0xC9, 0xC3, 0xD0, 0xC8, 0xBE, 0xCD, 0xCC,
    0xC3, 0xCB, 0xE7, 0xDC, 0xDA, 0xED, 0xD3, 0xCF, 0xD3, 0xBE, 0xBC, 0xC1, 0xBD, 0xC5, 0xD3, 0xCE,
    0xD0, 0xD3, 0xD3, 0xCE, 0xC3, 0xB8, 0xB5, 0xBD, 0xBE, 0xC6, 0x53, 0x45, 0x4B, 0x45, 0x42, 0x56,
    0xFF, 0x70, 0x6A, 0xE7, 0x66, 0x4B, 0x44, 0x3D, 0x39, 0x3D, 0x46, 0x45, 0x43, 0x4F, 0x5B, 0x53,
    0x52, 0x70, 0x75, 0x52, 0x3C, 0x3C, 0x3C, 0x38, 0x3E, 0x47, 0x49, 0x4A, 0x4F, 0x53, 0x5D, 0x5F,
    0x66, 0x74, 0xF6, 0x5A, 0x56, 0xEC, 0xDA, 0x5A, 0x5B, 0xD1, 0xD7, 0xFB, 0xDC, 0xCE, 0xE3, 0xF7,
    0xDB, 0xD1, 0xE3, 0x57, 0x3F, 0x3E, 0x4C, 0x47, 0x42, 0x4F, 0x4E, 0x46, 0x4E, 0x5B, 0x51, 0x56,
    0xFD, 0xEE, 0x6A, 0x5D, 0xE3, 0xCE, 0xFE, 0x56, 0xDC, 0xFC, 0x4C, 0x79, 0xC8, 0xCD, 0xD9, 0xC9,
    0xBF, 0xC5, 0xC6, 0xBE, 0xC5, 0xDB, 0xDB, 0xD5, 0xDA, 0xCF, 0xC3, 0xCC, 0xD8, 0xCD, 0xD2, 0xE4,
    0xD8, 0xCE, 0xD3, 0xC9, 0xBE, 0xC2, 0xCE, 0xC3, 0xC0, 0xD1, 0xD4, 0xBF, 0xC2, 0xCA, 0xCA, 0xC5,
    0xC5, 0xC8, 0xC9, 0xCF, 0xCF, 0x76, 0x50, 0x52, 0x67, 0x55, 0x49, 0x59, 0x76, 0x5A, 0x53, 0x4E,
    0x48, 0x43, 0x41, 0x4F, 0x53, 0x47, 0x54, 0x65, 0x4F, 0x49, 0x54, 0xFF, 0x6A, 0x52, 0x54, 0x54,
    0x47, 0x3B, 0x3B, 0x48, 0x3F, 0x3A, 0x46, 0x52, 0x49, 0x4F, 0x5B, 0x50, 0x57, 0xE0, 0xDD, 0xE7,
    0xDE, 0xD3, 0xDC, 0xE7, 0xFB, 0xFF, 0xED, 0xE7, 0xDB, 0xDB, 0xE7, 0xEF, 0x69, 0x67, 0x67, 0x67,
    0xFF, 0xFF, 0xFF, 0xFF, 0xFF, 0xFF, 0xFF, 0xFF, 0xFF, 0xFF, 0xFF, 0xFF, 0xFF, 0xFF, 0xFF, 0xFF,
    0xFF, 0xFF, 0xFF, 0xFF, 0xFF, 0xFF, 0xFF, 0xFF, 0xFF, 0xFF, 0xFF, 0xFF, 0xFF, 0xFF, 0xFF, 0xFF,
    0xFF, 0xFF, 0xFF, 0xFF, 0xFF, 0xFF, 0xFF, 0xFF, 0xFF, 0xFF, 0xFF, 0xFF, 0xFF, 0xFF, 0xFF, 0xFF,
    0xFF, 0xFF, 0xFF, 0xFF, 0xFF, 0xFF, 0xFF, 0xFF, 0xFF, 0xFF, 0xFF, 0xFF, 0xFF, 0xFF, 0xFF, 0xFF,
    0xFF, 0xFF, 0xFF, 0xFF, 0xFF, 0xFF, 0xFF, 0xFF, 0xFF, 0xFF, 0xFF, 0xFF, 0xFF, 0xFF, 0xFF, 0xFF,
    0xFF, 0xFF, 0xFF, 0xFF, 0xFF, 0xFF, 0xFF, 0xFF, 0xFF, 0xFF, 0xFF, 0xFF, 0xFF, 0xFF, 0xFF, 0xFF,
    0xFF, 0xFF, 0xFF, 0xFF, 0xFF, 0xFF, 0xFF, 0xFF, 0xFF, 0xFF, 0xFF, 0xFF, 0xFF, 0xFF, 0xFF, 0xFF,
    0xFF, 0xFF, 0xFF, 0xFF, 0xFF, 0xFF, 0xFF, 0xFF, 0xFF, 0xFF, 0xFF, 0xFF, 0xFF, 0xFF, 0xFF, 0xFF,
    0xFF, 0xFF, 0xFF, 0xFF, 0xFF, 0xFF, 0xFF, 0xFF, 0xFF, 0xFF, 0xFF, 0xFF, 0xFF, 0xFF, 0xFF, 0xFF,
    0xFF, 0xFF, 0xFF, 0xFF, 0xFF, 0xFF, 0xFF, 0xFF, 0xFF, 0xFF, 0xFF, 0xFF, 0xFF, 0xFF, 0xFF, 0xFF,
    0xFF, 0xFF, 0xFF, 0xFF, 0xFF, 0xFF, 0xFF, 0xFF, 0xFF, 0xFF, 0xFF, 0xFF, 0xFF, 0xFF, 0xFF, 0xFF,
    0xFF, 0xFF, 0xFF, 0xFF, 0xFF, 0xFF, 0xFF, 0xFF, 0xFF, 0xFF, 0xFF,
};
static const unsigned int snd_leap_len = 15035;

/* big_capture.wav: 11691 bytes @ 8kHz u-law */
static const unsigned char snd_capture[] = {
    0xFF, 0xFF, 0xFF, 0xFF, 0xFF, 0xFF, 0xFF, 0xFF, 0xFF, 0xFF, 0xFF, 0xFF, 0xFF, 0xFF, 0xFF, 0xFF,
    0xFF, 0xFF, 0xFF, 0xFF, 0xFF, 0xFF, 0xFF, 0xFF, 0xFF, 0xFF, 0xFF, 0xFF, 0xFF, 0xFF, 0xFF, 0xFF,
    0xFF, 0xFF, 0xFF, 0xFF, 0xFF, 0xFF, 0xFF, 0xFF, 0xFF, 0xFF, 0xFF, 0xFF, 0xFF, 0xFF, 0xFF, 0xFF,
    0xFF, 0xFF, 0xFF, 0xFF, 0xFF, 0xFF, 0xFF, 0xFF, 0xFF, 0xFF, 0xFF, 0xFF, 0xFF, 0xFF, 0xFF, 0xFF,
    0xFF, 0xFF, 0xFF, 0xFF, 0xFF, 0xFF, 0xFF, 0xFF, 0xFF, 0xFF, 0xFF, 0xFF, 0xFF, 0xFF, 0xFF, 0xFF,
    0xFF, 0xFF, 0xFF, 0xFF, 0xFF, 0xFF, 0xFF, 0xFF, 0xFF, 0xFF, 0xFF, 0xFF, 0xFF, 0xFF, 0xFF, 0xFF,
    0xFF, 0xFF, 0xFF, 0xFF, 0xFF, 0xFF, 0xFF, 0xFF, 0xFF, 0xFF, 0xFF, 0xFF, 0xFF, 0xFF, 0xFF, 0xFF,
    0xFF, 0xFF, 0xFF, 0xFF, 0xFF, 0xFF, 0xFF, 0xFF, 0xFF, 0xFF, 0xFF, 0xFF, 0xFF, 0xFF, 0xFF, 0xFF,
    0xFF, 0xFF, 0xFF, 0xFF, 0xFF, 0xFF, 0xFF, 0xFF, 0xFF, 0xFF, 0xFF, 0xFF, 0xFF, 0xFF, 0xFF, 0xFF,
    0xFF, 0xFF, 0xFF, 0xFF, 0xFF, 0xFF, 0xFF, 0xFF, 0xFF, 0xFF, 0xFF, 0xFF, 0xFF, 0xFF, 0xFF, 0xFF,
    0xFF, 0xFF, 0xFF, 0xFF, 0xFF, 0xFF, 0xFF, 0xFF, 0xFF, 0xFF, 0xFF, 0xFF, 0xFF, 0xFF, 0xFF, 0xFF,
    0xFF, 0xFF, 0xFF, 0xFF, 0xFF, 0xFF, 0xFF, 0xFF, 0xFF, 0xFF, 0xFF, 0xFF, 0xFF, 0xFF, 0xFF, 0xFF,
    0xFF, 0xFF, 0xFF, 0xEB, 0xFF, 0xFF, 0xFF, 0xFF, 0xED, 0xE7, 0xE7, 0xE7, 0x76, 0x5B, 0x5B, 0x5D,
    0x67, 0xFF, 0xFF, 0xFF, 0x79, 0x67, 0x67, 0x62, 0x50, 0x49, 0x49, 0x4D, 0x55, 0x60, 0x67, 0x6C,
    0xFF, 0xFC, 0xE7, 0xE7, 0xFF, 0xFF, 0x68, 0x67, 0x58, 0x4D, 0x4B, 0x52, 0x55, 0x5B, 0x67, 0x67,
    0x67, 0x67, 0x5F, 0x5B, 0x5B, 0x5B, 0x5B, 0x5B, 0x5B, 0x67, 0x67, 0x7C, 0xF6, 0x74, 0x53, 0x53,
    0x5A, 0x67, 0x67, 0x67, 0x67, 0x67, 0x67, 0x6E, 0xFF, 0xFF, 0xFF, 0xFF, 0xE7, 0xDE, 0xDB, 0xDB,
    0xE5, 0xE7, 0xF2, 0xFF, 0xFF, 0xFF, 0xFF, 0xFF, 0xE9, 0xE3, 0xD6, 0xD3, 0xD3, 0xD3, 0xD2, 0xCD,
    0xCD, 0xCD, 0xCD, 0xCE, 0xD3, 0xD3, 0xD2, 0xCD, 0xCD, 0xCF, 0xD3, 0xDB, 0xDB, 0xE4, 0xE7, 0xE7,
    0xE7, 0xFF, 0x6C, 0x67, 0x67, 0x67, 0x6B, 0xFF, 0xFF, 0xE7, 0xE7, 0xDC, 0xDF, 0xDB, 0xDB, 0xDB,
    0xDB, 0xDB, 0xDB, 0xDB, 0xE8, 0x5D, 0x53, 0x58, 0x5B, 0x5B, 0x5B, 0x5B, 0x60, 0x67, 0x67, 0x74,
    0xFF, 0xFF, 0x6A, 0x52, 0x4D, 0x53, 0x53, 0x59, 0x5B, 0x5F, 0x79, 0xFF, 0xFF, 0xFF, 0xED, 0xFF,
    0x67, 0x58, 0x4A, 0x45, 0x45, 0x45, 0x49, 0x4C, 0x4E, 0x53, 0x5A, 0x6B, 0xFF, 0xE7, 0xE7, 0xE7,
    0xFF, 0xFF, 0xFF, 0xE7, 0xE7, 0xDB, 0xDB, 0xE4, 0x73, 0x52, 0x4D, 0x53, 0x4F, 0x53, 0x53, 0x5A,
    0x5B, 0x5B, 0x5B, 0x5B, 0x62, 0x67, 0x67, 0x7A, 0xFF, 0xEE, 0xDC, 0xD8, 0xD3, 0xCD, 0xCD, 0xCD,
    0xCD, 0xD0, 0xD3, 0xCD, 0xCD, 0xCE, 0xD8, 0xDB, 0xE7, 0xE7, 0xE7, 0xE7, 0xE7, 0xE7, 0xF0, 0xFF,
    0xFF, 0xFF, 0xFF, 0xFF, 0xFF, 0xFF, 0xEE, 0xDC, 0xDB, 0xDB, 0xD4, 0xDB, 0xD5, 0xDB, 0xDB, 0xDB,
    0xED, 0xFF, 0xFF, 0xFF, 0xFF, 0xF7, 0xE7, 0xE7, 0xDB, 0xDB, 0xDB, 0xDB, 0xD4, 0xDD, 0x75, 0x53,
    0x5B, 0x5B, 0x5B, 0x5B, 0x5B, 0x67, 0x67, 0x67, 0x67, 0x78, 0x6A, 0x6E, 0x5C, 0x4C, 0x49, 0x49,
    0x49, 0x4D, 0x4D, 0x4D, 0x53, 0x56, 0x63, 0x67, 0x67, 0x7A, 0x58, 0x4B, 0x49, 0x4F, 0x53, 0x54,
    0x5B, 0x65, 0x5B, 0x5B, 0x5B, 0x67, 0x67, 0x65, 0x5F, 0x67, 0x5B, 0x5B, 0x5B, 0x5B, 0x64, 0x6A,
    0xFF, 0xFF, 0xEC, 0x61, 0x53, 0x53, 0x5A, 0x5D, 0x71, 0xFF, 0xED, 0xFF, 0xE9, 0xF0, 0xE7, 0xE7,
    0xE7, 0xE7, 0xED, 0xEB, 0xE7, 0xE7, 0xE7, 0xE7, 0xE7, 0xE7, 0xE7, 0xE7, 0xE7, 0xE7, 0xE7, 0xE7,
    0xE7, 0xE7, 0xE1, 0xDB, 0xDB, 0xDB, 0xDB, 0xDB, 0xDB, 0xDB, 0xDB, 0xDB, 0xDB, 0xE0, 0xE7, 0xE7,
    0xE7, 0x7C, 0x67, 0x67, 0x64, 0x60, 0x5C, 0x5B, 0x63, 0x67, 0x6F, 0xFF, 0xFF, 0xED, 0xE7, 0xE7,
    0xE7, 0xE7, 0xDF, 0xDB, 0xDB, 0xDB, 0xDC, 0x6A, 0x55, 0x54, 0x5B, 0x5B, 0x53, 0x53, 0x53, 0x53,
    0x5A, 0x5D, 0x67, 0x7C, 0xF5, 0xE7, 0x7C, 0x60, 0x5B, 0x67, 0x71, 0xFF, 0x67, 0x75, 0x67, 0x67,
    0x67, 0x67, 0x67, 0x4E, 0x40, 0x3E, 0x41, 0x41, 0x41, 0x42, 0x45, 0x45, 0x49, 0x49, 0x4D, 0x4F,
    0x53, 0x5D, 0x67, 0xFE, 0xE7, 0xE7, 0xDA, 0xD3, 0xD3, 0xCD, 0xCB, 0xC9, 0xC9, 0xCD, 0xED, 0x5F,
    0x5B, 0x67, 0x67, 0x68, 0xFF, 0xFF, 0x67, 0x67, 0x67, 0x67, 0x76, 0x7B, 0x67, 0x7A, 0xFF, 0xFF,
    0xFF, 0xFF, 0xEB, 0xE7, 0xE7, 0xE7, 0xE7, 0xE7, 0xE7, 0xE7, 0xE7, 0xE7, 0xE7, 0xE7, 0xF6, 0xE7,
    0xE7, 0xE7, 0xE7, 0xDB, 0xDB, 0xDB, 0xDB, 0xDB, 0xDB, 0xDB, 0xDB, 0xD5, 0xD7, 0xD3, 0xD3, 0xD9,
    0xDB, 0xDB, 0xDB, 0xE7, 0xE7, 0xE7, 0xE7, 0xE7, 0xE7, 0xEF, 0xFF, 0xE7, 0xF3, 0xE7, 0xE7, 0xF8,
    0x62, 0x4F, 0x4D, 0x53, 0x53, 0x5B, 0x5B, 0x5B, 0x67, 0x67, 0x67, 0x67, 0x75, 0xFF, 0xF1, 0xE7,
    0x61, 0x4F, 0x4D, 0x4F, 0x53, 0x54, 0x5B, 0x65, 0x6B, 0xFF, 0xFF, 0x73, 0x57, 0x4D, 0x4D, 0x52,
    0x53, 0x53, 0x5B, 0x5B, 0x63, 0x67, 0x6F, 0xFF, 0xFF, 0x6D, 0x67, 0x67, 0x5D, 0x5B, 0x57, 0x53,
    0x53, 0x59, 0x5B, 0x5B, 0x64, 0xF9, 0xE7, 0xE7, 0x6D, 0x56, 0x53, 0x57, 0x5B, 0x67, 0x72, 0xFF,
    0xF4, 0xE7, 0xDB, 0xD3, 0xD3, 0xD3, 0xD3, 0xD3, 0xDB, 0xDB, 0xDB, 0xDF, 0xE7, 0xDB, 0xDB, 0xD3,
    0xD3, 0xD3, 0xD3, 0xD3, 0xDB, 0xDB, 0xE2, 0xE8, 0xFF, 0xFF, 0xFF, 0xFF, 0x68, 0xFF, 0xFF, 0x7C,
    0x67, 0x67, 0x78, 0x67, 0x67, 0x67, 0x67, 0x69, 0x6F, 0x7A, 0xFF, 0xFF, 0xE7, 0xE7, 0xE7, 0xDA,
    0xD3, 0xCE, 0xCD, 0xCD, 0xCD, 0xCD, 0xCD, 0xCD, 0xCD, 0xDA, 0x6E, 0x5B, 0x5B, 0x5B, 0x5B, 0x5B,
    0x5B, 0x66, 0x5E, 0x67, 0x67, 0x67, 0x67, 0xFF, 0xFF, 0xFF, 0x6C, 0x50, 0x4D, 0x4F, 0x53, 0x5B,
    0x5B, 0x67, 0x67, 0x76, 0x62, 0x49, 0x45, 0x45, 0x45, 0x49, 0x4B, 0x4D, 0x4D, 0x4F, 0x53, 0x55,
    0x61, 0x67, 0xFF, 0xFF, 0xE5, 0xDB, 0xD4, 0xD3, 0xD3, 0xCD, 0xCC, 0xC9, 0xC9, 0xC9, 0xC9, 0xC8,
    0xC5, 0xC6, 0xCD, 0xEF, 0x64, 0x5B, 0x5B, 0x61, 0x63, 0x5C, 0x67, 0x67, 0x67, 0x72, 0xFF, 0xFF,
    0xEB, 0xE7, 0xE7, 0xE7, 0xE7, 0xE7, 0xE7, 0xE7, 0xE7, 0xE7, 0xF0, 0xFF, 0xF6, 0xE7, 0xE7, 0xE7,
    0xE7, 0xE7, 0xE7, 0xE7, 0xE7, 0xE7, 0xE7, 0xE7, 0xE7, 0xDB, 0xDB, 0xDB, 0xDB, 0xDB, 0xDB, 0xD8,
    0xDA, 0xDB, 0xDB, 0xDB, 0xDB, 0xDB, 0xE9, 0xFF, 0xFF, 0xFF, 0xFF, 0xFF, 0xFF, 0xFF, 0xE7, 0xE7,
    0xE7, 0xE7, 0xF4, 0x5B, 0x53, 0x53, 0x55, 0x5B, 0x5B, 0x67, 0x74, 0xFF, 0xFF, 0xFF, 0xE7, 0xE7,
    0xE7, 0xDE, 0xE7, 0xE7, 0xFD, 0x56, 0x4D, 0x4D, 0x4D, 0x4F, 0x53, 0x54, 0x57, 0x4A, 0x45, 0x45,
    0x49, 0x49, 0x4C, 0x4D, 0x4D, 0x52, 0x55, 0x5B, 0x5B, 0x67, 0x67, 0xFF, 0xFF, 0xE9, 0xE7, 0xE7,
    0xE7, 0xE7, 0xDD, 0xDB, 0xDB, 0xDB, 0xD3, 0xD3, 0xCD, 0xCC, 0xC9, 0xC9, 0xC8, 0xD3, 0xED, 0xFF,
    0xFC, 0xE7, 0xE7, 0xDD, 0xE7, 0xDB, 0xDB, 0xDB, 0xDB, 0xDB, 0xDB, 0xE7, 0xE7, 0xE7, 0xE7, 0xE7,
    0xE7, 0xE7, 0xE7, 0xDE, 0xDE, 0xDB, 0xDB, 0xDB, 0xDB, 0xDB, 0xDB, 0xDE, 0xF5, 0xFF, 0xF1, 0xE7,
    0xFF, 0xFF, 0xFF, 0xFF, 0xFF, 0xFF, 0xFF, 0xFF, 0xFF, 0xFF, 0xFF, 0xE7, 0xE7, 0xE7, 0xDF, 0xDB,
    0xDB, 0xDB, 0xDB, 0xDB, 0xDB, 0xD3, 0xD3, 0xCE, 0xCD, 0xCD, 0xCD, 0xCF, 0xE0, 0x64, 0x5B, 0x5B,
    0x5B, 0x5B, 0x53, 0x53, 0x5A, 0x55, 0x5B, 0x5B, 0x5B, 0x5B, 0x5B, 0x5F, 0x67, 0x6A, 0x6E, 0x5B,
    0x4D, 0x4D, 0x4D, 0x4F, 0x53, 0x4F, 0x44, 0x41, 0x43, 0x45, 0x49, 0x49, 0x4D, 0x4E, 0x53, 0x53,
    0x56, 0x5B, 0x5D, 0x67, 0x67, 0x67, 0x74, 0xFD, 0xE0, 0xDB, 0xDB, 0xDB, 0xDB, 0xD3, 0xCF, 0xCD,
    0xCD, 0xD2, 0xCD, 0xCD, 0xCD, 0xCD, 0xCD, 0xD5, 0xFD, 0x67, 0x67, 0x67, 0x7E, 0xFF, 0xFF, 0xFF,
    0xFF, 0xE9, 0xE7, 0xE7, 0xE7, 0xDB, 0xE4, 0xE7, 0xE7, 0xE7, 0xE7, 0xE7, 0xE7, 0xE7, 0xE7, 0xE7,
    0xE7, 0xFD, 0xE7, 0xE7, 0xE7, 0xEE, 0xFF, 0xFF, 0xFF, 0xFF, 0xFF, 0xEC, 0xE7, 0xE7, 0xDD, 0xDB,
    0xD7, 0xDB, 0xD3, 0xD3, 0xD3, 0xD3, 0xD3, 0xD3, 0xD3, 0xD3, 0xD3, 0xD3, 0xD3, 0xD3, 0xD3, 0xD3,
    0xD3, 0xD3, 0xD3, 0xDA, 0xDB, 0xE9, 0x5D, 0x4D, 0x4D, 0x4D, 0x4D, 0x4D, 0x4E, 0x53, 0x5B, 0x5E,
    0x67, 0x67, 0x67, 0x67, 0x6A, 0xFF, 0xE8, 0xE7, 0xE7, 0x78, 0x54, 0x4D, 0x4E, 0x53, 0x4D, 0x44,
    0x41, 0x41, 0x43, 0x49, 0x4A, 0x4D, 0x53, 0x56, 0x5B, 0x5B, 0x5B, 0x66, 0x6C, 0xFF, 0x7D, 0x6E,
    0xFF, 0xE7, 0xE7, 0xDC, 0xE7, 0xDE, 0xDB, 0xDB, 0xDB, 0xD3, 0xCF, 0xCD, 0xCD, 0xCD, 0xCD, 0xC9,
    0xC9, 0xC6, 0xCE, 0xE7, 0xFF, 0xFF, 0xFF, 0xFF, 0xFF, 0xFF, 0x6D, 0x67, 0x67, 0x5D, 0x5B, 0x5B,
    0x5B, 0x5B, 0x5B, 0x5C, 0x67, 0x67, 0x67, 0x70, 0xFF, 0xFF, 0xFF, 0xE7, 0xE7, 0xE7, 0xDB, 0xDB,
    0xDB, 0xDB, 0xE3, 0xE6, 0xDF, 0xE7, 0xE7, 0xE7, 0xE7, 0xE7, 0xE7, 0xE9, 0xFF, 0xE9, 0xE7, 0xE7,
    0xE7, 0xDB, 0xDB, 0xDB, 0xDB, 0xDB, 0xDB, 0xD6, 0xD3, 0xD3, 0xDA, 0xD3, 0xD3, 0xD3, 0xE1, 0x62,
    0x4D, 0x4D, 0x4D, 0x4D, 0x50, 0x53, 0x53, 0x59, 0x5C, 0x67, 0x67, 0x6A, 0xFF, 0xFF, 0xFF, 0xFF,
    0xFF, 0xFF, 0xFF, 0xFF, 0x63, 0x49, 0x3F, 0x3C, 0x3C, 0x3D, 0x41, 0x45, 0x45, 0x49, 0x4B, 0x4D,
    0x53, 0x57, 0x66, 0x6C, 0xFF, 0xFF, 0xFF, 0xFF, 0xE7, 0xDF, 0xDB, 0xD9, 0xD3, 0xD3, 0xCD, 0xCD,
    0xCD, 0xCD, 0xCD, 0xC9, 0xC9, 0xC9, 0xC9, 0xC9, 0xC9, 0xC9, 0xC9, 0xC9, 0xC9, 0xD6, 0x67, 0x5B,
    0x5B, 0x5B, 0x5B, 0x5B, 0x5B, 0x5B, 0x5F, 0x67, 0x67, 0x67, 0xFF, 0xF2, 0xE7, 0xE7, 0xE7, 0xE7,
    0xE7, 0xF5, 0xFF, 0xFF, 0x6A, 0x67, 0x67, 0x5C, 0x5B, 0x5B, 0x53, 0x53, 0x53, 0x53, 0x53, 0x53,
    0x53, 0x53, 0x54, 0x5B, 0x65, 0x6B, 0xFF, 0xE7, 0xE1, 0xDB, 0xDA, 0xD3, 0xCE, 0xCD, 0xCD, 0xCD,
    0xCD, 0xCD, 0xCD, 0xD0, 0xD3, 0xDB, 0xDB, 0xE7, 0x76, 0x4F, 0x4D, 0x4B, 0x4D, 0x4D, 0x4D, 0x54,
    0x5B, 0x64, 0x67, 0x71, 0xFF, 0xE7, 0xE7, 0xDB, 0xDB, 0xDB, 0xDB, 0xDB, 0xDB, 0xE7, 0xF7, 0x4F,
    0x3D, 0x3E, 0x3E, 0x40, 0x41, 0x45, 0x48, 0x49, 0x4B, 0x4D, 0x53, 0x59, 0x5B, 0x5F, 0x67, 0x67,
    0x67, 0x7C, 0xF5, 0xE7, 0xDB, 0xDB, 0xD5, 0xD3, 0xD3, 0xD3, 0xD3, 0xD3, 0xD3, 0xD3, 0xD3, 0xD3,
    0xD3, 0xD3, 0xCD, 0xCD, 0xCD, 0xCD, 0xCD, 0xCE, 0xDD, 0x67, 0x67, 0x67, 0x67, 0x6F, 0xFF, 0xFF,
    0xFF, 0xFF, 0xFF, 0xFF, 0xFF, 0xFF, 0xFF, 0x67, 0x67, 0x66, 0x5B, 0x5B, 0x67, 0x71, 0xFF, 0xE7,
    0xE7, 0xFF, 0xFF, 0xEA, 0xE7, 0xE7, 0xDC, 0xE7, 0xE7, 0xFF, 0xFF, 0xFF, 0xFF, 0xED, 0xE7, 0xDB,
    0xDB, 0xDB, 0xD7, 0xDA, 0xD3, 0xD3, 0xCD, 0xCD, 0xCD, 0xCD, 0xC9, 0xC9, 0xC9, 0xC9, 0xCA, 0xCD,
    0xD2, 0xD5, 0xF4, 0x54, 0x53, 0x53, 0x4D, 0x4D, 0x4D, 0x4D, 0x4C, 0x4D, 0x4D, 0x51, 0x5B, 0x5B,
    0x5B, 0x5B, 0x61, 0x67, 0x67, 0x67, 0xFF, 0xFF, 0x56, 0x3F, 0x3A, 0x3C, 0x3C, 0x3E, 0x3E, 0x3F,
    0x41, 0x46, 0x4C, 0x4E, 0x53, 0x53, 0x55, 0x60, 0x67, 0xFF, 0xFF, 0xE7, 0xE0, 0xDB, 0xD3, 0xD3,
    0xCE, 0xCC, 0xC9, 0xC9, 0xC9, 0xC9, 0xCD, 0xCD, 0xCD, 0xCD, 0xCD, 0xCD, 0xC9, 0xC9, 0xC9, 0xC9,
    0xCD, 0xCD, 0xCA, 0xD6, 0xEF, 0x69, 0xFF, 0xFF, 0xFF, 0xFF, 0x6B, 0x67, 0x67, 0x67, 0x6C, 0xFF,
    0xFF, 0xFF, 0xFF, 0x67, 0x67, 0x67, 0x5B, 0x5B, 0x68, 0x70, 0x79, 0xFF, 0x6E, 0x7D, 0x74, 0x67,
    0x67, 0x67, 0x67, 0x67, 0x67, 0x67, 0x67, 0x67, 0xFF, 0xFF, 0xE9, 0xFF, 0xED, 0xE7, 0xE1, 0xDB,
    0xDB, 0xDB, 0xD4, 0xD3, 0xCF, 0xCD, 0xCF, 0xD3, 0xD3, 0xD8, 0xDB, 0x6D, 0x56, 0x4D, 0x4D, 0x4D,
    0x4D, 0x4D, 0x53, 0x53, 0x53, 0x53, 0x53, 0x5A, 0x5B, 0x5B, 0x5B, 0x5B, 0x63, 0x69, 0xFF, 0xE9,
    0xEB, 0x63, 0x53, 0x46, 0x3F, 0x3D, 0x3F, 0x41, 0x45, 0x48, 0x4A, 0x4D, 0x52, 0x53, 0x58, 0x5B,
    0x5B, 0x62, 0xFD, 0xEE, 0xEA, 0xE7, 0xDF, 0xDB, 0xD9, 0xD3, 0xCD, 0xCD, 0xCD, 0xCD, 0xCD, 0xCD,
    0xD6, 0xDB, 0xDB, 0xD7, 0xD3, 0xD3, 0xD3, 0xDB, 0xDB, 0xDB, 0xDB, 0xD7, 0xDA, 0xDB, 0xFD, 0x5B,
    0x5B, 0x5B, 0x5B, 0x60, 0x67, 0x67, 0x5E, 0x5B, 0x5B, 0x5B, 0x5B, 0x60, 0x7D, 0xFF, 0x6C, 0x66,
    0x5B, 0x55, 0x55, 0x60, 0x67, 0xFF, 0xEC, 0xE7, 0xE7, 0xE7, 0xDB, 0xDB, 0xDB, 0xDB, 0xDB, 0xD3,
    0xD3, 0xD3, 0xD3, 0xD8, 0xDB, 0xE7, 0xDD, 0xDA, 0xD3, 0xD3, 0xD3, 0xD3, 0xE7, 0xEE, 0xFF, 0xE4,
    0xDB, 0xD4, 0xD3, 0xD9, 0x79, 0x4E, 0x46, 0x45, 0x45, 0x45, 0x4B, 0x4D, 0x53, 0x53, 0x53, 0x4D,
    0x4D, 0x4D, 0x4F, 0x6A, 0x67, 0x7E, 0xDC, 0xDB, 0xDB, 0xDB, 0xF7, 0x57, 0x65, 0x57, 0x4A, 0x4E,
    0x53, 0x53, 0x57, 0x5B, 0x55, 0x5B, 0x79, 0x5E, 0x74, 0xFF, 0xFF, 0xEA, 0xEA, 0xEE, 0xE7, 0xDB,
    0xDB, 0xDB, 0xDB, 0xDB, 0xDB, 0xDB, 0xDB, 0xDB, 0xDB, 0xD3, 0xD3, 0xD3, 0xD3, 0xD3, 0xD3, 0xDB,
    0xDB, 0xDB, 0xDB, 0xD4, 0xD3, 0xD3, 0xD3, 0xD3, 0xDA, 0x62, 0x4F, 0x53, 0x53, 0x59, 0x5B, 0x5B,
    0x5B, 0x5D, 0x67, 0x7C, 0xE7, 0xE7, 0xDB, 0xDB, 0xDB, 0xD3, 0xD3, 0xD3, 0xD6, 0xDB, 0xDB, 0xDB,
    0xD5, 0xD5, 0xE1, 0xE7, 0xED, 0xFF, 0x7B, 0x67, 0x67, 0x63, 0x61, 0x67, 0x6D, 0xFF, 0xFF, 0xFF,
    0xFF, 0xE7, 0xE7, 0xE7, 0xEE, 0xFF, 0x79, 0x67, 0x67, 0x62, 0x5B, 0x5B, 0x5B, 0x4F, 0x44, 0x3D,
    0x3C, 0x3C, 0x3E, 0x3F, 0x43, 0x49, 0x5B, 0x61, 0x7E, 0xFF, 0x6B, 0x67, 0x6F, 0xE9, 0xD7, 0xCD,
    0xC9, 0xCD, 0xCD, 0xDE, 0x6F, 0x7B, 0xFF, 0x62, 0x53, 0x56, 0x71, 0xE5, 0xDB, 0xD4, 0xD3, 0xCF,
    0xCD, 0xC9, 0xC9, 0xC9, 0xC9, 0xCD, 0xCF, 0xD9, 0xEB, 0x5B, 0x55, 0x4D, 0x4D, 0x53, 0x56, 0x5B,
    0x5B, 0x57, 0x53, 0x51, 0x72, 0x67, 0xE1, 0xD5, 0xDB, 0xD7, 0xDA, 0xDD, 0xD9, 0xD3, 0xD8, 0xCE,
    0xC9, 0xC7, 0xC2, 0xBF, 0xCC, 0xE7, 0xDD, 0xD3, 0xCB, 0xBE, 0xBB, 0xBC, 0xBA, 0xBD, 0xBF, 0xBF,
    0xC6, 0xCC, 0xCD, 0xCF, 0xD3, 0xDB, 0xDF, 0xFA, 0x67, 0x5E, 0x53, 0x59, 0x5D, 0x5A, 0x57, 0x5B,
    0x51, 0x4B, 0x49, 0x41, 0x44, 0x49, 0x49, 0x4D, 0x4E, 0x53, 0x54, 0x5B, 0x5B, 0x56, 0x70, 0xFF,
    0xFF, 0xE2, 0xDB, 0xDB, 0xDB, 0xDE, 0x6E, 0x54, 0x51, 0x4D, 0x5B, 0x5F, 0x67, 0xFF, 0xEE, 0xE7,
    0xFF, 0xEC, 0xFC, 0xEF, 0xE9, 0xE7, 0xE7, 0xE7, 0xED, 0xEB, 0xE7, 0x7E, 0x55, 0x4C, 0x4C, 0x4D,
    0x53, 0x4B, 0x41, 0x41, 0x45, 0x47, 0x49, 0x4A, 0x4D, 0x52, 0x53, 0x53, 0x5B, 0x5B, 0x5B, 0x67,
    0x67, 0x79, 0xE7, 0xDF, 0xDB, 0xDE, 0xDE, 0xDC, 0xE0, 0xDB, 0xDB, 0xD6, 0xDB, 0xDB, 0xDB, 0xDC,
    0xE7, 0xFB, 0xF7, 0xE7, 0xD3, 0xCC, 0xC9, 0xCE, 0xD3, 0xD3, 0xD1, 0xCB, 0xC9, 0xC7, 0xCD, 0xDD,
    0xE7, 0xDC, 0xE7, 0xE7, 0xE7, 0xEE, 0xFF, 0xFF, 0xFF, 0x68, 0x62, 0x5B, 0x5C, 0x60, 0x5B, 0x67,
    0x67, 0x67, 0x67, 0x67, 0x67, 0x67, 0x67, 0x67, 0x67, 0x67, 0x67, 0x5D, 0x67, 0x67, 0x67, 0x67,
    0x73, 0x67, 0x6E, 0xFF, 0xFF, 0xEF, 0xE7, 0xE7, 0xF5, 0xFF, 0x71, 0x67, 0x5D, 0x67, 0x7D, 0xE7,
    0xF5, 0x52, 0x48, 0x45, 0x41, 0x48, 0x53, 0x67, 0xF1, 0xDB, 0xDB, 0xDB, 0xCD, 0xCD, 0xD3, 0xD0,
    0xCA, 0xC4, 0xBC, 0xB9, 0xBC, 0xCC, 0xDC, 0x72, 0x77, 0xFA, 0xF0, 0xE9, 0x67, 0x67, 0x67, 0x5D,
    0x4E, 0x48, 0x3F, 0x3D, 0x43, 0x45, 0x41, 0x43, 0x45, 0x45, 0x41, 0x3F, 0x3D, 0x40, 0x49, 0x49,
    0x6B, 0x77, 0x5E, 0x5B, 0x6B, 0x5B, 0x69, 0xEF, 0xE7, 0xC8, 0xC0, 0xC1, 0xBC, 0xBC, 0xBF, 0xBE,
    0xBB, 0xB7, 0xB8, 0xAF, 0xAF, 0xAE, 0xAE, 0xB2, 0xB8, 0xC0, 0xCB, 0xD2, 0xC9, 0xC9, 0xC9, 0xCC,
    0xCD, 0xD9, 0xF6, 0x51, 0x44, 0x45, 0x4C, 0x48, 0x4D, 0x4C, 0x41, 0x3C, 0x3D, 0x3D, 0x3D, 0x40,
    0x45, 0x4A, 0x59, 0x52, 0x4B, 0x4D, 0x45, 0x45, 0x4E, 0x5B, 0x71, 0xDA, 0xCF, 0xDA, 0xCF, 0xD9,
    0xFF, 0xEA, 0xDB, 0xCD, 0xC9, 0xC5, 0xC7, 0xC9, 0xCE, 0xE6, 0x5E, 0x53, 0x58, 0xE9, 0xED, 0xFF,
    0xFF, 0x68, 0x54, 0x4D, 0x4B, 0x3E, 0x41, 0x41, 0x42, 0x49, 0x4D, 0x47, 0x41, 0x3C, 0x37, 0x37,
    0x3A, 0x39, 0x40, 0x47, 0x49, 0xF7, 0xD3, 0x5D, 0xF8, 0xCA, 0xE4, 0xBF, 0xAF, 0xB2, 0xB1, 0xAF,
    0xAF, 0xB2, 0xB4, 0xB6, 0xBC, 0xBB, 0xBE, 0xC1, 0xBF, 0xC6, 0xDB, 0xF3, 0x4D, 0x3B, 0x39, 0x35,
    0x31, 0x34, 0x32, 0x37, 0x3A, 0x3A, 0x3B, 0x3E, 0x41, 0x47, 0x54, 0x79, 0xDD, 0xC9, 0xC7, 0xC5,
    0xBF, 0xBC, 0xBC, 0xB4, 0xB4, 0xB6, 0xB5, 0xB6, 0xB7, 0xBA, 0xBD, 0xBF, 0xC8, 0xCD, 0xD0, 0xD3,
    0xD9, 0xF6, 0x62, 0x48, 0x3F, 0x3B, 0x3B, 0x3C, 0x3C, 0x3C, 0x3C, 0x39, 0x3A, 0x3A, 0x3C, 0x3D,
    0x45, 0x4C, 0x5D, 0x70, 0xE9, 0xDE, 0xDE, 0xCD, 0xCD, 0xC7, 0xC1, 0xBD, 0xBB, 0xB8, 0xBA, 0xBB,
    0xBC, 0xBE, 0xC3, 0xD1, 0xFD, 0x62, 0x5B, 0x52, 0x4B, 0x46, 0x40, 0x3D, 0x3C, 0x3D, 0x3E, 0x3F,
    0x41, 0x41, 0x40, 0x40, 0x41, 0x3E, 0x3A, 0x41, 0x43, 0x4D, 0x56, 0x5B, 0xFE, 0xFA, 0x78, 0xE2,
    0xDC, 0xFD, 0xEC, 0xFF, 0x5C, 0x67, 0x50, 0x49, 0x43, 0x3F, 0x3C, 0x3F, 0x4D, 0x6B, 0xBE, 0xB6,
    0xE7, 0x66, 0x50, 0x4D, 0x78, 0xC7, 0xB8, 0xA9, 0xAD, 0xB2, 0xB9, 0xC0, 0xBC, 0xB9, 0xB1, 0xAE,
    0xAD, 0xAD, 0xAF, 0xB5, 0xBD, 0xCC, 0xF7, 0xDF, 0xC9, 0xC1, 0xC3, 0xC9, 0xE9, 0x47, 0x37, 0x2F,
    0x2D, 0x2E, 0x34, 0x37, 0x39, 0x3C, 0x3C, 0x37, 0x3C, 0x3B, 0x43, 0x51, 0xC4, 0xCF, 0xAD, 0xB1,
    0xBB, 0xB9, 0xB7, 0xBF, 0xB2, 0xB1, 0xB2, 0xB0, 0xB4, 0xB7, 0xBC, 0xC4, 0xD0, 0xE2, 0xFF, 0x5E,
    0x44, 0x54, 0x3C, 0x3C, 0x2F, 0x2D, 0x2C, 0x2E, 0x32, 0x35, 0x38, 0x3A, 0x39, 0x36, 0x36, 0x39,
    0x44, 0x5C, 0xBE, 0xB1, 0xB4, 0xB0, 0xB6, 0xB4, 0xB4, 0xB4, 0xB2, 0xB2, 0xB3, 0xB6, 0xBF, 0xCA,
    0xD3, 0xF1, 0x59, 0x42, 0x47, 0x40, 0x45, 0x3C, 0x35, 0x31, 0x2E, 0x2F, 0x2D, 0x2E, 0x31, 0x34,
    0x3A, 0x3F, 0x47, 0x53, 0x4F, 0x62, 0xE0, 0xCA, 0xB9, 0xB6, 0xB3, 0xB4, 0xB6, 0xBA, 0xBB, 0xBD,
    0xBC, 0xBD, 0xBE, 0xC6, 0xCB, 0xD2, 0xF9, 0x4E, 0x3E, 0x3C, 0x3C, 0x3C, 0x3C, 0x3C, 0x3E, 0x3E,
    0x3E, 0x41, 0x49, 0x60, 0xD6, 0xBF, 0xB4, 0xB3, 0xB1, 0xB3, 0xB8, 0xBB, 0xBC, 0xBC, 0xBA, 0xBA,
    0xBA, 0xBB, 0xBE, 0xBC, 0xC6, 0xFE, 0x55, 0x4D, 0x6D, 0xD3, 0xC6, 0xC2, 0xC8, 0xCE, 0xE1, 0xD5,
    0xDA, 0xCF, 0xCA, 0xC7, 0xC7, 0xCA, 0xCF, 0xDA, 0xFF, 0xDE, 0xCA, 0xB4, 0xA4, 0xA7, 0xAD, 0xBB,
    0xCD, 0xB7, 0xA7, 0xA7, 0xA5, 0xA9, 0xAF, 0xC1, 0xDF, 0x58, 0x42, 0x3E, 0x39, 0x33, 0x35, 0x31,
    0x2D, 0x23, 0x1E, 0x1B, 0x1B, 0x1D, 0x20, 0x22, 0x23, 0x20, 0x21, 0x25, 0x26, 0x2A, 0x2C, 0x32,
    0x44, 0x76, 0xBE, 0xB8, 0xB8, 0xAB, 0xAD, 0xB0, 0xA9, 0xAE, 0xAB, 0xA7, 0xA7, 0xA7, 0xA7, 0xAA,
    0xAC, 0xB1, 0xB4, 0xB0, 0xB2, 0xB2, 0xB5, 0xBC, 0xBF, 0xC7, 0xDD, 0x5B, 0x3F, 0x36, 0x39, 0x35,
    0x41, 0x59, 0x5A, 0x4F, 0x46, 0x3B, 0x3E, 0x3A, 0x3A, 0x38, 0x36, 0x39, 0x3A, 0x3F, 0x47, 0x5A,
    0xC8, 0x62, 0xC9, 0xBA, 0xC9, 0x61, 0x4D, 0x6D, 0xE6, 0xEC, 0xD7, 0xF2, 0x5B, 0x42, 0x36, 0x4D,
    0x41, 0x35, 0x37, 0x3E, 0x4D, 0x4A, 0x60, 0xEE, 0x4F, 0x3B, 0x45, 0x4B, 0xC8, 0xBB, 0xBE, 0xB6,
    0xB4, 0xB3, 0xB5, 0xBB, 0xAF, 0xD4, 0x67, 0xC2, 0xB4, 0xB8, 0xCF, 0x69, 0xBE, 0xE0, 0xCF, 0x59,
    0x53, 0x3B, 0x35, 0x35, 0x3B, 0x3F, 0x37, 0x2D, 0x2C, 0x2A, 0x2B, 0x2A, 0x2C, 0x2D, 0x2D, 0x2E,
    0x3A, 0x5C, 0xFF, 0x5F, 0x4B, 0x38, 0x27, 0x2A, 0x3F, 0xDA, 0xC6, 0xBD, 0xBA, 0xBC, 0xD9, 0xCB,
    0xE4, 0xC4, 0xB7, 0xB4, 0xAE, 0xA9, 0xA7, 0xA7, 0xAE, 0xB3, 0xBD, 0xE7, 0xBD, 0xB8, 0xB4, 0xB6,
    0xB8, 0xAF, 0xB3, 0xDA, 0x6F, 0x5B, 0x68, 0xE1, 0xCC, 0xBF, 0xD4, 0x5D, 0x49, 0x53, 0xDB, 0xE2,
    0x43, 0xD4, 0x4C, 0x62, 0xBE, 0xC0, 0xD3, 0x5C, 0x3B, 0x4A, 0x4D, 0x4A, 0x45, 0x3A, 0x32, 0x2D,
    0x24, 0x23, 0x25, 0x23, 0x27, 0x2A, 0x2E, 0x3B, 0x3D, 0x3D, 0x3E, 0x4A, 0xE2, 0xC6, 0xC1, 0xB3,
    0xAD, 0xA8, 0xA6, 0xA8, 0xAC, 0xB3, 0xB6, 0xB1, 0xAC, 0xAB, 0xAB, 0xAD, 0xAD, 0xB1, 0xB6, 0xB9,
    0xBE, 0xBD, 0xBC, 0xBA, 0xB7, 0xB3, 0xB4, 0xB4, 0xB4, 0xB7, 0xBF, 0xC9, 0xC7, 0xBF, 0xBD, 0xBC,
    0xBA, 0xBB, 0xBF, 0xE9, 0x67, 0x3E, 0x37, 0x3D, 0x5B, 0x4D, 0x36, 0x2C, 0x24, 0x1F, 0x1F, 0x1D,
    0x1C, 0x1B, 0x1B, 0x1C, 0x1E, 0x1F, 0x1F, 0x1F, 0x26, 0x2D, 0x2C, 0x2D, 0x3F, 0x54, 0x4C, 0xE2,
    0xB4, 0xB4, 0xB3, 0xB4, 0xAB, 0xA6, 0xA4, 0xAA, 0xA7, 0xAE, 0xC0, 0xD9, 0xD3, 0xC1, 0xBA, 0xB5,
    0xA4, 0x9D, 0x9C, 0xA1, 0xB4, 0xCD, 0xC2, 0xBC, 0xAA, 0xA9, 0xAE, 0xBA, 0xD2, 0x7A, 0x4E, 0x37,
    0x2E, 0x2F, 0x40, 0x39, 0x38, 0x3A, 0x2F, 0x22, 0x1D, 0x1E, 0x1F, 0x20, 0x29, 0x4A, 0x53, 0x4E,
    0xCD, 0xDA, 0xDC, 0x3F, 0x44, 0xC9, 0xB1, 0xAA, 0xAE, 0xAF, 0xB7, 0xDA, 0x71, 0xEF, 0xD3, 0xD3,
    0xC6, 0xB9, 0xB3, 0xB7, 0xB1, 0xC0, 0xBB, 0xD8, 0xD4, 0xBF, 0xAF, 0xAD, 0xAA, 0xA9, 0xAC, 0xAA,
    0xB1, 0xB2, 0xC7, 0xCE, 0x7D, 0xDC, 0xCE, 0xDB, 0x55, 0x4A, 0x3D, 0x2D, 0x27, 0x31, 0x3F, 0x36,
    0x3A, 0x3C, 0x30, 0x26, 0x22, 0x23, 0x23, 0x25, 0x27, 0x31, 0x46, 0x5A, 0x53, 0xFF, 0x61, 0x4B,
    0x31, 0x36, 0x2F, 0x2D, 0x3E, 0x47, 0x4D, 0x4C, 0x43, 0x42, 0x30, 0x38, 0x36, 0x43, 0x48, 0xCF,
    0xBF, 0xBE, 0xBE, 0xBF, 0xB2, 0xB4, 0xB3, 0xAE, 0xAA, 0xAA, 0xAB, 0xA2, 0xA4, 0xAA, 0xA8, 0xAA,
    0xAC, 0xB0, 0xB6, 0xB3, 0xB2, 0xB2, 0xBA, 0xBD, 0xBF, 0xBE, 0xCB, 0xD7, 0xD5, 0xFF, 0xFF, 0xC4,
    0xBE, 0xCD, 0xDE, 0x5A, 0x44, 0x3B, 0x43, 0x4D, 0x50, 0x53, 0x4B, 0x4A, 0x40, 0x3B, 0x32, 0x37,
    0x48, 0x4E, 0x72, 0x78, 0xD7, 0x66, 0x47, 0x3F, 0x54, 0xE9, 0xEC, 0xCB, 0xBA, 0xB9, 0xBC, 0xBC,
    0xBE, 0x3F, 0x35, 0x42, 0xC1, 0xB6, 0xBE, 0xC9, 0xAF, 0xB6, 0xFA, 0x3A, 0xC0, 0xE9, 0x3E, 0x55,
    0xBC, 0xBC, 0xCE, 0x3E, 0xDA, 0x52, 0x2B, 0x2C, 0x46, 0x6D, 0x3F, 0x35, 0x34, 0x32, 0x24, 0x29,
    0x34, 0x3A, 0x28, 0x20, 0x31, 0xF3, 0xE2, 0x48, 0xE2, 0xE4, 0x3B, 0x58, 0x32, 0xC7, 0xBE, 0xD4,
    0x77, 0x4C, 0x4E, 0x3D, 0x2E, 0x43, 0x4C, 0x2E, 0x2B, 0x52, 0xC0, 0xCE, 0x3F, 0x42, 0xFA, 0x7D,
    0x4B, 0xCF, 0xB8, 0xB6, 0xB9, 0xAC, 0xA2, 0xA7, 0xB3, 0xBD, 0xA8, 0xA9, 0xB3, 0xC9, 0xB9, 0xC7,
    0xBD, 0xB2, 0xB2, 0xAD, 0xB9, 0xC8, 0xBC, 0x3D, 0x2D, 0x29, 0x33, 0x33, 0x34, 0x45, 0x48, 0x3D,
    0x45, 0x41, 0x32, 0x21, 0x1F, 0x20, 0x27, 0x3D, 0xE9, 0x4D, 0x3D, 0x2D, 0x2F, 0x34, 0x30, 0x2E,
    0x2F, 0x39, 0x43, 0xDC, 0xC1, 0xBB, 0xC9, 0xD9, 0xDA, 0xC6, 0xC4, 0xC4, 0xBA, 0xAC, 0xA0, 0x9E,
    0xA1, 0xA8, 0xBA, 0xB2, 0xBB, 0xAF, 0xAC, 0xB6, 0xBB, 0xB9, 0xAF, 0xE0, 0x4A, 0x53, 0x4C, 0x3E,
    0x55, 0xC9, 0xBD, 0xBC, 0xC0, 0xFB, 0x6B, 0x34, 0x4F, 0x3F, 0xC9, 0xCC, 0xCC, 0xC5, 0xC7, 0xC6,
    0xC9, 0xE0, 0xD4, 0x3A, 0x40, 0xDB, 0xED, 0x75, 0x65, 0x59, 0x3F, 0x34, 0x32, 0x2D, 0x2C, 0x31,
    0x47, 0xDA, 0xC9, 0xC2, 0xC0, 0xC6, 0xE5, 0xBA, 0xC1, 0xAB, 0xAB, 0xA8, 0xA7, 0xA7, 0xA7, 0xA7,
    0xAA, 0xAF, 0xC5, 0xBD, 0xAE, 0xB2, 0xB3, 0xBC, 0xC1, 0xC7, 0x6F, 0x3D, 0x30, 0x2E, 0x28, 0x3E,
    0x4B, 0x6E, 0x49, 0x49, 0x63, 0x6B, 0x47, 0x32, 0x47, 0x46, 0x4E, 0x5F, 0xC5, 0xD9, 0xD9, 0x7D,
    0x55, 0x38, 0x2C, 0x3C, 0x49, 0xDF, 0x39, 0x47, 0xDF, 0x6D, 0x35, 0x2E, 0x48, 0x34, 0x23, 0x2A,
    0x40, 0x4A, 0x45, 0x41, 0x45, 0x30, 0x27, 0x25, 0x24, 0x27, 0x29, 0x34, 0x31, 0x74, 0xCB, 0x4B,
    0x57, 0x43, 0x3C, 0x52, 0xC5, 0xAC, 0xB2, 0xB4, 0xAC, 0xA5, 0xA6, 0xAF, 0x77, 0x4C, 0x5B, 0x75,
    0xF7, 0x4E, 0x53, 0x49, 0xCA, 0x53, 0x4B, 0x42, 0x2F, 0x2F, 0x31, 0x4C, 0x4E, 0x50, 0x3B, 0x32,
    0x36, 0x52, 0xFC, 0x3F, 0x3B, 0x31, 0x37, 0xDE, 0xBD, 0x7E, 0x3F, 0x3D, 0x44, 0x44, 0x59, 0x5A,
    0x62, 0x4E, 0x6B, 0x6E, 0xBA, 0xC7, 0x5D, 0x57, 0x56, 0x64, 0x52, 0x72, 0xE0, 0xE3, 0xBB, 0x62,
    0xC6, 0xBB, 0xCC, 0x57, 0x68, 0xD8, 0xFD, 0xCC, 0xB7, 0xAD, 0xBE, 0xC3, 0xB6, 0xA7, 0xA6, 0xB5,
    0xC1, 0xC0, 0xBA, 0xB3, 0xA7, 0xAD, 0xC6, 0x5D, 0xBD, 0xAC, 0xAE, 0xB7, 0x71, 0xF4, 0x45, 0x48,
    0x61, 0xC2, 0xCE, 0x3A, 0x39, 0xD3, 0xB9, 0xC9, 0x68, 0xF3, 0x39, 0x2C, 0x43, 0xDB, 0x6E, 0x42,
    0x3D, 0x42, 0x64, 0x4E, 0x3C, 0x2F, 0x32, 0x45, 0x38, 0x36, 0x32, 0x2F, 0x40, 0x60, 0x5F, 0xDF,
    0xDB, 0x5A, 0x3A, 0xE2, 0xBB, 0xC0, 0xCD, 0xE3, 0x7C, 0xC4, 0xAE, 0xAE, 0xAB, 0xAD, 0xB2, 0xBA,
    0xBD, 0xAF, 0xAE, 0xB6, 0xB9, 0xBE, 0xC0, 0xBF, 0xC9, 0x6F, 0x46, 0x37, 0x2B, 0x29, 0x35, 0x31,
    0x2C, 0x27, 0x2B, 0x28, 0x2C, 0x2C, 0x29, 0x23, 0x1E, 0x23, 0x31, 0x48, 0x57, 0x64, 0x3B, 0x30,
    0x29, 0x2D, 0x31, 0x37, 0xEC, 0xCA, 0xB2, 0xB1, 0xB6, 0x60, 0x4E, 0x4B, 0x7D, 0xB9, 0xAB, 0xA9,
    0xAE, 0xAE, 0xBB, 0xE1, 0xB0, 0xA5, 0xA9, 0xBF, 0xE1, 0xBD, 0xAB, 0xAB, 0xAF, 0xBB, 0xDA, 0xDD,
    0xC4, 0xBA, 0xCB, 0x3F, 0x2D, 0x3D, 0x66, 0xCE, 0x44, 0x36, 0x2F, 0x2E, 0x39, 0x4D, 0x46, 0x32,
    0x26, 0x2E, 0x32, 0x36, 0x40, 0x38, 0x38, 0x3E, 0x57, 0x63, 0x3B, 0xEA, 0xC2, 0xBD, 0x50, 0x45,
    0xD7, 0xD7, 0xDB, 0xCC, 0xCA, 0x4E, 0x36, 0x4E, 0xBD, 0xB9, 0xC6, 0xE1, 0xC9, 0xD6, 0x6B, 0xCA,
    0xC5, 0x4D, 0x35, 0x45, 0xC1, 0xBD, 0xC4, 0xC9, 0xF4, 0x4B, 0x4F, 0xCF, 0xBB, 0x7C, 0x46, 0xEB,
    0xC5, 0xC3, 0x74, 0x5B, 0xDF, 0xCC, 0x66, 0x4D, 0xD6, 0x5D, 0x3E, 0x35, 0x42, 0x47, 0x39, 0x42,
    0x5E, 0x77, 0x55, 0x5B, 0xD7, 0xFF, 0xFF, 0x66, 0x54, 0x52, 0x59, 0xDF, 0xD4, 0xC8, 0xDC, 0x4E,
    0x57, 0xEF, 0xC9, 0xC1, 0xC9, 0xED, 0xDA, 0xC6, 0xCA, 0xBF, 0xBE, 0xD9, 0x46, 0x6A, 0xBE, 0xB5,
    0xB7, 0xB8, 0xBD, 0xC3, 0xD3, 0xBD, 0xB0, 0xBE, 0xE1, 0xC5, 0xB2, 0xBA, 0xDD, 0x5A, 0xD4, 0xC4,
    0xE2, 0x4F, 0xD6, 0xEE, 0x5A, 0x41, 0x49, 0x57, 0x3B, 0x3C, 0x4B, 0x4D, 0x45, 0x3E, 0x44, 0x3C,
    0x3B, 0x37, 0x31, 0x2F, 0x32, 0x3C, 0x3E, 0x4C, 0x3E, 0x32, 0x34, 0x39, 0x3D, 0x44, 0x49, 0x3F,
    0x41, 0xDB, 0xD5, 0xD8, 0xD3, 0xD8, 0x5E, 0x4D, 0xD6, 0xBE, 0xBE, 0xC4, 0xDB, 0xD2, 0xC6, 0xC4,
    0xBF, 0xC1, 0xD8, 0x6F, 0xC3, 0xBE, 0xC9, 0x4C, 0x55, 0xEB, 0x54, 0x51, 0xE9, 0xC4, 0xCD, 0xE7,
    0xE7, 0xCC, 0x5B, 0x4A, 0x3D, 0x43, 0x4D, 0x4E, 0x5C, 0x75, 0x5B, 0x4E, 0x52, 0xF4, 0x4D, 0x3E,
    0x3E, 0x4C, 0x5F, 0x54, 0x45, 0x40, 0x3C, 0x3D, 0x3E, 0x3C, 0x3C, 0x41, 0x49, 0xE3, 0xCA, 0xD3,
    0xF5, 0xEB, 0xDD, 0xBF, 0xB4, 0xBA, 0xC2, 0xC3, 0xBD, 0xB1, 0xAD, 0xB5, 0xBD, 0xC4, 0xC0, 0xB9,
    0xAF, 0xBB, 0xC8, 0xCD, 0xCA, 0xCC, 0xED, 0x67, 0x54, 0x56, 0x62, 0xE4, 0xCC, 0xE8, 0x50, 0x4C,
    0x53, 0x5E, 0x67, 0x53, 0x53, 0x53, 0x57, 0xEB, 0xDB, 0x71, 0x53, 0x53, 0x53, 0x5A, 0xEC, 0xCF,
    0xE7, 0xDB, 0xD5, 0xDC, 0x6E, 0x47, 0x3C, 0x3C, 0x42, 0x64, 0xFF, 0xFA, 0xDF, 0xFA, 0x59, 0x49,
    0x46, 0x4B, 0x4D, 0x4F, 0x60, 0xE9, 0xCF, 0xD9, 0xE7, 0xDC, 0xD3, 0xD5, 0xD2, 0xCA, 0xC0, 0xBE,
    0xBC, 0xBA, 0xBA, 0xBD, 0xC2, 0xCD, 0xDB, 0xE3, 0xFF, 0xEF, 0xD5, 0xE3, 0xE1, 0xE8, 0x5A, 0x41,
    0x3A, 0x36, 0x36, 0x3B, 0x4B, 0x54, 0x58, 0x4E, 0x45, 0x43, 0x45, 0x3F, 0x38, 0x37, 0x3C, 0x4B,
    0x61, 0xDF, 0xCA, 0xD3, 0x5C, 0x4D, 0x57, 0x7A, 0xF8, 0xDA, 0xCA, 0xC7, 0xBE, 0xBA, 0xBA, 0xCB,
    0xDB, 0xD6, 0xC9, 0xBE, 0xB9, 0xB8, 0xB8, 0xBE, 0xBD, 0xC3, 0xCA, 0xDF, 0xF8, 0xE2, 0xC7, 0xBB,
    0xC4, 0xD9, 0x65, 0x50, 0x47, 0x41, 0x40, 0x3D, 0x3C, 0x42, 0x55, 0x67, 0x5D, 0x50, 0x42, 0x3C,
    0x40, 0x4B, 0x54, 0x67, 0xE9, 0xD8, 0xC8, 0xC1, 0xCA, 0xDF, 0x5B, 0x5F, 0x5C, 0xD5, 0xC7, 0xCE,
    0xFF, 0x5F, 0x5B, 0x60, 0x7C, 0x75, 0x53, 0x4D, 0x45, 0x45, 0x4F, 0x5B, 0x54, 0x4D, 0x51, 0x4A,
    0x57, 0x64, 0x64, 0x60, 0x7D, 0xD9, 0xCF, 0xCE, 0xD7, 0xE5, 0xFF, 0xE4, 0xDB, 0xD3, 0xCE, 0xD4,
    0xE7, 0x69, 0x6B, 0xFF, 0x67, 0x5B, 0x5B, 0x5B, 0x5B, 0x54, 0x4D, 0x4D, 0x49, 0x49, 0x49, 0x4E,
    0x53, 0x53, 0x53, 0x59, 0xFD, 0xEE, 0xFF, 0xF9, 0xE7, 0xE7, 0xE2, 0xD6, 0xCD, 0xC5, 0xC2, 0xC2,
    0xC5, 0xC2, 0xC1, 0xC1, 0xBF, 0xC1, 0xC1, 0xC0, 0xBD, 0xBC, 0xBB, 0xBC, 0xBF, 0xC3, 0xC5, 0xC4,
    0xC1, 0xC1, 0xC3, 0xC9, 0xCE, 0xD3, 0xD3, 0xCD, 0xCD, 0xD4, 0xDF, 0x6D, 0x5B, 0x5B, 0x54, 0x51,
    0x4D, 0x53, 0x57, 0x64, 0x5B, 0x57, 0x53, 0x50, 0x4A, 0x49, 0x45, 0x42, 0x41, 0x44, 0x45, 0x49,
    0x49, 0x49, 0x45, 0x45, 0x46, 0x49, 0x49, 0x48, 0x42, 0x42, 0x45, 0x49, 0x4B, 0x4D, 0x4D, 0x4F,
    0x53, 0x53, 0x53, 0x65, 0xED, 0xD6, 0xCD, 0xC9, 0xCD, 0xCE, 0xD3, 0xCE, 0xC8, 0xC8, 0xCD, 0xCF,
    0xD3, 0xDD, 0x78, 0x5B, 0x4C, 0x49, 0x49, 0x49, 0x4D, 0x51, 0x4B, 0x49, 0x45, 0x42, 0x41, 0x43,
    0x4D, 0x5D, 0x67, 0x67, 0x67, 0x78, 0xE7, 0xDF, 0xD4, 0xCC, 0xC9, 0xC1, 0xBE, 0xBC, 0xBC, 0xBC,
    0xBE, 0xC3, 0xC5, 0xC5, 0xC5, 0xC9, 0xCD, 0xCD, 0xCD, 0xCF, 0xD3, 0xDC, 0xEF, 0x69, 0x67, 0x72,
    0xFF, 0xE7, 0xE7, 0xDC, 0xE7, 0xE7, 0xE7, 0xE7, 0xDB, 0xD8, 0xCB, 0xC5, 0xC1, 0xBF, 0xBE, 0xC0,
    0xC2, 0xC7, 0xCD, 0xCD, 0xCD, 0xCA, 0xC9, 0xCF, 0x65, 0x4E, 0x49, 0x45, 0x45, 0x49, 0x45, 0x45,
    0x4A, 0x4D, 0x4D, 0x48, 0x40, 0x3E, 0x40, 0x4B, 0x54, 0x5B, 0x5B, 0x5D, 0x73, 0xFE, 0xEE, 0xFF,
    0x7A, 0x5F, 0x54, 0x5E, 0x67, 0x66, 0x50, 0x4A, 0x49, 0x43, 0x3D, 0x3C, 0x3E, 0x3F, 0x41, 0x45,
    0x4E, 0x53, 0x53, 0x51, 0x51, 0x5C, 0x6F, 0xFF, 0xE4, 0xDB, 0xDB, 0xE7, 0xDD, 0xD3, 0xD7, 0xE5,
    0xE3, 0xD6, 0xCD, 0xCD, 0xCD, 0xDC, 0xE7, 0xFC, 0xFF, 0xFF, 0xFF, 0xFF, 0xEB, 0x79, 0x5F, 0x5B,
    0x5B, 0x5B, 0x67, 0x6E, 0xEA, 0xDA, 0xCF, 0xCA, 0xC4, 0xBF, 0xC1, 0xBE, 0xC1, 0xBF, 0xC1, 0xC1,
    0xC1, 0xC1, 0xBE, 0xBE, 0xBE, 0xC2, 0xC8, 0xD3, 0xD6, 0xE3, 0x7A, 0x67, 0x67, 0x6B, 0x6D, 0x66,
    0x50, 0x4D, 0x4D, 0x50, 0x53, 0x5B, 0x5B, 0x69, 0xE0, 0xCF, 0xCE, 0xD8, 0xDB, 0xDB, 0xD6, 0xCD,
    0xCB, 0xD2, 0xE1, 0x67, 0x7D, 0xFF, 0x6C, 0x65, 0x5B, 0x65, 0x6B, 0xFF, 0xFF, 0xFF, 0xEB, 0xE7,
    0xE7, 0xFB, 0x6F, 0x5B, 0x5B, 0x5E, 0x67, 0x69, 0xFF, 0xFF, 0x63, 0x51, 0x4D, 0x4C, 0x49, 0x4A,
    0x50, 0x5B, 0x59, 0x4C, 0x4A, 0x4C, 0x49, 0x4D, 0x4D, 0x53, 0x56, 0x5B, 0x5C, 0x67, 0x7A, 0xFF,
    0x6D, 0x5B, 0x50, 0x4D, 0x52, 0x4D, 0x46, 0x3E, 0x3C, 0x3E, 0x47, 0x49, 0x44, 0x3E, 0x3D, 0x41,
    0x4F, 0x67, 0x61, 0x55, 0x5E, 0xDE, 0xCA, 0xC9, 0xE8, 0xFD, 0xE0, 0xCC, 0xBE, 0xBB, 0xBC, 0xBE,
    0xBD, 0xB8, 0xB3, 0xB2, 0xB8, 0xBE, 0xBE, 0xB9, 0xB8, 0xBB, 0xC7, 0xD2, 0xD1, 0xCB, 0xC5, 0xC8,
    0xD7, 0xFB, 0xDF, 0xCE, 0xCC, 0xDE, 0x66, 0x50, 0x58, 0x6C, 0xDF, 0xE6, 0x6E, 0x56, 0x5C, 0xEC,
    0xE1, 0x61, 0x4F, 0x53, 0x73, 0xD8, 0xCA, 0xD3, 0x6F, 0x5B, 0x6A, 0xE8, 0xD6, 0xEE, 0x5B, 0x5B,
    0x5B, 0x67, 0x72, 0xFF, 0x61, 0x55, 0x5B, 0x5F, 0x7B, 0xF7, 0xF3, 0x7E, 0x61, 0x55, 0x53, 0x53,
    0x53, 0x4E, 0x4F, 0x4D, 0x44, 0x41, 0x45, 0x43, 0x3F, 0x3D, 0x40, 0x41, 0x3C, 0x3A, 0x3D, 0x41,
    0x45, 0x47, 0x4F, 0x5C, 0x67, 0x67, 0xF8, 0xE7, 0xE7, 0xD9, 0xCF, 0xCA, 0xCD, 0xD2, 0xD3, 0xD8,
    0xE7, 0x72, 0x67, 0x65, 0x5F, 0x7B, 0xEC, 0x62, 0x4D, 0x4F, 0x53, 0x5D, 0x5F, 0x66, 0x67, 0x67,
    0xE6, 0xD3, 0xDA, 0x67, 0x71, 0xD5, 0xCB, 0xC8, 0xCD, 0xC9, 0xC9, 0xC9, 0xC5, 0xBD, 0xB9, 0xBD,
    0xC6, 0xC8, 0xC5, 0xC7, 0xCD, 0xCD, 0xCD, 0xCA, 0xC5, 0xC1, 0xC1, 0xDA, 0x6D, 0x67, 0xEB, 0xDB,
    0xE5, 0xDB, 0xD4, 0xD1, 0xCB, 0xCE, 0xDA, 0x61, 0x5D, 0xED, 0xCA, 0xBF, 0xC4, 0xCE, 0xD3, 0xD3,
    0xD5, 0xDB, 0x69, 0x51, 0x51, 0x5D, 0xE0, 0xE5, 0x5C, 0x45, 0x3D, 0x3C, 0x3E, 0x3F, 0x41, 0x45,
    0x4E, 0x5D, 0x67, 0x5B, 0x55, 0x4D, 0x54, 0x65, 0xF6, 0xDE, 0xE7, 0xE1, 0xDB, 0x62, 0x4F, 0x4A,
    0x4F, 0x59, 0x5C, 0x67, 0x56, 0x41, 0x3D, 0x3E, 0x43, 0x43, 0x3E, 0x3D, 0x47, 0x5D, 0x5F, 0x4E,
    0x44, 0x41, 0x47, 0x57, 0x76, 0x67, 0x67, 0x53, 0x5E, 0x77, 0x7A, 0x5F, 0x54, 0x55, 0x6C, 0xD3,
    0xC4, 0xC8, 0xD7, 0x66, 0x5B, 0x71, 0xD3, 0xC9, 0xC5, 0xC9, 0xC5, 0xC5, 0xC9, 0xDE, 0xDE, 0xFF,
    0xF1, 0xD6, 0xC4, 0xBB, 0xB8, 0xBA, 0xBD, 0xCA, 0xDF, 0x69, 0xE0, 0xD8, 0xD3, 0xC3, 0xC0, 0xCA,
    0xD7, 0xDB, 0xCF, 0xFC, 0x49, 0x49, 0x68, 0xD9, 0xCD, 0xCA, 0xCE, 0x67, 0x4A, 0x64, 0xFF, 0x4D,
    0x47, 0x61, 0xCA, 0xBC, 0xBA, 0xBC, 0xCE, 0x5A, 0x5C, 0xDC, 0xC9, 0xDA, 0x5C, 0xD6, 0xBB, 0xB7,
    0xBD, 0xD2, 0x43, 0x36, 0x36, 0x49, 0x65, 0x4B, 0x4A, 0xE7, 0xC7, 0xD0, 0x4F, 0x3D, 0x3C, 0x39,
    0x4D, 0xC9, 0xBF, 0xCB, 0xE7, 0xDB, 0xD3, 0xEC, 0x4A, 0x36, 0x30, 0x35, 0x42, 0x75, 0xCE, 0xDB,
    0x4D, 0x3A, 0x36, 0x38, 0x32, 0x2F, 0x2F, 0x3B, 0x68, 0xCD, 0xCF, 0x62, 0x3C, 0x30, 0x2F, 0x3A,
    0x3B, 0x3A, 0x3C, 0x48, 0x51, 0x56, 0x4D, 0x3C, 0x32, 0x2F, 0x36, 0x4F, 0x53, 0x4C, 0x54, 0x55,
    0x4A, 0x4E, 0x6C, 0x46, 0x3D, 0x46, 0x5D, 0xD1, 0xDE, 0xDB, 0xDB, 0xDB, 0xD9, 0x71, 0x52, 0x49,
    0x4D, 0xE9, 0xC9, 0xCD, 0x70, 0x59, 0x52, 0x45, 0x3B, 0x3B, 0x35, 0x36, 0x3E, 0xF3, 0xCC, 0x56,
    0x39, 0x30, 0x34, 0x3F, 0x44, 0x3D, 0x43, 0x3D, 0x58, 0xDE, 0x58, 0x36, 0x2F, 0x37, 0x4B, 0xDA,
    0x6A, 0x5B, 0x48, 0x38, 0x3A, 0x44, 0x44, 0x37, 0x34, 0x4A, 0xDC, 0xCE, 0xDB, 0x58, 0x47, 0x3E,
    0x53, 0x53, 0x4B, 0x49, 0x58, 0xC8, 0xCE, 0xCB, 0x49, 0x49, 0x4D, 0x6F, 0xCB, 0xC5, 0xE3, 0x4F,
    0x56, 0xC9, 0xDD, 0x5C, 0x3B, 0x34, 0x36, 0x3F, 0x44, 0x39, 0x35, 0x38, 0x47, 0x7A, 0x50, 0x3D,
    0x35, 0x3B, 0x56, 0xE7, 0xDA, 0xD3, 0xD9, 0xDD, 0xC4, 0xBF, 0xCC, 0x6F, 0x61, 0xDB, 0xC5, 0xC9,
    0xD6, 0x6E, 0x54, 0x51, 0x48, 0x49, 0x3F, 0x39, 0x39, 0x40, 0x59, 0x59, 0x3F, 0x36, 0x38, 0x3E,
    0x48, 0x4F, 0x5B, 0x4F, 0x60, 0xCD, 0xCD, 0x59, 0x3A, 0x3F, 0x5B, 0xC7, 0xC7, 0xCE, 0xDF, 0x57,
    0x4B, 0x65, 0x7E, 0x4E, 0x3A, 0x4C, 0xD2, 0xC5, 0xC9, 0xE7, 0x49, 0x42, 0x3D, 0x4D, 0x45, 0x41,
    0x41, 0xF1, 0xDC, 0xDC, 0x4F, 0x3D, 0x42, 0x52, 0xDE, 0xC7, 0xD7, 0x4C, 0x4F, 0xD4, 0xD3, 0xFE,
    0x44, 0x38, 0x3A, 0x3D, 0x4C, 0x3E, 0x3A, 0x3A, 0x46, 0x67, 0xEB, 0x53, 0x3F, 0x3B, 0x4C, 0xE7,
    0xE1, 0xCC, 0xCD, 0xD4, 0xCE, 0xBE, 0xBF, 0xCE, 0xDF, 0xD7, 0xC4, 0xBE, 0xC5, 0xD0, 0xED, 0x67,
    0x67, 0x67, 0x56, 0x40, 0x39, 0x3E, 0x44, 0x45, 0x3C, 0x37, 0x37, 0x36, 0x3E, 0x51, 0x63, 0x65,
    0x6F, 0xCF, 0xC9, 0xCF, 0x49, 0x3E, 0x4A, 0x60, 0xDB, 0xF9, 0xF1, 0x5E, 0x4E, 0xE3, 0xCE, 0x46,
    0x39, 0x38, 0x4A, 0xCD, 0xBF, 0xC9, 0xD8, 0xE4, 0xD7, 0xCE, 0x74, 0x53, 0x5B, 0xF4, 0xCE, 0xD0,
    0xCE, 0x68, 0x4C, 0x49, 0x46, 0x53, 0x5B, 0x5B, 0x51, 0x5B, 0x67, 0xEF, 0xD7, 0xBE, 0xB7, 0xAE,
    0xAB, 0xAF, 0xB2, 0xAE, 0xA9, 0xA6, 0xA7, 0xA0, 0xA7, 0xA3, 0xA6, 0xA3, 0xA6, 0xAE, 0xAE, 0xAA,
    0xAE, 0xAC, 0xAA, 0xAA, 0xB0, 0xB4, 0xB1, 0xB5, 0xC1, 0xD4, 0xD0, 0xCD, 0xD5, 0x67, 0xCE, 0xC6,
    0x4F, 0x3B, 0x31, 0x31, 0x31, 0x3F, 0x53, 0x55, 0x47, 0x3B, 0x48, 0x4A, 0x3A, 0x2B, 0x27, 0x2A,
    0x2E, 0x30, 0x4F, 0xE9, 0x5B, 0xDB, 0xD3, 0xCC, 0xFD, 0x61, 0xDF, 0xC6, 0xB8, 0xAF, 0xAA, 0xA9,
    0xB4, 0xB0, 0xAA, 0xAE, 0xAE, 0xAA, 0xA1, 0xA3, 0xA4, 0xA6, 0xA9, 0xAC, 0xC3, 0x55, 0x40, 0x3D,
    0x3D, 0x49, 0xD6, 0xD4, 0xDB, 0xBE, 0xCB, 0x79, 0x4E, 0x47, 0x59, 0xC4, 0xB6, 0xB4, 0xB7, 0xBC,
    0xBE, 0xBF, 0xCD, 0xD5, 0x62, 0x52, 0xED, 0xCD, 0xC6, 0xD9, 0x56, 0x3C, 0x31, 0x31, 0x33, 0x3C,
    0x53, 0x3F, 0x44, 0x4F, 0xEF, 0xDB, 0x6E, 0x56, 0x4D, 0x3F, 0xFE, 0xC3, 0xBD, 0xBD, 0xBC, 0xBD,
    0xDD, 0x50, 0x4D, 0x4F, 0x60, 0x7D, 0xC6, 0xBA, 0xB6, 0xAE, 0xAA, 0xA7, 0xB2, 0xBE, 0xB0, 0xA7,
    0xA7, 0xA6, 0xA4, 0xA6, 0xA9, 0xAB, 0xAB, 0xB1, 0xC2, 0xC5, 0xBD, 0xD4, 0x47, 0x46, 0x4F, 0x48,
    0x33, 0x2B, 0x2E, 0x2A, 0x2A, 0x2F, 0x30, 0x2D, 0x2E, 0x38, 0x4C, 0x54, 0x44, 0x43, 0x65, 0x6A,
    0xDF, 0xC2, 0xBB, 0xBE, 0xBF, 0xBB, 0xAF, 0xBC, 0xBB, 0xC0, 0xAF, 0xB0, 0xAF, 0xAF, 0xAD, 0xB0,
    0xAF, 0xAD, 0xA8, 0xB3, 0xB6, 0xB8, 0xB1, 0xAD, 0xAE, 0xAD, 0xAE, 0xAB, 0xAB, 0xB6, 0xCE, 0x6A,
    0x4B, 0x4B, 0xE3, 0xBF, 0xC2, 0x57, 0x3E, 0x2E, 0x2D, 0x2B, 0x2A, 0x2E, 0x27, 0x2D, 0x3E, 0x41,
    0x2F, 0x2A, 0x2D, 0x37, 0x37, 0x3A, 0x37, 0x34, 0x3B, 0x47, 0x57, 0xEF, 0xFF, 0xEF, 0xCB, 0xBD,
    0xCC, 0xBE, 0xBA, 0xBD, 0xBE, 0xB3, 0xAB, 0xAE, 0xAD, 0xB2, 0xA9, 0xAA, 0xAB, 0xAC, 0xAF, 0xB1,
    0xB5, 0xB5, 0xB3, 0xBC, 0xC1, 0xBF, 0xCE, 0xCB, 0xEE, 0xEC, 0xE6, 0xDE, 0xD3, 0x4A, 0xE4, 0xCA,
    0xCD, 0xC3, 0x67, 0x6A, 0x67, 0xDF, 0xD2, 0xCF, 0xC6, 0xCD, 0xCF, 0xBF, 0xC6, 0xCC, 0xF7, 0x49,
    0x3C, 0x36, 0x38, 0x36, 0x2E, 0x2C, 0x2E, 0x30, 0x56, 0xC6, 0xC9, 0x65, 0x44, 0x3F, 0x4D, 0x4F,
    0x3F, 0x3A, 0xD7, 0xBF, 0xB8, 0xB1, 0xB7, 0xC2, 0xCC, 0xBE, 0xBE, 0xB7, 0xB0, 0xAE, 0x9F, 0x9F,
    0x9E, 0x9E, 0xA3, 0xA6, 0xA8, 0xA7, 0x9D, 0x9F, 0x9F, 0xA4, 0xA8, 0xAC, 0xB6, 0xC9, 0x5E, 0x3F,
    0x34, 0x2B, 0x2F, 0x2A, 0x29, 0x25, 0x23, 0x21, 0x20, 0x22, 0x1E, 0x1E, 0x1E, 0x1F, 0x26, 0x2C,
    0x28, 0x2E, 0x37, 0x3F, 0x4B, 0x4B, 0x7D, 0xF3, 0xBF, 0xBE, 0xB7, 0xB4, 0xBC, 0xBF, 0xBE, 0xBB,
    0xB5, 0xBE, 0xCE, 0xCE, 0xCA, 0xAE, 0xB1, 0xB3, 0xBF, 0xC1, 0xBD, 0xBB, 0xAF, 0xAC, 0xB5, 0xC1,
    0xD1, 0xC4, 0xCC, 0xD3, 0xD1, 0xBF, 0xAC, 0xA9, 0xA9, 0xAA, 0xAE, 0xB9, 0xC3, 0xD3, 0x6E, 0x54,
    0x54, 0x53, 0x67, 0xE8, 0x5D, 0x45, 0x2D, 0x25, 0x25, 0x26, 0x26, 0x28, 0x2D, 0x37, 0x33, 0x3D,
    0x2C, 0x2B, 0x26, 0x29, 0x2A, 0x2C, 0x2F, 0x37, 0x5A, 0xCA, 0xC0, 0xB6, 0xB6, 0xC6, 0xBC, 0xC8,
    0xC1, 0xAC, 0xAB, 0xAC, 0xA9, 0xA7, 0xAA, 0xAB, 0xB1, 0xBE, 0xBA, 0xAF, 0xAA, 0xA8, 0xA1, 0xA5,
    0xA4, 0xA8, 0xAE, 0xAE, 0xAE, 0xAE, 0xAD, 0xA8, 0xA6, 0xA8, 0xAB, 0xAE, 0xB6, 0xBC, 0xDE, 0xF1,
    0x67, 0x5C, 0x44, 0x3C, 0x38, 0x30, 0x28, 0x23, 0x1F, 0x1E, 0x1D, 0x1E, 0x20, 0x23, 0x27, 0x2B,
    0x25, 0x26, 0x20, 0x25, 0x22, 0x24, 0x2C, 0x30, 0x33, 0x42, 0x39, 0x77, 0x4C, 0x50, 0x3A, 0x3D,
    0x4C, 0x60, 0xC7, 0xBD, 0xBF, 0xAC, 0xC2, 0xB6, 0xD3, 0xDD, 0xCE, 0xCE, 0xC4, 0xB7, 0xB6, 0xB4,
    0xBB, 0xBE, 0xDB, 0xD5, 0xCA, 0xD4, 0xDB, 0xD4, 0xD6, 0xD1, 0xCE, 0xF9, 0x67, 0x5A, 0x4F, 0x42,
    0x43, 0x43, 0x46, 0x63, 0xC6, 0xB2, 0xB2, 0xB4, 0xB8, 0xBA, 0xCD, 0xCA, 0xC5, 0xBF, 0xBD, 0xBE,
    0xBD, 0xC0, 0xC7, 0xDF, 0x45, 0x38, 0x30, 0x32, 0x3B, 0x42, 0x5B, 0xFE, 0xDB, 0x64, 0xDE, 0x54,
    0xE4, 0xCB, 0xBB, 0xAF, 0xAB, 0xA9, 0xA7, 0xA9, 0xA9, 0xAB, 0xAA, 0xAD, 0xAD, 0xAE, 0xAF, 0xAF,
    0xB0, 0xB2, 0xBA, 0xCB, 0x55, 0x43, 0x43, 0x4A, 0x48, 0x4C, 0x58, 0x4D, 0x49, 0x3F, 0x32, 0x2F,
    0x2C, 0x31, 0x2C, 0x2F, 0x2B, 0x29, 0x28, 0x24, 0x24, 0x25, 0x21, 0x25, 0x24, 0x2C, 0x3E, 0x55,
    0x42, 0x2D, 0x26, 0x2B, 0x3C, 0x37, 0x31, 0x34, 0x44, 0xDD, 0xDE, 0x75, 0x5C, 0x39, 0x40, 0x49,
    0xF2, 0xC6, 0xD1, 0xCA, 0xC1, 0xBD, 0xBC, 0xBC, 0xBB, 0xB4, 0xAF, 0xA6, 0xA4, 0xA4, 0xA5, 0xA8,
    0xAA, 0xAF, 0xB6, 0xBD, 0xBE, 0xBF, 0xC5, 0xCD, 0x6C, 0x52, 0x41, 0x39, 0x36, 0x37, 0x3E, 0x4C,
    0x4C, 0xDC, 0xEF, 0xFF, 0x4E, 0x4D, 0x4A, 0x40, 0x5D, 0xCF, 0xBE, 0xBB, 0xBF, 0xCA, 0xFE, 0x61,
    0x4F, 0x4D, 0x45, 0x45, 0x51, 0x56, 0x67, 0x5B, 0x4C, 0x55, 0x39, 0x34, 0x39, 0x44, 0x4A, 0x70,
    0xBC, 0xAF, 0xAF, 0xAE, 0xBD, 0xC8, 0xD4, 0xCE, 0xB7, 0xAE, 0xBC, 0xB5, 0xB6, 0xB8, 0xC6, 0xCF,
    0x3C, 0x30, 0x30, 0x36, 0x3A, 0x37, 0x3D, 0x38, 0x47, 0x30, 0x32, 0x34, 0x38, 0x37, 0x42, 0xFF,
    0xDD, 0xC3, 0xB2, 0xB9, 0xFB, 0x4D, 0x4A, 0x4B, 0x49, 0x49, 0x49, 0x55, 0xCA, 0xAB, 0xAB, 0xAD,
    0xB2, 0xBA, 0xC6, 0xC9, 0xCF, 0xE5, 0x6B, 0xEE, 0xFE, 0x67, 0x4E, 0x3D, 0x29, 0x23, 0x24, 0x2A,
    0x34, 0x48, 0x51, 0x5C, 0xFE, 0x6B, 0x6D, 0x38, 0x2E, 0x2E, 0x35, 0x3F, 0x4C, 0x53, 0xF6, 0xD3,
    0xC4, 0xB4, 0xB2, 0xB9, 0xB3, 0xA9, 0xA6, 0xA6, 0xAB, 0xAE, 0xB3, 0xBB, 0xBF, 0xC9, 0xD9, 0x5C,
    0x54, 0x57, 0x53, 0x48, 0x39, 0x2C, 0x28, 0x29, 0x2C, 0x2D, 0x2D, 0x2E, 0x36, 0x42, 0xD0, 0xC7,
    0xB8, 0xCC, 0xB8, 0xB1, 0xB0, 0xB7, 0xC1, 0xC9, 0xCD, 0xC9, 0xCD, 0xE7, 0x66, 0x45, 0x3B, 0x3A,
    0x38, 0x2F, 0x2B, 0x2B, 0x2A, 0x2B, 0x2F, 0x38, 0x37, 0x3A, 0x45, 0x63, 0xE0, 0xC9, 0xC5, 0xBD,
    0xBB, 0xB3, 0xAC, 0xAC, 0xAA, 0xA9, 0xAA, 0xAA, 0xAD, 0xB4, 0xB9, 0xEB, 0x67, 0x4F, 0x45, 0x4D,
    0x49, 0x54, 0x5A, 0x56, 0x79, 0x61, 0x4D, 0x49, 0x55, 0xBE, 0xCA, 0xC4, 0xBE, 0xC5, 0xCA, 0xDB,
    0x6D, 0xFF, 0x3E, 0x66, 0x3C, 0x49, 0x38, 0x30, 0x32, 0x30, 0x2C, 0x2D, 0x2D, 0x30, 0x31, 0x30,
    0x2F, 0x32, 0x32, 0x34, 0x36, 0x3A, 0x3E, 0x47, 0xBD, 0xAB, 0xA9, 0xA8, 0xA7, 0xA7, 0xA9, 0xA9,
    0xAA, 0xA9, 0xA6, 0xA7, 0xA8, 0xAA, 0xAC, 0xB0, 0xC9, 0x51, 0x46, 0x47, 0x45, 0xF0, 0xCE, 0xD3,
    0xDF, 0xE9, 0x5F, 0x47, 0x3A, 0x33, 0x2D, 0x2B, 0x2F, 0x34, 0x2F, 0x26, 0x24, 0x27, 0x26, 0x24,
    0x26, 0x28, 0x2B, 0x2D, 0x33, 0x3C, 0xBF, 0xBD, 0xBC, 0xB9, 0xBE, 0xBF, 0xB5, 0xB1, 0xAA, 0xB0,
    0xAE, 0xAF, 0xAE, 0xAF, 0xB3, 0xBE, 0xD9, 0xD9, 0x4D, 0xB6, 0xBE, 0xBD, 0xD6, 0xDB, 0x60, 0x4D,
    0x51, 0x4A, 0xD8, 0xBC, 0xB0, 0xCC, 0xB4, 0xB4, 0xB6, 0xCA, 0xE3, 0x56, 0x45, 0x52, 0xCF, 0x5C,
    0x42, 0x2D, 0x31, 0x3D, 0x2F, 0x2D, 0x2D, 0x29, 0x29, 0x2B, 0x38, 0x47, 0x35, 0x34, 0x49, 0xC5,
    0xC7, 0xE5, 0xF0, 0xD0, 0xBF, 0xBE, 0xB3, 0xC5, 0xC5, 0xCB, 0xB2, 0xAB, 0xAB, 0xB1, 0xBE, 0xB4,
    0xB8, 0xAE, 0xB2, 0xB8, 0xCA, 0xCA, 0xC6, 0xD3, 0x75, 0x58, 0x4D, 0x5B, 0x74, 0xF1, 0x4C, 0x47,
    0xF7, 0x53, 0x3E, 0x53, 0xD8, 0xDF, 0x46, 0x4B, 0xD3, 0x5F, 0x53, 0x5B, 0x3C, 0x2D, 0x2C, 0x39,
    0x4C, 0x33, 0x32, 0x2B, 0x2E, 0x34, 0x5B, 0x6A, 0x3D, 0x32, 0x37, 0x6F, 0xC3, 0xDC, 0x4B, 0x36,
    0x3E, 0xE2, 0xC0, 0xCE, 0x5D, 0x3E, 0x4C, 0xF3, 0xB9, 0x7B, 0x4A, 0x42, 0x4F, 0x76, 0x6F, 0x56,
    0x53, 0x5E, 0xD5, 0xB2, 0xB4, 0xB5, 0xC5, 0xB6, 0xAD, 0xAD, 0xAB, 0xB3, 0xB4, 0xAE, 0xAF, 0xAA,
    0xB0, 0xB0, 0xBF, 0xCE, 0xBB, 0xBA, 0xCB, 0xE4, 0x43, 0xD6, 0xE7, 0xFA, 0x3A, 0x2F, 0x2C, 0x2F,
    0x39, 0x3C, 0x39, 0x2D, 0x29, 0x29, 0x2E, 0x2E, 0x33, 0x33, 0x2C, 0x2B, 0x36, 0x64, 0x34, 0x33,
    0x39, 0x3B, 0x3E, 0x50, 0xCE, 0xBE, 0xCE, 0x64, 0xB9, 0xB5, 0xC8, 0xCB, 0xC2, 0xC1, 0xB7, 0xA8,
    0xA2, 0xAD, 0xC0, 0xB6, 0xAD, 0xA9, 0xB6, 0xC1, 0xDD, 0x6A, 0xC2, 0xAE, 0xB4, 0x5B, 0x5B, 0xD8,
    0xCA, 0xB8, 0xBF, 0x3D, 0x3D, 0xFB, 0xBF, 0xC8, 0x4D, 0x2B, 0x2E, 0x35, 0x7B, 0xDD, 0xF0, 0x33,
    0x3C, 0xE2, 0xCE, 0x6B, 0x3A, 0x26, 0x26, 0x27, 0x2E, 0x34, 0x2C, 0x2A, 0x34, 0x47, 0x42, 0x2F,
    0x3E, 0x44, 0x3D, 0x57, 0xC9, 0xC4, 0x74, 0x53, 0xC6, 0xB1, 0xB8, 0xB7, 0xB7, 0xB5, 0xAE, 0xAE,
    0xB0, 0xCF, 0xE8, 0xC1, 0xB9, 0xB4, 0xED, 0x5A, 0x49, 0x52, 0xBC, 0xB2, 0xB8, 0x52, 0x38, 0x47,
    0x78, 0xE4, 0x53, 0x3D, 0x3E, 0x4E, 0xDA, 0xC9, 0xDE, 0x53, 0x6B, 0xE4, 0xD3, 0x6B, 0x47, 0x4F,
    0x6F, 0x4C, 0x60, 0x5B, 0x3C, 0x3C, 0x40, 0x47, 0x4F, 0x75, 0x5F, 0x42, 0x3B, 0x3E, 0x40, 0x5E,
    0x3E, 0x35, 0x3F, 0x54, 0x5B, 0x4E, 0x49, 0x58, 0x4B, 0xEE, 0xC0, 0xD7, 0x5B, 0xEC, 0xB5, 0xC4,
    0xCD, 0xD3, 0xE2, 0xCD, 0xC9, 0xBE, 0xB5, 0xB3, 0xCD, 0xC5, 0xBA, 0xC6, 0xD6, 0xC9, 0xCF, 0x76,
    0x59, 0x53, 0x5F, 0x5D, 0x4B, 0x72, 0xBA, 0xC2, 0xC5, 0xCA, 0x4E, 0x39, 0x3E, 0x3D, 0x3B, 0x3B,
    0x34, 0x31, 0x3C, 0x43, 0x38, 0x32, 0x32, 0x40, 0x51, 0x60, 0x42, 0x36, 0x3F, 0x3C, 0x7C, 0x63,
    0x49, 0x3E, 0x48, 0xBF, 0xD5, 0xB7, 0xC2, 0xD7, 0xF1, 0xD5, 0xBC, 0xBC, 0xD9, 0x62, 0xDB, 0xD3,
    0xDA, 0xDA, 0xCD, 0x5F, 0x53, 0x77, 0xC9, 0xC9, 0xD3, 0xD2, 0xD9, 0xBD, 0x67, 0xCB, 0x48, 0x3F,
    0x3C, 0x49, 0xC6, 0xB5, 0xC2, 0xB9, 0xCA, 0xD7, 0x3F, 0xF6, 0xF8, 0x4D, 0x52, 0xCE, 0xEC, 0xBA,
    0xC7, 0xBE, 0xC5, 0x66, 0x58, 0x60, 0xE5, 0x6B, 0xDE, 0xC4, 0xC9, 0xEB, 0x50, 0x52, 0x52, 0x47,
    0x4D, 0xE8, 0xC7, 0xBE, 0xBA, 0xB6, 0xD5, 0xE1, 0x68, 0xD6, 0xE6, 0xE5, 0xDF, 0x5E, 0x4C, 0x61,
    0x5B, 0xC5, 0x4E, 0x51, 0x4B, 0x71, 0xF9, 0x61, 0x5B, 0x49, 0x3F, 0x4A, 0x58, 0xDD, 0x4A, 0x41,
    0x46, 0xFA, 0xE1, 0xCE, 0xCB, 0x5D, 0x67, 0xE6, 0xCE, 0xEE, 0x6A, 0x42, 0xF0, 0xC6, 0xD1, 0x55,
    0x69, 0x6F, 0x67, 0x53, 0x6E, 0x67, 0x5B, 0xE7, 0xDC, 0x53, 0x3B, 0x36, 0x38, 0x3C, 0x3C, 0x47,
    0x5C, 0x6F, 0x69, 0xCF, 0xCB, 0x65, 0x4C, 0x46, 0x4F, 0x45, 0x45, 0x4D, 0x42, 0x42, 0x45, 0x77,
    0xFF, 0x42, 0x49, 0x48, 0x65, 0x5C, 0x60, 0x5B, 0x4E, 0x44, 0x4D, 0x57, 0x6B, 0x41, 0x43, 0x4C,
    0xE3, 0xFB, 0xC5, 0xD9, 0x5B, 0x6C, 0xD7, 0xCD, 0xF9, 0x4E, 0x46, 0xCF, 0xC2, 0xFF, 0x49, 0x49,
    0x4D, 0x4D, 0x56, 0xDB, 0xE4, 0xEE, 0xCB, 0xB9, 0xBF, 0xC9, 0xC9, 0xC6, 0xBF, 0xBC, 0xB8, 0xB5,
    0xB9, 0xBF, 0xB0, 0xAE, 0xBA, 0xD5, 0xEA, 0xE7, 0x61, 0x6F, 0xCB, 0x6E, 0x3E, 0x40, 0x55, 0x67,
    0x4D, 0x3F, 0x3C, 0x40, 0x60, 0xE5, 0xCD, 0xEB, 0x47, 0x4A, 0x7C, 0xC9, 0xC5, 0xC8, 0xC5, 0xC1,
    0xB9, 0xAF, 0xAF, 0xB1, 0xBA, 0xBE, 0xBE, 0xBF, 0xC5, 0xCD, 0xCD, 0xE7, 0xCE, 0xD3, 0xD9, 0x7B,
    0x67, 0x5C, 0x51, 0x4D, 0x4D, 0x4B, 0x58, 0x5B, 0x57, 0x4A, 0x49, 0x41, 0x3D, 0x3E, 0x44, 0x4D,
    0x4C, 0x75, 0x72, 0xF5, 0x4C, 0x3E, 0x3C, 0x3F, 0x48, 0x53, 0x4B, 0x5B, 0x42, 0x44, 0x3F, 0x3A,
    0x38, 0x36, 0x37, 0x3D, 0x49, 0x49, 0x46, 0x3F, 0x3A, 0x38, 0x3C, 0x3B, 0x3D, 0x3E, 0x4C, 0x6B,
    0xDC, 0xCE, 0xDB, 0xE4, 0x6A, 0xDE, 0xC6, 0xC3, 0xC5, 0xC6, 0xC9, 0xC9, 0xCD, 0xCC, 0xD3, 0xDE,
    0xDE, 0xDB, 0xD8, 0xDA, 0xE7, 0x6B, 0x54, 0x4D, 0x51, 0x54, 0x5B, 0x54, 0x53, 0x58, 0x67, 0x67,
    0x67, 0x6B, 0xDF, 0xD4, 0xCD, 0xD0, 0xCE, 0xD7, 0xDB, 0xEA, 0x5F, 0x53, 0x4C, 0x4C, 0x54, 0x5B,
    0x4F, 0x55, 0x4F, 0x4D, 0x53, 0x53, 0x53, 0x4D, 0x58, 0xD3, 0xD3, 0xC6, 0xC8, 0xD1, 0xDB, 0xCE,
    0xC6, 0xC5, 0xC8, 0xC5, 0xBF, 0xB8, 0xB6, 0xB7, 0xBE, 0xCB, 0xD8, 0xDB, 0xCF, 0xD3, 0xF6, 0x4D,
    0x52, 0x5B, 0x5B, 0x53, 0x47, 0x41, 0x49, 0x4E, 0x7A, 0x61, 0x6C, 0x4A, 0x65, 0xEA, 0xE7, 0x7A,
    0x54, 0x56, 0x62, 0xE5, 0xD0, 0xD9, 0xEB, 0x6D, 0x7E, 0xF4, 0xF6, 0x67, 0x5B, 0x47, 0x3D, 0x3E,
    0x41, 0x49, 0x49, 0x4D, 0x49, 0x49, 0x49, 0x4C, 0x4D, 0x4E, 0x43, 0x55, 0x5B, 0x66, 0x75, 0x67,
    0x53, 0x4D, 0x4D, 0x4D, 0x50, 0x5B, 0xF5, 0xDE, 0xCD, 0xCD, 0xCA, 0xC9, 0xCE, 0xCE, 0xC4, 0xC1,
    0xC6, 0xCB, 0xD2, 0xD3, 0xD8, 0xDB, 0x65, 0x4B, 0x41, 0x45, 0x58, 0x76, 0x5E, 0x53, 0x3B, 0x36,
    0x36, 0x39, 0x3A, 0x38, 0x3A, 0x3F, 0x4A, 0x5A, 0x53, 0x4F, 0x4D, 0x4F, 0xF1, 0xCD, 0xC4, 0xBF,
    0xBE, 0xBD, 0xBC, 0xBC, 0xBF, 0xC5, 0xC5, 0xC5, 0xC1, 0xBF, 0xBE, 0xC1, 0xC1, 0xC6, 0xCB, 0xD2,
    0xEB, 0xFF, 0x67, 0xF3, 0xDD, 0xCE, 0xD3, 0xD3, 0x67, 0x5E, 0x4A, 0x4F, 0x4B, 0x4F, 0x68, 0xE8,
    0xCF, 0xCF, 0xDC, 0xFB, 0x5D, 0x67, 0x67, 0x67, 0x6C, 0xE1, 0xD3, 0xD3, 0xD3, 0xEB, 0x64, 0x53,
    0x59, 0xE4, 0xDB, 0xD4, 0xD2, 0xD6, 0xC9, 0xCD, 0xCF, 0xD3, 0xD3, 0xCF, 0xD2, 0xD5, 0xFD, 0x4D,
    0x49, 0x49, 0x49, 0x45, 0x45, 0x45, 0x45, 0x41, 0x3B, 0x37, 0x37, 0x3A, 0x3C, 0x3C, 0x3C, 0x3D,
    0x3E, 0x41, 0x46, 0x4C, 0x53, 0x5B, 0x5B, 0x69, 0x6F, 0x67, 0xE7, 0xE7, 0xDB, 0xD3, 0xCE, 0xC9,
    0xCB, 0xCD, 0xCE, 0xD3, 0xDB, 0xED, 0xFF, 0x67, 0x67, 0x67, 0x76, 0x67, 0x5B, 0x5B, 0x55, 0x4E,
    0x4F, 0x4D, 0x4F, 0x5E, 0xFB, 0xD4, 0xDF, 0x67, 0x5A, 0x5B, 0xDE, 0xCF, 0xCD, 0xC9, 0xCD, 0xC5,
    0xC4, 0xC2, 0xC3, 0xC8, 0xCD, 0xCD, 0xD2, 0xCE, 0xD8, 0xDB, 0xED, 0x6B, 0xFB, 0xE7, 0xE7, 0xF0,
    0x5E, 0x5B, 0x6E, 0xEB, 0xE7, 0xDF, 0xD4, 0xDE, 0xD9, 0xD4, 0xD8, 0xDA, 0xEA, 0xFF, 0xE8, 0xE2,
    0xD6, 0xD4, 0xD8, 0xD3, 0xDD, 0xE7, 0xE7, 0x61, 0x63, 0x69, 0xF0, 0xE7, 0xDD, 0xE7, 0xFF, 0x5B,
    0x5B, 0x5D, 0xEF, 0xDC, 0xD9, 0xD3, 0xCD, 0xCD, 0xD2, 0xD3, 0xCF, 0xCD, 0xCC, 0xC7, 0xC5, 0xBE,
    0xC1, 0xC5, 0xC8, 0xCD, 0xC9, 0xC9, 0xCE, 0xDF, 0x6D, 0x58, 0x50, 0x4E, 0x4F, 0x49, 0x46, 0x47,
    0x49, 0x48, 0x3D, 0x38, 0x36, 0x3B, 0x3C, 0x3C, 0x3B, 0x38, 0x3A, 0x3C, 0x3E, 0x40, 0x41, 0x3F,
    0x41, 0x45, 0x4B, 0x4E, 0x57, 0x55, 0x55, 0x60, 0x67, 0x6C, 0xFF, 0x68, 0xF1, 0xE7, 0xD2, 0xCB,
    0xC9, 0xCB, 0xC8, 0xC9, 0xC4, 0xBF, 0xC1, 0xBD, 0xC1, 0xBF, 0xC1, 0xBE, 0xBF, 0xC5, 0xCF, 0xEB,
    0xFF, 0xFF, 0xEB, 0x65, 0x67, 0x56, 0x60, 0xED, 0x7E, 0x67, 0x57, 0x4D, 0x50, 0x5B, 0x51, 0x51,
    0x4D, 0x52, 0x5B, 0x5D, 0x71, 0x68, 0xFF, 0xFF, 0xE7, 0xE0, 0xD5, 0xD3, 0xD3, 0xCE, 0xCB, 0xCD,
    0xCE, 0xD0, 0xCD, 0xCD, 0xCD, 0xCD, 0xD3, 0xCE, 0xCE, 0xD3, 0xD3, 0xD5, 0xDB, 0xD3, 0xD7, 0xDB,
    0xEA, 0xFF, 0xE9, 0xE3, 0xD6, 0xD3, 0xD3, 0xD3, 0xDA, 0xCF, 0xCD, 0xC9, 0xC9, 0xC9, 0xC9, 0xC9,
    0xC5, 0xC1, 0xC5, 0xBF, 0xC7, 0xC1, 0xC5, 0xC9, 0xCE, 0xD3, 0xDB, 0xD3, 0xD3, 0xDF, 0x53, 0x4D,
    0x45, 0x43, 0x3A, 0x36, 0x36, 0x37, 0x38, 0x3C, 0x3B, 0x3C, 0x3E, 0x3A, 0x35, 0x33, 0x36, 0x38,
    0x3A, 0x3C, 0x42, 0x4B, 0x4D, 0x5B, 0x52, 0x64, 0x5E, 0x69, 0xDD, 0xF0, 0xDD, 0xCF, 0xD7, 0xC6,
    0xD3, 0xCC, 0xD5, 0xE7, 0xE7, 0xE3, 0xD6, 0xD3, 0xDD, 0xCB, 0xE3, 0xCF, 0xDA, 0xD3, 0xD9, 0xE7,
    0xE7, 0xF8, 0xE2, 0xCF, 0xCD, 0xCB, 0xD1, 0x7D, 0x6E, 0x52, 0x49, 0x47, 0x45, 0x45, 0x48, 0x4A,
    0x4D, 0x4D, 0x4D, 0x4D, 0x4D, 0x4F, 0x59, 0x5B, 0x66, 0xDE, 0xCE, 0xBD, 0xB7, 0xBA, 0xBB, 0xBF,
    0xC3, 0xBE, 0xC0, 0xBE, 0xC1, 0xBE, 0xBB, 0xBB, 0xBE, 0xC8, 0xD3, 0xDE, 0xE7, 0xE7, 0xE7, 0xCF,
    0xDB, 0xC7, 0xC4, 0xBF, 0xC2, 0xC9, 0xCD, 0xCE, 0xCF, 0xCA, 0xCB, 0xC3, 0xC9, 0xC8, 0xC9, 0xCF,
    0xF9, 0x54, 0x48, 0x45, 0x46, 0x4D, 0x5A, 0x5B, 0x5B, 0x67, 0x67, 0x77, 0xE9, 0xEF, 0xDC, 0xDF,
    0xCF, 0xC9, 0xC5, 0xC9, 0xD7, 0x6E, 0x4E, 0x48, 0x45, 0x49, 0x49, 0x46, 0x3E, 0x3B, 0x3A, 0x3A,
    0x38, 0x39, 0x3A, 0x3A, 0x3C, 0x37, 0x36, 0x37, 0x38, 0x3B, 0x3C, 0x3E, 0x3F, 0x41, 0x45, 0x4B,
    0x51, 0x5D, 0xDF, 0xC3, 0xB7, 0xB3, 0xB3, 0xB5, 0xBD, 0xCB, 0xE8, 0x5D, 0x67, 0xF4, 0xD3, 0xCC,
    0xC9, 0xCE, 0xDC, 0x5D, 0x51, 0x4B, 0x46, 0x4D, 0x61, 0xDD, 0xC2, 0xBD, 0xBD, 0xC0, 0xCB, 0xEE,
    0x56, 0x4D, 0x55, 0x7E, 0xD8, 0xCE, 0xCE, 0xD3, 0x6F, 0x4B, 0x43, 0x41, 0x3F, 0x44, 0x4E, 0x60,
    0xE9, 0xD9, 0xD9, 0x7D, 0x60, 0x55, 0x4F, 0x5B, 0x66, 0xD7, 0xCB, 0xC5, 0xC5, 0xCC, 0xDD, 0x6C,
    0x54, 0x51, 0x51, 0x53, 0x53, 0x53, 0x52, 0x50, 0x4D, 0x4D, 0x51, 0x4E, 0x53, 0x5A, 0xE7, 0xDE,
    0xD3, 0xD3, 0xD9, 0xD4, 0xE8, 0xE9, 0xE0, 0xED, 0xDC, 0xDD, 0xD3, 0xD2, 0xCB, 0xC2, 0xBB, 0xAE,
    0xAB, 0xAD, 0xAE, 0xB0, 0xB8, 0xBE, 0xC5, 0xC3, 0xBE, 0xB9, 0xB8, 0xB9, 0xC1, 0xDB, 0x4D, 0x3E,
    0x39, 0x3B, 0x3C, 0x46, 0x4C, 0x49, 0x5A, 0x63, 0x47, 0x4D, 0x49, 0x3E, 0x55, 0x3B, 0x4A, 0x4B,
    0x49, 0x4E, 0x4E, 0x45, 0x45, 0x36, 0x35, 0x2F, 0x31, 0x36, 0x35, 0x3A, 0x3B, 0x3B, 0x44, 0x3F,
    0x42, 0x48, 0x46, 0x4F, 0x4F, 0xEF, 0xCF, 0xC2, 0xB8, 0xBE, 0xC9, 0xCB, 0x78, 0x7B, 0x5F, 0x65,
    0x63, 0x61, 0x67, 0x6B, 0x5B, 0x52, 0x4B, 0x49, 0x3F, 0x3E, 0x46, 0x58, 0xCB, 0xB9, 0xB2, 0xB0,
    0xB4, 0xB6, 0xBD, 0xC7, 0xC9, 0xC5, 0xBE, 0xBB, 0xBD, 0xC0, 0xCA, 0xEC, 0x41, 0x38, 0x34, 0x34,
    0x37, 0x3A, 0x3F, 0x4D, 0x63, 0xFF, 0xFF, 0xFF, 0xFF, 0xDF, 0xCC, 0xBD, 0xB5, 0xB2, 0xAF, 0xB0,
    0xB1, 0xB6, 0xBB, 0xC4, 0xCD, 0xCC, 0xCF, 0xCD, 0xD2, 0xD5, 0xDE, 0x5E, 0x46, 0x40, 0x3E, 0x3F,
    0x43, 0x49, 0x5D, 0xFA, 0xD4, 0xCF, 0xCF, 0xE6, 0xDF, 0xFA, 0x55, 0x6B, 0x67, 0x67, 0x5D, 0x53,
    0x53, 0x53, 0x49, 0x47, 0x3E, 0x3F, 0x48, 0x4A, 0x4F, 0x53, 0x4F, 0x4F, 0x4D, 0x48, 0x45, 0x45,
    0x45, 0x45, 0x45, 0x43, 0x42, 0x45, 0x49, 0x5D, 0xC4, 0xAF, 0xB1, 0xAF, 0xB7, 0xBE, 0xC8, 0x3F,
    0x3C, 0x45, 0xCD, 0xB7, 0xB7, 0xB8, 0xBC, 0xDF, 0x3C, 0x32, 0x30, 0x35, 0x3B, 0x4E, 0xC4, 0xB4,
    0xB7, 0xB7, 0xE5, 0x45, 0x3E, 0x3C, 0x44, 0xEB, 0xBF, 0xB3, 0xB4, 0xB6, 0xB9, 0xBD, 0xD1, 0x48,
    0x36, 0x35, 0x3C, 0x53, 0xC9, 0xC1, 0xC1, 0xCC, 0x44, 0x36, 0x34, 0x36, 0x3A, 0x40, 0x7E, 0xCB,
    0xBC, 0xB3, 0xB9, 0xC8, 0x44, 0x3D, 0x3F, 0x4D, 0x5D, 0x56, 0xE5, 0xBF, 0xCB, 0xC5, 0x4D, 0x3F,
    0x3C, 0x3B, 0x3F, 0x49, 0xF7, 0xD3, 0xF8, 0xD3, 0xE2, 0x64, 0x52, 0x4D, 0x53, 0x59, 0xF9, 0xD4,
    0xCA, 0xCE, 0xD8, 0xDB, 0xE1, 0xDB, 0xD8, 0xC1, 0xBE, 0xBC, 0xBB, 0xBA, 0xBB, 0xC7, 0xCB, 0xE0,
    0xFC, 0xC8, 0xB3, 0xAD, 0xAD, 0xAC, 0xAC, 0xAE, 0xB6, 0xC2, 0xDC, 0x45, 0x3E, 0xFA, 0xC8, 0xCB,
    0xC5, 0xCB, 0xD2, 0x49, 0x3F, 0x40, 0x3A, 0x3C, 0x5A, 0xD3, 0xCC, 0xD2, 0xCB, 0xCD, 0xCB, 0xD8,
    0xDB, 0x5A, 0x44, 0x47, 0x4F, 0x52, 0x4F, 0x4C, 0x4D, 0x40, 0x3A, 0x39, 0x3A, 0x37, 0x34, 0x43,
    0xE8, 0xFF, 0xFF, 0xF3, 0xE0, 0x5D, 0x49, 0x6A, 0xE7, 0xE7, 0x6C, 0x5B, 0x5B, 0x66, 0xE7, 0x64,
    0x4E, 0x33, 0x2E, 0x31, 0x39, 0x3E, 0x3F, 0x34, 0x30, 0x31, 0x36, 0x3B, 0x3A, 0x3A, 0x3C, 0x42,
    0x4D, 0x61, 0xDC, 0x62, 0x5B, 0x5B, 0x5F, 0x67, 0x5B, 0x5B, 0x66, 0x67, 0xD8, 0xB5, 0xA7, 0xA7,
    0xA7, 0xAB, 0xAD, 0xB6, 0xBF, 0xEC, 0x6E, 0xC5, 0xB0, 0xAE, 0xAD, 0xAE, 0xB3, 0xDA, 0x42, 0x43,
    0x4E, 0x58, 0xDB, 0xBB, 0xB4, 0xB2, 0xB2, 0xB6, 0xBC, 0x57, 0x46, 0x4D, 0x5A, 0x62, 0x61, 0xCF,
    0xD7, 0xBE, 0xBC, 0xBF, 0xCC, 0x41, 0x6D, 0xC1, 0xC2, 0xB8, 0xB7, 0xB8, 0xB8, 0xBD, 0xBE, 0x6B,
    0xEB, 0x45, 0x42, 0xFB, 0x52, 0xF6, 0x5B, 0x67, 0x4A, 0x34, 0x36, 0x31, 0x32, 0x3C, 0x49, 0x4A,
    0x4C, 0x3A, 0x51, 0x38, 0x4B, 0x3E, 0x3F, 0x69, 0xE5, 0xDF, 0x5F, 0x44, 0x3D, 0x44, 0x3E, 0x3C,
    0x34, 0x30, 0x35, 0x3C, 0x41, 0x45, 0x45, 0x4C, 0x3F, 0x39, 0x3E, 0x3B, 0x45, 0xEA, 0xC7, 0xBE,
    0xBF, 0xD7, 0xCA, 0x6E, 0xDC, 0x5D, 0x53, 0xDD, 0xCA, 0xCD, 0xCD, 0xFE, 0x69, 0xDF, 0x6E, 0x4D,
    0x37, 0x38, 0x38, 0x3F, 0x49, 0x44, 0x45, 0x4B, 0x3F, 0x45, 0x45, 0x4E, 0xD7, 0xB8, 0xAD, 0xAC,
    0xAE, 0xAF, 0xB4, 0xB9, 0xC7, 0xD3, 0xCE, 0xCC, 0xC4, 0xBE, 0xC1, 0xC1, 0xC8, 0x56, 0x3B, 0x3C,
    0x3C, 0x42, 0x58, 0xD2, 0xBD, 0xBB, 0xBC, 0xBC, 0xBF, 0xCA, 0xEE, 0xEA, 0xF3, 0xCA, 0xC1, 0xBD,
    0xBC, 0xC2, 0xC9, 0xDF, 0x4B, 0x3E, 0x3C, 0x3F, 0x58, 0x67, 0xDC, 0xDF, 0x67, 0x54, 0x49, 0x4E,
    0x49, 0x6B, 0xD3, 0xBC, 0xB6, 0xB4, 0xB5, 0xB9, 0xBF, 0xD8, 0x52, 0x4D, 0x4B, 0x51, 0xFC, 0xDF,
    0xDD, 0xE0, 0x56, 0x42, 0x39, 0x3A, 0x3B, 0x41, 0x49, 0x57, 0x5F, 0x66, 0x67, 0x52, 0x41, 0x3B,
    0x3C, 0x48, 0x6E, 0xDB, 0xCC, 0xCC, 0x6F, 0x45, 0x3B, 0x3B, 0x3B, 0x36, 0x37, 0x3C, 0x3D, 0x41,
    0x49, 0x52, 0x4C, 0x42, 0x4A, 0x4C, 0x55, 0x69, 0xD5, 0xBE, 0xB4, 0xAF, 0xAE, 0xAF, 0xB2, 0xB9,
    0xBC, 0xC7, 0xC7, 0xC9, 0xC6, 0xC5, 0xC9, 0xCC, 0xE6, 0x53, 0x3F, 0x37, 0x39, 0x3C, 0x44, 0x5A,
    0xFF, 0xE1, 0xD5, 0xD4, 0xD7, 0xD3, 0xDB, 0xDB, 0xD3, 0xC8, 0xC5, 0xC2, 0xC5, 0xC5, 0xCC, 0xD3,
    0xD4, 0xE7, 0xF9, 0x67, 0x67, 0x67, 0x67, 0x75, 0x51, 0x41, 0x3A, 0x32, 0x36, 0x36, 0x39, 0x3A,
    0x42, 0x4B, 0x47, 0x47, 0x44, 0x3E, 0x4A, 0x45, 0x5B, 0x67, 0xE9, 0xCF, 0xDD, 0xC1, 0xD6, 0x7A,
    0xEA, 0x4C, 0x64, 0x5F, 0xCD, 0xC5, 0xBC, 0xC9, 0xCE, 0xD8, 0xCA, 0xC5, 0xDB, 0xDB, 0xD4, 0xC4,
    0xB7, 0xB1, 0xB2, 0xB7, 0xBA, 0xB9, 0xBD, 0xBE, 0xCC, 0xC3, 0xC1, 0xC0, 0xBD, 0xBD, 0xBF, 0xCC,
    0xDB, 0xFB, 0x53, 0x46, 0x41, 0x43, 0x50, 0x5B, 0xDF, 0xE7, 0x7E, 0x56, 0x4D, 0x5D, 0x70, 0xFF,
    0x5E, 0x4F, 0x4E, 0x53, 0x53, 0x53, 0x4B, 0x45, 0x48, 0x51, 0x4E, 0x5B, 0x67, 0x64, 0x4E, 0x4D,
    0x4B, 0x4B, 0x4D, 0x49, 0x4D, 0x5D, 0x67, 0xE7, 0xE7, 0xF7, 0xFF, 0x6F, 0x7B, 0xE7, 0xE7, 0xE9,
    0x4E, 0x46, 0x46, 0x49, 0x4D, 0x4C, 0x47, 0x49, 0x4E, 0x72, 0x67, 0x5A, 0x4E, 0x4B, 0x5C, 0xFD,
    0xDC, 0xEF, 0x53, 0x53, 0x7B, 0xCB, 0xCD, 0xC7, 0x71, 0x75, 0x6B, 0xDD, 0xDB, 0xE1, 0xE3, 0x61,
    0x57, 0xEB, 0xDF, 0x5C, 0x49, 0x47, 0x4C, 0x52, 0x5C, 0x69, 0x56, 0x56, 0x54, 0x64, 0xDF, 0x64,
    0x73, 0xE7, 0xD2, 0xC5, 0xBE, 0xBB, 0xC1, 0xBD, 0xC0, 0xBF, 0xC7, 0xC9, 0xD3, 0xD7, 0xDB, 0xCF,
    0xE1, 0xE7, 0x6D, 0xE0, 0xD4, 0xDF, 0xDC, 0xEF, 0x73, 0x53, 0x46, 0x4A, 0x41, 0x3F, 0x3D, 0x3E,
    0x3E, 0x3E, 0x41, 0x4C, 0x5E, 0xDE, 0xCA, 0xC5, 0xC5, 0xC2, 0xCB, 0xC7, 0xE0, 0xEC, 0xFB, 0xF6,
    0xD9, 0xE6, 0xDB, 0xE5, 0x5A, 0x4F, 0x46, 0x5C, 0x54, 0x54, 0x4E, 0x49, 0x59, 0x5D, 0xE7, 0x67,
    0x67, 0x65, 0x5B, 0x65, 0x59, 0x53, 0x49, 0x44, 0x55, 0x3B, 0x3D, 0x3B, 0x3F, 0x3F, 0x46, 0x4C,
    0x78, 0xCC, 0xF4, 0xC6, 0xD6, 0xD6, 0xC1, 0xBE, 0xC7, 0x55, 0x61, 0xE7, 0xE1, 0xCB, 0xD8, 0xCB,
    0xE2, 0x5D, 0x72, 0xDC, 0xE9, 0x57, 0x64, 0xD7, 0xFF, 0xD7, 0x76, 0x4D, 0x53, 0x59, 0x5E, 0xD2,
    0xD1, 0xDB, 0xD6, 0xCD, 0xCB, 0xD2, 0xC9, 0x7C, 0x67, 0xCE, 0xCE, 0xCE, 0xEC, 0x67, 0x6A, 0xFF,
    0xFF, 0x59, 0x4F, 0x53, 0x50, 0xF8, 0xF4, 0x6A, 0xFF, 0x73, 0x67, 0xF4, 0xCF, 0xCD, 0xD3, 0xCC,
    0xD3, 0xD0, 0xD1, 0xD6, 0xDB, 0xD3, 0xEF, 0xD6, 0xD3, 0xCF, 0xE0, 0xD2, 0xD0, 0xCA, 0xC8, 0xC8,
    0xCE, 0xEC, 0x67, 0x60, 0xDA, 0xE5, 0xE7, 0xE7, 0xE6, 0xDF, 0xDD, 0xCE, 0xD8, 0xE7, 0xFF, 0xE0,
    0xE7, 0xE0, 0xE5, 0xF0, 0xEB, 0x67, 0x67, 0x67, 0x59, 0x49, 0x42, 0x47, 0x4D, 0x5B, 0x67, 0x5D,
    0x53, 0x57, 0xEC, 0xFA, 0x4D, 0x3C, 0x38, 0x3F, 0x49, 0x55, 0x67, 0x56, 0x48, 0x3F, 0x57, 0x55,
    0x67, 0x5F, 0x5B, 0x5B, 0x5B, 0x53, 0x53, 0x53, 0x5D, 0x67, 0x67, 0xF3, 0xF7, 0xFF, 0xFF, 0xE9,
    0xDD, 0x76, 0x53, 0x50, 0x4A, 0x4D, 0x4F, 0x53, 0x53, 0x53, 0x5C, 0xFF, 0xEB, 0xE7, 0xF0, 0xFF,
    0xFF, 0xFF, 0xDB, 0xD8, 0xDA, 0xDA, 0xD8, 0xD4, 0xD9, 0xD3, 0xD4, 0xDB, 0xD5, 0xCD, 0xCD, 0xCA,
    0xCB, 0xCD, 0xD4, 0xDB, 0xD4, 0xE0, 0xD3, 0xDB, 0xD3, 0xD9, 0xD2, 0xCB, 0xCD, 0xDA, 0x62, 0x5B,
    0x6D, 0xEB, 0xD3, 0xD8, 0xDB, 0xF6, 0xD9, 0xCD, 0xC9, 0xD8, 0x64, 0x5B, 0xDD, 0xD9, 0xC9, 0xCA,
    0xDB, 0x6D, 0x68, 0xD8, 0xDB, 0xD3, 0xDF, 0xDC, 0xFD, 0x56, 0x48, 0x45, 0x49, 0x4F, 0x59, 0x5C,
    0x67, 0x5C, 0x5D, 0x67, 0xFF, 0xE7, 0xE7, 0xE7, 0x7D, 0x67, 0xFF, 0xFF, 0xFF, 0xFF, 0xFF, 0x5B,
    0x57, 0x5B, 0x53, 0x4F, 0x4D, 0x4D, 0x52, 0x5B, 0x5B, 0x5B, 0xFF, 0xFF, 0x7C, 0x5C, 0x4B, 0x44,
    0x44, 0x49, 0x4B, 0x51, 0x54, 0x5B, 0x5B, 0x5B, 0x5B, 0x67, 0x5E, 0x67, 0x67, 0x67, 0x7B, 0xE7,
    0xDE, 0xE7, 0xE7, 0x6E, 0x6A, 0xFF, 0xFF, 0xEC, 0xEC, 0xE9, 0x5C, 0x53, 0x53, 0x53, 0x4E, 0x49,
    0x4C, 0x55, 0x6E, 0xFF, 0xEB, 0xFF, 0xE8, 0xE7, 0xE7, 0xE9, 0xFF, 0xE9, 0xE3, 0xDB, 0xDB, 0xD6,
    0xDB, 0xE7, 0xEF, 0xE9, 0xE7, 0xE7, 0xE7, 0xE1, 0xDB, 0xDA, 0xD3, 0xD3, 0xD3, 0xD9, 0xDB, 0xDB,
    0xDB, 0xDB, 0xE0, 0xE7, 0xDB, 0xDB, 0xDB, 0xDF, 0xE7, 0xFF, 0xEE, 0xE7, 0xE2, 0xDB, 0xE6, 0xDB,
    0xDB, 0xD3, 0xD3, 0xD3, 0xD3, 0xD3, 0xDB, 0xDB, 0xDB, 0xDB, 0xDB, 0xDB, 0xD8, 0xD3, 0xD3, 0xD8,
    0xF9, 0x59, 0x4F, 0x4E, 0x53, 0x5A, 0x5D, 0x67, 0x67, 0x67, 0x67, 0x67, 0x67, 0x67, 0x67, 0x71,
    0xFF, 0xFF, 0xFF, 0xE7, 0xE7, 0xE7, 0xEB, 0xFF, 0x54, 0x49, 0x4C, 0x53, 0x57, 0x5B, 0x5B, 0x5B,
    0x5B, 0x5B, 0x5B, 0x5B, 0x5B, 0x5B, 0x63, 0x51, 0x49, 0x47, 0x49, 0x49, 0x49, 0x4D, 0x4D, 0x4D,
    0x54, 0x5B, 0x64, 0x67, 0x67, 0x7D, 0x74, 0x67, 0x67, 0x6E, 0xFF, 0xFF, 0xEE, 0xE7, 0xE7, 0xE7,
    0xFF, 0x6F, 0x56, 0x48, 0x48, 0x4D, 0x4F, 0x53, 0x54, 0x5B, 0x54, 0x5B, 0x5B, 0x5B, 0x67, 0x67,
    0xFF, 0xEF, 0xE7, 0xE7, 0xE7, 0xE7, 0xE7, 0xE7, 0xDB, 0xDB, 0xDB, 0xDB, 0xDB, 0xD3, 0xD3, 0xD3,
    0xDD, 0xE7, 0xE7, 0xE7, 0xE7, 0xDB, 0xDB, 0xDB, 0xDA, 0xD3, 0xD3, 0xDE, 0xF7, 0x7B, 0x67, 0x7A,
    0xE3, 0xD6, 0xD3, 0xDB, 0xD5, 0xD3, 0xD3, 0xD3, 0xD6, 0xDB, 0xE7, 0xE1, 0xDB, 0xD5, 0xDB, 0xDB,
    0xE2, 0xDB, 0xD3, 0xD3, 0xDA, 0xE7, 0xE7, 0xDC, 0xF4, 0x58, 0x4E, 0x53, 0x53, 0x5D, 0x72, 0x67,
    0x61, 0x5B, 0x69, 0xEF, 0xDC, 0xDB, 0xE1, 0xFF, 0xFF, 0xFF, 0xE7, 0xE7, 0xFB, 0xF6, 0xDE, 0xDB,
    0xD7, 0xF1, 0x59, 0x4B, 0x49, 0x4F, 0x59, 0x5B, 0x5B, 0x64, 0x67, 0x67, 0x7D, 0x67, 0x67, 0x5B,
    0x57, 0x4F, 0x4D, 0x50, 0x53, 0x5B, 0x56, 0x53, 0x53, 0x53, 0x53, 0x53, 0x5B, 0x6D, 0xEB, 0xFB,
    0xE7, 0xFB, 0x76, 0x67, 0xFF, 0xFF, 0xFF, 0xE5, 0xD7, 0xDB, 0x6E, 0x51, 0x4A, 0x4C, 0x49, 0x4E,
    0x4F, 0x53, 0x5B, 0x62, 0xFF, 0xFF, 0xFF, 0x67, 0x67, 0x67, 0xF4, 0xDE, 0xDB, 0xD8, 0xD3, 0xCD,
    0xC9, 0xCD, 0xD9, 0xF6, 0xFF, 0xEF, 0xDC, 0xCF, 0xC9, 0xCD, 0xCF, 0xD3, 0xD4, 0xDF, 0xE7, 0xFF,
    0xFF, 0xE7, 0xD8, 0xCE, 0xCE, 0xD3, 0xD3, 0xDB, 0xDB, 0xDB, 0xDB, 0xDB, 0xDB, 0xD7, 0xD3, 0xCD,
    0xCD, 0xD4, 0xDF, 0xE7, 0xE7, 0xDF, 0xDB, 0xD3, 0xD3, 0xD3, 0xD3, 0xD3, 0xD9, 0xD3, 0xDB, 0xE3,
    0x5F, 0x5B, 0x5F, 0x67, 0x67, 0x67, 0x67, 0xFF, 0xFF, 0xFF, 0xFF, 0xFF, 0xF6, 0xE7, 0xE7, 0xE7,
    0xE7, 0xE7, 0xE7, 0xDC, 0xDB, 0xDB, 0xE7, 0xE7, 0xE7, 0xDD, 0xF2, 0x68, 0x5B, 0x5B, 0x5C, 0x5F,
    0x5B, 0x59, 0x58, 0x5B, 0x5E, 0x76, 0xFF, 0xFF, 0xFF, 0x76, 0x5E, 0x4D, 0x4C, 0x49, 0x4A, 0x4D,
    0x52, 0x53, 0x59, 0x5C, 0x67, 0x78, 0xFF, 0x6E, 0x67, 0x67, 0x74, 0xFF, 0xFF, 0xFF, 0xE7, 0xE7,
    0xE7, 0xF4, 0x5E, 0x4D, 0x49, 0x4D, 0x4E, 0x58, 0x67, 0xED, 0x6B, 0x65, 0x57, 0x53, 0x5D, 0x67,
    0x67, 0x6D, 0xFF, 0xE7, 0xE7, 0xDC, 0xDB, 0xDB, 0xDC, 0xE7, 0xDD, 0xDA, 0xD3, 0xD3, 0xD3, 0xD3,
    0xDB, 0xDB, 0xE4, 0xE7, 0xE7, 0xDC, 0xDE, 0xDE, 0xDB, 0xD3, 0xD3, 0xD5, 0xDB, 0xDB, 0xE7, 0xE7,
    0xDB, 0xDF, 0xE7, 0xE7, 0xDE, 0xDB, 0xDB, 0xDB, 0xE7, 0xE7, 0xE7, 0xDB, 0xD6, 0xD3, 0xD3, 0xD3,
    0xD3, 0xD3, 0xD3, 0xD3, 0xD3, 0xDB, 0xDB, 0x72, 0x5B, 0x5B, 0x5B, 0x5B, 0x62, 0x67, 0x67, 0x67,
    0x67, 0x67, 0x7D, 0xE7, 0xE7, 0xE9, 0xFF, 0xEA, 0xE4, 0xDB, 0xDB, 0xDB, 0xDB, 0xDB, 0xD7, 0xDA,
    0xDD, 0xE7, 0x7E, 0x61, 0x4F, 0x54, 0x5B, 0x5B, 0x67, 0x67, 0x5B, 0x58, 0x5A, 0x5B, 0x60, 0x67,
    0xFF, 0xFF, 0xFF, 0x71, 0x67, 0x52, 0x4B, 0x46, 0x47, 0x4C, 0x54, 0x5F, 0x67, 0x64, 0x5B, 0x5B,
    0x67, 0x67, 0x5B, 0x5F, 0x67, 0xF7, 0xE7, 0xFF, 0x73, 0x5D, 0x4C, 0x45, 0x49, 0x49, 0x4C, 0x54,
    0x6D, 0xDF, 0xEC, 0x67, 0x55, 0x53, 0x53, 0x5C, 0x67, 0x78, 0xF9, 0xE7, 0xE7, 0xDB, 0xE2, 0xE7,
    0xE7, 0xE7, 0xE4, 0xDB, 0xD4, 0xD3, 0xD3, 0xD4, 0xDB, 0xD5, 0xD5, 0xD6, 0xDB, 0xE7, 0xD7, 0xCC,
    0xC3, 0xC8, 0xCF, 0xE1, 0xFF, 0xFF, 0xFF, 0xFF, 0xFF, 0xFF, 0xDB, 0xD6, 0xD4, 0xDB, 0xE4, 0xFF,
    0xFF, 0xE8, 0xE2, 0xD6, 0xD3, 0xCD, 0xCD, 0xCE, 0xD8, 0xDB, 0xE7, 0xE7, 0xE9, 0x70, 0x67, 0x77,
    0x67, 0x67, 0x5B, 0x55, 0x53, 0x53, 0x53, 0x55, 0x61, 0xE7, 0xD8, 0xCE, 0xD6, 0xEF, 0xFF, 0x6B,
    0xED, 0xDB, 0xDB, 0xDB, 0xD2, 0xCB, 0xCD, 0xCF, 0xD9, 0xE8, 0xFF, 0xFF, 0x79, 0x5F, 0x54, 0x5B,
    0x62, 0x7C, 0x60, 0x5B, 0x5A, 0x53, 0x53, 0x5E, 0x76, 0xE9, 0xF0, 0xE7, 0xFF, 0x6D, 0x53, 0x45,
    0x48, 0x49, 0x4B, 0x52, 0x5D, 0x67, 0x67, 0x61, 0x5B, 0x5B, 0x60, 0x7C, 0xF6, 0xF4, 0xFF, 0xF1,
    0xF9, 0x61, 0x4D, 0x46, 0x45, 0x48, 0x4D, 0x4F, 0x5A, 0x67, 0x67, 0x67, 0x5B, 0x62, 0x5C, 0x6F,
    0xFF, 0xFF, 0xFF, 0x67, 0x6D, 0xEB, 0xE7, 0xE7, 0xFB, 0xE7, 0xDE, 0xE7, 0xDB, 0xE3, 0xE7, 0xE7,
    0xE7, 0xDF, 0xCF, 0xDB, 0xD3, 0xE1, 0xE7, 0xF0, 0xE8, 0xDB, 0xE2, 0xE6, 0xDB, 0xD5, 0xC9, 0xCC,
    0xD3, 0xEC, 0xFF, 0xFF, 0xF0, 0xE7, 0xEB, 0xFF, 0xE8, 0xD9, 0xD3, 0xDD, 0x6F, 0x7A, 0xF7, 0xD9,
    0xCD, 0xCC, 0xCC, 0xD4, 0xE8, 0x5D, 0x59, 0x53, 0x4D, 0x4B, 0x4D, 0x57, 0xFF, 0xFF, 0x6E, 0x5B,
    0x5C, 0x6E, 0xEA, 0xE7, 0xF1, 0xFF, 0xED, 0xD6, 0xD3, 0xCF, 0xDA, 0xE7, 0xF2, 0xE8, 0xDB, 0xDB,
    0xDB, 0xDB, 0xDB, 0xD1, 0xD0, 0xDB, 0x5D, 0x4E, 0x4E, 0x57, 0x65, 0x76, 0x73, 0xFE, 0xEE, 0xFF,
    0x65, 0x57, 0x5B, 0x5E, 0xF5, 0xE7, 0xD8, 0xDA, 0x73, 0x52, 0x4A, 0x49, 0x49, 0x45, 0x47, 0x49,
    0x56, 0x71, 0xE8, 0xE7, 0xF6, 0x66, 0x58, 0x53, 0x5B, 0x56, 0x4D, 0x4B, 0x51, 0x5B, 0x5B, 0x5B,
    0x51, 0x4B, 0x4D, 0x4F, 0x5F, 0xFF, 0xFF, 0xE9, 0xEC, 0xFF, 0x67, 0x67, 0x5D, 0x67, 0x70, 0xFF,
    0xE2, 0xDB, 0xD3, 0xD0, 0xD2, 0xE7, 0xE7, 0xE7, 0xE7, 0xE7, 0xDB, 0xD0, 0xD2, 0xD2, 0xD0, 0xD3,
    0xD6, 0xE3, 0xE9, 0xFF, 0xFF, 0xE0, 0xCF, 0xCD, 0xCF, 0xD9, 0xDC, 0xE7, 0xFB, 0xDB, 0xE2, 0xE7,
    0xE1, 0xCF, 0xCA, 0xCD, 0xD3, 0xDB, 0xDB, 0xDB, 0xD8, 0xCE, 0xDB, 0xD7, 0xDB, 0xFF, 0x6C, 0x5B,
    0x58, 0x53, 0x4E, 0x58, 0x7C, 0xFF, 0x6C, 0x67, 0x67, 0x67, 0xF8, 0xF2, 0x67, 0x61, 0x5B, 0x69,
    0xEF, 0xE7, 0xE7, 0xE7, 0xE7, 0xE1, 0xDB, 0xDD, 0xE7, 0xE7, 0xE3, 0xD6, 0xCD, 0xCF, 0xDA, 0x62,
    0x4D, 0x4D, 0x56, 0x62, 0x67, 0x67, 0x67, 0x6A, 0x6E, 0x7D, 0x62, 0x56, 0x54, 0x66, 0xEA, 0xDA,
    0xD3, 0xE7, 0x61, 0x55, 0x53, 0x53, 0x4E, 0x4C, 0x4E, 0x67, 0xF3, 0xF7, 0xFB, 0xEF, 0xFF, 0x76,
    0x67, 0x67, 0x56, 0x46, 0x45, 0x48, 0x52, 0x53, 0x53, 0x53, 0x4C, 0x4D, 0x4D, 0x4D, 0x53, 0x5E,
    0x75, 0xE7, 0xE7, 0xE7, 0x71, 0x60, 0x5C, 0x5E, 0x67, 0xFC, 0xE0, 0xDB, 0xD5, 0xDB, 0xE7, 0xED,
    0xEB, 0xFF, 0xE7, 0xDB, 0xD1, 0xCD, 0xCD, 0xCF, 0xD3, 0xD5, 0xDB, 0xDB, 0xDB, 0xE2, 0xE7, 0xD8,
    0xCE, 0xD2, 0xCD, 0xD3, 0xD6, 0xDB, 0xD3, 0xD7, 0xDB, 0xE7, 0xE7, 0xDC, 0xD1, 0xCD, 0xD4, 0xDB,
    0xE5, 0xD8, 0xCD, 0xD3, 0xE9, 0x57, 0x54, 0x5F, 0x7B, 0xEB, 0x63, 0x5B, 0x53, 0x59, 0x69, 0x6F,
    0x5C, 0x63, 0x62, 0xFE, 0xE1, 0xDB, 0x79, 0x67, 0x7C, 0xE7, 0xDE, 0xDB, 0xDF, 0xE7, 0xE4, 0xD7,
    0xCE, 0xD3, 0xD9, 0xDC, 0xDC, 0xCE, 0xCD, 0xD0, 0xDB, 0x61, 0x55, 0x5B, 0x5B, 0x65, 0x63, 0x61,
    0x67, 0x6D, 0xEB, 0xFF, 0xFF, 0xFF, 0xFF, 0xED, 0xE7, 0xEE, 0xFF, 0x64, 0x57, 0x53, 0x4F, 0x53,
    0x53, 0x57, 0x5B, 0x67, 0x67, 0x67, 0x5E, 0x67, 0x67, 0x67, 0x5D, 0x49, 0x43, 0x41, 0x49, 0x49,
    0x4A, 0x4D, 0x4D, 0x4E, 0x58, 0x5B, 0x67, 0x5D, 0x5C, 0x5F, 0x65, 0xEB, 0xED, 0xE7, 0x72, 0x67,
    0x69, 0xEF, 0xE7, 0xE7, 0xE7, 0xE7, 0xE1, 0xD5, 0xD3, 0xD8, 0xE6, 0xF5, 0xDE, 0xDB, 0xD0, 0xD2,
    0xDD, 0xE7, 0xE7, 0xD9, 0xD3, 0xE7, 0xEF, 0xFF, 0xF8, 0xDF, 0xDB, 0xD6, 0xE3, 0xE7, 0xDF, 0xDB,
    0xDB, 0xDB, 0xDB, 0xE7, 0xE7, 0xE5, 0xD7, 0xD3, 0xD6, 0xE2, 0xE7, 0xDB, 0x73, 0x5A, 0x53, 0x53,
    0x56, 0x5B, 0x67, 0x67, 0x67, 0x67, 0x67, 0x7D, 0xFF, 0xFF, 0xFF, 0xFF, 0xEA, 0xDB, 0xDB, 0xDB,
    0xE7, 0xE7, 0xDB, 0xD7, 0xD3, 0xD5, 0xE1, 0xDB, 0xDB, 0xD5, 0xD3, 0xD3, 0xD3, 0xD3, 0xD3, 0xCD,
    0xCF, 0xD3, 0xEF, 0x5B, 0x5B, 0x67, 0x5E, 0x5B, 0x5B, 0x55, 0x5B, 0x5B, 0x66, 0x67, 0x67, 0x68,
    0xFF, 0xEA, 0xDD, 0xE7, 0xFE, 0x6C, 0x50, 0x4E, 0x53, 0x53, 0x5B, 0x5B, 0x67, 0x5B, 0x63, 0x5B,
    0x5B, 0x65, 0x63, 0x51, 0x45, 0x41, 0x44, 0x45, 0x47, 0x4D, 0x49, 0x4C, 0x4E, 0x57, 0x5B, 0x67,
    0x67, 0x67, 0xFF, 0xFF, 0xE7, 0xE7, 0xF9, 0xFF, 0x6E, 0x7D, 0xE7, 0xE7, 0xDB, 0xDB, 0xE5, 0xDB,
    0xD7, 0xD3, 0xD3, 0xD9, 0xDB, 0xDB, 0xDB, 0xDB, 0xDB, 0xD3, 0xDB, 0xDB, 0xE7, 0xE7, 0xE7, 0xE7,
    0xDE, 0xDB, 0xDB, 0xDB, 0xDB, 0xDB, 0xDB, 0xDB, 0xD6, 0xD4, 0xDB, 0xDB, 0xDB, 0xDB, 0xDB, 0xDB,
    0xDB, 0xDB, 0xDB, 0xDB, 0xEE, 0x5F, 0x54, 0x5B, 0x5B, 0x67, 0x67, 0x67, 0x5B, 0x5B, 0x67, 0x67,
    0x77, 0x7A, 0x6F, 0xFF, 0xF7, 0xDE, 0xDB, 0xDF, 0xE7, 0xDB, 0xD7, 0xD3, 0xD3, 0xD3, 0xD3, 0xD3,
    0xCE, 0xD3, 0xD3, 0xDB, 0xDB, 0xDB, 0xDB, 0xDB, 0xDB, 0xDA, 0xD8, 0xE7, 0x56, 0x4D, 0x4D, 0x4F,
    0x53, 0x55, 0x5B, 0x67, 0x67, 0x67, 0xFF, 0xFF, 0xFF, 0xE7, 0xF3, 0xFF, 0xFF, 0xEB, 0xDE, 0x66,
    0x4E, 0x4A, 0x4D, 0x53, 0x57, 0x5B, 0x67, 0x5F, 0x66, 0x67, 0x67, 0x65, 0x4E, 0x43, 0x41, 0x44,
    0x45, 0x49, 0x49, 0x4D, 0x4F, 0x53, 0x55, 0x5B, 0x5B, 0x5B, 0x5B, 0x5C, 0x6F, 0xFF, 0xF7, 0xE7,
    0xE7, 0xE7, 0xE7, 0xE7, 0xE7, 0xE7, 0xE7, 0xDE, 0xDB, 0xD3, 0xD3, 0xD3, 0xD3, 0xD3, 0xDB, 0xDB,
    0xE6, 0xDB, 0xDB, 0xDB, 0xDB, 0xDB, 0xDB, 0xDB, 0xDB, 0xDB, 0xDB, 0xDB, 0xDB, 0xDB, 0xD3, 0xD3,
    0xD3, 0xD3, 0xD3, 0xD3, 0xD8, 0xDB, 0xDB, 0xE3, 0xDB, 0xDB, 0xDB, 0xE0, 0x63, 0x53, 0x53, 0x53,
    0x5B, 0x5B, 0x5B, 0x5B, 0x5B, 0x67, 0x67, 0x78, 0xFF, 0xFF, 0xFF, 0xF5, 0xE7, 0xE7, 0xE7, 0xE7,
    0xDB, 0xDB, 0xDB, 0xDB, 0xDB, 0xDB, 0xDB, 0xDB, 0xD3, 0xD3, 0xD3, 0xD3, 0xD3, 0xD3, 0xD3, 0xD3,
    0xD3, 0xD3, 0xDB, 0xDB, 0xDB, 0x76, 0x57, 0x53, 0x55, 0x5B, 0x5B, 0x5F, 0x67, 0x67, 0x67, 0x67,
    0xFF, 0xFF, 0xFF, 0xFF, 0xFF, 0xF9, 0xE7, 0xE7, 0xEC, 0x61, 0x4D, 0x4D, 0x4D, 0x4E, 0x53, 0x53,
    0x5B, 0x5B, 0x67, 0x5F, 0x54, 0x47, 0x41, 0x45, 0x45, 0x45, 0x49, 0x49, 0x49, 0x4D, 0x4D, 0x53,
    0x56, 0x5B, 0x67, 0x67, 0x67, 0xFF, 0xFF, 0xFF, 0xFF, 0xFF, 0xFF, 0xFF, 0xE8, 0xE7, 0xE7, 0xE7,
    0xE7, 0xE7, 0xDB, 0xDB, 0xDB, 0xDB, 0xDB, 0xDB, 0xDB, 0xDB, 0xDD, 0xE7, 0xE7, 0xE7, 0xE7, 0xDB,
    0xDB, 0xDB, 0xDB, 0xDB, 0xDB, 0xDB, 0xD5, 0xD3, 0xD3, 0xD3, 0xD9, 0xD9, 0xDB, 0xDB, 0xDB, 0xDB,
    0xDB, 0xDB, 0xDE, 0xF5, 0x5B, 0x53, 0x53, 0x53, 0x58, 0x5B, 0x5B, 0x5B, 0x5B, 0x5F, 0x67, 0x67,
    0x72, 0xFF, 0xFF, 0xFF, 0xE7, 0xE7, 0xE7, 0xE7, 0xE7, 0xE7, 0xDB, 0xDB, 0xDB, 0xDB, 0xDB, 0xDB,
    0xD6, 0xD4, 0xDB, 0xD5, 0xD3, 0xD3, 0xD3, 0xD3, 0xD3, 0xD4, 0xD8, 0xDA, 0xDA, 0xD8, 0xFB, 0x59,
    0x53, 0x5B, 0x5B, 0x5B, 0x5D, 0x67, 0x67, 0x67, 0x76, 0xFF, 0xFF, 0xFF, 0xF7, 0xE7, 0xE7, 0xE7,
    0xE7, 0xE7, 0xEF, 0x5D, 0x4D, 0x4D, 0x4D, 0x53, 0x53, 0x5B, 0x5B, 0x5B, 0x57, 0x48, 0x41, 0x43,
    0x45, 0x45, 0x45, 0x45, 0x49, 0x4C, 0x4D, 0x4F, 0x53, 0x5B, 0x5B, 0x66, 0x67, 0x75, 0xFF, 0xFF,
    0xEA, 0xE7, 0xE7, 0xE7, 0xE7, 0xE7, 0xE7, 0xE7, 0xE7, 0xE7, 0xDE, 0xDB, 0xDB, 0xDB, 0xDB, 0xDB,
    0xDB, 0xDB, 0xDB, 0xDB, 0xDB, 0xDB, 0xDB, 0xDB, 0xDB, 0xDB, 0xDB, 0xDB, 0xDB, 0xDB, 0xDB, 0xDB,
    0xDB, 0xD9, 0xD9, 0xD4, 0xD8, 0xDA, 0xDB, 0xDB, 0xDB, 0xDE, 0x70, 0x5A, 0x53, 0x53, 0x53, 0x53,
    0x5B, 0x5B, 0x5B, 0x5C, 0x67, 0x67, 0x67, 0x73, 0xFF, 0xFF, 0xEB, 0xE7, 0xE7, 0xE7, 0xE7, 0xDE,
    0xDB, 0xDB, 0xDB, 0xDB, 0xD7, 0xD3, 0xD3, 0xD3, 0xDB, 0xDB, 0xDB, 0xD5, 0xDB, 0xDB, 0xDB, 0xDB,
    0xDB, 0xDB, 0xDB, 0xDB, 0xD6, 0xD3, 0xD3, 0xD9, 0x77, 0x5B, 0x54, 0x5B, 0x61, 0x67, 0x67, 0x67,
    0x67, 0x67, 0x7C, 0xFF, 0xFF, 0xFE, 0xE7, 0xE7, 0xE7, 0xE7, 0xE7, 0xE7, 0xE7, 0x7A, 0x54, 0x4D,
    0x4D, 0x4D, 0x4D, 0x53, 0x4C, 0x41, 0x3F, 0x41, 0x42, 0x45, 0x45, 0x47, 0x49, 0x4A, 0x4D, 0x4D,
    0x4D, 0x50, 0x53, 0x56, 0x63, 0x67, 0x67, 0x7B, 0xFF, 0xFF, 0xE7, 0xE7, 0xE7, 0xE7, 0xE7, 0xE7,
    0xE7, 0xE7, 0xE7, 0xE7, 0xDD, 0xDB, 0xE0, 0xE7, 0xE7, 0xE7, 0xE7, 0xE0, 0xDB, 0xDB, 0xDB, 0xDB,
    0xDB, 0xDB, 0xDB, 0xDB, 0xDB, 0xDB, 0xDB, 0xDB, 0xD8, 0xD9, 0xD3, 0xD7, 0xDB, 0xD9, 0xD9, 0xDB,
    0xDB, 0xE4, 0x62, 0x53, 0x53, 0x53, 0x53, 0x5B, 0x5B, 0x5B, 0x5D, 0x67, 0x67, 0x67, 0x67, 0xFF,
    0xFF, 0xFF, 0xE7, 0xE7, 0xE7, 0xE7, 0xE7, 0xDB, 0xDB, 0xDB, 0xDB, 0xDB, 0xDB, 0xDB, 0xDB, 0xDB,
    0xDB, 0xDB, 0xDB, 0xDB, 0xDB, 0xDB, 0xDB, 0xDB, 0xDB, 0xD4, 0xD3, 0xD3, 0xD3, 0xD3, 0xD3, 0xD3,
    0xD8, 0xFA, 0x62, 0x5B, 0x5B, 0x5F, 0x67, 0x67, 0x67, 0x67, 0x67, 0x67, 0xFF, 0xFF, 0xFF, 0xFF,
    0xEE, 0xE7, 0xE7, 0xE7, 0xE7, 0xE7, 0xFB, 0x5F, 0x4F, 0x4D, 0x4D, 0x4D, 0x48, 0x3F, 0x3E, 0x3E,
    0x40, 0x41, 0x43, 0x45, 0x46, 0x49, 0x49, 0x4B, 0x4D, 0x4D, 0x4F, 0x53, 0x5B, 0x60, 0x67, 0x6C,
    0xFF, 0xFC, 0xE7, 0xE7, 0xE7, 0xE7, 0xE7, 0xE7, 0xE7, 0xE7, 0xE7, 0xE7, 0xE7, 0xE7, 0xE7, 0xE7,
    0xE7, 0xE5, 0xDB, 0xDB, 0xDB, 0xDB, 0xDB, 0xDB, 0xDB, 0xDB, 0xDB, 0xDB, 0xD9, 0xD3, 0xD3, 0xD3,
    0xD3, 0xD5, 0xDB, 0xDB, 0xD6, 0xDB, 0xDB, 0xDB, 0xE4, 0x72, 0x57, 0x53, 0x53, 0x53, 0x5B, 0x5B,
    0x5B, 0x5B, 0x5B, 0x67, 0x67, 0x67, 0x67, 0x6F, 0xFF, 0xFF, 0xFF, 0xE7, 0xE7, 0xE7, 0xE7, 0xE7,
    0xDC, 0xDB, 0xDB, 0xDB, 0xDB, 0xDB, 0xDB, 0xDB, 0xDB, 0xDB, 0xDB, 0xDB, 0xDB, 0xDB, 0xDB, 0xD7,
    0xD3, 0xD3, 0xD3, 0xD3, 0xD3, 0xD3, 0xD3, 0xD3, 0xD3, 0xD9, 0x70, 0x5B, 0x5B, 0x5B, 0x5D, 0x67,
    0x67, 0x6D, 0xFF, 0xFF, 0xFF, 0xFF, 0xFF, 0xFF, 0xFE, 0xE7, 0xE7, 0xE7, 0xE7, 0xE7, 0xE7, 0xE7,
    0x7A, 0x50, 0x4D, 0x4D, 0x47, 0x3F, 0x3E, 0x3E, 0x41, 0x41, 0x45, 0x45, 0x48, 0x49, 0x4B, 0x4D,
    0x4D, 0x4D, 0x52, 0x53, 0x58, 0x5B, 0x67, 0x67, 0x69, 0xFF, 0xFF, 0xF7, 0xE7, 0xE7, 0xE7, 0xE7,
    0xE7, 0xE7, 0xE7, 0xE7, 0xF4, 0xE7, 0xE7, 0xE7, 0xE7, 0xE7, 0xDC, 0xDB, 0xDB, 0xDB, 0xDB, 0xDB,
    0xDB, 0xDB, 0xDB, 0xDB, 0xDB, 0xDB, 0xDB, 0xDB, 0xDB, 0xDB, 0xDB, 0xDB, 0xDB, 0xDB, 0xDB, 0xDB,
    0xEF, 0x59, 0x53, 0x53, 0x53, 0x53, 0x57, 0x5B, 0x5B, 0x5B, 0x5B, 0x5B, 0x64, 0x67, 0x67, 0x7C,
    0xFF, 0xFF, 0xFD, 0xE7, 0xE7, 0xE7, 0xE7, 0xDC, 0xDB, 0xDB, 0xDB, 0xDB, 0xDB, 0xD3, 0xD3, 0xD3,
    0xD9, 0xD3, 0xD3, 0xD3, 0xDA, 0xDB, 0xDB, 0xDB, 0xDB, 0xD5, 0xD3, 0xD3, 0xD3, 0xD3, 0xD3, 0xD3,
    0xD3, 0xD3, 0xD5, 0xE8, 0x68, 0x5E, 0x5E, 0x67, 0x67, 0x67, 0x6A, 0xFF, 0xFF, 0xFF, 0xFF, 0xFF,
    0xFF, 0xFF, 0xE7, 0xE7, 0xE7, 0xE7, 0xE7, 0xE7, 0xE7, 0xFA, 0x58, 0x4D, 0x45, 0x3D, 0x3A, 0x3C,
    0x3E, 0x41, 0x41, 0x44, 0x45, 0x49, 0x49, 0x4A, 0x4D, 0x4D, 0x4D, 0x4D, 0x53, 0x57, 0x5B, 0x67,
    0x67, 0x7C, 0xF5, 0xE7, 0xE7, 0xE7, 0xE7, 0xDD, 0xE7, 0xDC, 0xE7, 0xE7, 0xE7, 0xEF, 0xEA, 0xE7,
    0xE7, 0xE7, 0xE7, 0xDD, 0xDB, 0xDB, 0xDB, 0xDB, 0xDB, 0xD3, 0xD3, 0xD3, 0xD3, 0xD3, 0xD3, 0xD3,
    0xD3, 0xD3, 0xD3, 0xD3, 0xD5, 0xDB, 0xDB, 0xDE, 0x73, 0x5B, 0x53, 0x53, 0x55, 0x5B, 0x5B, 0x5B,
    0x5B, 0x5B, 0x5B, 0x64, 0x67, 0x67, 0x67, 0x6D, 0xFF, 0xFF, 0xFF, 0xE9, 0xE7, 0xE7, 0xE7, 0xE1,
    0xDB, 0xDB, 0xDB, 0xDB, 0xD3, 0xD3, 0xDB, 0xDB, 0xDB, 0xDA, 0xD3, 0xD3, 0xD3, 0xD3, 0xD3, 0xD3,
    0xD3, 0xD3, 0xD3, 0xD3, 0xD3, 0xD3, 0xD3, 0xD0, 0xCD, 0xCD, 0xCD, 0xD3, 0xE2, 0x6C, 0x5B, 0x5B,
    0x5B, 0x67, 0x67, 0x67, 0x67, 0x76, 0xFF, 0xFF, 0xFF, 0xF7, 0xE7, 0xE7, 0xE7, 0xE7, 0xE7, 0xE7,
    0xE7, 0xE7, 0xE7, 0x7B, 0x4C, 0x3E, 0x3A, 0x3A, 0x3C, 0x3C, 0x3E, 0x41, 0x43, 0x45, 0x46, 0x49,
    0x49, 0x4D, 0x4D, 0x4E, 0x53, 0x53, 0x5B, 0x61, 0x67, 0xFF, 0xFF, 0xFB, 0xE7, 0xE7, 0xE3, 0xDB,
    0xDB, 0xE7, 0xE7, 0xE7, 0xE7, 0xFB, 0xFF, 0xFF, 0xE7, 0xE7, 0xE7, 0xE5, 0xDB, 0xDB, 0xDB, 0xDB,
    0xDB, 0xD8, 0xD3, 0xD3, 0xD3, 0xD3, 0xD3, 0xD3, 0xD3, 0xD3, 0xDA, 0xDA, 0xD8, 0xDB, 0xDB, 0xEE,
    0x5A, 0x53, 0x53, 0x53, 0x53, 0x5B, 0x5B, 0x5B, 0x5B, 0x5B, 0x65, 0x67, 0x67, 0x67, 0x67, 0x77,
    0xFF, 0xFF, 0xFF, 0xF6, 0xE7, 0xE7, 0xE7, 0xE7, 0xE4, 0xDB, 0xDB, 0xDB, 0xDB, 0xDB, 0xDB, 0xD5,
    0xD3, 0xD3, 0xD3, 0xD3, 0xD3, 0xD3, 0xD3, 0xD3, 0xD3, 0xD3, 0xD3, 0xD3, 0xD3, 0xD3, 0xD3, 0xD3,
    0xD3, 0xD3, 0xD3, 0xD3, 0xD3, 0xDE, 0x6F, 0x5C, 0x5D, 0x67, 0x67, 0x67, 0x78, 0xFF, 0xFF, 0xFF,
    0xFF, 0xEC, 0xE7, 0xE7, 0xE7, 0xE7, 0xE7, 0xE7, 0xFF, 0xEC, 0xFC, 0xEF, 0xFF, 0x4D, 0x3C, 0x38,
    0x3A, 0x3C, 0x3C, 0x3D, 0x3E, 0x42, 0x45, 0x45, 0x49, 0x4C, 0x4D, 0x4D, 0x52, 0x53, 0x58, 0x5B,
    0x67, 0x67, 0x6A, 0xFF, 0xFF, 0xE7, 0xE7, 0xE7, 0xE0, 0xE4, 0xE7, 0xE7, 0xE7, 0xE7, 0xE7, 0xE7,
    0xE7, 0xE7, 0xE7, 0xDF, 0xDB, 0xDB, 0xDB, 0xDB, 0xDB, 0xDB, 0xDB, 0xD6, 0xD3, 0xD6, 0xD5, 0xD3,
    0xD3, 0xD3, 0xD3, 0xD3, 0xD3, 0xDB, 0xDB, 0xEC, 0x5B, 0x53, 0x53, 0x53, 0x5B, 0x5B, 0x5B, 0x5B,
    0x5B, 0x5B, 0x5E, 0x67, 0x67, 0x67, 0x67, 0x67, 0x71, 0xFF, 0xFF, 0xFF, 0xE7, 0xE7, 0xE7, 0xDB,
    0xDB, 0xDB, 0xDB, 0xDB, 0xDB, 0xD7, 0xD3, 0xD3, 0xD3, 0xD3, 0xD3, 0xD3, 0xD3, 0xD3, 0xD3, 0xD3,
    0xD3, 0xD3, 0xD3, 0xD3, 0xD3, 0xD3, 0xD3, 0xD3, 0xD3, 0xD3, 0xD3, 0xD3, 0xD3, 0xD3, 0xD3, 0xF4,
    0x5E, 0x5C, 0x67, 0x67, 0x67, 0x67, 0x67, 0x67, 0x67, 0x69, 0xFF, 0xFF, 0xFF, 0xFF, 0xE7, 0xE7,
    0xF7, 0xFB, 0xEF, 0xE9, 0xE7, 0x76, 0x4D, 0x3F, 0x3B, 0x3A, 0x3C, 0x3C, 0x3D, 0x40, 0x41, 0x43,
    0x45, 0x49, 0x49, 0x4D, 0x4D, 0x4D, 0x53, 0x57, 0x5B, 0x67, 0x67, 0x67, 0xFF, 0xFF, 0xFC, 0xE7,
    0xE7, 0xE7, 0xE7, 0xE7, 0xE7, 0xE7, 0xE7, 0xE7, 0xFB, 0xFF, 0xFF, 0xFF, 0xE7, 0xE7, 0xE5, 0xDB,
    0xDB, 0xDB, 0xDB, 0xDB, 0xDB, 0xDB, 0xDA, 0xD3, 0xD3, 0xD3, 0xD3, 0xD3, 0xD7, 0xD5, 0xDD, 0x7A,
    0x5C, 0x53, 0x53, 0x54, 0x5B, 0x5B, 0x5B, 0x5B, 0x5B, 0x5B, 0x63, 0x67, 0x67, 0x7A, 0xFF, 0xFF,
    0xFF, 0xFF, 0xFF, 0xFB, 0xE7, 0xE7, 0xE7, 0xDE, 0xDB, 0xDB, 0xE4, 0xDB, 0xDB, 0xDB, 0xDB, 0xDB,
    0xDB, 0xDB, 0xDB, 0xDB, 0xDB, 0xDB, 0xD3, 0xD3, 0xD3, 0xD3, 0xD3, 0xD3, 0xD3, 0xD3, 0xD3, 0xD3,
    0xD3, 0xD3, 0xD3, 0xD3, 0xD3, 0xD3, 0xD3, 0xD3, 0xDD, 0x6F, 0x5C, 0x5D, 0x5E, 0x67, 0x67, 0x67,
    0x7A, 0x67, 0x67, 0xFF, 0xFF, 0xFE, 0xE7, 0xE7, 0xE7, 0xE7, 0xE7, 0xE7, 0xE7, 0xE9, 0x5C, 0x4E,
    0x49, 0x41, 0x3D, 0x3B, 0x3C, 0x3D, 0x3F, 0x41, 0x45, 0x48, 0x49, 0x49, 0x4C, 0x4D, 0x4F, 0x53,
    0x55, 0x5B, 0x5B, 0x67, 0x67, 0xFF, 0xFF, 0xFF, 0xFF, 0xFF, 0xE7, 0xEE, 0xFF, 0xFF, 0xFF, 0xFF,
    0xFF, 0xEC, 0xE7, 0xE7, 0xE7, 0xE7, 0xE7, 0xDC, 0xDB, 0xDB, 0xDB, 0xDB, 0xDB, 0xDA, 0xD3, 0xD3,
    0xD3, 0xD3, 0xD3, 0xD3, 0xD3, 0xD9, 0xD8, 0xE7, 0x58, 0x53, 0x54, 0x5B, 0x5B, 0x5B, 0x5B, 0x5B,
    0x5B, 0x63, 0x67, 0x67, 0x67, 0x67, 0x67, 0x68, 0xFF, 0xFF, 0xFF, 0xFF, 0xFF, 0xE7, 0xE7, 0xE7,
    0xE0, 0xE4, 0xE4, 0xDB, 0xDB, 0xDB, 0xDB, 0xD3, 0xD3, 0xD3, 0xD3, 0xD3, 0xD3, 0xD3, 0xD3, 0xD3,
    0xD3, 0xD3, 0xD3, 0xD3, 0xD3, 0xD3, 0xD3, 0xD3, 0xD3, 0xD3, 0xD3, 0xD3, 0xD3, 0xD3, 0xCE, 0xCD,
    0xCD, 0xD3, 0xE6, 0x67, 0x67, 0x67, 0x67, 0x78, 0x67, 0x67, 0x6C, 0xFF, 0xFF, 0xFF, 0xFF, 0xFF,
    0xFF, 0xFF, 0xFF, 0xFF, 0xFF, 0x67, 0x54, 0x49, 0x49, 0x49, 0x4C, 0x46, 0x3E, 0x3C, 0x3C, 0x3E,
    0x40, 0x41, 0x45, 0x45, 0x49, 0x4C, 0x4D, 0x53, 0x53, 0x5B, 0x5F, 0x67, 0x67, 0x71, 0xFF, 0xFF,
    0xFF, 0xFF, 0xF0, 0xE7, 0xEB, 0xFF, 0xFF, 0xFF, 0xFF, 0xFF, 0xF0, 0xE7, 0xE7, 0xE7, 0xE7, 0xE7,
    0xE7, 0xE7, 0xE7, 0xDC, 0xDB, 0xDB, 0xDB, 0xDB, 0xDB, 0xDA, 0xD3, 0xD3, 0xD6, 0xE2, 0x5B, 0x53,
    0x53, 0x5B, 0x5B, 0x5B, 0x5E, 0x67, 0x67, 0x67, 0x67, 0x67, 0x67, 0x67, 0x67, 0x67, 0x69, 0xFF,
    0xFF, 0xFF, 0xEE, 0xE7, 0xE1, 0xDB, 0xE7, 0xE7, 0xDC, 0xDB, 0xDB, 0xDB, 0xD3, 0xD3, 0xD3, 0xD3,
    0xD3, 0xD3, 0xD3, 0xD3, 0xD3, 0xD3, 0xD3, 0xD3, 0xD3, 0xD3, 0xD3, 0xD3, 0xD3, 0xD3, 0xD3, 0xD3,
    0xD3, 0xD3, 0xD3, 0xD3, 0xD3, 0xD3, 0xD2, 0xCD, 0xCD, 0xD3, 0xD3, 0xEB, 0x5F, 0x5B, 0x5D, 0x67,
    0x67, 0x67, 0x67, 0x69, 0xFF, 0xFF, 0xFF, 0xFF, 0xFF, 0xFF, 0xFF, 0xFF, 0xFF, 0xFF, 0x57, 0x4B,
    0x49, 0x4B, 0x4D, 0x4E, 0x4F, 0x4A, 0x40, 0x3E, 0x41, 0x43, 0x45, 0x45, 0x48, 0x49, 0x4D, 0x51,
    0x53, 0x57, 0x5B, 0x5D, 0x67, 0x67, 0x67, 0x67, 0x69, 0xFF, 0xFF, 0xFF, 0xFF, 0xFF, 0xFF, 0xFF,
    0xFF, 0xFF, 0xFF, 0xE7, 0xE7, 0xE7, 0xE7, 0xE7, 0xE7, 0xE7, 0xE7, 0xE2, 0xDB, 0xDB, 0xDB, 0xDB,
    0xDB, 0xDB, 0xDB, 0xD3, 0xD9, 0x79, 0x58, 0x53, 0x59, 0x58, 0x5B, 0x5B, 0x5B, 0x5C, 0x67, 0x67,
    0x67, 0x67, 0x67, 0x67, 0x77, 0xFF, 0xFF, 0xFF, 0xFF, 0xFF, 0xE7, 0xE7, 0xE7, 0xE7, 0xE7, 0xE7,
    0xE2, 0xDB, 0xDB, 0xDB, 0xDB, 0xD3, 0xD3, 0xD3, 0xD3, 0xD3, 0xD3, 0xD3, 0xD3, 0xD3, 0xD3, 0xD3,
    0xD3, 0xD3, 0xD3, 0xD3, 0xD3, 0xDB, 0xDB, 0xDB, 0xDB, 0xE3, 0xE7, 0xE7, 0xE7, 0xE7, 0xE7, 0xE8,
    0xFF, 0xFF, 0xFF, 0xFF, 0xFF, 0xFF, 0xFF, 0xFF, 0xFF, 0xFF, 0xFF, 0xFF, 0xFF, 0xFF, 0xFF, 0xFF,
    0xFF, 0xFF, 0xFF, 0xFF, 0xFF, 0xFF, 0xFF, 0xFF, 0xFF, 0xFF, 0xFF, 0xFF, 0xFF, 0xFF, 0xFF, 0xFF,
    0xFF, 0xFF, 0xFF, 0xFF, 0xFF, 0xFF, 0xFF, 0xFF, 0xFF, 0xFF, 0xFF,
};
static const unsigned int snd_capture_len = 11691;

/* player_big_capture.wav: 7419 bytes @ 8kHz u-law */
static const unsigned char snd_big_capture[] = {
    0xFF, 0xFF, 0xFF, 0xFF, 0xFF, 0xFF, 0xFF, 0xFF, 0xFF, 0xFF, 0xFF, 0xFF, 0xFF, 0xFF, 0xFF, 0xFF,
    0xFF, 0xFF, 0xFF, 0xFF, 0xFF, 0xFF, 0xFF, 0xFF, 0xFF, 0xFF, 0xFF, 0xFF, 0xFF, 0xFF, 0xFF, 0xFF,
    0xFF, 0xFF, 0xFF, 0xFF, 0xFF, 0xFF, 0xFF, 0xFF, 0xFF, 0xFF, 0xFF, 0xFF, 0xFF, 0xFF, 0xFF, 0xFF,
    0xFF, 0xFF, 0xFF, 0xFF, 0xFF, 0xFF, 0xFF, 0xFF, 0xFF, 0xFF, 0xFF, 0xFF, 0xFF, 0xFF, 0xFF, 0xFF,
    0xFF, 0xFF, 0xFF, 0xFF, 0xFF, 0xFF, 0xFF, 0xFF, 0xFF, 0xFF, 0xFF, 0xFF, 0xFF, 0xFF, 0xFF, 0xFF,
    0xFF, 0xFF, 0xFF, 0xFF, 0xFF, 0xFF, 0xFF, 0xFF, 0xFF, 0xFF, 0xFF, 0xFF, 0xFF, 0xFF, 0xFF, 0xFF,
    0xFF, 0xFF, 0xFF, 0xFF, 0xFF, 0xFF, 0xFF, 0xFF, 0xFF, 0xFF, 0xFF, 0xFF, 0xFF, 0xFF, 0xFF, 0xFF,
    0xFF, 0xFF, 0xFF, 0xFF, 0xFF, 0xFF, 0xFF, 0xFF, 0xFF, 0xFF, 0xFF, 0xFF, 0xFF, 0xFF, 0xFF, 0xFF,
    0xFF, 0xFF, 0xFF, 0xFF, 0xFF, 0xFF, 0xFF, 0xFF, 0xFF, 0xFF, 0xFF, 0xFF, 0xFF, 0xFF, 0xFF, 0xFF,
    0xFF, 0xFF, 0xFF, 0xFF, 0xFF, 0xFF, 0xFF, 0xFF, 0xFF, 0xFF, 0xFF, 0xFF, 0xFF, 0xFF, 0xFF, 0xFF,
    0xFF, 0xFF, 0xFF, 0xFF, 0xFF, 0xFF, 0xFF, 0xFF, 0xFF, 0xFF, 0xFF, 0xFF, 0xFF, 0xFF, 0xFF, 0xFF,
    0xFF, 0xFF, 0xFF, 0xFF, 0xFF, 0xFF, 0xFF, 0xFF, 0xFF, 0xFF, 0xFF, 0xFF, 0xFF, 0xF0, 0x6C, 0x67,
    0x5E, 0x5B, 0x62, 0xEB, 0xE7, 0xE7, 0xDC, 0xD7, 0xC1, 0x4D, 0x4E, 0xE0, 0xD3, 0xD5, 0x3E, 0xC4,
    0x63, 0xC2, 0xF3, 0xDC, 0x57, 0xE8, 0xCD, 0xEA, 0x62, 0xDC, 0xF1, 0xD0, 0x79, 0x5F, 0x54, 0xD9,
    0x45, 0x3F, 0xD9, 0xCD, 0xB7, 0xD5, 0xE7, 0x73, 0x5D, 0xDD, 0x60, 0x71, 0xE8, 0xD5, 0x67, 0x61,
    0xE7, 0xBC, 0xDC, 0x4F, 0x3A, 0x3A, 0x4E, 0x55, 0x47, 0x5C, 0xC7, 0xCC, 0x6B, 0x44, 0x5B, 0x4C,
    0xBF, 0xCF, 0x6B, 0xF4, 0x68, 0xC6, 0x50, 0xC8, 0xCC, 0xB9, 0x5B, 0x49, 0x4C, 0x4C, 0x3B, 0x32,
    0x34, 0x36, 0x48, 0x46, 0x44, 0x35, 0x3C, 0x47, 0x50, 0x4E, 0x3F, 0x53, 0x5D, 0x6B, 0x4F, 0x68,
    0xD6, 0xD9, 0xED, 0xD3, 0xD3, 0xE1, 0x64, 0x60, 0xCF, 0x6C, 0xCA, 0x7D, 0xE4, 0x69, 0x7E, 0xD0,
    0xD3, 0xD9, 0xD8, 0xE7, 0xFD, 0x4F, 0xE0, 0xD8, 0xE7, 0xEC, 0xCD, 0xC9, 0xCB, 0xCA, 0xBB, 0xBA,
    0xBC, 0xC5, 0xC8, 0xC1, 0xC3, 0xC2, 0xBE, 0xC8, 0xC1, 0xB3, 0xAF, 0xB4, 0xC6, 0xF7, 0xD7, 0xCB,
    0xC2, 0xCD, 0xD3, 0xC8, 0xDB, 0xE6, 0xCF, 0xC4, 0xCF, 0x69, 0x4B, 0x45, 0x45, 0x3F, 0x35, 0x3E,
    0x43, 0x4F, 0x47, 0x3E, 0x3E, 0x3C, 0x43, 0x4A, 0x3E, 0x3F, 0x50, 0x76, 0x4D, 0x4D, 0x5A, 0xDB,
    0xCE, 0xF3, 0x54, 0x5F, 0x4F, 0x45, 0x3C, 0x43, 0x55, 0x4F, 0x46, 0x42, 0x4A, 0xE9, 0x7B, 0xD6,
    0x56, 0xCF, 0x56, 0xF4, 0x6E, 0x68, 0x4D, 0x40, 0x65, 0x4E, 0xDC, 0x4C, 0x5F, 0x42, 0x4F, 0x4B,
    0x45, 0x3D, 0x46, 0xCA, 0xCE, 0xC0, 0xCD, 0xBD, 0x7B, 0x66, 0x68, 0xDB, 0xD0, 0xD9, 0xD0, 0xD3,
    0xBE, 0xBB, 0xBB, 0xBE, 0xB9, 0xB3, 0xB8, 0xC1, 0xCB, 0xC3, 0xB8, 0xAF, 0xB7, 0xBD, 0xCE, 0xD3,
    0xDE, 0xDE, 0xE6, 0xDB, 0xF6, 0x4F, 0x49, 0x41, 0x47, 0x46, 0x46, 0x47, 0x45, 0x3F, 0x42, 0x4D,
    0x48, 0x60, 0x49, 0xEF, 0x44, 0x52, 0x5E, 0x6B, 0xD9, 0xD8, 0x7C, 0x49, 0x5A, 0xD3, 0xD3, 0xD4,
    0xE6, 0xCA, 0xC1, 0xC6, 0xBF, 0xC1, 0xBC, 0xCF, 0x68, 0x54, 0x4C, 0x3F, 0x3C, 0x3A, 0x36, 0x33,
    0x3A, 0x3E, 0x41, 0x3E, 0x3B, 0x40, 0x3B, 0x3B, 0x3A, 0x3A, 0x3A, 0x3E, 0x4E, 0x4E, 0x46, 0x46,
    0x50, 0x66, 0x51, 0x4D, 0x5D, 0xDB, 0xDB, 0xDB, 0xD2, 0xD3, 0xCF, 0xCF, 0xC5, 0xC0, 0xC4, 0xC1,
    0xBE, 0xC1, 0xBF, 0xBC, 0xBC, 0xB5, 0xB6, 0xC1, 0xCB, 0xC1, 0xB5, 0xAF, 0xAE, 0xB3, 0xBA, 0xB8,
    0xB8, 0xB5, 0xC5, 0xC9, 0xC5, 0xBD, 0xC8, 0xD9, 0xDE, 0x5A, 0x4C, 0x4D, 0x5A, 0x4B, 0x39, 0x38,
    0x38, 0x39, 0x3E, 0x3B, 0x3E, 0x4E, 0x46, 0xF4, 0x4D, 0x54, 0x4E, 0x50, 0xEB, 0xFF, 0xFF, 0xDD,
    0xD9, 0xE7, 0xEF, 0xFF, 0xD9, 0xD8, 0xDC, 0x6A, 0x70, 0xD2, 0xCB, 0xC9, 0x67, 0xF4, 0x4D, 0x4D,
    0x44, 0x41, 0x3E, 0x3C, 0x44, 0x41, 0x4C, 0x3E, 0x4A, 0x5D, 0x51, 0x46, 0x43, 0x45, 0x46, 0x44,
    0x3D, 0x44, 0x44, 0x3F, 0x39, 0x3C, 0x3C, 0x3F, 0x59, 0x57, 0xDB, 0xFE, 0xD8, 0xD9, 0xCC, 0xBE,
    0xB9, 0xB5, 0xB9, 0xBD, 0xBD, 0xB2, 0xAE, 0xAA, 0xAE, 0xB2, 0xBD, 0xC1, 0xBA, 0xB4, 0xB5, 0xBB,
    0xCD, 0xD9, 0xD8, 0xC5, 0xC0, 0xC1, 0xCA, 0xCB, 0xD3, 0x71, 0x53, 0x64, 0x4F, 0x59, 0x42, 0x48,
    0x3E, 0x3C, 0x3C, 0x41, 0x45, 0x3F, 0x38, 0x41, 0x38, 0x39, 0x33, 0x3D, 0x48, 0x59, 0x53, 0x59,
    0xFF, 0xDE, 0xC4, 0xD3, 0xD8, 0x5D, 0xBF, 0xC2, 0xCA, 0xDF, 0xD6, 0xCF, 0x77, 0xCA, 0xD3, 0xCC,
    0xDB, 0xD4, 0x4F, 0x55, 0x56, 0x3B, 0x35, 0x33, 0x3D, 0x36, 0x35, 0x39, 0x36, 0x34, 0x38, 0x3A,
    0x3C, 0x3E, 0x37, 0x38, 0x36, 0x42, 0x45, 0x3F, 0x43, 0x54, 0x4E, 0x47, 0x49, 0x46, 0x4D, 0x4D,
    0xC8, 0xC6, 0xE4, 0x5E, 0x69, 0xCC, 0xBE, 0xB6, 0xB2, 0xB8, 0xE5, 0xCF, 0xBC, 0xAA, 0xA7, 0xAC,
    0xAC, 0xA9, 0xA9, 0xAD, 0xAB, 0xAD, 0xAD, 0xAF, 0xAD, 0xB2, 0xB6, 0xB6, 0xBD, 0xC7, 0xBE, 0xC1,
    0xCF, 0xE8, 0xDD, 0x4D, 0x45, 0x4B, 0x4B, 0x42, 0x39, 0x31, 0x32, 0x2F, 0x30, 0x2B, 0x2F, 0x30,
    0x37, 0x42, 0x47, 0x5B, 0x67, 0x4F, 0x7A, 0xFF, 0xCA, 0xC5, 0xC5, 0xC1, 0xBB, 0xAF, 0xB2, 0xB1,
    0xB5, 0xBA, 0xBC, 0xB4, 0xB2, 0xB8, 0xBC, 0xBD, 0xBE, 0xBD, 0xC0, 0xFC, 0x42, 0x43, 0x51, 0x49,
    0x4D, 0x4E, 0x44, 0x40, 0x45, 0x41, 0x41, 0x3F, 0x43, 0x38, 0x3C, 0x49, 0x53, 0x48, 0x3F, 0x3E,
    0x3A, 0x3E, 0x52, 0xC9, 0xD4, 0x64, 0x59, 0x5C, 0xFD, 0xC7, 0xB7, 0xAE, 0xBA, 0xBC, 0xCE, 0xC4,
    0xBD, 0xB5, 0xB1, 0xB1, 0xB1, 0xB5, 0xB5, 0xBB, 0xC5, 0xE5, 0xCD, 0xD2, 0x7C, 0x58, 0x4D, 0x48,
    0x3F, 0x41, 0x3C, 0x3B, 0x39, 0x3B, 0x44, 0x43, 0x3C, 0x38, 0x39, 0x36, 0x36, 0x46, 0x4A, 0x40,
    0x3D, 0x3E, 0x3E, 0x3E, 0x52, 0xDF, 0xD4, 0xC9, 0xC0, 0xC5, 0xBB, 0xB0, 0xB0, 0xAE, 0xAE, 0xAD,
    0xAC, 0xAA, 0xA9, 0xA8, 0xA7, 0xA8, 0xAA, 0xAC, 0xAE, 0xBD, 0xCA, 0xC5, 0xC8, 0xCD, 0xFE, 0x59,
    0x32, 0x29, 0x25, 0x2B, 0x2D, 0x30, 0x2F, 0x2B, 0x2C, 0x2C, 0x33, 0x36, 0x40, 0x45, 0x49, 0x44,
    0x3E, 0x40, 0x51, 0xD6, 0xBA, 0xBD, 0xC7, 0x5C, 0xF5, 0xC7, 0xB6, 0xAD, 0xA9, 0xAB, 0xB5, 0xB3,
    0xAC, 0xAC, 0xAE, 0xAF, 0xB5, 0xB4, 0xB7, 0xBE, 0xC4, 0xDD, 0x69, 0x49, 0x5B, 0x46, 0x44, 0x3A,
    0x36, 0x35, 0x34, 0x36, 0x35, 0x3A, 0x3D, 0x44, 0x3F, 0x3E, 0x3F, 0x3E, 0x38, 0x38, 0x3F, 0x3F,
    0x41, 0x43, 0x57, 0x4E, 0x66, 0xEA, 0x78, 0x5A, 0x53, 0x68, 0xE7, 0x53, 0x53, 0x4A, 0x63, 0xF3,
    0xC5, 0xBD, 0xC7, 0xCC, 0xDF, 0xC3, 0xB8, 0xAE, 0xAE, 0xAB, 0xB3, 0xAF, 0xAD, 0xA9, 0xA6, 0xA8,
    0xAA, 0xB1, 0xAE, 0xB7, 0xBE, 0xF2, 0x3E, 0x2F, 0x31, 0x37, 0x31, 0x2D, 0x24, 0x24, 0x28, 0x30,
    0x37, 0x37, 0x36, 0x32, 0x2F, 0x41, 0xC6, 0xB4, 0xB9, 0xBA, 0xBA, 0xC1, 0xBB, 0xB0, 0xB4, 0xB6,
    0xAE, 0xAE, 0xAD, 0xB8, 0xB8, 0xCE, 0xD0, 0xD8, 0xCD, 0xE3, 0x4A, 0x3F, 0x36, 0x3A, 0x31, 0x37,
    0x2E, 0x2A, 0x2A, 0x2E, 0x2F, 0x2B, 0x2B, 0x29, 0x2C, 0x2D, 0x32, 0x3A, 0x48, 0x3E, 0x4B, 0xFB,
    0xDF, 0xBC, 0xC1, 0xB6, 0xC5, 0xBB, 0xB2, 0xB4, 0xAD, 0xAB, 0xAB, 0xAA, 0xAC, 0xAF, 0xAD, 0xB6,
    0xAD, 0xB5, 0xAD, 0xB1, 0xBA, 0xC4, 0xD8, 0xD4, 0xCD, 0xCB, 0xC3, 0x62, 0x40, 0x3A, 0x36, 0x32,
    0x3E, 0x59, 0x53, 0x4F, 0x4A, 0x42, 0x38, 0x34, 0x3A, 0x42, 0x4A, 0x4D, 0x3C, 0x2C, 0x27, 0x2A,
    0x37, 0x3F, 0x4D, 0x3D, 0x2E, 0x29, 0x2C, 0x31, 0x3C, 0x4F, 0x47, 0x37, 0x30, 0x37, 0x36, 0x39,
    0x3A, 0x3A, 0x39, 0x36, 0x3C, 0x36, 0x32, 0x33, 0x39, 0x39, 0x38, 0x36, 0x3E, 0x41, 0x3C, 0x45,
    0x47, 0x59, 0x3E, 0x48, 0x4A, 0xF9, 0xF0, 0xF6, 0xDB, 0xCB, 0xC5, 0xC0, 0xBD, 0xBE, 0xC3, 0xCD,
    0xC7, 0xD1, 0xD4, 0xCC, 0xC1, 0xC3, 0xC9, 0xB9, 0xBF, 0xD2, 0xDE, 0xE7, 0x67, 0x67, 0x7A, 0xEE,
    0x5E, 0x5B, 0x59, 0xDC, 0xC2, 0xC3, 0xBB, 0xB8, 0xC0, 0xD3, 0xCF, 0xBF, 0xBA, 0xB2, 0xAE, 0xB0,
    0xB6, 0xBD, 0xC5, 0xBE, 0xB9, 0xB8, 0xB3, 0xB3, 0xB7, 0xCE, 0xCE, 0xD0, 0xCF, 0xCC, 0xDB, 0x43,
    0x2F, 0x29, 0x22, 0x22, 0x25, 0x2C, 0x2A, 0x29, 0x28, 0x27, 0x29, 0x2F, 0x38, 0x3F, 0x41, 0xDA,
    0xC5, 0xC5, 0xC1, 0xB9, 0xAE, 0xAA, 0xA8, 0xA4, 0xA9, 0xA9, 0xAE, 0xAA, 0xAB, 0xB5, 0xC6, 0xC0,
    0xBE, 0xE4, 0xDB, 0xD4, 0x4F, 0x44, 0x49, 0x3F, 0x50, 0x4C, 0x4F, 0x7C, 0xDB, 0xCB, 0xC4, 0xBB,
    0xB7, 0xB7, 0xBA, 0xC1, 0xB9, 0xAF, 0xAE, 0xAE, 0xB2, 0xB4, 0xB4, 0xB5, 0xBD, 0xB7, 0xB5, 0xBC,
    0xC5, 0xC8, 0xE1, 0x49, 0x44, 0x41, 0x57, 0x66, 0x3F, 0x3A, 0x38, 0x2E, 0x2D, 0x35, 0x45, 0x45,
    0x42, 0x38, 0x31, 0x2C, 0x2F, 0x3B, 0x47, 0x46, 0x39, 0x36, 0x38, 0x37, 0x3B, 0x48, 0x5B, 0x4E,
    0x3E, 0x36, 0x2D, 0x29, 0x2E, 0x3B, 0x3C, 0x3A, 0x2E, 0x24, 0x21, 0x20, 0x23, 0x25, 0x28, 0x2A,
    0x2A, 0x2B, 0x2D, 0x2E, 0x2E, 0x29, 0x29, 0x2D, 0x2F, 0x32, 0x37, 0x3C, 0x39, 0x3A, 0x3E, 0x61,
    0x5A, 0x57, 0x5C, 0x6F, 0xDE, 0xCE, 0xBA, 0xB6, 0xB4, 0xB2, 0xAF, 0xAD, 0xAD, 0xAF, 0xB5, 0xB3,
    0xB0, 0xAD, 0xAC, 0xAC, 0xAF, 0xB7, 0xB8, 0xB3, 0xAE, 0xAD, 0xB2, 0xBA, 0xBA, 0xBD, 0xC4, 0xBD,
    0xBD, 0xBE, 0xBB, 0xB4, 0xB7, 0xBC, 0xBE, 0xD6, 0xBF, 0xC4, 0xB5, 0xB5, 0xB4, 0xBB, 0xC5, 0xD0,
    0xE3, 0xBF, 0xB4, 0xBA, 0xCA, 0xCA, 0xD4, 0x6C, 0xDD, 0xC6, 0xC1, 0xBF, 0xC9, 0xCA, 0x4C, 0x41,
    0x45, 0xEB, 0xC9, 0xCB, 0xDA, 0xEA, 0x42, 0x39, 0x3C, 0x5F, 0xDF, 0x48, 0x75, 0x44, 0x38, 0x31,
    0x30, 0x3A, 0x2F, 0x43, 0x3F, 0x33, 0x3D, 0x34, 0x39, 0x3A, 0x3F, 0x4B, 0x4D, 0x53, 0x4B, 0xCE,
    0x72, 0xDA, 0xDD, 0xDB, 0xDB, 0xEC, 0xE2, 0xD5, 0xDF, 0xC3, 0xEC, 0xCB, 0xCD, 0xBB, 0xC0, 0xBE,
    0xBF, 0xBE, 0xB4, 0xB9, 0xAF, 0xB2, 0xB0, 0xB2, 0xAF, 0xB0, 0xB0, 0xAF, 0xAD, 0xB1, 0xB3, 0xB3,
    0xB7, 0xBC, 0xC0, 0xBB, 0xBD, 0xCE, 0xD5, 0xEA, 0x5F, 0x53, 0xD2, 0xC3, 0xBB, 0xBC, 0xBE, 0xCC,
    0xE7, 0xD5, 0xD0, 0xE2, 0xE4, 0xCC, 0xFC, 0x4D, 0x5E, 0xC7, 0xBA, 0xB3, 0xB1, 0xB8, 0xC7, 0x77,
    0xEA, 0xCE, 0xB9, 0xAE, 0xA8, 0xA8, 0xAB, 0xAF, 0xB2, 0xB6, 0xBF, 0xC8, 0xC4, 0xBF, 0xC9, 0xDE,
    0xE7, 0xD4, 0x71, 0x44, 0x3F, 0x30, 0x2B, 0x29, 0x2B, 0x2D, 0x2F, 0x2E, 0x2E, 0x2E, 0x2D, 0x2B,
    0x28, 0x27, 0x20, 0x21, 0x23, 0x27, 0x29, 0x2A, 0x2A, 0x2B, 0x31, 0x36, 0x43, 0x4C, 0xE8, 0xE5,
    0xBC, 0xAF, 0xAA, 0xA5, 0x9E, 0x9D, 0x9D, 0x9E, 0x9E, 0xA0, 0xA5, 0xA8, 0xA8, 0xAB, 0xAB, 0xAC,
    0xAF, 0xBE, 0xD4, 0x6A, 0x48, 0x4B, 0x3C, 0x3C, 0x33, 0x2B, 0x26, 0x24, 0x29, 0x26, 0x2D, 0x31,
    0x45, 0x44, 0x4E, 0x4E, 0x5D, 0xDB, 0xC2, 0xAF, 0xB0, 0xB3, 0xBD, 0xC6, 0xE7, 0xD1, 0xBD, 0xB3,
    0xB0, 0xB5, 0xC3, 0x5A, 0x3F, 0x3E, 0x3F, 0x3D, 0x39, 0x38, 0x38, 0x30, 0x30, 0x2F, 0x2E, 0x32,
    0x3A, 0x3E, 0x40, 0x46, 0x49, 0x4D, 0x4D, 0x52, 0x53, 0x44, 0x41, 0x4A, 0x48, 0x41, 0x46, 0x4C,
    0x67, 0x6D, 0x5F, 0x67, 0x67, 0x5C, 0x4E, 0x5E, 0x53, 0x4B, 0x47, 0x46, 0x41, 0x3C, 0x45, 0x3B,
    0x3A, 0x2F, 0x2F, 0x2D, 0x32, 0x34, 0x3C, 0x41, 0x46, 0x4D, 0x4D, 0x4D, 0x4D, 0x5B, 0xFE, 0xCD,
    0xBE, 0xBC, 0xB9, 0xB4, 0xB4, 0xB6, 0xB2, 0xAD, 0xAB, 0xAF, 0xB0, 0xB8, 0xBF, 0xC1, 0xBF, 0xBB,
    0xC4, 0x7B, 0x47, 0x3B, 0x37, 0x32, 0x33, 0x3B, 0x46, 0x49, 0x49, 0x40, 0x32, 0x2A, 0x2B, 0x33,
    0x4A, 0xD9, 0xBD, 0xBE, 0xCB, 0xC4, 0xBA, 0xB3, 0xB0, 0xAC, 0xAA, 0xA7, 0xA4, 0xA5, 0xA5, 0xA3,
    0xA1, 0xA5, 0xA7, 0xA6, 0xA7, 0xA9, 0xAB, 0xAA, 0xAC, 0xB3, 0xB2, 0xB3, 0xBD, 0xC7, 0xDC, 0x56,
    0x49, 0x49, 0x3C, 0x30, 0x2B, 0x27, 0x25, 0x21, 0x1F, 0x1F, 0x1F, 0x1F, 0x1E, 0x22, 0x27, 0x2B,
    0x2F, 0x35, 0x3F, 0x45, 0x50, 0xDC, 0xC0, 0xB8, 0xAE, 0xA8, 0xA5, 0xA2, 0xA1, 0xA2, 0xA4, 0xA9,
    0xAF, 0xAF, 0xAE, 0xB3, 0xB8, 0xBD, 0xC8, 0xEA, 0x53, 0x5A, 0x50, 0x47, 0x3F, 0x3B, 0x32, 0x2D,
    0x2A, 0x2B, 0x30, 0x39, 0x4D, 0x59, 0xF1, 0x57, 0x3E, 0x37, 0x3F, 0x74, 0xC2, 0xB1, 0xAF, 0xB4,
    0xCF, 0xDC, 0x63, 0xEF, 0xD3, 0xCF, 0xCC, 0xDF, 0x57, 0x46, 0x44, 0x41, 0x3C, 0x3A, 0x39, 0x30,
    0x31, 0x36, 0x38, 0x3A, 0x38, 0x34, 0x36, 0x3B, 0x3E, 0x3D, 0x4D, 0x6E, 0x68, 0xE8, 0xC8, 0xBA,
    0xB6, 0xB6, 0xB4, 0xB4, 0xBB, 0xC3, 0xBD, 0xBB, 0xBF, 0xCD, 0xDD, 0x53, 0x41, 0x41, 0x3D, 0x35,
    0x31, 0x35, 0x3B, 0x3C, 0x3D, 0x3E, 0x3D, 0x3B, 0x3F, 0x4E, 0x5F, 0x67, 0x5B, 0x60, 0xDD, 0xD3,
    0xCF, 0xC5, 0xC5, 0xC2, 0xC0, 0xBE, 0xC1, 0xC8, 0xC5, 0xC6, 0xC9, 0xC3, 0xBC, 0xBC, 0xBA, 0xC6,
    0xF7, 0x5C, 0xEF, 0xDB, 0xCB, 0xB9, 0xB7, 0xBD, 0xD2, 0x6D, 0x45, 0x39, 0x42, 0x62, 0xFF, 0x71,
    0x67, 0x4B, 0x3E, 0x3B, 0x3E, 0x4B, 0x5B, 0x5F, 0x79, 0x78, 0x5A, 0x5B, 0x74, 0x52, 0x5B, 0x57,
    0xE1, 0xDD, 0xCD, 0xC5, 0xCC, 0xCF, 0xD9, 0xCB, 0xD9, 0xD5, 0xE1, 0xE7, 0xED, 0xD3, 0xCB, 0xD3,
    0xCE, 0xCA, 0xC1, 0xC5, 0xC4, 0xCB, 0xEA, 0x66, 0xDE, 0xDD, 0x4E, 0x49, 0x4D, 0x5A, 0x52, 0x4D,
    0x3F, 0x3A, 0x34, 0x2F, 0x33, 0x34, 0x35, 0x35, 0x3A, 0x39, 0x3A, 0x3F, 0x43, 0x42, 0x47, 0x4D,
    0x5B, 0xF3, 0xCD, 0xB9, 0xB2, 0xB1, 0xAC, 0xAC, 0xAF, 0xB4, 0xB5, 0xB5, 0xBC, 0xB9, 0xB0, 0xAC,
    0xAB, 0xAC, 0xAE, 0xB9, 0xEF, 0x3D, 0x39, 0x33, 0x35, 0x4A, 0xCD, 0xC9, 0xD1, 0xE7, 0x3B, 0x2E,
    0x2D, 0x32, 0x3B, 0x43, 0x4C, 0x3F, 0x3E, 0x47, 0x6B, 0xDB, 0xCE, 0xBD, 0xB6, 0xB8, 0xB8, 0xAD,
    0xA9, 0xA8, 0xA8, 0xAB, 0xAB, 0xAF, 0xB4, 0xB3, 0xB6, 0xBB, 0xD9, 0xCB, 0xE3, 0xEA, 0x51, 0x4D,
    0x3C, 0x39, 0x3B, 0x33, 0x37, 0x37, 0x39, 0x3C, 0x3E, 0x36, 0x41, 0x49, 0x44, 0x55, 0x7E, 0xDC,
    0xD1, 0xC3, 0xBA, 0xB2, 0xB3, 0xB8, 0xBB, 0xBB, 0xBA, 0xBB, 0xBB, 0xC4, 0xC1, 0xC9, 0xC8, 0xE2,
    0x62, 0x4D, 0x41, 0x3B, 0x36, 0x3A, 0x41, 0x39, 0x3A, 0x36, 0x38, 0x2F, 0x2B, 0x28, 0x27, 0x2C,
    0x2F, 0x3E, 0x48, 0xDC, 0x5A, 0x48, 0x43, 0x41, 0x3B, 0x3C, 0x5B, 0xC3, 0xB9, 0xB7, 0xB8, 0xBB,
    0xBF, 0xC1, 0xBA, 0xB8, 0xBE, 0xC3, 0xC3, 0xC5, 0xC0, 0xBD, 0xC0, 0xDA, 0x55, 0x4F, 0x53, 0x49,
    0x46, 0x4E, 0x43, 0x3E, 0x41, 0x53, 0x49, 0x4A, 0x4C, 0x49, 0x4C, 0x4C, 0x53, 0x5C, 0xDF, 0xE1,
    0xC9, 0xCC, 0xCC, 0xCF, 0xDC, 0x6D, 0xDF, 0xD1, 0xC7, 0xC2, 0xC3, 0xBC, 0xBC, 0xBA, 0xBC, 0xBF,
    0xC9, 0xC6, 0xC1, 0xB9, 0xBA, 0xB2, 0xB6, 0xBE, 0xCC, 0xDB, 0x56, 0x3D, 0x32, 0x2F, 0x34, 0x37,
    0x3C, 0x3B, 0x32, 0x2E, 0x2C, 0x29, 0x25, 0x26, 0x2A, 0x2D, 0x37, 0x68, 0xD9, 0xC7, 0xC5, 0xC9,
    0x5F, 0x3C, 0x3A, 0x36, 0x3F, 0x59, 0xBA, 0xB2, 0xAF, 0xB1, 0xBE, 0x6F, 0x3D, 0x36, 0x36, 0x49,
    0xE6, 0xCD, 0xC5, 0xC9, 0xCA, 0xCD, 0xCA, 0xC7, 0xC1, 0xB9, 0xBC, 0xB9, 0xB8, 0xB6, 0xB6, 0xB7,
    0xBA, 0xBA, 0xBE, 0xCC, 0xDD, 0xCB, 0xCE, 0xF8, 0x77, 0x65, 0x4F, 0x52, 0x59, 0x4F, 0x4D, 0x52,
    0x55, 0x4D, 0x4E, 0x78, 0x4C, 0x3E, 0x3C, 0x3E, 0x45, 0x6E, 0xD1, 0xC2, 0xCC, 0xC3, 0xB2, 0xAC,
    0xAD, 0xAC, 0xAB, 0xAF, 0xAF, 0xAB, 0xA7, 0xA8, 0xAA, 0xAB, 0xB0, 0xBF, 0xDB, 0x66, 0x44, 0x3A,
    0x31, 0x2F, 0x2D, 0x36, 0x34, 0x2E, 0x29, 0x28, 0x24, 0x24, 0x26, 0x27, 0x2A, 0x2C, 0x43, 0x67,
    0xDD, 0xC8, 0xBA, 0xBF, 0xDB, 0xCF, 0xCB, 0xC4, 0xC5, 0xBB, 0xB6, 0xB7, 0xBB, 0xC0, 0xCB, 0xDD,
    0xE7, 0xD3, 0xD9, 0xEC, 0x5B, 0x4A, 0x49, 0x49, 0x41, 0x40, 0x4A, 0x4B, 0x46, 0x59, 0x62, 0x56,
    0x4A, 0x5B, 0x72, 0xEE, 0xC6, 0xB9, 0xB5, 0xB1, 0xAE, 0xAB, 0xAB, 0xAF, 0xB1, 0xB2, 0xB9, 0xBE,
    0xBA, 0xB8, 0xBA, 0xBC, 0xB7, 0xB4, 0xBC, 0xC6, 0xEF, 0x49, 0x3D, 0x38, 0x3B, 0x41, 0x47, 0x5C,
    0xDA, 0xD8, 0x50, 0x3C, 0x34, 0x2B, 0x24, 0x24, 0x26, 0x28, 0x2F, 0x38, 0x4B, 0xD9, 0xC4, 0xD4,
    0xF9, 0x5C, 0x42, 0x3E, 0xF2, 0xBC, 0xB0, 0xA9, 0xA7, 0xA6, 0xA8, 0xAE, 0xC8, 0x37, 0x32, 0x26,
    0x26, 0x1E, 0x22, 0x27, 0x33, 0x40, 0x44, 0x3D, 0x2C, 0x29, 0x24, 0x25, 0x2F, 0x3C, 0xC3, 0xC7,
    0xBC, 0xB3, 0xAE, 0xA6, 0xAB, 0xA8, 0xA9, 0xA9, 0xAB, 0xAA, 0xAA, 0xAD, 0xAE, 0xAD, 0xB1, 0xAE,
    0xB5, 0xB8, 0xCE, 0xD7, 0xF6, 0xF0, 0xDB, 0xFF, 0x57, 0x55, 0xDC, 0xE7, 0xD5, 0x5F, 0x53, 0x49,
    0x50, 0x40, 0x46, 0x5E, 0x4A, 0x67, 0x67, 0xE9, 0x54, 0x58, 0x49, 0x4C, 0x42, 0x3D, 0x45, 0x4A,
    0x54, 0x4A, 0x71, 0x57, 0x5B, 0x62, 0x6C, 0x48, 0x41, 0x45, 0x46, 0x4E, 0x7D, 0xCB, 0xD7, 0xCC,
    0xC1, 0xC1, 0xDF, 0xFF, 0x5B, 0x43, 0x3B, 0x35, 0x36, 0x36, 0x3F, 0x44, 0x49, 0x3C, 0x33, 0x33,
    0x2C, 0x2B, 0x2C, 0x2E, 0x31, 0x3F, 0xF6, 0xC4, 0xC7, 0xD3, 0xD9, 0x71, 0x6A, 0xDC, 0xCE, 0xC5,
    0xBE, 0xB7, 0xB4, 0xAE, 0xA9, 0xAA, 0xAD, 0xB0, 0xB0, 0xB6, 0xBC, 0xBF, 0xBD, 0xC4, 0xC9, 0xBC,
    0xBD, 0xBE, 0xBE, 0xCB, 0xEC, 0x5F, 0x54, 0x48, 0x4D, 0x54, 0x6C, 0xD6, 0xC6, 0xBA, 0xBC, 0xB6,
    0xB4, 0xBD, 0xCD, 0xDB, 0x64, 0x4E, 0x5B, 0xFE, 0xE3, 0xE1, 0xC2, 0xB9, 0xBF, 0xDA, 0xFF, 0x57,
    0x3B, 0x34, 0x35, 0x3A, 0x37, 0x46, 0xFC, 0xC6, 0xBF, 0xBF, 0xD4, 0x56, 0x3C, 0x2E, 0x2A, 0x27,
    0x2A, 0x2F, 0x47, 0xDD, 0xBD, 0xB4, 0xB5, 0xC9, 0xEC, 0x3C, 0x33, 0x29, 0x2B, 0x2C, 0x34, 0x47,
    0xC7, 0xB4, 0xB2, 0xB0, 0xBA, 0x5A, 0x34, 0x29, 0x2B, 0x29, 0x2F, 0x42, 0x56, 0x4C, 0x3E, 0x3D,
    0x3B, 0x36, 0x37, 0x3D, 0x45, 0x45, 0x4B, 0x5B, 0x66, 0xEC, 0xE1, 0xCD, 0xCC, 0xC6, 0xC8, 0xBC,
    0xB7, 0xAE, 0xAD, 0xAD, 0xAD, 0xB6, 0xB0, 0xB7, 0xB3, 0xBD, 0xBD, 0xCC, 0xE8, 0xE5, 0x5F, 0x6D,
    0x53, 0x5C, 0x3D, 0x3F, 0x49, 0x5A, 0x5D, 0xCA, 0xBD, 0xC0, 0xB8, 0xB3, 0xA7, 0xA6, 0xA2, 0xA1,
    0xA5, 0xA8, 0xA7, 0xA9, 0xAD, 0xB2, 0xB1, 0xB1, 0xBA, 0xBB, 0xC4, 0xC2, 0xCF, 0x5C, 0x4B, 0x42,
    0x35, 0x2C, 0x2E, 0x2C, 0x2D, 0x2F, 0x3D, 0x45, 0x4B, 0xFF, 0xC7, 0xBE, 0xBE, 0xC6, 0xD3, 0xC8,
    0xC8, 0x67, 0xC4, 0xC9, 0x5D, 0xBB, 0xCE, 0xD7, 0xA9, 0xDB, 0xA9, 0x58, 0xB8, 0x48, 0x39, 0xFE,
    0x4B, 0x46, 0x2F, 0x2C, 0x29, 0x2C, 0x61, 0x32, 0x4F, 0x2D, 0x58, 0x47, 0x49, 0xBD, 0x3A, 0x3F,
    0x2D, 0x47, 0xC6, 0xE5, 0xEC, 0xC8, 0xC4, 0xD2, 0xBC, 0xBA, 0xAA, 0xB3, 0xE5, 0xCE, 0x53, 0xDA,
    0xDC, 0xE6, 0xCD, 0xD1, 0xE7, 0xBD, 0xC1, 0xB1, 0xCF, 0xBF, 0xBD, 0xD2, 0x58, 0x3C, 0x38, 0x3A,
    0x45, 0xF0, 0xD9, 0xDB, 0x55, 0x6F, 0xD9, 0xDB, 0x3E, 0x3D, 0x2A, 0x28, 0x27, 0x29, 0x2E, 0x31,
    0x4A, 0xC2, 0xB9, 0xB5, 0xC7, 0xD8, 0x45, 0x59, 0x3B, 0x3F, 0x25, 0x2E, 0x4F, 0x73, 0xB6, 0xA5,
    0x9E, 0x9F, 0xA2, 0xA1, 0xA0, 0xAB, 0xB3, 0xC1, 0x5F, 0xBC, 0xB2, 0xA9, 0xAE, 0xB5, 0xB8, 0xBB,
    0xCF, 0x50, 0x51, 0x55, 0x5A, 0x3C, 0x54, 0xDC, 0x45, 0x45, 0x40, 0x3C, 0x3E, 0x33, 0x2B, 0x2D,
    0x30, 0x2F, 0x30, 0x2D, 0x35, 0x39, 0x32, 0x3D, 0x3C, 0x3C, 0x41, 0x47, 0x79, 0x43, 0x42, 0x38,
    0x36, 0x4D, 0x53, 0x4E, 0x3E, 0x47, 0xE0, 0xEB, 0xFF, 0xE7, 0x61, 0x4C, 0x36, 0x3D, 0x3A, 0x33,
    0x3B, 0x39, 0x42, 0x50, 0x67, 0xC7, 0xBB, 0xBB, 0xC7, 0xC1, 0xBF, 0xC3, 0xCD, 0xC7, 0xF4, 0x6C,
    0xC5, 0xAC, 0xA1, 0xA0, 0xA2, 0xA3, 0xA0, 0xA6, 0xA7, 0xAA, 0xB2, 0x55, 0x4B, 0x4F, 0x5B, 0x6D,
    0x42, 0x32, 0x2E, 0x2A, 0x2F, 0x3A, 0x32, 0x31, 0x39, 0x38, 0x39, 0xFF, 0xC3, 0xB9, 0xBE, 0xB5,
    0xAC, 0xA5, 0xA5, 0xA5, 0xA6, 0xAA, 0xB2, 0xD1, 0xFF, 0xF2, 0x47, 0x3D, 0x47, 0x58, 0x4A, 0x4C,
    0x3F, 0x3E, 0x30, 0x26, 0x2A, 0x21, 0x1E, 0x1E, 0x1E, 0x1D, 0x1E, 0x23, 0x2A, 0x2D, 0x39, 0x4F,
    0x49, 0xCD, 0xBF, 0xB8, 0xBA, 0xC4, 0xC5, 0x6D, 0x7A, 0xC9, 0xD9, 0xD3, 0xD0, 0xBE, 0xB4, 0xB3,
    0xB8, 0xBA, 0xCE, 0xDF, 0x4E, 0x3F, 0x34, 0x37, 0x33, 0x39, 0x4C, 0xF8, 0xCE, 0xBD, 0xB3, 0xAF,
    0xB0, 0xB3, 0xBD, 0xDF, 0x49, 0x32, 0x2E, 0x33, 0x3D, 0x50, 0xCF, 0xB5, 0xAE, 0xA8, 0xA2, 0xA0,
    0xA3, 0xA7, 0xB1, 0xFF, 0x65, 0x5B, 0xC8, 0xB9, 0xB3, 0xBD, 0xC8, 0x6A, 0x55, 0x54, 0x43, 0x3D,
    0x41, 0x3F, 0x41, 0x42, 0x4F, 0x7E, 0x61, 0xF7, 0xD5, 0xDB, 0xCE, 0xCB, 0xBD, 0xC2, 0xD0, 0xCD,
    0xBE, 0xBC, 0xBE, 0xBA, 0xAF, 0xB8, 0xAF, 0xB7, 0xAF, 0xB4, 0xB1, 0xB7, 0xB8, 0xBF, 0xDA, 0x59,
    0x42, 0x45, 0x42, 0x36, 0x30, 0x29, 0x29, 0x25, 0x2B, 0x2A, 0x2B, 0x2A, 0x2E, 0x2D, 0x36, 0x35,
    0x43, 0x47, 0x49, 0xE8, 0xC1, 0xBA, 0xBA, 0xC0, 0xBB, 0xBA, 0xBB, 0xBF, 0xC2, 0xCF, 0x43, 0x4C,
    0x75, 0x3E, 0x4B, 0x33, 0x3E, 0x3E, 0x5A, 0xFF, 0x67, 0x58, 0x6A, 0x6A, 0xE4, 0xBC, 0xB2, 0xB6,
    0xAD, 0xAF, 0xA7, 0xAB, 0xA9, 0xAE, 0xB4, 0xB4, 0xBA, 0xB6, 0xB6, 0xB4, 0xCD, 0x68, 0x64, 0x3E,
    0x37, 0x31, 0x2B, 0x27, 0x23, 0x2E, 0x31, 0x46, 0x4A, 0x55, 0x5D, 0xE3, 0xBD, 0xB5, 0xB8, 0xB9,
    0xC1, 0xC1, 0xC5, 0xCA, 0xCD, 0xCD, 0xC8, 0xC2, 0xBE, 0xB8, 0xBA, 0xBA, 0xC5, 0xEF, 0x49, 0x3C,
    0x39, 0x30, 0x2C, 0x26, 0x23, 0x24, 0x26, 0x2C, 0x2D, 0x30, 0x35, 0x43, 0x54, 0x79, 0xF8, 0x57,
    0x47, 0x45, 0x3E, 0x44, 0x5B, 0x51, 0x57, 0xDF, 0xBE, 0xB5, 0xAF, 0xAD, 0xAE, 0xB3, 0xB8, 0xC9,
    0xEA, 0x4A, 0x35, 0x2B, 0x2B, 0x2D, 0x39, 0x45, 0x58, 0x67, 0xCF, 0xBF, 0xBD, 0xC3, 0xD1, 0x48,
    0x35, 0x2E, 0x29, 0x26, 0x29, 0x30, 0x31, 0x33, 0x38, 0x3F, 0x46, 0x48, 0xF9, 0xD6, 0xBD, 0xB1,
    0xAE, 0xAE, 0xB2, 0xB8, 0xB5, 0xBB, 0xC1, 0xC2, 0xD5, 0xDF, 0x4A, 0x56, 0x5C, 0x47, 0x37, 0x2D,
    0x2F, 0x2E, 0x2A, 0x2A, 0x2A, 0x2C, 0x2A, 0x2D, 0x34, 0x30, 0x31, 0x36, 0x3A, 0x3C, 0x42, 0x59,
    0xDF, 0xD2, 0xD0, 0xCA, 0xC0, 0xBC, 0xB9, 0xB8, 0xAF, 0xAE, 0xAB, 0xAA, 0xA8, 0xA9, 0xAC, 0xAB,
    0xA9, 0xAB, 0xB1, 0xB4, 0xBE, 0xC4, 0xDE, 0x67, 0x4B, 0x42, 0x48, 0x49, 0x4A, 0x59, 0x5A, 0x53,
    0x53, 0x5F, 0x4A, 0x3A, 0x35, 0x32, 0x2E, 0x2D, 0x2F, 0x2E, 0x2F, 0x33, 0x3F, 0x4F, 0x77, 0xC1,
    0xB9, 0xB2, 0xAF, 0xAE, 0xA4, 0xA3, 0xA1, 0xA2, 0xA1, 0xA3, 0xAD, 0xB1, 0xB4, 0xB6, 0xBC, 0xBC,
    0xBA, 0xBF, 0xC7, 0xC9, 0xD4, 0x50, 0x3D, 0x33, 0x2E, 0x29, 0x29, 0x2E, 0x2D, 0x2E, 0x3B, 0x4F,
    0xD1, 0xB8, 0xAE, 0xAE, 0xAE, 0xAE, 0xAC, 0xAD, 0xAF, 0xB3, 0xB7, 0xC3, 0xD1, 0xE7, 0x7E, 0x47,
    0x3C, 0x3E, 0x48, 0x4D, 0x50, 0x67, 0x73, 0x51, 0x40, 0x37, 0x33, 0x2E, 0x2B, 0x2A, 0x2B, 0x2B,
    0x2F, 0x39, 0x44, 0x6C, 0xED, 0xCD, 0xC0, 0xBD, 0xBF, 0xB8, 0xBA, 0xBF, 0xCC, 0x78, 0x47, 0x33,
    0x33, 0x37, 0x3A, 0x3C, 0x59, 0xC8, 0xBA, 0xB1, 0xAE, 0xAD, 0xB0, 0xB9, 0xBA, 0xDB, 0x40, 0x39,
    0x35, 0x36, 0x42, 0xD4, 0xBF, 0xC1, 0xC0, 0xC1, 0xC0, 0xCB, 0xD3, 0xCD, 0xD3, 0xD3, 0xC9, 0xBF,
    0xC3, 0xC5, 0xC9, 0xC4, 0xC5, 0xC1, 0xC2, 0xC9, 0xDB, 0x6C, 0x59, 0x49, 0x52, 0x4D, 0x47, 0x37,
    0x46, 0x42, 0x4A, 0x57, 0x76, 0xD3, 0xCC, 0xC1, 0xC5, 0xC2, 0xC2, 0xC9, 0xC2, 0xCA, 0xC3, 0xBE,
    0xBC, 0xB5, 0xB5, 0xB9, 0xB5, 0xC7, 0xE2, 0x55, 0xE0, 0x55, 0x3A, 0x32, 0x2C, 0x28, 0x25, 0x29,
    0x25, 0x24, 0x25, 0x28, 0x2B, 0x33, 0x45, 0x5D, 0xE0, 0xC0, 0xAF, 0xAC, 0xAD, 0xAA, 0xA8, 0xAB,
    0xAE, 0xB0, 0xB6, 0xBA, 0xBC, 0xBE, 0xCB, 0xD6, 0xE7, 0xDC, 0x5D, 0x45, 0x38, 0x30, 0x28, 0x25,
    0x27, 0x22, 0x22, 0x24, 0x27, 0x29, 0x2D, 0x37, 0x3F, 0x76, 0xCE, 0xAF, 0xAD, 0xA6, 0xA7, 0xA3,
    0xA1, 0xA7, 0xA9, 0xA9, 0xB7, 0xC1, 0xDF, 0xEB, 0x42, 0x3A, 0x3B, 0x37, 0x38, 0x3B, 0x48, 0x4C,
    0x4C, 0x41, 0x41, 0x3A, 0x32, 0x32, 0x34, 0x30, 0x33, 0x36, 0x37, 0x3C, 0x4E, 0xCE, 0xBF, 0xB8,
    0xBA, 0xBE, 0xB7, 0xB1, 0xB2, 0xBE, 0xE5, 0xF5, 0x4E, 0x3C, 0x35, 0x2C, 0x28, 0x27, 0x28, 0x2B,
    0x33, 0x3B, 0x41, 0x6E, 0xD9, 0xD8, 0xDB, 0xCE, 0xC9, 0xDE, 0xFF, 0x5D, 0x4B, 0x51, 0xFC, 0xD8,
    0xC5, 0xB7, 0xAE, 0xAD, 0xAD, 0xAE, 0xAE, 0xB3, 0xB5, 0xBE, 0xF4, 0x3B, 0x2F, 0x2D, 0x2D, 0x33,
    0x4D, 0xE0, 0xC8, 0xBE, 0xB9, 0xBD, 0xB8, 0xB1, 0xB2, 0xB5, 0xB5, 0xB0, 0xB3, 0xB4, 0xB9, 0xB9,
    0xBC, 0xC5, 0xCB, 0xCE, 0xDD, 0x58, 0x4A, 0x4B, 0x42, 0x48, 0x40, 0x52, 0x46, 0x54, 0x46, 0x3A,
    0x3E, 0x3E, 0x3D, 0x38, 0x36, 0x36, 0x32, 0x30, 0x32, 0x2F, 0x33, 0x33, 0x39, 0x3C, 0x48, 0x4A,
    0x45, 0x65, 0xE3, 0xCC, 0xC5, 0xC2, 0xBC, 0xB9, 0xB2, 0xAC, 0xA8, 0xA6, 0xA8, 0xA7, 0xA8, 0xA8,
    0xA9, 0xAB, 0xB1, 0xB9, 0xBA, 0xBA, 0xCC, 0xD9, 0x68, 0x69, 0x41, 0x3C, 0x38, 0x33, 0x2E, 0x2D,
    0x26, 0x29, 0x27, 0x2D, 0x30, 0x36, 0x3D, 0x3F, 0x59, 0x4D, 0x46, 0x44, 0x41, 0x49, 0x3C, 0x3A,
    0x3D, 0x4A, 0x66, 0xEA, 0xC7, 0xBA, 0xB6, 0xB4, 0xB4, 0xB4, 0xBA, 0xC5, 0xD6, 0x63, 0x44, 0x3B,
    0x36, 0x45, 0x4A, 0x48, 0x43, 0x4E, 0x60, 0xEF, 0xC5, 0xC8, 0xBD, 0xCC, 0xBF, 0xBE, 0xBA, 0xC3,
    0xC3, 0xCD, 0x7E, 0x77, 0xE7, 0x65, 0x68, 0xDD, 0x5F, 0x53, 0x42, 0x49, 0x4D, 0x4D, 0x41, 0x3B,
    0x3B, 0x3C, 0x39, 0x3A, 0x38, 0x30, 0x2F, 0x30, 0x30, 0x36, 0x4E, 0xF3, 0xCF, 0xB6, 0xAA, 0xA5,
    0xA2, 0xA6, 0xA4, 0xA5, 0xAD, 0xB4, 0xB8, 0xC9, 0x7B, 0x4F, 0x3A, 0x34, 0x3D, 0x49, 0x65, 0xD3,
    0xC5, 0xB8, 0xB7, 0xAE, 0xB2, 0xB4, 0xBC, 0xC9, 0xD4, 0x5E, 0x42, 0x3B, 0x3B, 0x3C, 0x49, 0xC5,
    0xBC, 0xC3, 0xC9, 0xCC, 0xE6, 0xE7, 0xD3, 0xE2, 0x46, 0x4C, 0x40, 0x3C, 0x3E, 0x4D, 0x67, 0x5B,
    0x5B, 0x5B, 0x6F, 0x6B, 0xDB, 0x79, 0x5B, 0x41, 0x46, 0x46, 0x4B, 0x3F, 0x34, 0x2D, 0x2A, 0x24,
    0x2A, 0x26, 0x2A, 0x28, 0x2C, 0x2F, 0x2E, 0x4A, 0x6E, 0xBD, 0xC1, 0xAE, 0xAE, 0xAA, 0xA8, 0xA6,
    0xA3, 0xA6, 0xAB, 0xA9, 0xAA, 0xAC, 0xB5, 0xAE, 0xBE, 0xBE, 0xF6, 0x49, 0x44, 0x33, 0x36, 0x2F,
    0x30, 0x2E, 0x2B, 0x35, 0x36, 0x38, 0x3B, 0x37, 0x3C, 0x3E, 0xD9, 0xCD, 0xBA, 0xBC, 0xB9, 0xBE,
    0xC1, 0xC5, 0xC9, 0xE2, 0x56, 0x49, 0x7A, 0x6C, 0x4D, 0x54, 0x4C, 0x3B, 0x31, 0x35, 0x3C, 0x3E,
    0x4A, 0x51, 0x47, 0x45, 0x4E, 0x53, 0x45, 0x45, 0x42, 0x36, 0x39, 0x36, 0x45, 0x40, 0x4A, 0x57,
    0xE4, 0xC1, 0xB4, 0xAE, 0xA6, 0xA6, 0xA5, 0xA7, 0xA6, 0xA8, 0xAA, 0xB0, 0xB7, 0xC8, 0x67, 0x54,
    0x49, 0x47, 0x3A, 0x4D, 0x3E, 0x4B, 0x45, 0x4D, 0x67, 0x4F, 0x51, 0x41, 0x44, 0x40, 0x3E, 0x3B,
    0x33, 0x2E, 0x2E, 0x35, 0x3C, 0x37, 0x43, 0x55, 0x67, 0xCF, 0xAC, 0xB2, 0xAA, 0xAB, 0xA8, 0xA5,
    0xAA, 0xAA, 0xBA, 0xB3, 0x4E, 0x4F, 0x43, 0x3B, 0x2F, 0x32, 0x37, 0x39, 0x45, 0x6E, 0xC3, 0xBA,
    0xBE, 0xB5, 0xBA, 0xC8, 0xDF, 0xD4, 0x51, 0x3B, 0x2F, 0x30, 0x30, 0x39, 0x5C, 0xC0, 0xDF, 0x56,
    0x45, 0x48, 0x61, 0x67, 0xFB, 0xCE, 0xC8, 0xCB, 0xC9, 0xC8, 0xC2, 0xC2, 0xCF, 0xC2, 0xCD, 0xD1,
    0xD7, 0x5F, 0xE0, 0x59, 0x4A, 0x5B, 0x6D, 0xDF, 0xCC, 0xBE, 0xBA, 0xB3, 0xB4, 0xB5, 0xBD, 0xBD,
    0xC0, 0xDC, 0x69, 0xD6, 0xFF, 0x78, 0x48, 0x45, 0xE6, 0xCA, 0xCD, 0xCC, 0xC9, 0xB8, 0xB1, 0xAD,
    0xA7, 0xAA, 0xA7, 0xB0, 0xB3, 0xB7, 0xB9, 0xC3, 0xE8, 0x3F, 0x3E, 0x32, 0x36, 0x2E, 0x2F, 0x2D,
    0x30, 0x2F, 0x33, 0x40, 0x47, 0x56, 0xEE, 0xCB, 0xC0, 0xD5, 0x7C, 0x57, 0x4F, 0x3F, 0x3A, 0x40,
    0x42, 0x3B, 0x3D, 0x51, 0x50, 0x6D, 0xE7, 0xFD, 0x6C, 0x61, 0x79, 0xF5, 0xBE, 0x6D, 0x6D, 0xE7,
    0x5E, 0x4E, 0x4E, 0x4E, 0x3D, 0x3E, 0x48, 0x34, 0x3D, 0x34, 0x45, 0x67, 0x5B, 0xD2, 0xBB, 0xB9,
    0xBD, 0xBC, 0xB3, 0xCA, 0xC3, 0x66, 0x62, 0x48, 0x38, 0x34, 0x33, 0x32, 0x2F, 0x3B, 0x3F, 0x3F,
    0x56, 0x79, 0xC9, 0xB9, 0xB3, 0xB3, 0xBD, 0xAE, 0xB5, 0xB3, 0xBE, 0xC8, 0x68, 0x42, 0x36, 0x38,
    0x3C, 0x51, 0x39, 0x4E, 0x46, 0xD1, 0xC1, 0xB8, 0xB5, 0xAE, 0xAF, 0xB7, 0xCD, 0xC5, 0xCD, 0xC9,
    0xCE, 0x4C, 0x50, 0x47, 0x3E, 0x4C, 0x3E, 0x64, 0x41, 0xD7, 0xE2, 0xAC, 0xB0, 0xAB, 0xA8, 0xAB,
    0xAF, 0xB4, 0xCF, 0x6C, 0x32, 0x2C, 0x26, 0x27, 0x28, 0x2D, 0x3C, 0x54, 0x54, 0xE6, 0xBE, 0xAF,
    0xBA, 0xA7, 0xA8, 0xA6, 0xA9, 0xAC, 0xAC, 0xB7, 0xBB, 0xCD, 0xD6, 0x59, 0x4D, 0x54, 0x66, 0x58,
    0x65, 0xDE, 0xBE, 0xC9, 0xB2, 0xB2, 0xAB, 0xB4, 0xAF, 0xAF, 0xB2, 0xB9, 0xBF, 0xCA, 0x54, 0x3F,
    0x3C, 0x34, 0x32, 0x2E, 0x2B, 0x2C, 0x2F, 0x32, 0x2D, 0x2F, 0x33, 0x33, 0x35, 0x38, 0x46, 0x4A,
    0x55, 0xDA, 0x69, 0x5C, 0x4F, 0xD0, 0x68, 0xFF, 0xDE, 0xDD, 0xD5, 0xD3, 0xCF, 0xBF, 0xC2, 0xC4,
    0xC1, 0xB9, 0xC6, 0xB3, 0xB9, 0xB8, 0xC9, 0x7E, 0x6B, 0x77, 0x65, 0x3B, 0xE0, 0x3A, 0x5E, 0x5B,
    0xD2, 0xBD, 0xB8, 0xB4, 0xB3, 0xBE, 0xB4, 0xC2, 0xB6, 0xCF, 0x61, 0x3E, 0x3C, 0x3B, 0x36, 0x3A,
    0x2D, 0x30, 0x2D, 0x2B, 0x34, 0x3A, 0x40, 0x43, 0x49, 0x3F, 0x4F, 0x74, 0xCB, 0xE1, 0xC8, 0x7B,
    0xFF, 0x4C, 0x4C, 0x48, 0x3D, 0x3B, 0x36, 0x36, 0x39, 0x4A, 0x6D, 0x46, 0x63, 0x6B, 0xDC, 0xC4,
    0xBE, 0xB2, 0xB4, 0xB6, 0xCD, 0xD4, 0xE1, 0xEC, 0x62, 0x46, 0x3D, 0x3C, 0x41, 0x49, 0xD1, 0x74,
    0xC1, 0xCD, 0xB6, 0xB3, 0xB1, 0xAD, 0xC1, 0xBE, 0xC0, 0xBE, 0xCC, 0xC5, 0x70, 0x7E, 0x4A, 0x40,
    0x50, 0x47, 0x3F, 0x3A, 0x53, 0x54, 0x6B, 0xC6, 0xB8, 0xAF, 0xAD, 0xAB, 0xAA, 0xAE, 0xAE, 0xB3,
    0xB9, 0xBF, 0xF7, 0x59, 0x48, 0x41, 0x49, 0xDB, 0xC9, 0xC3, 0xBD, 0xC3, 0xD9, 0xD2, 0xCD, 0xD3,
    0x57, 0x3D, 0x38, 0x3A, 0x37, 0x34, 0x2D, 0x30, 0x2F, 0x3A, 0x49, 0x54, 0x58, 0x51, 0xEF, 0xD5,
    0xCB, 0xC8, 0xBC, 0xBD, 0xBE, 0xB7, 0xB4, 0xBE, 0xBE, 0xC4, 0xD2, 0xC8, 0xC2, 0xC7, 0xD5, 0xCE,
    0xD1, 0xD0, 0xBE, 0xB9, 0xBC, 0xBE, 0xC1, 0xCD, 0xCD, 0xD7, 0xF8, 0x41, 0x35, 0x32, 0x34, 0x39,
    0x3E, 0x40, 0x4E, 0x4D, 0x49, 0x48, 0xFF, 0xD3, 0xD0, 0xCA, 0xC1, 0xBF, 0xBE, 0xBC, 0xBD, 0xC2,
    0xC9, 0xDF, 0x56, 0x47, 0x3B, 0x32, 0x2D, 0x28, 0x23, 0x1F, 0x23, 0x27, 0x29, 0x2A, 0x29, 0x2C,
    0x30, 0x3B, 0x44, 0x5A, 0x4D, 0x4E, 0x40, 0x59, 0xE0, 0xD5, 0xD9, 0x6C, 0xDC, 0x5D, 0xF9, 0xD9,
    0xC9, 0xC9, 0xCC, 0xC4, 0xC2, 0xC9, 0xBD, 0xCE, 0x55, 0x4A, 0x4C, 0x44, 0x45, 0x3C, 0x37, 0x36,
    0x39, 0x38, 0x3A, 0x3D, 0x4A, 0x53, 0x40, 0x41, 0x5A, 0xCD, 0xC3, 0xB9, 0xB2, 0xBA, 0xB7, 0xBB,
    0xB8, 0xBB, 0xBC, 0xBA, 0xBE, 0xCD, 0xBF, 0xC7, 0xBE, 0xBE, 0xBE, 0xC4, 0xBC, 0xBC, 0xBE, 0xB9,
    0xBB, 0xD4, 0xE6, 0x57, 0x60, 0x4D, 0x3F, 0x38, 0x2F, 0x23, 0x24, 0x29, 0x23, 0x23, 0x29, 0x26,
    0x26, 0x29, 0x38, 0x3C, 0x4B, 0xD6, 0xBC, 0xB4, 0xB3, 0xB0, 0xAF, 0xBA, 0xC6, 0xE7, 0x53, 0x46,
    0x38, 0x33, 0x33, 0x2F, 0x36, 0x4B, 0xCA, 0xDB, 0xD6, 0xCB, 0xC4, 0xC2, 0xC1, 0xC4, 0xC2, 0xC6,
    0xBD, 0xC6, 0xC9, 0xC9, 0xCF, 0xCE, 0xC0, 0xBB, 0xB9, 0xB9, 0xBC, 0xBA, 0xBC, 0xBB, 0xCB, 0xDB,
    0xCB, 0xD6, 0x59, 0x46, 0x4B, 0x4D, 0x45, 0x4A, 0x46, 0x49, 0x4F, 0x67, 0x7B, 0xD6, 0xC7, 0xBA,
    0xB5, 0xBA, 0xBA, 0xB7, 0xB8, 0xBE, 0xCF, 0xDB, 0x4E, 0x3B, 0x3A, 0x3D, 0x3D, 0x3E, 0x48, 0x4C,
    0x53, 0xCF, 0xCB, 0xCE, 0xB5, 0xAE, 0xB6, 0xB4, 0xAB, 0xAB, 0xAD, 0xAC, 0xB1, 0xBC, 0xC4, 0xD3,
    0x5A, 0x3E, 0x2F, 0x2E, 0x2C, 0x2E, 0x29, 0x2B, 0x30, 0x2D, 0x35, 0x43, 0x71, 0xFF, 0xD0, 0xC0,
    0xC3, 0xCD, 0xCD, 0xF7, 0x77, 0x5B, 0x63, 0xD9, 0xE5, 0xD3, 0xBF, 0xBA, 0xBE, 0xBC, 0xB8, 0xB8,
    0xB7, 0xB8, 0xB1, 0xB5, 0xB8, 0xBE, 0xBC, 0xBF, 0xC1, 0xC0, 0xC9, 0xDD, 0x49, 0x52, 0x49, 0x4D,
    0x41, 0x4D, 0x5B, 0x62, 0x6E, 0x76, 0x6D, 0xCB, 0xEB, 0x64, 0x4A, 0x67, 0x4B, 0x45, 0x45, 0x3D,
    0x31, 0x32, 0x38, 0x31, 0x34, 0x2E, 0x31, 0x2C, 0x2F, 0x36, 0x42, 0x64, 0xEB, 0x64, 0x68, 0xFF,
    0xCF, 0xDE, 0xBA, 0xC3, 0xCC, 0xD0, 0x7A, 0xE6, 0x49, 0xF2, 0x53, 0x4A, 0x3F, 0x45, 0x4A, 0x66,
    0xD0, 0xC0, 0xBC, 0xB3, 0xB0, 0xAD, 0xAA, 0xA9, 0xAD, 0xB4, 0xB8, 0xBD, 0xCC, 0xF2, 0x3D, 0x38,
    0x30, 0x2E, 0x2D, 0x3E, 0x61, 0x49, 0x3C, 0x34, 0x32, 0x2D, 0x31, 0x30, 0x2F, 0x2D, 0x2E, 0x31,
    0x34, 0x3A, 0x42, 0xE8, 0xC6, 0xDB, 0xD0, 0xC5, 0xBF, 0xBC, 0xB8, 0xB7, 0xBE, 0xC8, 0xCB, 0xD7,
    0x67, 0xEB, 0x59, 0x4C, 0x34, 0x35, 0x34, 0x38, 0x3D, 0x39, 0x3A, 0x36, 0x35, 0x39, 0x40, 0x45,
    0x3F, 0x45, 0x4F, 0x49, 0x49, 0x4B, 0x4D, 0x47, 0x3E, 0x3E, 0x44, 0x6B, 0x61, 0x52, 0x7A, 0xE9,
    0xD0, 0xE7, 0xC4, 0xBE, 0xBD, 0xC1, 0xC2, 0xBF, 0xC5, 0xC1, 0xC9, 0xCC, 0xCE, 0xD3, 0xE4, 0xEC,
    0x51, 0x49, 0x48, 0x49, 0x45, 0x4C, 0xEB, 0xF5, 0xDE, 0xDB, 0xC8, 0xC5, 0xBA, 0xBC, 0xB9, 0xB6,
    0xDD, 0x59, 0x4B, 0xF4, 0x6A, 0xD8, 0xD3, 0xC4, 0xBC, 0xBA, 0xB8, 0xB5, 0xAF, 0xB3, 0xAE, 0xAF,
    0xAF, 0xB9, 0xB9, 0xBC, 0xCA, 0xC8, 0xC1, 0xC6, 0xE9, 0xFF, 0x5F, 0x53, 0x6C, 0x62, 0x5C, 0x6E,
    0xD8, 0xC9, 0xC1, 0xBD, 0xB2, 0xB4, 0xB7, 0xB8, 0xB5, 0xBA, 0xBC, 0xC1, 0xDE, 0x71, 0x46, 0x4D,
    0x4A, 0x4C, 0x42, 0x3C, 0x3E, 0x48, 0x69, 0xE7, 0xC7, 0xB8, 0xB0, 0xAE, 0xAA, 0xA9, 0xAB, 0xAB,
    0xAC, 0xAE, 0xB7, 0xC2, 0xD5, 0xF8, 0x4C, 0x45, 0x42, 0x47, 0x47, 0x41, 0x39, 0x34, 0x37, 0x3A,
    0x3E, 0x3C, 0x3E, 0x3D, 0x3E, 0x3B, 0x2E, 0x29, 0x26, 0x25, 0x24, 0x1F, 0x1F, 0x21, 0x23, 0x24,
    0x30, 0x3B, 0x3E, 0x53, 0x5B, 0x4F, 0x4E, 0x58, 0x49, 0x3D, 0x3E, 0x46, 0x45, 0x3F, 0x45, 0x45,
    0x46, 0x52, 0xF2, 0xDE, 0x5E, 0xDE, 0xCC, 0xC9, 0xD6, 0x6E, 0x5E, 0x52, 0x4B, 0x49, 0x3D, 0x3D,
    0x41, 0x43, 0x42, 0x41, 0x50, 0x53, 0xEB, 0xDB, 0xCD, 0xC5, 0xB9, 0xB8, 0xB3, 0xAF, 0xB2, 0xB6,
    0xB8, 0xBC, 0xCC, 0xCC, 0xE7, 0x7C, 0x4F, 0x4C, 0x49, 0x49, 0x3D, 0x36, 0x3C, 0x42, 0x4B, 0x58,
    0xCB, 0xBF, 0xC1, 0xC3, 0xC0, 0xBF, 0xC7, 0xCD, 0xD3, 0xD3, 0x5C, 0x51, 0x4D, 0x45, 0x3D, 0x3A,
    0x43, 0x3C, 0x36, 0x3A, 0x43, 0x46, 0x58, 0xE9, 0xCF, 0xBC, 0xB2, 0xB1, 0xBC, 0xBA, 0xEE, 0x3F,
    0x4D, 0x4D, 0x4E, 0xE9, 0xC5, 0xC4, 0xC4, 0xB9, 0xB4, 0xB6, 0xB8, 0xB1, 0xB4, 0xBA, 0xBA, 0xB9,
    0xBA, 0xBA, 0xBF, 0xC7, 0xCD, 0xDB, 0xFA, 0x4D, 0x49, 0x49, 0x41, 0x41, 0x45, 0x4B, 0x48, 0x5C,
    0xEE, 0x6B, 0xE5, 0xDB, 0xD4, 0xD0, 0xCD, 0xCA, 0xCF, 0xEE, 0xFF, 0x6E, 0x54, 0x4B, 0x43, 0x4A,
    0x4A, 0x42, 0x3E, 0x3E, 0x3E, 0x45, 0x5D, 0xFC, 0xFD, 0x7A, 0xD3, 0xDD, 0x67, 0xEC, 0xCF, 0xED,
    0x4B, 0x39, 0x2E, 0x2C, 0x2E, 0x30, 0x2F, 0x2F, 0x37, 0x3A, 0x3F, 0x49, 0x46, 0x55, 0xD4, 0xC1,
    0xC0, 0xB7, 0xB0, 0xBB, 0xC2, 0xC2, 0xC1, 0xCE, 0xD8, 0xE6, 0x3B, 0x32, 0x32, 0x2F, 0x48, 0xD4,
    0xCF, 0x54, 0x47, 0x44, 0x3E, 0x39, 0x3A, 0x3B, 0x35, 0x32, 0x39, 0x3A, 0x3D, 0x43, 0x45, 0x5E,
    0xCE, 0xBA, 0xB5, 0xB2, 0xAC, 0xA9, 0xA6, 0xA6, 0xA6, 0xA7, 0xA7, 0xA8, 0xA9, 0xAB, 0xAC, 0xAE,
    0xAF, 0xB1, 0xB4, 0xB3, 0xB0, 0xAF, 0xAF, 0xAF, 0xB1, 0xB0, 0xAC, 0xAD, 0xA9, 0xAC, 0xAE, 0xB7,
    0xBA, 0xCC, 0xFF, 0x56, 0x3F, 0x3A, 0x2E, 0x29, 0x25, 0x24, 0x2C, 0x2C, 0x2C, 0x2D, 0x2C, 0x2C,
    0x2F, 0x35, 0x34, 0x36, 0x3D, 0x3E, 0x39, 0x3D, 0x38, 0x34, 0x3A, 0x3A, 0x49, 0x4F, 0xDB, 0xCA,
    0xBB, 0xB6, 0xAC, 0xA7, 0xA3, 0x9F, 0x9F, 0x9E, 0x9B, 0x9C, 0x9F, 0xA0, 0xA6, 0xB4, 0xC2, 0xC3,
    0xD0, 0x5B, 0x4E, 0x3E, 0x3B, 0x3A, 0x3E, 0x3E, 0x41, 0x53, 0x59, 0xFD, 0xE7, 0x59, 0x49, 0x48,
    0x49, 0x3E, 0x3F, 0x42, 0x3E, 0x35, 0x35, 0x36, 0x33, 0x2E, 0x31, 0x30, 0x2D, 0x2D, 0x30, 0x35,
    0x38, 0x3C, 0x39, 0x39, 0x3B, 0x3E, 0x42, 0x43, 0x3A, 0x38, 0x38, 0x39, 0x39, 0x3E, 0x41, 0x44,
    0x49, 0x47, 0x49, 0x5B, 0xD2, 0xC6, 0xCA, 0xBC, 0xB3, 0xB8, 0xBA, 0xB1, 0xAF, 0xB8, 0xBE, 0xBD,
    0xC6, 0xCF, 0xCE, 0xCC, 0xCC, 0xCD, 0xC6, 0xC4, 0xC9, 0xCD, 0xD3, 0xCD, 0xCB, 0xCA, 0xDA, 0x62,
    0x4D, 0x47, 0x39, 0x32, 0x2B, 0x27, 0x26, 0x21, 0x1E, 0x1D, 0x1C, 0x1D, 0x20, 0x29, 0x2F, 0x30,
    0x2E, 0x2F, 0x2F, 0x2F, 0x33, 0x38, 0x38, 0x3E, 0x4B, 0x58, 0x4E, 0xEA, 0xC2, 0xBA, 0xBA, 0xB5,
    0xAE, 0xAC, 0xAA, 0xA6, 0xA4, 0xA8, 0xA8, 0xA5, 0xA6, 0xA8, 0xA5, 0xA8, 0xAC, 0xAD, 0xAF, 0xB2,
    0xB0, 0xB5, 0xBB, 0xBF, 0xC5, 0xC8, 0xBD, 0xB9, 0xBC, 0xBE, 0xBF, 0xDA, 0x5E, 0x4C, 0x3D, 0x35,
    0x30, 0x2E, 0x2E, 0x2A, 0x2D, 0x2B, 0x2A, 0x28, 0x2B, 0x2E, 0x2C, 0x2E, 0x38, 0x44, 0x4F, 0xDB,
    0xC4, 0xBD, 0xBC, 0xB7, 0xB8, 0xB9, 0xB5, 0xB6, 0xB7, 0xBA, 0xBC, 0xBA, 0xB7, 0xB7, 0xB8, 0xBA,
    0xB4, 0xAF, 0xAD, 0xAC, 0xAE, 0xAF, 0xB2, 0xAF, 0xB0, 0xB1, 0xAD, 0xBB, 0xDB, 0x76, 0xDD, 0xC0,
    0xBB, 0xB7, 0xB1, 0xAE, 0xAB, 0xAA, 0xA7, 0xA2, 0xA0, 0xA2, 0xA5, 0xA9, 0xAD, 0xAE, 0xB3, 0xB9,
    0xC4, 0x5F, 0x46, 0x39, 0x30, 0x2F, 0x2C, 0x29, 0x26, 0x20, 0x24, 0x29, 0x2B, 0x2B, 0x2D, 0x30,
    0x33, 0x38, 0x43, 0x4D, 0x51, 0x47, 0x45, 0x4D, 0x48, 0x49, 0x6F, 0xD5, 0xCD, 0xC7, 0xBB, 0xB3,
    0xAE, 0xAC, 0xAB, 0xA9, 0xAA, 0xAC, 0xAB, 0xAC, 0xAD, 0xAD, 0xAE, 0xB7, 0xC0, 0xD4, 0xFB, 0x46,
    0x3C, 0x34, 0x30, 0x2E, 0x2C, 0x2C, 0x2A, 0x24, 0x23, 0x25, 0x29, 0x2B, 0x31, 0x3A, 0x3C, 0x40,
    0x38, 0x31, 0x31, 0x2F, 0x2C, 0x2B, 0x27, 0x24, 0x25, 0x2D, 0x3A, 0x51, 0x67, 0x5E, 0x53, 0x4D,
    0x61, 0xDB, 0xE0, 0xFD, 0x67, 0x67, 0xF6, 0xC8, 0xBA, 0xB2, 0xB0, 0xB0, 0xB2, 0xAC, 0xAB, 0xAA,
    0xAC, 0xAC, 0xB0, 0xB8, 0xBA, 0xBC, 0xC3, 0xD7, 0x5E, 0x39, 0x2D, 0x2B, 0x2B, 0x2C, 0x2E, 0x2F,
    0x32, 0x36, 0x39, 0x46, 0x5D, 0xDF, 0xCD, 0xCD, 0xCD, 0xC8, 0xC8, 0xCA, 0xD2, 0x70, 0x4B, 0x3E,
    0x3B, 0x38, 0x35, 0x36, 0x34, 0x36, 0x40, 0x49, 0x53, 0xF4, 0xD2, 0xC9, 0xC5, 0xBD, 0xB5, 0xB1,
    0xB0, 0xB2, 0xB9, 0xC0, 0xB8, 0xB1, 0xB8, 0xBC, 0xB8, 0xB9, 0xC2, 0xBE, 0xB9, 0xAD, 0xAB, 0xA8,
    0xA5, 0xA5, 0xA3, 0xA1, 0x9E, 0x9F, 0xA1, 0xA2, 0xAD, 0xCD, 0xF4, 0xD3, 0xD3, 0xE6, 0x62, 0x55,
    0x53, 0x4C, 0x49, 0x51, 0x48, 0x45, 0x3B, 0x3A, 0x3D, 0x3F, 0x39, 0x33, 0x2F, 0x2E, 0x31, 0x32,
    0x30, 0x31, 0x36, 0x34, 0x30, 0x35, 0x3A, 0x3E, 0x47, 0x62, 0xE8, 0x5E, 0x68, 0xD2, 0xC9, 0xCD,
    0x5A, 0x46, 0x49, 0x41, 0x54, 0x4E, 0x5B, 0x48, 0x57, 0x5E, 0x67, 0x5B, 0xDE, 0xC9, 0xC5, 0xC5,
    0xBD, 0xB7, 0xB6, 0xB4, 0xB4, 0xBE, 0xC9, 0xC6, 0xDE, 0x75, 0x4A, 0x45, 0x35, 0x30, 0x2E, 0x2F,
    0x2E, 0x2F, 0x32, 0x32, 0x2F, 0x2E, 0x37, 0x3A, 0x50, 0xDA, 0xC6, 0xC6, 0xBB, 0xB6, 0xB8, 0xBA,
    0xC3, 0xC8, 0xDE, 0x50, 0x50, 0xF8, 0xDF, 0x67, 0xB4, 0xAC, 0xAD, 0xB1, 0xB2, 0xB8, 0xC4, 0xE8,
    0x72, 0x77, 0x62, 0x4F, 0x73, 0xFB, 0x4D, 0x45, 0x4A, 0x61, 0xFF, 0xFF, 0x68, 0x67, 0x67, 0x5C,
    0x6E, 0xFF, 0x55, 0x60, 0x4E, 0x40, 0x3A, 0x36, 0x30, 0x2C, 0x2A, 0x27, 0x27, 0x2B, 0x28, 0x27,
    0x2D, 0x37, 0x36, 0x34, 0x32, 0x33, 0x36, 0x38, 0x31, 0x2E, 0x2E, 0x2F, 0x35, 0x36, 0x31, 0x33,
    0x3C, 0x3D, 0x3D, 0x40, 0x46, 0x4F, 0x6E, 0xCB, 0xBE, 0xB9, 0xAF, 0xAB, 0xA7, 0xA6, 0xA8, 0xAB,
    0xAC, 0xB0, 0xAF, 0xAF, 0xB5, 0xBB, 0xBB, 0xB5, 0xB9, 0xC1, 0xBB, 0xB3, 0xB1, 0xB1, 0xAE, 0xAC,
    0xAD, 0xAA, 0xA6, 0xA9, 0xAD, 0xB7, 0xD6, 0x3D, 0x3A, 0x3A, 0x3C, 0x3D, 0x3C, 0x41, 0x41, 0x48,
    0x43, 0x4D, 0x42, 0x47, 0x49, 0x4C, 0x42, 0x3A, 0x37, 0x38, 0x35, 0x34, 0x31, 0x2C, 0x29, 0x2B,
    0x2E, 0x2E, 0x2E, 0x2E, 0x35, 0x3B, 0x46, 0x52, 0x70, 0xDB, 0xCD, 0xC2, 0xBE, 0xBC, 0xB4, 0xAC,
    0xAE, 0xAC, 0xA9, 0xA3, 0xA6, 0xA5, 0xA4, 0xA3, 0xA2, 0xA1, 0xA4, 0xA6, 0xA6, 0xA6, 0xA6, 0xAB,
    0xB5, 0xBD, 0xC6, 0xDB, 0x60, 0x42, 0x38, 0x31, 0x2F, 0x2B, 0x27, 0x25, 0x27, 0x29, 0x2B, 0x2E,
    0x2E, 0x2F, 0x34, 0x3F, 0x4C, 0xE5, 0xC8, 0xBD, 0xB9, 0xBD, 0xC6, 0xC9, 0xC5, 0xDD, 0x4C, 0x3D,
    0x33, 0x2D, 0x2D, 0x2E, 0x35, 0x49, 0x49, 0x3F, 0x3A, 0x3A, 0x39, 0x30, 0x2D, 0x2C, 0x2B, 0x2D,
    0x2F, 0x37, 0x3A, 0x3D, 0x48, 0x5A, 0xDB, 0xC4, 0xB6, 0xAC, 0xA8, 0xA7, 0xA5, 0x9F, 0x9E, 0x9E,
    0x9F, 0xA1, 0xA3, 0xA9, 0xAC, 0xAD, 0xB3, 0xBB, 0xC6, 0xDA, 0x51, 0x44, 0x3C, 0x3E, 0x43, 0x40,
    0x45, 0x43, 0x45, 0x44, 0x5A, 0x67, 0x5D, 0x48, 0x4A, 0x43, 0x3B, 0x3D, 0x45, 0x53, 0x46, 0x3F,
    0x39, 0x38, 0x3C, 0x4C, 0x58, 0x7B, 0x4C, 0x45, 0x41, 0x41, 0x3F, 0x40, 0x3C, 0x33, 0x33, 0x35,
    0x39, 0x33, 0x34, 0x34, 0x34, 0x2B, 0x2D, 0x2F, 0x41, 0x50, 0x5B, 0xCF, 0xBF, 0xBB, 0xAC, 0xAA,
    0xAD, 0xAB, 0xB5, 0x5D, 0x53, 0xD9, 0xC5, 0xB9, 0xB4, 0xB1, 0xAD, 0xAB, 0xA7, 0xA7, 0xA7, 0xA8,
    0xAA, 0xAC, 0xAC, 0xAE, 0xB8, 0xBE, 0xC5, 0xBF, 0xC5, 0xCD, 0xDA, 0xCF, 0xDA, 0xDB, 0xD7, 0x69,
    0x4F, 0x59, 0x5C, 0x67, 0x55, 0x6A, 0xDD, 0xFF, 0x4E, 0x36, 0x2D, 0x2E, 0x34, 0x47, 0xDC, 0xCE,
    0x5A, 0x4A, 0x3C, 0x2D, 0x26, 0x24, 0x22, 0x23, 0x2A, 0x36, 0x3E, 0xEE, 0xBD, 0xB7, 0xAF, 0xAD,
    0xAD, 0xAE, 0xAE, 0xAA, 0xA3, 0xA5, 0xA7, 0xAC, 0xB5, 0xBA, 0xCC, 0xBC, 0xB5, 0xAD, 0xAF, 0xB5,
    0xBC, 0xD6, 0x47, 0x3E, 0x49, 0x41, 0x3C, 0x39, 0x44, 0x3D, 0x33, 0x33, 0x34, 0x2E, 0x2C, 0x2D,
    0x2C, 0x29, 0x28, 0x2C, 0x33, 0x39, 0x3F, 0x4D, 0x4B, 0x4D, 0x62, 0xD5, 0xC9, 0xBE, 0xB9, 0xBF,
    0xCF, 0xFE, 0x6D, 0xEB, 0xDA, 0xC8, 0xC5, 0xCF, 0xD6, 0xDB, 0xCA, 0xC5, 0xC2, 0xC5, 0xBD, 0xBD,
    0xB5, 0xB0, 0xAD, 0xAC, 0xAE, 0xB3, 0xB4, 0xC3, 0xDE, 0xDB, 0xCE, 0xCD, 0xCD, 0xCC, 0xCA, 0xDE,
    0x4E, 0x4A, 0x5F, 0x5D, 0x4B, 0x4F, 0x4D, 0x3F, 0x37, 0x3A, 0x35, 0x36, 0x36, 0x42, 0x4D, 0x45,
    0x42, 0x3E, 0x38, 0x3C, 0x44, 0xEE, 0xCE, 0xCE, 0xCD, 0xC1, 0xC8, 0xE3, 0xD2, 0xBD, 0xC2, 0xCF,
    0xE1, 0xD2, 0xD0, 0xC6, 0xC6, 0xF7, 0x51, 0x43, 0x4C, 0x52, 0xE5, 0xCE, 0xC0, 0xC0, 0xCE, 0xE6,
    0x5E, 0x67, 0x67, 0x67, 0x58, 0x59, 0x4C, 0x49, 0x4A, 0x4B, 0x58, 0x53, 0x48, 0x42, 0x38, 0x33,
    0x31, 0x34, 0x35, 0x34, 0x32, 0x39, 0x3C, 0x3C, 0x41, 0x4B, 0x5C, 0xF9, 0xC5, 0xB7, 0xB2, 0xAF,
    0xAE, 0xB0, 0xB2, 0xB2, 0xC5, 0xC9, 0xC5, 0xCD, 0xC2, 0xB6, 0xAF, 0xA8, 0xA4, 0xA4, 0xA9, 0xAE,
    0xC5, 0xD9, 0x55, 0x4F, 0x6F, 0xE9, 0x4C, 0x3B, 0x38, 0x3A, 0x51, 0xE7, 0x65, 0x5B, 0x3F, 0x3C,
    0x3E, 0x3D, 0x48, 0xDC, 0xBF, 0xC1, 0xBF, 0xEA, 0x52, 0x42, 0x3B, 0x35, 0x35, 0x3A, 0x34, 0x32,
    0x34, 0x31, 0x34, 0x34, 0x39, 0x3E, 0x40, 0x45, 0x3F, 0x43, 0x6C, 0x5F, 0x47, 0x41, 0x3B, 0x33,
    0x39, 0xEC, 0xC3, 0xBF, 0xBF, 0xBF, 0xC8, 0xE1, 0xCF, 0xBE, 0xB5, 0xAE, 0xA8, 0xA4, 0xA9, 0xAB,
    0xAB, 0xAA, 0xAC, 0xAC, 0xAE, 0xB5, 0xBC, 0xBE, 0xC4, 0xD5, 0xDB, 0xC6, 0xC5, 0xD2, 0xC9, 0xC9,
    0xC9, 0xC9, 0xCD, 0xCF, 0x7D, 0x44, 0x3C, 0x3C, 0x3E, 0x3B, 0x3D, 0x4D, 0x48, 0x49, 0x50, 0x66,
    0x62, 0x6D, 0xD2, 0xCD, 0xD3, 0xCC, 0xC3, 0xC1, 0xBB, 0xBB, 0xCA, 0xDE, 0x49, 0x3A, 0x3D, 0x4D,
    0x5B, 0x4A, 0x42, 0x46, 0x3D, 0x3B, 0x4A, 0xD4, 0xE3, 0xFF, 0x5F, 0x43, 0x3D, 0x40, 0x4D, 0xDB,
    0xBF, 0xB9, 0xB2, 0xAF, 0xAF, 0xB4, 0xBA, 0xBF, 0xC3, 0xC9, 0xC1, 0xC0, 0xCD, 0xDE, 0xD3, 0xCD,
    0xCC, 0xC6, 0xBE, 0xC3, 0xDA, 0xD1, 0xCD, 0xDC, 0xDC, 0xD3, 0xC9, 0xD7, 0x67, 0x6D, 0xFF, 0x6F,
    0x53, 0x77, 0xEF, 0x5E, 0x53, 0x56, 0x55, 0x4C, 0x41, 0x3E, 0x39, 0x34, 0x30, 0x2F, 0x2F, 0x31,
    0x34, 0x33, 0x2F, 0x2C, 0x2B, 0x2B, 0x2A, 0x2B, 0x2B, 0x2C, 0x2D, 0x2E, 0x31, 0x32, 0x31, 0x30,
    0x38, 0x3A, 0x3F, 0x59, 0xDA, 0xCA, 0xC2, 0xBD, 0xC0, 0xBA, 0xB6, 0xBA, 0xBD, 0xBD, 0xBB, 0xBC,
    0xC0, 0xBC, 0xB8, 0xBE, 0xC9, 0xC5, 0xBD, 0xCD, 0xDB, 0xDD, 0x59, 0x40, 0x36, 0x36, 0x36, 0x38,
    0x41, 0x55, 0xE1, 0xCE, 0xC9, 0xCC, 0xDB, 0x73, 0x67, 0x67, 0x5F, 0x5B, 0x4F, 0x49, 0x49, 0x47,
    0x49, 0x48, 0x3F, 0x41, 0x47, 0x4D, 0x49, 0x45, 0x4C, 0x63, 0xD3, 0xE4, 0xD9, 0xD3, 0xC9, 0xC7,
    0xC6, 0xC1, 0xC0, 0xC9, 0xC5, 0xCB, 0x64, 0x48, 0x45, 0x40, 0x3B, 0x41, 0x4C, 0x59, 0x69, 0xE8,
    0xD5, 0xDF, 0x6D, 0x5B, 0x73, 0x67, 0x56, 0xDB, 0xC6, 0xC2, 0xC3, 0xBC, 0xBC, 0xC7, 0xDB, 0xE0,
    0xFC, 0x53, 0x5E, 0xE9, 0x50, 0x47, 0x45, 0x48, 0x73, 0xCF, 0xC1, 0xB4, 0xAE, 0xAD, 0xAE, 0xB4,
    0xBC, 0xFE, 0x56, 0x68, 0xE8, 0xCF, 0xBE, 0xB9, 0xBC, 0xCE, 0xD6, 0xC9, 0xC9, 0xCD, 0xC4, 0xC1,
    0xC5, 0xCD, 0xD7, 0x5F, 0x43, 0x3B, 0x3C, 0x43, 0x46, 0x55, 0xCF, 0xC6, 0xCE, 0xD3, 0xDD, 0x59,
    0x4C, 0x3B, 0x38, 0x37, 0x38, 0x3C, 0x37, 0x30, 0x2D, 0x2C, 0x27, 0x27, 0x28, 0x28, 0x2B, 0x37,
    0x4F, 0xD8, 0xC3, 0xBF, 0xC3, 0xC9, 0xCD, 0xCA, 0xCD, 0xCB, 0xC2, 0xBC, 0xBD, 0xC1, 0xC1, 0xC1,
    0xC6, 0xC7, 0xBD, 0xB6, 0xB7, 0xB8, 0xB3, 0xB5, 0xBE, 0xC1, 0xC5, 0x5C, 0x43, 0x42, 0x4D, 0x5A,
    0x67, 0xCA, 0xBB, 0xBB, 0xBB, 0xB6, 0xB9, 0xC0, 0xC9, 0xC8, 0xCD, 0xCD, 0xD1, 0xDA, 0xDF, 0x56,
    0x4A, 0x4D, 0x41, 0x3C, 0x3F, 0x47, 0x4B, 0x52, 0x70, 0xF4, 0xFF, 0xFF, 0xFF, 0x62, 0x4D, 0x42,
    0x3E, 0x3D, 0x3E, 0x3E, 0x3C, 0x3F, 0x46, 0x49, 0x48, 0x48, 0x45, 0x41, 0x48, 0x55, 0x57, 0x46,
    0x43, 0x4E, 0x54, 0x5B, 0x65, 0xE7, 0x77, 0x4D, 0x4B, 0x51, 0x54, 0x5F, 0x67, 0xDF, 0xD3, 0xD4,
    0x72, 0x5D, 0xFF, 0x6E, 0x4B, 0x58, 0xDE, 0xE8, 0xE3, 0xC5, 0xC4, 0xDC, 0xE7, 0xCC, 0xC9, 0xCD,
    0xBF, 0xB9, 0xB8, 0xBA, 0xB9, 0xB9, 0xBC, 0xBF, 0xC1, 0xC5, 0xC7, 0xD0, 0xCD, 0xC8, 0xDD, 0x58,
    0x49, 0x42, 0x37, 0x30, 0x33, 0x3A, 0x3E, 0x50, 0xD6, 0xC2, 0xC4, 0xC7, 0xC2, 0xD4, 0x52, 0x4D,
    0x50, 0x4E, 0x66, 0xCE, 0xC5, 0xC3, 0xC5, 0xC6, 0xCC, 0xDB, 0xD3, 0xD9, 0xD3, 0xD0, 0xCD, 0xCA,
    0xCD, 0xCD, 0xD3, 0xD9, 0x77, 0x53, 0x46, 0x3F, 0x3E, 0x41, 0x41, 0x41, 0x3F, 0x43, 0x49, 0x64,
    0xDE, 0xDB, 0xD0, 0xCA, 0xD6, 0xF0, 0xE9, 0xEC, 0x61, 0x5C, 0x6E, 0x6A, 0x46, 0x38, 0x31, 0x2C,
    0x2B, 0x2F, 0x34, 0x38, 0x3D, 0x46, 0x53, 0x61, 0x55, 0x55, 0x67, 0x67, 0xF7, 0xE7, 0xE7, 0xD5,
    0xCD, 0xCA, 0xCD, 0xCD, 0xCC, 0xC9, 0xCA, 0xD7, 0xDB, 0xD1, 0xC7, 0xC5, 0xBE, 0xBD, 0xBA, 0xBB,
    0xC0, 0xC3, 0xCC, 0xE4, 0xF5, 0xDE, 0xD3, 0xD3, 0xD3, 0xD3, 0xD3, 0xD3, 0xD3, 0xD3, 0xD6, 0xFF,
    0xEA, 0x77, 0x67, 0x67, 0x76, 0xE7, 0xDC, 0xE7, 0xE7, 0xDB, 0xD6, 0xD3, 0xCF, 0xE0, 0xFF, 0x6F,
    0x7B, 0x63, 0x56, 0x67, 0x60, 0x55, 0x4F, 0x73, 0xE7, 0xE2, 0xE2, 0x7D, 0x59, 0x47, 0x41, 0x3E,
    0x37, 0x35, 0x3B, 0x42, 0x47, 0x4D, 0x57, 0x5A, 0x46, 0x47, 0x49, 0x46, 0x49, 0x46, 0x46, 0x52,
    0x67, 0x72, 0x51, 0x40, 0x39, 0x37, 0x36, 0x38, 0x4A, 0x64, 0xEB, 0xD2, 0xD0, 0xDB, 0xFF, 0x6C,
    0x5B, 0x5B, 0x64, 0xF9, 0xF1, 0xE8, 0xD4, 0xC7, 0xC6, 0xC8, 0xC2, 0xBC, 0xBC, 0xC1, 0xC7, 0xC9,
    0xC5, 0xC5, 0xC2, 0xBC, 0xBD, 0xBE, 0xBE, 0xBE, 0xC1, 0xC3, 0xC9, 0xE0, 0x6D, 0x5B, 0x5B, 0x55,
    0x4D, 0x49, 0x46, 0x3E, 0x3A, 0x34, 0x34, 0x38, 0x3B, 0x3C, 0x3E, 0x45, 0x45, 0x46, 0x52, 0x64,
    0x6A, 0xE5, 0xDB, 0xD3, 0xCF, 0xC1, 0xBD, 0xBE, 0xBE, 0xC0, 0xC1, 0xBE, 0xBC, 0xBD, 0xBD, 0xB9,
    0xB9, 0xC3, 0xC9, 0xC5, 0xC5, 0xC1, 0xC8, 0xD3, 0xDE, 0xE7, 0xE8, 0x71, 0x67, 0xE7, 0x6D, 0x4E,
    0x4C, 0x59, 0x5B, 0x4C, 0x42, 0x47, 0x4D, 0x4A, 0x3E, 0x3C, 0x3C, 0x3E, 0x45, 0x45, 0x45, 0x45,
    0x49, 0x46, 0x41, 0x45, 0x49, 0x51, 0x4D, 0x53, 0xE7, 0xF7, 0xF7, 0xD3, 0xD2, 0xDB, 0xD1, 0xCE,
    0xE1, 0x67, 0xE7, 0xDB, 0xD3, 0xD3, 0xD9, 0xDB, 0xDF, 0xE7, 0xE7, 0xF1, 0x68, 0xFF, 0x6C, 0x7A,
    0x5B, 0x74, 0xFF, 0x6E, 0x67, 0x67, 0x76, 0x7B, 0x5F, 0x5B, 0x53, 0x5D, 0x7E, 0xF3, 0xF7, 0xD9,
    0xCD, 0xD2, 0xE7, 0xD4, 0xC9, 0xD2, 0xD5, 0xC8, 0xC4, 0xCD, 0xCC, 0xC9, 0xCD, 0xCF, 0xCE, 0xDB,
    0xE9, 0x68, 0x75, 0x67, 0x65, 0x4E, 0x46, 0x46, 0x45, 0x3B, 0x3E, 0x4A, 0x49, 0x48, 0x4C, 0x6B,
    0x64, 0x67, 0x6D, 0xEB, 0xDC, 0xFE, 0x55, 0x67, 0x67, 0x67, 0xEB, 0xD5, 0xCD, 0xD8, 0x5E, 0x4D,
    0x50, 0x53, 0x5F, 0x5D, 0x64, 0x60, 0x7C, 0xFF, 0x61, 0x53, 0x57, 0x64, 0x55, 0x60, 0x67, 0xED,
    0xD6, 0xCA, 0xCF, 0xDA, 0xD2, 0xCD, 0xCD, 0x7D, 0x50, 0x54, 0x5B, 0x5B, 0x5D, 0x67, 0x67, 0xF3,
    0xF7, 0x67, 0x67, 0x5C, 0x51, 0x4B, 0x4D, 0x4D, 0x4D, 0x67, 0x70, 0xFF, 0xF6, 0xE7, 0xE7, 0xE0,
    0xE4, 0xEA, 0xFF, 0xE8, 0xDE, 0xCF, 0xC9, 0xC8, 0xBF, 0xBF, 0xC4, 0xC9, 0xCC, 0xCF, 0xD4, 0xD8,
    0xCE, 0xD3, 0xD3, 0xCD, 0xD0, 0xC8, 0xCE, 0xDB, 0xE7, 0xFF, 0xFF, 0xE7, 0x79, 0x49, 0x42, 0x45,
    0x51, 0x53, 0x4C, 0x45, 0x45, 0x45, 0x42, 0x45, 0x4D, 0x51, 0x4D, 0x5C, 0x5C, 0x48, 0x4B, 0x58,
    0x66, 0x6C, 0xFF, 0x51, 0x45, 0x4F, 0x4E, 0x64, 0xFF, 0x62, 0xFF, 0xD2, 0xCD, 0xE3, 0xCD, 0xD0,
    0xC9, 0xD3, 0xCE, 0xCF, 0xD7, 0xD3, 0xC7, 0xCC, 0xD3, 0xCA, 0xC5, 0xCE, 0xDC, 0xD5, 0x79, 0x49,
    0x4A, 0x5F, 0x5D, 0x53, 0x58, 0x5B, 0x5E, 0x67, 0x4D, 0x4B, 0x59, 0x53, 0x4D, 0x53, 0xDE, 0xD9,
    0xDB, 0xD8, 0xCB, 0xD7, 0xE7, 0xDB, 0xE3, 0x6B, 0xFF, 0xEF, 0xFB, 0x6F, 0xD9, 0xCD, 0xD2, 0xE4,
    0xD2, 0xCD, 0xD3, 0xE0, 0xED, 0xD4, 0xE7, 0xF8, 0xE2, 0xCB, 0xD2, 0xD6, 0xD0, 0xCD, 0xD6, 0xF9,
    0xD8, 0xD5, 0xFC, 0x62, 0x62, 0xFF, 0x68, 0x4F, 0x5D, 0xF8, 0x5C, 0x58, 0x59, 0x65, 0x57, 0x5A,
    0x77, 0xEB, 0x67, 0x61, 0x63, 0x5F, 0x45, 0x50, 0x49, 0x39, 0x35, 0x39, 0x40, 0x3E, 0x3C, 0x44,
    0x4F, 0x44, 0x3F, 0x4F, 0x5A, 0x45, 0x48, 0x5A, 0x5B, 0x5B, 0xFA, 0xD0, 0xC6, 0xCA, 0xCD, 0xCA,
    0xC1, 0xBF, 0xC5, 0xBC, 0xB8, 0xC3, 0xCC, 0xC1, 0xC4, 0xCC, 0xC1, 0xBE, 0xC1, 0xC8, 0xC5, 0xC6,
    0xCD, 0xD2, 0xCE, 0xD8, 0xF9, 0xE9, 0xD3, 0xD4, 0xFA, 0x5D, 0x5D, 0x5F, 0x5B, 0x56, 0x5B, 0x53,
    0x4D, 0x59, 0x64, 0x5B, 0x5B, 0x62, 0x50, 0x5C, 0x5F, 0x4B, 0x4D, 0x5A, 0x67, 0x5C, 0x6B, 0x69,
    0xDB, 0xCA, 0xDF, 0x6D, 0xE7, 0xE1, 0xF0, 0xFA, 0xDF, 0xF9, 0x5B, 0x7E, 0xD3, 0xCF, 0xD3, 0xCD,
    0xCD, 0xD3, 0xF3, 0x74, 0x69, 0xE0, 0xDB, 0xE7, 0xDA, 0xCA, 0xD3, 0x67, 0xFC, 0xFD, 0x4C, 0x3E,
    0x40, 0x3E, 0x3E, 0x40, 0x4A, 0x4D, 0x4A, 0x4A, 0x4B, 0x53, 0x50, 0x51, 0x69, 0x6F, 0x7B, 0xE3,
    0xD6, 0xDC, 0xE1, 0xD5, 0xDB, 0xD7, 0xD3, 0xD1, 0xD1, 0xD3, 0xD3, 0xD3, 0xD6, 0x6C, 0x4E, 0x50,
    0x5B, 0x5C, 0x6E, 0xFF, 0x60, 0x53, 0x66, 0x53, 0x59, 0x5C, 0x67, 0x7A, 0xFF, 0xFF, 0x67, 0xEB,
    0xE3, 0x5B, 0x5B, 0x77, 0xE0, 0xFF, 0xE7, 0xE1, 0xF1, 0xF5, 0xDB, 0xDB, 0xDB, 0xD6, 0xCA, 0xD2,
    0xDB, 0xD2, 0xC9, 0xC2, 0xC5, 0xD1, 0xC5, 0xC9, 0xCD, 0xDB, 0xD2, 0xD3, 0xDB, 0xDB, 0xE7, 0x71,
    0x48, 0x45, 0x45, 0x45, 0x49, 0x4C, 0x4D, 0x4D, 0x4D, 0x4E, 0x4C, 0x49, 0x4F, 0x53, 0x54, 0x5B,
    0xDF, 0xE5, 0x59, 0x49, 0x3F, 0x41, 0x42, 0x48, 0x4D, 0x4F, 0x47, 0x5D, 0xE7, 0xDD, 0xFF, 0xDE,
    0xCA, 0xD6, 0xDB, 0xCA, 0xCA, 0xCC, 0xC9, 0xC5, 0xC9, 0xCD, 0xCB, 0xCA, 0xCF, 0xD3, 0xCC, 0xC7,
    0xCD, 0xC9, 0xC1, 0xCB, 0x66, 0x52, 0x59, 0x4C, 0x4D, 0x5A, 0x67, 0x6A, 0xFF, 0xFF, 0xFF, 0xFF,
    0xFD, 0xE7, 0xF9, 0xFF, 0xEE, 0xFD, 0xFF, 0xFF, 0xFF, 0xFF, 0xFF, 0xFF, 0xFF, 0xFF, 0xFF, 0xFF,
    0xFF, 0xFF, 0xFF, 0xFF, 0xFF, 0xFF, 0xFF, 0xFF, 0xFF, 0xFF, 0xFF, 0xFF, 0xFF, 0xFF, 0xFF, 0xFF,
    0xFF, 0xFF, 0xFF, 0xFF, 0xFF, 0xFF, 0xFF, 0xFF, 0xFF, 0xFF, 0xFF,
};
static const unsigned int snd_big_capture_len = 7419;

/* win.wav: 51258 bytes @ 8kHz u-law */
static const unsigned char snd_win[] = {
    0xFF, 0xFF, 0xFF, 0xFF, 0xFF, 0xFF, 0xFF, 0xFF, 0xFF, 0xFF, 0xFF, 0xFF, 0xFF, 0xFF, 0xFF, 0xFF,
    0xFF, 0xFF, 0xFF, 0xFF, 0xFF, 0xFF, 0xFF, 0xFF, 0xFF, 0xFF, 0xFF, 0xFF, 0xFF, 0xFF, 0xFF, 0xFF,
    0xFF, 0xFF, 0xFF, 0xFF, 0xFF, 0xFF, 0xFF, 0xFF, 0xFF, 0xFF, 0xFF, 0xFF, 0xFF, 0xFF, 0xFF, 0xFF,
    0xFF, 0xFF, 0xFF, 0xFF, 0xFF, 0xFF, 0xFF, 0xFF, 0xFF, 0xFF, 0xFF, 0xFF, 0xFF, 0xFF, 0xFF, 0xFF,
    0xFF, 0xFF, 0xFF, 0xFF, 0xFF, 0xFF, 0xFF, 0xFF, 0xFF, 0xFF, 0xFF, 0xFF, 0xFF, 0xFF, 0xFF, 0xFF,
    0xFF, 0xFF, 0xFF, 0xFF, 0xFF, 0xFF, 0xFF, 0xFF, 0xFF, 0xFF, 0xFF, 0xFF, 0xFF, 0xFF, 0xFF, 0xFF,
    0xFF, 0xFF, 0xFF, 0xFF, 0xFF, 0xFF, 0xFF, 0xFF, 0xFF, 0xFF, 0xFF, 0xFF, 0xFF, 0xFF, 0xFF, 0xFF,
    0xFF, 0xFF, 0xFF, 0xFF, 0xFF, 0xFF, 0xFF, 0xFF, 0xFF, 0xFF, 0xFF, 0xFF, 0xFF, 0xFF, 0xFF, 0xFF,
    0xFF, 0xFF, 0xFF, 0xFF, 0xFF, 0xFF, 0xFF, 0xFF, 0xFF, 0xFF, 0xFF, 0xFF, 0xFF, 0xFF, 0xFF, 0xFF,
    0xFF, 0xFF, 0xFF, 0xFF, 0xFF, 0xFF, 0xFF, 0xFF, 0xFF, 0xFF, 0xFF, 0xFF, 0xFF, 0xFF, 0xFF, 0xFF,
    0xFF, 0xFF, 0xFF, 0xFF, 0xFF, 0xFF, 0xFF, 0xFF, 0xFF, 0xFF, 0xFF, 0xFF, 0xFF, 0xFF, 0xFF, 0xFF,
    0xFF, 0xFF, 0xFF, 0xFF, 0xFF, 0xFF, 0xFF, 0xFF, 0xFF, 0xFF, 0xFF, 0xFF, 0xFF, 0xFF, 0xFF, 0xFF,
    0xFF, 0xFF, 0xFF, 0xFF, 0xFF, 0xFF, 0xFF, 0xFF, 0xFF, 0xFF, 0xFF, 0x6B, 0x4D, 0x47, 0x49, 0x49,
    0x49, 0x49, 0x4B, 0x4A, 0x44, 0x3C, 0x3A, 0x3C, 0x3E, 0x3F, 0x41, 0x45, 0x49, 0x4C, 0x4D, 0x4F,
    0x53, 0x5B, 0x5B, 0x5B, 0x5B, 0x60, 0x67, 0x6D, 0xFF, 0xFF, 0xFF, 0xFF, 0xFF, 0xFF, 0xFF, 0xFF,
    0xEB, 0xE7, 0xE7, 0xE7, 0xE7, 0xE7, 0xE7, 0xE7, 0xE7, 0xE5, 0xDB, 0xDB, 0xDB, 0xD6, 0xD3, 0xD3,
    0xD3, 0xD6, 0x7B, 0x54, 0x4F, 0x53, 0x53, 0x57, 0x5B, 0x5B, 0x5B, 0x66, 0x67, 0x67, 0x69, 0xFF,
    0xFF, 0xFF, 0xFF, 0xFF, 0xFF, 0xFF, 0xE7, 0xE7, 0xE7, 0xE7, 0xE7, 0xDB, 0xDB, 0xDB, 0xDB, 0xDB,
    0xD4, 0xD3, 0xD3, 0xD3, 0xD3, 0xD3, 0xD3, 0xCF, 0xCD, 0xCD, 0xCD, 0xCD, 0xCD, 0xCD, 0xCD, 0xCD,
    0xCD, 0xD3, 0xD3, 0xD3, 0xD0, 0xCD, 0xCD, 0xCD, 0xCD, 0xCD, 0xCD, 0xCD, 0xCD, 0xCD, 0xCD, 0xCD,
    0xC9, 0xCB, 0xD1, 0x76, 0x5B, 0x5B, 0x5B, 0x61, 0x67, 0x67, 0x67, 0x67, 0x67, 0x67, 0xFF, 0xFF,
    0xFF, 0xFF, 0xFF, 0x61, 0x4B, 0x45, 0x45, 0x48, 0x49, 0x49, 0x49, 0x4D, 0x50, 0x4E, 0x3F, 0x3C,
    0x3D, 0x3E, 0x41, 0x42, 0x45, 0x49, 0x49, 0x4C, 0x53, 0x53, 0x53, 0x53, 0x58, 0x5B, 0x67, 0x67,
    0x67, 0x6F, 0xFF, 0xFF, 0xFF, 0xFF, 0xFF, 0xFF, 0xF9, 0xE7, 0xE7, 0xE7, 0xDE, 0xDC, 0xE7, 0xE7,
    0xE7, 0xE7, 0xDC, 0xDB, 0xDB, 0xDB, 0xDB, 0xDB, 0xDA, 0xE4, 0x5C, 0x4D, 0x51, 0x53, 0x53, 0x5A,
    0x5B, 0x5B, 0x5B, 0x67, 0x67, 0x67, 0x67, 0x7B, 0xFF, 0xFF, 0xFF, 0xFF, 0xFF, 0xFA, 0xE7, 0xE7,
    0xE7, 0xE7, 0xE7, 0xE7, 0xDD, 0xDB, 0xDB, 0xD4, 0xD3, 0xD3, 0xD3, 0xD0, 0xCD, 0xCE, 0xD3, 0xCE,
    0xCD, 0xCD, 0xCD, 0xCD, 0xCD, 0xCD, 0xCD, 0xCD, 0xCD, 0xCD, 0xCD, 0xCD, 0xCD, 0xCD, 0xCD, 0xCD,
    0xCD, 0xCD, 0xCD, 0xCD, 0xCD, 0xCD, 0xCD, 0xCD, 0xC9, 0xC9, 0xCD, 0xD9, 0x69, 0x5B, 0x5B, 0x5B,
    0x5B, 0x64, 0x67, 0x67, 0x67, 0x67, 0x67, 0x67, 0x67, 0x7A, 0x67, 0x5A, 0x46, 0x44, 0x44, 0x46,
    0x49, 0x49, 0x49, 0x4C, 0x4D, 0x53, 0x53, 0x48, 0x3F, 0x3D, 0x3E, 0x40, 0x42, 0x45, 0x49, 0x4A,
    0x4D, 0x4D, 0x4D, 0x4D, 0x53, 0x57, 0x5B, 0x5D, 0x67, 0x67, 0xFF, 0xFF, 0xFF, 0xFF, 0xFF, 0xFF,
    0xFF, 0xE8, 0xE7, 0xE7, 0xE7, 0xDF, 0xDB, 0xDB, 0xDB, 0xDB, 0xDE, 0xE7, 0xDB, 0xDB, 0xDB, 0xDB,
    0xE2, 0x5B, 0x50, 0x52, 0x53, 0x53, 0x53, 0x53, 0x59, 0x5B, 0x5F, 0x67, 0x67, 0x67, 0x7D, 0xFF,
    0xFF, 0xFF, 0xFF, 0xFF, 0xFF, 0xEE, 0xE7, 0xE7, 0xE7, 0xDB, 0xDB, 0xDB, 0xDB, 0xDB, 0xD3, 0xD3,
    0xD3, 0xD2, 0xCD, 0xCD, 0xCD, 0xCD, 0xCD, 0xCD, 0xCD, 0xCD, 0xCD, 0xCD, 0xCD, 0xCD, 0xCD, 0xCD,
    0xCD, 0xCD, 0xCD, 0xCD, 0xCD, 0xCD, 0xCD, 0xCD, 0xCD, 0xCD, 0xCD, 0xCD, 0xCD, 0xCD, 0xCD, 0xCD,
    0xCD, 0xCD, 0xCD, 0xCD, 0xD9, 0x6F, 0x5B, 0x5B, 0x5B, 0x5B, 0x5B, 0x67, 0x67, 0x67, 0x67, 0x67,
    0x7B, 0xFF, 0xFF, 0x65, 0x4A, 0x45, 0x45, 0x48, 0x49, 0x49, 0x49, 0x4D, 0x4F, 0x53, 0x53, 0x53,
    0x4E, 0x43, 0x3D, 0x3E, 0x3F, 0x41, 0x45, 0x48, 0x49, 0x49, 0x4C, 0x4E, 0x53, 0x5A, 0x5B, 0x61,
    0x67, 0x6D, 0xFF, 0xFF, 0xFF, 0xFF, 0x67, 0x67, 0xFF, 0xF2, 0xE7, 0xE7, 0xE7, 0xDC, 0xDB, 0xE2,
    0xE7, 0xE7, 0xDD, 0xE7, 0xE7, 0xE7, 0xE2, 0xDB, 0x63, 0x4C, 0x4D, 0x4E, 0x53, 0x53, 0x5B, 0x5B,
    0x5B, 0x5B, 0x65, 0x67, 0x67, 0x67, 0xFF, 0xFF, 0xE7, 0xE7, 0xE7, 0xE7, 0xF3, 0xFF, 0xFF, 0xEB,
    0xE7, 0xE7, 0xE7, 0xE3, 0xDB, 0xDB, 0xDB, 0xDB, 0xD3, 0xD3, 0xD3, 0xD3, 0xCF, 0xD3, 0xD3, 0xCE,
    0xCD, 0xCD, 0xCD, 0xCD, 0xD1, 0xD3, 0xD0, 0xCD, 0xCD, 0xCD, 0xCD, 0xCD, 0xCD, 0xCD, 0xCD, 0xCD,
    0xCD, 0xD0, 0xD3, 0xCE, 0xC9, 0xD6, 0xDB, 0xCA, 0xCF, 0xCF, 0xC9, 0xD0, 0x48, 0x67, 0xF5, 0x3D,
    0x5C, 0x31, 0x53, 0xC3, 0x29, 0x3C, 0xB9, 0xDE, 0x28, 0xBD, 0xD5, 0x2F, 0x2B, 0x44, 0xDC, 0x37,
    0xBB, 0x54, 0x40, 0xB1, 0xB9, 0x39, 0x3E, 0xAC, 0xA2, 0xBD, 0x35, 0xC2, 0xA4, 0xB3, 0x68, 0x5A,
    0x3D, 0x5D, 0xAA, 0xC4, 0xD3, 0x48, 0xBE, 0xCD, 0xD2, 0xF2, 0x44, 0x4F, 0xCA, 0x5D, 0x32, 0x2F,
    0x28, 0x2E, 0x24, 0x29, 0x3F, 0x38, 0x1F, 0x1B, 0x22, 0x20, 0x2A, 0x26, 0x1F, 0x21, 0x23, 0x2B,
    0x27, 0x29, 0x2C, 0x2A, 0x28, 0x46, 0x44, 0xC0, 0x48, 0xCD, 0xC6, 0xB7, 0xA8, 0xAC, 0xB6, 0xA7,
    0x9F, 0x9E, 0xA6, 0xA1, 0xAA, 0x9B, 0x9F, 0xAC, 0xA6, 0xA5, 0xA6, 0xA8, 0xAA, 0xA6, 0xA1, 0xA1,
    0xA9, 0xAE, 0xAA, 0xAD, 0xAA, 0xAB, 0xB5, 0xB5, 0xBA, 0xB0, 0xB4, 0xD6, 0x54, 0xD4, 0xE6, 0xD5,
    0x48, 0xB4, 0x34, 0x3F, 0xC5, 0x3D, 0x36, 0x3D, 0x4D, 0x41, 0x3C, 0x59, 0xDE, 0x59, 0x4A, 0x6E,
    0x40, 0x3E, 0x48, 0x4F, 0x49, 0x3F, 0x45, 0x2F, 0x31, 0x39, 0x34, 0x2E, 0x2F, 0x31, 0x30, 0x29,
    0x2F, 0x2D, 0x29, 0x3B, 0x25, 0x2A, 0x29, 0x2C, 0x29, 0x26, 0x29, 0x2C, 0x2C, 0x29, 0x2E, 0x2C,
    0x2C, 0x2A, 0x39, 0x2F, 0x31, 0x2C, 0x2E, 0x35, 0x3B, 0x37, 0x35, 0x41, 0x5E, 0xCE, 0xCF, 0x6F,
    0xD8, 0xDF, 0xBD, 0xC5, 0xB4, 0xBA, 0xBB, 0xB9, 0xB9, 0xB6, 0xAE, 0xB4, 0xB7, 0xB7, 0xAE, 0xAA,
    0xB1, 0xB2, 0xB2, 0xB4, 0xB2, 0xB0, 0xBA, 0xC4, 0xC2, 0xC1, 0xBF, 0xBD, 0xCC, 0xC0, 0xB7, 0xC8,
    0xDB, 0xBA, 0xB7, 0xBD, 0xC0, 0xBB, 0xB7, 0xB2, 0xB6, 0xBB, 0xBB, 0xB2, 0xAF, 0xB4, 0xAE, 0xAD,
    0xAF, 0xB3, 0xB0, 0xAC, 0xAB, 0xB5, 0xB2, 0xAE, 0xAD, 0xAE, 0xAE, 0xAC, 0xB5, 0xAF, 0xB9, 0xBC,
    0xB6, 0xB9, 0xCA, 0xC9, 0xBF, 0xC5, 0xDE, 0xE7, 0x68, 0xFF, 0x5E, 0x50, 0x55, 0x4A, 0x48, 0x40,
    0x3A, 0x36, 0x3C, 0x36, 0x30, 0x30, 0x30, 0x2F, 0x2C, 0x28, 0x2D, 0x2D, 0x28, 0x27, 0x28, 0x2C,
    0x27, 0x24, 0x20, 0x25, 0x27, 0x28, 0x28, 0x29, 0x2A, 0x2C, 0x2E, 0x2A, 0x2C, 0x2B, 0x2B, 0x2E,
    0x30, 0x2E, 0x32, 0x31, 0x34, 0x37, 0x3A, 0x3A, 0x3E, 0x57, 0x67, 0x4B, 0x4A, 0x4A, 0x4F, 0x59,
    0x40, 0x42, 0x53, 0x5E, 0x67, 0xFA, 0xDB, 0xE4, 0xDE, 0xC8, 0xCA, 0xCA, 0xC2, 0xB7, 0xC9, 0xBD,
    0xB6, 0xB7, 0xC1, 0xB0, 0xB8, 0xBB, 0xB4, 0xB1, 0xB1, 0xB4, 0xB2, 0xAF, 0xB2, 0xB2, 0xB1, 0xBC,
    0xBF, 0xB8, 0xBB, 0xBE, 0xB6, 0xB2, 0xB7, 0xB8, 0xAF, 0xB2, 0xB4, 0xB1, 0xAF, 0xB3, 0xAE, 0xAE,
    0xB4, 0xB0, 0xB0, 0xB1, 0xB8, 0xB7, 0xB2, 0xB5, 0xB8, 0xBA, 0xB9, 0xBC, 0xBC, 0xBE, 0xBE, 0xBF,
    0xC4, 0xC5, 0xC5, 0xCA, 0xCD, 0xD1, 0xD1, 0xD6, 0xE0, 0xCB, 0xE4, 0x71, 0x4A, 0x6D, 0x5F, 0xDE,
    0x57, 0x59, 0x57, 0x5A, 0x4D, 0x4D, 0x5D, 0x50, 0x47, 0x4D, 0x4C, 0x53, 0x4D, 0x49, 0x46, 0x52,
    0x4B, 0x42, 0x44, 0x49, 0x49, 0x40, 0x41, 0x49, 0x49, 0x49, 0x40, 0x3A, 0x33, 0x34, 0x3A, 0x36,
    0x36, 0x3A, 0x3A, 0x3B, 0x3A, 0x35, 0x2F, 0x2F, 0x32, 0x32, 0x37, 0x34, 0x38, 0x38, 0x3C, 0x3B,
    0x3E, 0x3E, 0x3F, 0x41, 0x45, 0x48, 0x49, 0x4C, 0x44, 0x3E, 0x39, 0x3E, 0x3D, 0x3E, 0x41, 0x3F,
    0x47, 0x4D, 0x4C, 0x57, 0x5A, 0x63, 0x68, 0x68, 0xF6, 0xF5, 0xD3, 0xCE, 0xCC, 0xC9, 0xC9, 0xCC,
    0xC6, 0xC1, 0xBE, 0xBE, 0xBC, 0xBA, 0xC6, 0xD2, 0xD5, 0xCD, 0xCB, 0xC2, 0xC9, 0xC7, 0xBF, 0xC3,
    0xBE, 0xBC, 0xBA, 0xB9, 0xB5, 0xB5, 0xB5, 0xB7, 0xB3, 0xB3, 0xB4, 0xB4, 0xB2, 0xB2, 0xB0, 0xB0,
    0xB4, 0xB0, 0xB0, 0xB2, 0xB6, 0xB6, 0xB4, 0xB4, 0xB6, 0xB7, 0xBA, 0xB8, 0xB8, 0xB3, 0xBB, 0xC0,
    0xBD, 0xBC, 0xC1, 0xC9, 0xC8, 0xC5, 0xC9, 0xC9, 0xC6, 0xCB, 0xCD, 0xD3, 0xCF, 0xEE, 0xD8, 0xC7,
    0xD2, 0x74, 0xE5, 0xDB, 0xED, 0x79, 0xD5, 0x72, 0x53, 0xDB, 0xE3, 0x4E, 0x5F, 0xDF, 0x6F, 0x56,
    0x67, 0x72, 0x5D, 0x52, 0x47, 0x3D, 0x39, 0x3C, 0x3E, 0x37, 0x3C, 0x41, 0x3D, 0x33, 0x35, 0x34,
    0x32, 0x34, 0x35, 0x34, 0x37, 0x3A, 0x38, 0x38, 0x39, 0x3B, 0x3C, 0x41, 0x3D, 0x41, 0x47, 0x44,
    0x42, 0x47, 0x46, 0x3D, 0x3A, 0x3A, 0x39, 0x3C, 0x41, 0x3E, 0x3E, 0x41, 0x44, 0x49, 0x45, 0x4C,
    0x4D, 0x4F, 0x53, 0x5E, 0x5E, 0x5C, 0x67, 0x67, 0x5E, 0xE6, 0xFB, 0xEC, 0xE1, 0xDC, 0x74, 0x55,
    0x4D, 0x50, 0x5B, 0x5B, 0x5B, 0x5D, 0xFF, 0x69, 0xF8, 0xE7, 0xE7, 0xD8, 0xCC, 0xCD, 0xC7, 0xC5,
    0xC5, 0xC5, 0xC1, 0xBE, 0xBE, 0xBD, 0xBD, 0xBB, 0xBA, 0xBA, 0xBA, 0xBA, 0xB9, 0xB8, 0xB8, 0xBA,
    0xBA, 0xBA, 0xBA, 0xBA, 0xB9, 0xBA, 0xB8, 0xB8, 0xBC, 0xBA, 0xBC, 0xBC, 0xBC, 0xBE, 0xBE, 0xC1,
    0xC0, 0xC0, 0xC1, 0xBE, 0xC5, 0xC4, 0xC4, 0xC5, 0xC5, 0xC2, 0xC5, 0xC7, 0xC9, 0xC9, 0xCC, 0xCD,
    0xCD, 0xCB, 0xCC, 0xD7, 0xCD, 0xDB, 0xDB, 0xDC, 0xE7, 0xF9, 0xDD, 0xF1, 0xE8, 0x5E, 0x4F, 0x45,
    0x43, 0x45, 0x47, 0x4B, 0x46, 0x45, 0x3A, 0x38, 0x37, 0x38, 0x36, 0x39, 0x3A, 0x3B, 0x39, 0x39,
    0x3B, 0x3C, 0x3E, 0x3C, 0x3F, 0x48, 0x42, 0x41, 0x43, 0x4D, 0x48, 0x45, 0x45, 0x3D, 0x37, 0x37,
    0x3C, 0x3B, 0x3A, 0x40, 0x41, 0x3E, 0x3E, 0x4D, 0x45, 0x49, 0x4B, 0x57, 0x4D, 0x52, 0x5D, 0x51,
    0x4D, 0x53, 0x66, 0x53, 0x54, 0x57, 0x47, 0x39, 0x3F, 0x45, 0x3F, 0x3F, 0x4D, 0x47, 0x45, 0x4C,
    0x53, 0x53, 0x52, 0x64, 0x6A, 0xFF, 0xFF, 0xDB, 0xE2, 0xDB, 0xD0, 0xD2, 0xCD, 0xC7, 0xC5, 0xC7,
    0xC7, 0xC5, 0xC4, 0xC1, 0xC4, 0xBE, 0xC5, 0xC1, 0xC1, 0xBF, 0xC3, 0xBD, 0xBD, 0xBD, 0xBE, 0xBE,
    0xBE, 0xBE, 0xBD, 0xBE, 0xBC, 0xBE, 0xBE, 0xBD, 0xBD, 0xBC, 0xBE, 0xBD, 0xBD, 0xBD, 0xBD, 0xBE,
    0xBE, 0xBE, 0xBE, 0xBE, 0xBE, 0xBE, 0xC5, 0xC0, 0xBE, 0xC1, 0xC1, 0xC1, 0xC4, 0xC1, 0xC5, 0xC5,
    0xC2, 0xC5, 0xC8, 0xCD, 0xC9, 0xC9, 0xCB, 0x6F, 0x4E, 0x4D, 0x55, 0x5B, 0x58, 0x4B, 0x3C, 0x3B,
    0x3C, 0x3B, 0x3A, 0x3C, 0x3D, 0x44, 0x45, 0x3F, 0x3D, 0x40, 0x43, 0x45, 0x45, 0x49, 0x49, 0x47,
    0x45, 0x4F, 0x53, 0x4D, 0x4D, 0x52, 0x48, 0x3F, 0x3C, 0x3B, 0x3E, 0x3E, 0x3F, 0x41, 0x42, 0x43,
    0x41, 0x49, 0x4C, 0x53, 0x4F, 0x5A, 0x51, 0x56, 0x4D, 0x5A, 0x57, 0x56, 0x56, 0x53, 0x4B, 0x43,
    0x41, 0x41, 0x49, 0x49, 0x49, 0x46, 0x4F, 0x4F, 0x53, 0x4F, 0x4E, 0x4E, 0x5D, 0x67, 0x5B, 0x5B,
    0x6C, 0xDF, 0xFA, 0xE7, 0xE7, 0xD4, 0xD9, 0xD7, 0xDA, 0xCF, 0xD2, 0xD7, 0xD0, 0xD3, 0xD2, 0xD5,
    0xCA, 0xD0, 0xD3, 0xD1, 0xCB, 0xCA, 0xCD, 0xC7, 0xC6, 0xCC, 0xCD, 0xC8, 0xC5, 0xCA, 0xCC, 0xC6,
    0xC3, 0xC9, 0xC9, 0xC8, 0xC5, 0xCD, 0xC4, 0xC5, 0xC6, 0xC7, 0xC2, 0xC3, 0xC8, 0xC5, 0xBF, 0xC5,
    0xC1, 0xC1, 0xC1, 0xC8, 0xBE, 0xC5, 0xC3, 0xC5, 0xC0, 0xC5, 0xC9, 0xC7, 0xC6, 0xCA, 0xC9, 0xC9,
    0x75, 0x5E, 0x5C, 0x67, 0x5D, 0x5B, 0x52, 0x46, 0x3E, 0x42, 0x45, 0x45, 0x49, 0x4D, 0x49, 0x49,
    0x4B, 0x4D, 0x4A, 0x4D, 0x4D, 0x4E, 0x53, 0x53, 0x4D, 0x51, 0x53, 0x53, 0x5A, 0x5B, 0x5B, 0x66,
    0x4A, 0x42, 0x3F, 0x41, 0x3F, 0x43, 0x40, 0x42, 0x45, 0x49, 0x49, 0x4E, 0x53, 0x50, 0x5B, 0x53,
    0x53, 0x5A, 0x5B, 0x5B, 0x66, 0x4D, 0x43, 0x41, 0x3F, 0x44, 0x49, 0x49, 0x49, 0x4C, 0x4C, 0x53,
    0x53, 0x53, 0x4D, 0x55, 0x5B, 0x53, 0x59, 0x5B, 0x5F, 0x67, 0xFF, 0xFF, 0xE7, 0xE7, 0xE7, 0xE7,
    0xDF, 0xE6, 0xDE, 0xE7, 0xDB, 0xD8, 0xE1, 0xE4, 0xDB, 0xDB, 0xD9, 0xD9, 0xDA, 0xD3, 0xDB, 0xCE,
    0xD3, 0xCE, 0xD3, 0xCE, 0xD3, 0xD3, 0xD3, 0xD3, 0xD3, 0xD3, 0xD8, 0xD3, 0xD3, 0xD3, 0xCE, 0xCD,
    0xCB, 0xCD, 0xCC, 0xCD, 0xC9, 0xCA, 0xC6, 0xC5, 0xC5, 0xC5, 0xC5, 0xC5, 0xC9, 0xC8, 0xC9, 0xC9,
    0xC9, 0xC9, 0xC9, 0xC9, 0xC9, 0xC9, 0xC6, 0xCF, 0xD3, 0xEB, 0x5F, 0x5B, 0x5D, 0x5E, 0x4D, 0x42,
    0x3E, 0x3F, 0x47, 0x49, 0x4A, 0x4D, 0x4D, 0x52, 0x55, 0x5B, 0x57, 0x53, 0x62, 0x5B, 0x5B, 0x5F,
    0x78, 0x67, 0x67, 0x67, 0x6C, 0xEC, 0xFF, 0xFF, 0xEA, 0x6D, 0x4D, 0x46, 0x47, 0x49, 0x46, 0x4B,
    0x49, 0x4D, 0x4D, 0x66, 0x61, 0x5B, 0x67, 0x67, 0x67, 0xFF, 0xFF, 0x7E, 0x55, 0x4A, 0x4C, 0x47,
    0x49, 0x49, 0x49, 0x4E, 0x57, 0x5B, 0x53, 0x58, 0x66, 0x67, 0x5E, 0x55, 0x69, 0x55, 0x5B, 0x5B,
    0x66, 0x6C, 0xFF, 0xE9, 0x70, 0xEC, 0xDA, 0xD8, 0xDB, 0xE2, 0xDB, 0xD3, 0xD3, 0xD3, 0xD3, 0xD3,
    0xCD, 0xD3, 0xD3, 0xDA, 0xCF, 0xD2, 0xD1, 0xCD, 0xCE, 0xD3, 0xCE, 0xCB, 0xCF, 0xCA, 0xD1, 0xD1,
    0xD3, 0xCF, 0xDA, 0xD3, 0xD3, 0xD3, 0xD3, 0xCF, 0xCE, 0xD0, 0xD2, 0xD6, 0xC9, 0xD3, 0xCC, 0xD3,
    0xC9, 0xCB, 0xCD, 0xCD, 0xCD, 0xCD, 0xCD, 0xD1, 0xD2, 0xCF, 0xD3, 0xCD, 0xD0, 0xD3, 0xCC, 0xC9,
    0xCE, 0xDC, 0x5E, 0x56, 0x56, 0x53, 0x4B, 0x41, 0x3E, 0x3F, 0x45, 0x47, 0x49, 0x46, 0x50, 0x4A,
    0x53, 0x4F, 0x53, 0x4D, 0x57, 0x53, 0x57, 0x56, 0x51, 0x5E, 0x5B, 0x73, 0x67, 0x67, 0x6F, 0xFF,
    0xE7, 0xE7, 0xE7, 0x72, 0x57, 0x4D, 0x47, 0x49, 0x49, 0x4C, 0x4D, 0x4D, 0x52, 0x5D, 0x67, 0x67,
    0x67, 0x67, 0x5B, 0x4E, 0x43, 0x42, 0x45, 0x45, 0x47, 0x49, 0x4A, 0x4F, 0x53, 0x55, 0x5B, 0x5B,
    0x5B, 0x5B, 0x67, 0x67, 0x67, 0x67, 0x67, 0x67, 0x73, 0x77, 0xE9, 0xEF, 0xDC, 0xE3, 0xD6, 0xDB,
    0xD3, 0xCE, 0xCD, 0xCD, 0xCD, 0xCD, 0xCD, 0xCD, 0xCD, 0xCD, 0xCD, 0xCD, 0xD3, 0xCD, 0xCD, 0xD3,
    0xD0, 0xCD, 0xD3, 0xD3, 0xCE, 0xD1, 0xD6, 0xD3, 0xCF, 0xDA, 0xDA, 0xD3, 0xDB, 0xDB, 0xDB, 0xD3,
    0xD7, 0xD4, 0xCD, 0xCB, 0xCD, 0xCE, 0xCD, 0xCD, 0xCB, 0xCD, 0xCC, 0xCF, 0xC9, 0xC9, 0xCD, 0xCD,
    0xCB, 0xD2, 0xD1, 0xCD, 0xCD, 0xCF, 0xD3, 0xD2, 0xD0, 0xCE, 0xD1, 0xEE, 0x5A, 0x4A, 0x45, 0x3C,
    0x3C, 0x3E, 0x3F, 0x41, 0x42, 0x47, 0x46, 0x47, 0x4D, 0x4D, 0x4D, 0x4D, 0x4D, 0x4B, 0x52, 0x53,
    0x53, 0x53, 0x5F, 0x5D, 0x5D, 0x5F, 0x66, 0xEC, 0xFF, 0xE7, 0xE7, 0xE7, 0xDD, 0x7A, 0x4A, 0x45,
    0x48, 0x4A, 0x4D, 0x52, 0x53, 0x58, 0x67, 0x67, 0x67, 0x64, 0x4F, 0x47, 0x3F, 0x41, 0x41, 0x47,
    0x4C, 0x4D, 0x4F, 0x4E, 0x4F, 0x5B, 0x5B, 0x5B, 0x5B, 0x5C, 0x67, 0x7C, 0x6C, 0xFF, 0xFF, 0xF1,
    0xF9, 0xF9, 0xF1, 0xE8, 0xE7, 0xE7, 0xDC, 0xE0, 0xD5, 0xD2, 0xD0, 0xD3, 0xD1, 0xD1, 0xCE, 0xD3,
    0xD3, 0xD3, 0xCF, 0xD3, 0xD3, 0xD3, 0xD2, 0xCF, 0xD3, 0xDB, 0xDB, 0xDB, 0xD8, 0xD3, 0xDB, 0xDB,
    0xD4, 0xD3, 0xD3, 0xDB, 0xDB, 0xD5, 0xCD, 0xCD, 0xD3, 0xD3, 0xCF, 0xCD, 0xCD, 0xD2, 0xD2, 0xCD,
    0xCD, 0xCF, 0xCF, 0xCE, 0xD0, 0xCD, 0xD2, 0xCD, 0xD3, 0xD1, 0xCD, 0xD3, 0xD3, 0xD3, 0xCD, 0xCD,
    0xCD, 0xD0, 0xD1, 0xCE, 0xDC, 0x5E, 0x46, 0x3D, 0x3C, 0x3E, 0x41, 0x42, 0x45, 0x49, 0x49, 0x49,
    0x4E, 0x53, 0x4E, 0x4D, 0x4D, 0x4D, 0x4F, 0x53, 0x5B, 0x5B, 0x55, 0x5B, 0x5B, 0x66, 0x67, 0x76,
    0xFF, 0xFF, 0xEA, 0xD9, 0xD8, 0xDB, 0xED, 0x59, 0x49, 0x47, 0x4D, 0x4E, 0x53, 0x53, 0x5B, 0x63,
    0x67, 0x67, 0x4F, 0x43, 0x40, 0x41, 0x43, 0x45, 0x4A, 0x4D, 0x4D, 0x4F, 0x59, 0x5B, 0x5B, 0x64,
    0x67, 0x67, 0x67, 0xFF, 0xFF, 0x68, 0xFF, 0xFF, 0xFF, 0xEE, 0xFE, 0xFF, 0xFF, 0xE7, 0xE7, 0xE7,
    0xDB, 0xDB, 0xD3, 0xCF, 0xD3, 0xCD, 0xCD, 0xCD, 0xCD, 0xCB, 0xCD, 0xCD, 0xCD, 0xCD, 0xCD, 0xD3,
    0xD3, 0xD3, 0xD3, 0xD2, 0xDB, 0xD3, 0xD3, 0xD3, 0xD3, 0xD3, 0xD3, 0xD7, 0xD5, 0xDB, 0xDB, 0xDB,
    0xD3, 0xD3, 0xD3, 0xD3, 0xD3, 0xD3, 0xD3, 0xD3, 0xD0, 0xCD, 0xD3, 0xCF, 0xCD, 0xCE, 0xCF, 0xCD,
    0xCD, 0xD2, 0xD3, 0xD3, 0xD3, 0xD6, 0xD6, 0xD3, 0xD3, 0xCE, 0xD3, 0xCF, 0xCD, 0xD8, 0x58, 0x3E,
    0x3E, 0x3E, 0x3F, 0x41, 0x41, 0x45, 0x48, 0x49, 0x4B, 0x52, 0x4D, 0x4D, 0x49, 0x4B, 0x4D, 0x53,
    0x53, 0x53, 0x5B, 0x5B, 0x67, 0x67, 0x67, 0xFF, 0xEF, 0xFC, 0xE7, 0xDE, 0xDB, 0xD8, 0xDA, 0xDB,
    0xF4, 0x4E, 0x49, 0x4C, 0x4D, 0x4F, 0x53, 0x5B, 0x5B, 0x4E, 0x43, 0x3E, 0x3F, 0x41, 0x45, 0x46,
    0x49, 0x49, 0x4C, 0x4C, 0x4E, 0x53, 0x53, 0x55, 0x5B, 0x67, 0xFF, 0xFF, 0xFF, 0xFF, 0xFF, 0xFF,
    0xFF, 0xE7, 0xE7, 0xE7, 0xFA, 0xE7, 0xE7, 0xE7, 0xDE, 0xDB, 0xDB, 0xD5, 0xD3, 0xD3, 0xD3, 0xD1,
    0xCD, 0xCD, 0xCD, 0xCD, 0xCD, 0xCD, 0xCD, 0xCD, 0xCD, 0xD3, 0xD3, 0xCE, 0xD3, 0xD3, 0xD3, 0xCF,
    0xD3, 0xD3, 0xD3, 0xD3, 0xD9, 0xD3, 0xD3, 0xD3, 0xD3, 0xD3, 0xD3, 0xD3, 0xD3, 0xD3, 0xD3, 0xD3,
    0xD3, 0xD3, 0xD3, 0xD3, 0xCF, 0xD3, 0xD3, 0xD0, 0xCD, 0xD5, 0xD7, 0xD3, 0xD1, 0xD1, 0xD3, 0xCF,
    0xD3, 0xD3, 0xD3, 0xCD, 0xD3, 0xCE, 0xD7, 0x53, 0x3D, 0x3B, 0x3B, 0x3C, 0x3E, 0x3E, 0x41, 0x43,
    0x49, 0x4A, 0x4D, 0x4A, 0x4D, 0x4D, 0x4D, 0x50, 0x53, 0x53, 0x59, 0x5B, 0x5F, 0x67, 0x6A, 0x6E,
    0x67, 0xFF, 0xFF, 0xE7, 0xE7, 0xDD, 0xDB, 0xDB, 0xE7, 0xE7, 0x5C, 0x4D, 0x49, 0x4D, 0x51, 0x50,
    0x53, 0x4A, 0x3F, 0x3D, 0x3F, 0x41, 0x45, 0x45, 0x45, 0x49, 0x4D, 0x4E, 0x53, 0x5B, 0x5B, 0x62,
    0x67, 0x67, 0x78, 0x6A, 0xFF, 0xFF, 0xE7, 0xE7, 0xE7, 0xE7, 0xE7, 0xE7, 0xE7, 0xE7, 0xE7, 0xE7,
    0xE7, 0xE0, 0xDB, 0xD3, 0xD3, 0xD3, 0xD3, 0xCE, 0xCD, 0xCD, 0xCD, 0xCD, 0xCD, 0xCD, 0xD0, 0xCD,
    0xD2, 0xD0, 0xD3, 0xD3, 0xD3, 0xCD, 0xCF, 0xD3, 0xD3, 0xCF, 0xCD, 0xD3, 0xD3, 0xD3, 0xCF, 0xCE,
    0xCE, 0xD3, 0xD3, 0xD3, 0xD3, 0xD3, 0xD3, 0xD3, 0xD3, 0xD3, 0xCE, 0xCF, 0xD3, 0xD3, 0xD3, 0xD3,
    0xD3, 0xD3, 0xD3, 0xD0, 0xCD, 0xCD, 0xD0, 0xD3, 0xD3, 0xD3, 0xCD, 0xCF, 0xCE, 0xCD, 0xCD, 0xDA,
    0x54, 0x44, 0x3A, 0x3B, 0x3C, 0x3F, 0x41, 0x41, 0x45, 0x45, 0x49, 0x4B, 0x4A, 0x4A, 0x4D, 0x53,
    0x53, 0x53, 0x54, 0x5B, 0x5B, 0x5B, 0x61, 0x67, 0x67, 0x77, 0xFF, 0xFF, 0xE9, 0xE3, 0xDB, 0xE7,
    0xE7, 0xE7, 0xDA, 0xD8, 0x6B, 0x51, 0x4B, 0x4D, 0x4D, 0x44, 0x3C, 0x3B, 0x3C, 0x3F, 0x41, 0x42,
    0x45, 0x45, 0x49, 0x49, 0x4D, 0x53, 0x59, 0x5B, 0x5B, 0x5B, 0x6B, 0xFF, 0xFF, 0xFF, 0xFF, 0xE7,
    0xE7, 0xE7, 0xE7, 0xF3, 0xE7, 0xE1, 0xE4, 0xE7, 0xE7, 0xE7, 0xDB, 0xDB, 0xDB, 0xDB, 0xD5, 0xD3,
    0xD3, 0xCE, 0xD3, 0xCF, 0xCD, 0xCD, 0xCD, 0xD3, 0xD3, 0xD3, 0xD3, 0xD3, 0xD3, 0xD3, 0xD3, 0xCE,
    0xD3, 0xD3, 0xD3, 0xD3, 0xD3, 0xD3, 0xD3, 0xD3, 0xD3, 0xD3, 0xD3, 0xD3, 0xD4, 0xD7, 0xD3, 0xD9,
    0xD3, 0xD3, 0xD3, 0xDA, 0xD3, 0xD3, 0xD3, 0xD3, 0xD9, 0xD3, 0xD3, 0xD3, 0xD3, 0xD3, 0xD3, 0xD3,
    0xD3, 0xD3, 0xD3, 0xD3, 0xD3, 0xD3, 0xCE, 0xD6, 0xEE, 0x59, 0x47, 0x3D, 0x3D, 0x3E, 0x3E, 0x43,
    0x45, 0x45, 0x47, 0x49, 0x49, 0x4C, 0x4D, 0x4D, 0x4D, 0x53, 0x53, 0x5B, 0x5B, 0x5B, 0x5B, 0x5F,
    0x67, 0x67, 0x67, 0x7C, 0xF5, 0xE7, 0xE7, 0xE7, 0xE7, 0xE7, 0xDF, 0xDB, 0xDB, 0xDB, 0x79, 0x57,
    0x4B, 0x43, 0x3B, 0x3A, 0x3B, 0x3E, 0x41, 0x43, 0x45, 0x45, 0x45, 0x45, 0x49, 0x49, 0x4D, 0x4F,
    0x53, 0x5B, 0x62, 0x67, 0x6E, 0xFF, 0xFF, 0xEE, 0xE7, 0xDE, 0xE7, 0xE7, 0xE7, 0xDD, 0xDB, 0xE0,
    0xE7, 0xE2, 0xE3, 0xDB, 0xDB, 0xD5, 0xD3, 0xD3, 0xD3, 0xD1, 0xCD, 0xCD, 0xCD, 0xCD, 0xCD, 0xCD,
    0xCD, 0xD3, 0xD3, 0xD3, 0xD3, 0xD3, 0xD3, 0xD3, 0xD3, 0xD0, 0xD2, 0xD3, 0xD3, 0xD3, 0xCD, 0xD1,
    0xD3, 0xD3, 0xD3, 0xD3, 0xD3, 0xD3, 0xDB, 0xD6, 0xD3, 0xD7, 0xD5, 0xCE, 0xD3, 0xD3, 0xD3, 0xD9,
    0xD3, 0xD7, 0xD5, 0xD3, 0xD3, 0xD3, 0xD3, 0xD3, 0xD3, 0xD3, 0xD3, 0xD3, 0xD8, 0xD3, 0xD3, 0xD3,
    0xD3, 0xD3, 0xD3, 0xD3, 0xD3, 0xD3, 0xD3, 0xD3, 0xD3, 0xD3, 0xD3, 0xD3, 0xD3, 0xD3, 0xD3, 0xDA,
    0xD3, 0xD3, 0xD3, 0xD3, 0xD9, 0xD3, 0xD3, 0xDA, 0xDB, 0xDB, 0xD4, 0xDB, 0xDB, 0xDB, 0xDB, 0xDB,
    0xDB, 0xDB, 0xDB, 0xDB, 0xDB, 0xDB, 0xDB, 0xDB, 0xDB, 0xDB, 0xDB, 0xDB, 0xDB, 0xDB, 0xDB, 0xDB,
    0xDB, 0xDB, 0xDB, 0xDB, 0xDB, 0xDB, 0xDB, 0xD4, 0xDB, 0xDB, 0xDB, 0xDB, 0xDB, 0xDB, 0xDB, 0xDB,
    0xDB, 0xDB, 0xDB, 0xDB, 0xDB, 0xDB, 0xDB, 0xDB, 0xDB, 0xDB, 0xDB, 0xDB, 0xE5, 0xDB, 0xDB, 0xDB,
    0xDB, 0xDB, 0xDB, 0xDB, 0xDB, 0xDB, 0xDB, 0xDC, 0xE7, 0xDD, 0xDB, 0xE0, 0xE7, 0xDB, 0xE2, 0xE6,
    0xDB, 0x6F, 0x67, 0x67, 0x67, 0x67, 0x5E, 0x4C, 0x3B, 0x3C, 0x49, 0x42, 0x45, 0x47, 0x4C, 0x3A,
    0x3D, 0x43, 0x47, 0x4B, 0x36, 0x2C, 0xD0, 0xD5, 0xB2, 0xB6, 0xC5, 0xD1, 0xD6, 0x39, 0x40, 0x3B,
    0x30, 0x32, 0x3C, 0x3F, 0xDF, 0xBB, 0xBC, 0xD5, 0xCF, 0xBB, 0xC5, 0xC8, 0xD5, 0xFF, 0x3F, 0x4E,
    0xD0, 0xCE, 0xD1, 0xDD, 0xEE, 0xC7, 0xD0, 0x5B, 0x6B, 0xBD, 0xCE, 0xBB, 0xC7, 0xCD, 0xF1, 0xE6,
    0x5C, 0x3A, 0x31, 0x32, 0x2D, 0x30, 0x2C, 0x28, 0x32, 0x34, 0x57, 0x48, 0x41, 0x40, 0x3D, 0x3C,
    0x3B, 0x34, 0x30, 0x36, 0x30, 0x27, 0x2F, 0x2C, 0x2C, 0x29, 0x2A, 0x2C, 0x33, 0x34, 0x41, 0xF4,
    0xCE, 0x5D, 0x3E, 0x39, 0x41, 0x44, 0x3B, 0x45, 0x48, 0xB4, 0xB3, 0xBE, 0xC3, 0xBE, 0xB5, 0xBF,
    0x50, 0x3F, 0x5B, 0x5B, 0xCE, 0xBD, 0xB8, 0xB9, 0x7C, 0xC2, 0xCF, 0xCA, 0xCB, 0x4E, 0x36, 0x2F,
    0x36, 0xF5, 0x61, 0x4E, 0x36, 0x2E, 0x2B, 0x2F, 0x39, 0x3F, 0x48, 0x4D, 0x4A, 0x45, 0xD7, 0xBF,
    0xC1, 0xCE, 0x68, 0xE6, 0xD9, 0x6A, 0xCF, 0x5D, 0x4D, 0x2C, 0x2D, 0x5A, 0xAF, 0xAF, 0xCF, 0xEA,
    0x54, 0x3F, 0x50, 0xDD, 0xBB, 0xC0, 0xE9, 0x45, 0x33, 0x2F, 0x34, 0x49, 0xBA, 0xB3, 0xB3, 0xBD,
    0xCD, 0x77, 0xC7, 0xBC, 0xBC, 0xBD, 0x46, 0x53, 0x4D, 0x49, 0x3B, 0x44, 0xBA, 0xAF, 0x79, 0x53,
    0x5A, 0x3B, 0x2F, 0x3F, 0xB3, 0xB8, 0x4B, 0x35, 0x2C, 0x2C, 0x22, 0x1E, 0x27, 0x29, 0x2F, 0x40,
    0x45, 0x35, 0x2D, 0x2A, 0x3A, 0x49, 0x43, 0x3C, 0x3B, 0x49, 0x39, 0x2E, 0x2F, 0x39, 0xE8, 0xB7,
    0xAA, 0xB0, 0xBC, 0xD5, 0xBD, 0xDF, 0xB4, 0xB1, 0xC7, 0xBD, 0x75, 0x3F, 0x5D, 0x50, 0x3D, 0xC8,
    0xAE, 0xAF, 0xAF, 0xC3, 0xCB, 0x3D, 0x32, 0x4E, 0xF8, 0xCD, 0x5C, 0x3F, 0x4B, 0x43, 0x2C, 0x25,
    0x26, 0x49, 0x5B, 0x51, 0x4B, 0x52, 0x49, 0x3F, 0x4D, 0xC7, 0xAE, 0xB0, 0xBA, 0xB9, 0xC6, 0x4C,
    0x36, 0x42, 0xB8, 0xB0, 0xAF, 0xB6, 0xC3, 0xC9, 0x62, 0xDF, 0xBC, 0xBB, 0xBB, 0xC3, 0xCF, 0x54,
    0x41, 0x3C, 0x30, 0x4B, 0xAF, 0xA7, 0xB6, 0xB5, 0xD4, 0x51, 0x3C, 0xDE, 0xB2, 0xAD, 0xB4, 0xC2,
    0x78, 0x56, 0xE7, 0x5A, 0x3B, 0xF6, 0xC7, 0xEB, 0x41, 0x2F, 0x31, 0x32, 0x4C, 0xCB, 0xB8, 0xBE,
    0x5A, 0x4F, 0x3E, 0x30, 0x29, 0x27, 0x31, 0x78, 0x4E, 0x30, 0x2D, 0x2C, 0x2A, 0x2D, 0x4D, 0x56,
    0x41, 0x48, 0x38, 0x2A, 0x26, 0x1E, 0x25, 0x36, 0xFD, 0xB1, 0xCA, 0x74, 0x53, 0x43, 0x48, 0xB5,
    0xA6, 0xA5, 0xB0, 0xAE, 0xB8, 0xB0, 0xB2, 0xCE, 0xB3, 0xA5, 0x9F, 0xA5, 0xAF, 0xBE, 0x69, 0x51,
    0xF9, 0xBF, 0xD3, 0x4C, 0x2E, 0x35, 0x2F, 0x2D, 0x21, 0x2A, 0x44, 0xDD, 0x7B, 0x3D, 0x3E, 0x34,
    0x2F, 0x30, 0xBF, 0xB3, 0xB4, 0xCF, 0xCF, 0xCD, 0xCD, 0x54, 0x6E, 0xB6, 0xA9, 0xA6, 0xAD, 0xAC,
    0xB7, 0x4C, 0x58, 0xB6, 0xAA, 0xB4, 0xC9, 0xD9, 0xCB, 0x7E, 0x49, 0x45, 0xD6, 0xAE, 0xA6, 0xB8,
    0xBE, 0xED, 0x53, 0x52, 0xED, 0xBC, 0xBB, 0xDD, 0x69, 0xD2, 0xDC, 0x48, 0x33, 0x61, 0xAC, 0xAD,
    0xD8, 0x49, 0x3F, 0x35, 0x2D, 0x3A, 0x6B, 0x58, 0x4A, 0x3D, 0x4B, 0x37, 0x2F, 0x29, 0x29, 0x3E,
    0x51, 0x43, 0x35, 0x2A, 0x26, 0x28, 0x2B, 0x3D, 0x3F, 0x2F, 0x2C, 0x32, 0x2F, 0x2E, 0x2E, 0x38,
    0xF2, 0xC7, 0xC4, 0xCE, 0xE7, 0x48, 0x3F, 0x73, 0xBC, 0xB8, 0xC3, 0x52, 0x4C, 0x73, 0x59, 0x4F,
    0x73, 0xB8, 0xA0, 0xA3, 0xAE, 0xB3, 0xB6, 0xBE, 0xD2, 0xAD, 0xA4, 0xB7, 0x60, 0x51, 0xDD, 0x3F,
    0x2B, 0x2F, 0x58, 0xEC, 0xCB, 0x70, 0x45, 0x33, 0x2F, 0x40, 0xE7, 0xCA, 0xBF, 0x44, 0xD1, 0xED,
    0xD8, 0x3D, 0x39, 0xE8, 0xC3, 0xAF, 0xBA, 0xCF, 0xD3, 0xDA, 0xCD, 0xB9, 0xAC, 0xA9, 0xBB, 0xBE,
    0xBE, 0xBC, 0xC9, 0x55, 0xCD, 0xAB, 0xA3, 0xA5, 0xB3, 0xBC, 0xCC, 0x54, 0xC9, 0xB8, 0xAF, 0xCA,
    0xE5, 0xCF, 0xC2, 0xE2, 0x3C, 0x31, 0xEB, 0xB7, 0xBD, 0x74, 0x69, 0x42, 0x2E, 0x3F, 0x47, 0x36,
    0x2C, 0x2A, 0x36, 0x3B, 0x37, 0x2F, 0x2C, 0x46, 0xDA, 0x53, 0x31, 0x32, 0x2F, 0x2C, 0x34, 0x53,
    0x40, 0x3F, 0x2A, 0x30, 0x33, 0x33, 0x2C, 0x28, 0x31, 0xFA, 0xBF, 0x63, 0x53, 0x37, 0x2F, 0x2E,
    0x75, 0xBC, 0xBB, 0xDD, 0x56, 0xCF, 0xB9, 0x62, 0x4B, 0xE7, 0xB8, 0xA8, 0xB9, 0xAF, 0xB4, 0xBC,
    0xCD, 0xBE, 0xAC, 0xAC, 0xB7, 0xDD, 0x4E, 0xCE, 0x69, 0x34, 0x34, 0xD7, 0xBB, 0xD2, 0x68, 0xE8,
    0x55, 0x48, 0x6E, 0xBC, 0xB7, 0xD4, 0xE2, 0xDA, 0xCD, 0xE1, 0x3C, 0x3F, 0xC9, 0xAC, 0xAD, 0xB6,
    0xB6, 0xC3, 0xF9, 0xDE, 0xBD, 0xB8, 0xEA, 0x47, 0x6D, 0xDB, 0xC1, 0x52, 0x45, 0xCE, 0xB2, 0xA5,
    0xAF, 0xAD, 0xB5, 0xC5, 0xB8, 0xAE, 0xAE, 0xBA, 0xBB, 0xB7, 0xC2, 0xC0, 0x4C, 0x3F, 0xD4, 0xB5,
    0xB6, 0xD7, 0x54, 0x3F, 0x33, 0x3F, 0x64, 0x5F, 0x40, 0x33, 0x2F, 0x38, 0x42, 0x2B, 0x28, 0x34,
    0xFF, 0x69, 0x33, 0x2A, 0x28, 0x26, 0x29, 0x2D, 0x32, 0x36, 0x30, 0x2E, 0x5D, 0x67, 0x35, 0x2B,
    0x34, 0xDA, 0xBA, 0xC6, 0xD2, 0xE2, 0x4E, 0x4D, 0xCD, 0xC1, 0xCE, 0x3E, 0x3E, 0x67, 0xC7, 0x6D,
    0x51, 0x7A, 0xBB, 0xAE, 0xB3, 0xBD, 0xC1, 0xBD, 0xBF, 0xAF, 0xAA, 0xB5, 0xDF, 0xEC, 0xD3, 0xD0,
    0x3F, 0x3A, 0x46, 0xEB, 0xC4, 0xC1, 0xE8, 0xF2, 0x62, 0x59, 0xD3, 0xBD, 0xDD, 0x49, 0xDB, 0xC3,
    0xB6, 0xEE, 0x38, 0x3C, 0xC8, 0xAF, 0xAE, 0xC2, 0xD2, 0x53, 0x7C, 0xBD, 0xBD, 0xC0, 0x5B, 0x4F,
    0xC5, 0xBE, 0xC5, 0x5C, 0x56, 0xBC, 0xAC, 0xAB, 0xB0, 0xBA, 0xCC, 0xD3, 0xC3, 0xBC, 0xBA, 0xD4,
    0x6C, 0xC1, 0xB4, 0xB5, 0xC9, 0xF7, 0xBF, 0xAE, 0xB8, 0xBB, 0xCC, 0xDE, 0x4E, 0xCE, 0xBB, 0xC5,
    0x47, 0x3A, 0x4C, 0x6A, 0x3A, 0x24, 0x23, 0x2E, 0x41, 0x39, 0x2A, 0x29, 0x25, 0x24, 0x2C, 0x37,
    0x30, 0x2A, 0x29, 0x36, 0x3D, 0x34, 0x2E, 0x2B, 0x35, 0xD5, 0xCD, 0xCD, 0x5F, 0x3F, 0x3E, 0x62,
    0xBB, 0xC5, 0x4F, 0x4F, 0xC1, 0xB3, 0xBB, 0x63, 0x54, 0xCF, 0xB7, 0xAB, 0xB0, 0xB8, 0xDC, 0xFA,
    0xC1, 0xAF, 0xBC, 0xDB, 0x72, 0xCA, 0xB3, 0xBF, 0x43, 0x37, 0x52, 0xC6, 0xBE, 0xCD, 0xC5, 0x57,
    0x44, 0x4A, 0xCC, 0xE0, 0x62, 0xFE, 0xD3, 0xD5, 0xE3, 0x3F, 0x3E, 0xD2, 0xBA, 0xB2, 0xC4, 0xBF,
    0xC1, 0xCB, 0xBD, 0xB3, 0xBD, 0x79, 0x58, 0xCE, 0xCD, 0xCE, 0x5C, 0x46, 0xC5, 0xB4, 0xBE, 0xDA,
    0xC9, 0xD7, 0x54, 0xB8, 0xAF, 0xB8, 0xFF, 0x5D, 0xC0, 0xB7, 0xB7, 0x7D, 0x60, 0xB8, 0xAC, 0xB1,
    0xB7, 0xC7, 0x65, 0x63, 0xBE, 0xC1, 0x67, 0x4D, 0x3E, 0xCA, 0xB2, 0x66, 0x3B, 0x3C, 0x6E, 0xC6,
    0x55, 0x3A, 0x28, 0x1F, 0x20, 0x29, 0x2A, 0x2A, 0x24, 0x27, 0x2F, 0x3A, 0x2F, 0x27, 0x2F, 0x4A,
    0xE4, 0xD2, 0xE1, 0x46, 0x3B, 0x53, 0xCB, 0xC2, 0x72, 0x3C, 0x76, 0xC4, 0xB3, 0xFC, 0x40, 0xEF,
    0xB7, 0xAC, 0xB3, 0xBB, 0xBE, 0xD4, 0xC2, 0xB2, 0xB2, 0xBC, 0xCE, 0xBA, 0xBA, 0xB0, 0xB9, 0x61,
    0xC5, 0xBC, 0xCF, 0x6D, 0x53, 0x3E, 0x3C, 0x51, 0xD3, 0xD2, 0x3D, 0x3B, 0x4A, 0xCD, 0xE3, 0x5E,
    0x59, 0xC3, 0xB1, 0xB3, 0xBF, 0xEC, 0x50, 0x55, 0xC5, 0xB5, 0xC0, 0xCD, 0x62, 0xC0, 0xB4, 0xD1,
    0x56, 0x7B, 0xB7, 0xAE, 0xAE, 0xB8, 0xCC, 0xC2, 0xCC, 0xB2, 0xAF, 0xB9, 0xE2, 0xDE, 0xBD, 0xB5,
    0xD5, 0x41, 0x6F, 0xB6, 0xAC, 0xAB, 0xAD, 0xBD, 0xE2, 0xBC, 0xB8, 0xB1, 0xBC, 0xCF, 0xCA, 0xBD,
    0xB6, 0xCB, 0x68, 0xC7, 0xC5, 0xC1, 0xC5, 0x5E, 0x46, 0x2A, 0x2D, 0x2C, 0x28, 0x24, 0x1F, 0x26,
    0x2D, 0x2D, 0x25, 0x21, 0x37, 0x4A, 0x5B, 0x57, 0x3B, 0x33, 0x2C, 0x3E, 0x48, 0x45, 0x34, 0x2F,
    0x4C, 0xF4, 0x4F, 0x3B, 0x34, 0xCE, 0xB1, 0xB3, 0xBD, 0xBF, 0xC8, 0xCD, 0xB3, 0xB0, 0xBE, 0xDF,
    0xDD, 0xB6, 0xB3, 0xD2, 0x64, 0xE8, 0xB5, 0xAB, 0xA9, 0xB3, 0xFD, 0x3C, 0x3A, 0xF1, 0x5F, 0x3F,
    0x3A, 0x41, 0x6C, 0xEC, 0x3C, 0x36, 0x5F, 0xBF, 0xB9, 0xB4, 0xC5, 0x41, 0x4C, 0xD3, 0xC4, 0xFF,
    0x4E, 0x48, 0xDD, 0xC4, 0xCC, 0x3F, 0xFC, 0xB8, 0xA9, 0xAB, 0xAD, 0xC4, 0xFD, 0xCA, 0xB9, 0xBB,
    0xCD, 0x4E, 0x5B, 0xC8, 0xC3, 0xCD, 0x70, 0xDE, 0xAF, 0xA9, 0xB0, 0xBC, 0xEB, 0x4E, 0xD9, 0xBF,
    0xBE, 0xD4, 0x4A, 0xE8, 0xBF, 0xCC, 0x6E, 0xD9, 0xBE, 0xB2, 0xA9, 0xAD, 0xB6, 0xC1, 0x59, 0x5F,
    0xE1, 0x42, 0x34, 0x2E, 0x2A, 0x2A, 0x25, 0x1E, 0x25, 0x2D, 0x3B, 0x3E, 0x33, 0x2A, 0x26, 0x29,
    0x35, 0x43, 0x2F, 0x28, 0x2A, 0x39, 0x3D, 0x30, 0x2F, 0x3D, 0xD0, 0xB5, 0xAF, 0xCC, 0x57, 0x5B,
    0x72, 0xD2, 0xE7, 0x45, 0x45, 0x61, 0xC0, 0xC0, 0x70, 0x61, 0xB5, 0xAA, 0xA5, 0xA9, 0xB7, 0xCB,
    0xBD, 0xB3, 0xB9, 0xD2, 0x3F, 0x41, 0xDA, 0x72, 0x46, 0x33, 0x3B, 0xD3, 0xBC, 0xBA, 0xCC, 0x4F,
    0x3E, 0xDB, 0xC7, 0x6B, 0x48, 0x3C, 0x49, 0xC0, 0x59, 0x41, 0x42, 0xDF, 0xB3, 0xAC, 0xAF, 0xBA,
    0xC7, 0xC3, 0xB5, 0xAD, 0xC0, 0xDD, 0x6B, 0xBB, 0xB0, 0xC7, 0x5A, 0xC7, 0xB2, 0xAB, 0xAA, 0xB1,
    0xBC, 0xD4, 0xB3, 0xAF, 0xBA, 0xDE, 0x67, 0xE8, 0xC7, 0xC0, 0xD8, 0x50, 0x52, 0x50, 0xAC, 0xAE,
    0xAE, 0xB9, 0xBA, 0xB1, 0xB8, 0x72, 0x4F, 0x36, 0x2F, 0x34, 0x2D, 0x28, 0x34, 0x56, 0x47, 0x34,
    0x30, 0x32, 0x2A, 0x39, 0x3E, 0x33, 0x23, 0x23, 0x2C, 0x3B, 0x2E, 0x29, 0x29, 0x42, 0x5D, 0xFF,
    0xDA, 0xCA, 0x4F, 0xCE, 0xBE, 0xBD, 0xE3, 0x4B, 0x4B, 0x53, 0xC8, 0xE7, 0x36, 0x47, 0x49, 0xE9,
    0xB8, 0xD2, 0xBE, 0xBB, 0xAF, 0xAC, 0xB7, 0xD3, 0x7B, 0xC1, 0xC1, 0xC9, 0x57, 0x2F, 0xF9, 0xCF,
    0xC7, 0xC2, 0xF9, 0x4D, 0xCF, 0xBD, 0xCF, 0xD7, 0xD1, 0x54, 0xDC, 0xC5, 0x46, 0x3F, 0x3F, 0xC5,
    0xD7, 0xAD, 0xB3, 0xC0, 0xBE, 0xB2, 0xB3, 0xF9, 0x39, 0x31, 0x3F, 0xE7, 0x52, 0xC3, 0xB7, 0xA8,
    0xA6, 0x9F, 0xAD, 0xCD, 0x53, 0x45, 0x67, 0x72, 0x5D, 0x59, 0xDD, 0xB9, 0xB8, 0xDE, 0x4E, 0xCB,
    0xBB, 0xB1, 0xB0, 0xB2, 0xC0, 0xBD, 0xB0, 0xB4, 0xB9, 0xCC, 0xEA, 0xB9, 0xB1, 0xC1, 0xC3, 0xCA,
    0xB5, 0xC1, 0xC1, 0x55, 0x40, 0x32, 0x32, 0x31, 0x2C, 0x21, 0x1D, 0x1C, 0x29, 0x27, 0x22, 0x23,
    0x2A, 0x30, 0x35, 0x30, 0x31, 0x2B, 0x36, 0x6D, 0x4A, 0x3D, 0x36, 0x3D, 0x47, 0x58, 0x33, 0x39,
    0x58, 0xBE, 0xB3, 0xA8, 0xAA, 0xB1, 0xB6, 0xAE, 0xAC, 0xC4, 0xED, 0x77, 0xAD, 0xAE, 0xDF, 0x3C,
    0x3E, 0xEF, 0xDF, 0xBE, 0xC2, 0x3C, 0x30, 0x6C, 0xBB, 0x51, 0x38, 0x35, 0xEC, 0xDB, 0x3E, 0x34,
    0x3C, 0xB6, 0xB2, 0xB0, 0xAE, 0xAC, 0xAF, 0xB0, 0xA7, 0xAD, 0xCC, 0x4F, 0xCA, 0xC9, 0xBD, 0x4E,
    0x38, 0xE4, 0xCE, 0xD0, 0xB0, 0xB2, 0xD7, 0xC0, 0xB2, 0xCF, 0xBF, 0xDA, 0x5C, 0x41, 0x3D, 0x41,
    0x3E, 0xE4, 0xBB, 0xB5, 0xAB, 0xAE, 0xC1, 0xCF, 0xD8, 0xBC, 0x5F, 0x38, 0x5A, 0xBE, 0xBB, 0xC0,
    0x47, 0x50, 0xBA, 0xAD, 0xAA, 0xA2, 0xA8, 0xBA, 0xB6, 0xAD, 0xAD, 0xC7, 0xDF, 0x51, 0x43, 0x2E,
    0x27, 0x29, 0x2E, 0x2C, 0x2B, 0x29, 0x25, 0x1F, 0x26, 0x29, 0x22, 0x21, 0x21, 0x25, 0x2B, 0x3D,
    0x29, 0x2A, 0x31, 0x44, 0xF7, 0xC3, 0xCC, 0x6B, 0x5B, 0xBF, 0xB3, 0xC2, 0x39, 0x48, 0xEE, 0xCA,
    0x65, 0x3D, 0xC8, 0xAC, 0xA5, 0xA6, 0xAD, 0xBA, 0xB2, 0xA5, 0xAD, 0xB5, 0xBE, 0x45, 0x4B, 0x45,
    0x38, 0x2D, 0x3A, 0xEC, 0xCA, 0xBF, 0xD1, 0x48, 0x3F, 0xCA, 0xD4, 0x3F, 0x36, 0x2D, 0x4F, 0xC7,
    0x4F, 0x41, 0x6E, 0xC0, 0xBB, 0xB7, 0xBB, 0xBC, 0xB3, 0xAE, 0xB0, 0xB4, 0xBC, 0xBA, 0xAD, 0xB3,
    0xBB, 0xD5, 0xB9, 0xAE, 0xAB, 0xA9, 0xB3, 0xD7, 0x66, 0xC9, 0xDF, 0xD3, 0x3B, 0x46, 0x58, 0x67,
    0x3D, 0x38, 0x3A, 0x5A, 0xCE, 0xDB, 0x5B, 0x46, 0x4E, 0xDD, 0xAF, 0xB9, 0xBC, 0xCA, 0xC4, 0xB6,
    0xB9, 0xCD, 0xC1, 0xB6, 0xAD, 0xA9, 0xB2, 0xC5, 0x49, 0x30, 0x2D, 0x30, 0x2F, 0x2E, 0x40, 0x35,
    0x28, 0x1D, 0x22, 0x2C, 0x2F, 0x3E, 0x53, 0x2D, 0x32, 0x2B, 0x2B, 0x27, 0x28, 0x2C, 0x34, 0x45,
    0x3B, 0x2E, 0x31, 0xE4, 0xC2, 0xBA, 0xBA, 0xDF, 0x4C, 0xCA, 0xCE, 0xDF, 0xCF, 0xC4, 0xB7, 0xAE,
    0xAC, 0xB6, 0xBC, 0xBA, 0xB2, 0xB0, 0xB7, 0xBB, 0xB2, 0xB0, 0xC5, 0x3E, 0x30, 0x38, 0x37, 0xF6,
    0x49, 0x3A, 0x4F, 0x5C, 0x71, 0xC6, 0xB7, 0xB8, 0xBC, 0xBC, 0xC3, 0x6B, 0x3C, 0x31, 0x47, 0xEA,
    0x55, 0x54, 0xD0, 0xB9, 0xBF, 0xD3, 0xDB, 0xDB, 0xCE, 0xB3, 0xAF, 0xC2, 0xD3, 0xCB, 0xB8, 0xB9,
    0xD5, 0xBF, 0xAE, 0xAB, 0xA4, 0xA7, 0xC3, 0xEC, 0xC8, 0xB2, 0xB7, 0x4D, 0x4B, 0xD7, 0xEA, 0x3E,
    0x2E, 0x32, 0x46, 0xD5, 0xAB, 0xAF, 0xAF, 0xD6, 0xC2, 0xC9, 0xCA, 0xDF, 0x5B, 0xCD, 0xBD, 0x64,
    0x30, 0x2D, 0x35, 0x3E, 0xE5, 0xC2, 0xCC, 0x6D, 0xE9, 0x49, 0x30, 0x2A, 0x27, 0x2F, 0x41, 0x41,
    0x2D, 0x26, 0x2D, 0x34, 0x3C, 0x3E, 0x39, 0x3F, 0x6C, 0x4E, 0x2C, 0x28, 0x2A, 0x3A, 0x44, 0x43,
    0x38, 0x38, 0x44, 0x57, 0xD1, 0xBD, 0x56, 0x5B, 0xB5, 0xBF, 0xD8, 0x4A, 0x4E, 0xB0, 0xAA, 0xB9,
    0xBC, 0xB7, 0xB1, 0xB2, 0xB3, 0xBF, 0xCA, 0xC8, 0xC4, 0xCD, 0x50, 0x3F, 0x34, 0x33, 0x3C, 0x3F,
    0x3F, 0xEF, 0xBD, 0xBC, 0xBF, 0x3E, 0x34, 0x55, 0xC1, 0xD2, 0xE8, 0x56, 0x4D, 0xE4, 0xEF, 0x54,
    0x5D, 0xC4, 0xB6, 0xAB, 0xB2, 0xAD, 0xB9, 0xB5, 0xB2, 0xC8, 0xDC, 0xDD, 0xC5, 0xB2, 0xB7, 0x78,
    0xDF, 0xCC, 0xB7, 0xA7, 0xA7, 0xB0, 0xBE, 0xBD, 0xC4, 0xDE, 0x54, 0x5B, 0xC7, 0xB8, 0xBC, 0x56,
    0x35, 0x48, 0xBF, 0xAA, 0xA6, 0xAB, 0xB5, 0xAE, 0xC8, 0x3F, 0x2E, 0x2E, 0x38, 0x2E, 0x24, 0x20,
    0x20, 0x29, 0x37, 0x5D, 0x57, 0x36, 0x2B, 0x61, 0x39, 0x36, 0x2F, 0x2E, 0x3E, 0x4A, 0x3B, 0x35,
    0x43, 0x46, 0x35, 0x3E, 0x3B, 0x62, 0xC1, 0xCA, 0x3F, 0x2E, 0x25, 0x28, 0x38, 0xFC, 0x67, 0x3D,
    0x57, 0xB9, 0xAD, 0xAD, 0xAC, 0xC1, 0xAE, 0xAF, 0xB8, 0xBD, 0xCB, 0xD4, 0xDD, 0x4F, 0x3F, 0x32,
    0x3D, 0xCC, 0xB2, 0xB2, 0xC4, 0x53, 0x53, 0xCF, 0xCC, 0xDA, 0xE7, 0xD7, 0xBA, 0xBE, 0x4C, 0x4A,
    0xD7, 0xBD, 0xB7, 0xCA, 0xDF, 0x53, 0x6F, 0x57, 0x4B, 0xDB, 0x4B, 0xCC, 0xC7, 0x6D, 0x52, 0xE9,
    0xBC, 0xB8, 0xA7, 0xAA, 0xBC, 0xBF, 0xB5, 0x7C, 0x3F, 0x56, 0xC3, 0xBA, 0xB5, 0xC4, 0xFB, 0xD4,
    0xB7, 0xB2, 0xAC, 0xAB, 0xB2, 0xB9, 0xAD, 0xBA, 0xCD, 0x47, 0x39, 0xE4, 0xB3, 0xC9, 0x5C, 0xE9,
    0xC4, 0xD3, 0xD3, 0xDA, 0x3B, 0x4D, 0x34, 0x2B, 0x2E, 0x2A, 0x29, 0x33, 0x3A, 0x38, 0x33, 0x34,
    0x32, 0x36, 0x38, 0x38, 0x2D, 0x39, 0x38, 0x2D, 0x2B, 0x2D, 0x30, 0x40, 0x4D, 0x47, 0x44, 0xD8,
    0xCA, 0xBF, 0xB5, 0xC9, 0x6B, 0xF8, 0xC8, 0xFF, 0x4B, 0x55, 0xE2, 0xC1, 0xD9, 0x31, 0x38, 0x6B,
    0xC2, 0xB9, 0xBA, 0xC5, 0xC3, 0xC9, 0x55, 0x4A, 0x5B, 0x44, 0x49, 0x67, 0x55, 0x46, 0x3E, 0x57,
    0xBD, 0xB2, 0xC3, 0xC2, 0xC4, 0xB6, 0xDC, 0x40, 0x49, 0x69, 0xCF, 0xC1, 0xCF, 0xD7, 0xC3, 0xC7,
    0xE7, 0xBC, 0xBF, 0xBF, 0xC1, 0xD5, 0x4D, 0x47, 0x42, 0xEA, 0xBD, 0xC2, 0x4B, 0x3F, 0xD4, 0xB1,
    0xAE, 0xB1, 0xB3, 0xB9, 0xAE, 0xB4, 0xCA, 0x61, 0x59, 0x4F, 0xC1, 0xBD, 0xC5, 0xFD, 0x4B, 0xBF,
    0xAC, 0xAF, 0xBD, 0xC8, 0xAF, 0xB6, 0xCA, 0xCE, 0xC0, 0xBB, 0xCB, 0x3A, 0x33, 0x37, 0x3B, 0x46,
    0x72, 0xE9, 0x39, 0x39, 0x3C, 0x30, 0x2C, 0x2B, 0x25, 0x36, 0x3F, 0x34, 0x22, 0x20, 0x2F, 0x33,
    0x3B, 0x4B, 0x5B, 0xC8, 0x49, 0x34, 0x2F, 0x36, 0x38, 0x43, 0xD5, 0x4D, 0x32, 0x2D, 0x3E, 0xCF,
    0xB5, 0xB7, 0xBA, 0xAF, 0xAD, 0xCB, 0xDB, 0xE6, 0xC0, 0xB9, 0xC6, 0x58, 0x53, 0x57, 0xD0, 0xE6,
    0xC9, 0x5E, 0x41, 0x4C, 0xE0, 0xEA, 0x47, 0x39, 0xD6, 0xB7, 0xD3, 0x3F, 0x47, 0xB5, 0xB6, 0xB6,
    0xC5, 0xD2, 0xBA, 0xB5, 0xC2, 0xD7, 0x5B, 0x4D, 0x5E, 0xC7, 0xC7, 0xD3, 0xE4, 0xED, 0xBB, 0xAD,
    0xC8, 0xE0, 0xC9, 0xC3, 0x41, 0x38, 0x4F, 0xC9, 0xC6, 0xE1, 0x3F, 0x3C, 0xE2, 0xCF, 0xBE, 0xBC,
    0xBB, 0xCE, 0x5D, 0x45, 0x45, 0x56, 0x4B, 0xCC, 0xAD, 0xC1, 0x44, 0x35, 0x3E, 0xB6, 0xAE, 0xB8,
    0xC3, 0xBB, 0xB9, 0xFC, 0x49, 0x50, 0x51, 0x4D, 0xD3, 0xD3, 0xFA, 0x48, 0x69, 0xC5, 0xB3, 0xB1,
    0xDC, 0xBA, 0xB8, 0xCA, 0x4B, 0x38, 0x51, 0xD5, 0x69, 0x3F, 0x38, 0x3F, 0x5E, 0xCC, 0xBA, 0xC0,
    0xCC, 0xBB, 0xE9, 0x7D, 0x65, 0x57, 0x4E, 0xBD, 0xBE, 0x5B, 0x57, 0xCE, 0xBE, 0xBC, 0xC4, 0xEC,
    0xBB, 0xBD, 0xF9, 0x4D, 0x55, 0xFA, 0xC3, 0xBE, 0xE2, 0x45, 0x3E, 0xDC, 0xB5, 0xB1, 0xBC, 0x53,
    0xE6, 0xEB, 0x4E, 0x42, 0x3C, 0x4F, 0xC3, 0x73, 0x45, 0x44, 0x7D, 0xCC, 0xBA, 0xB4, 0xB8, 0xCF,
    0xC8, 0x69, 0xFF, 0x5D, 0x5D, 0xD3, 0xBD, 0xCD, 0x58, 0x45, 0x5A, 0xC7, 0xB0, 0xB4, 0xDB, 0xC7,
    0xCD, 0x44, 0x38, 0x38, 0x40, 0xD4, 0xC7, 0xED, 0x4F, 0x64, 0xCC, 0xBF, 0xB9, 0xBD, 0xBE, 0xC1,
    0x48, 0x4D, 0x3D, 0x34, 0x39, 0xD4, 0xEF, 0x53, 0x4E, 0x54, 0xC0, 0xB4, 0xB8, 0xE2, 0xBE, 0xB5,
    0xBC, 0x4D, 0x47, 0x4A, 0x61, 0xE7, 0x57, 0x4C, 0x4A, 0xF1, 0xBD, 0xBD, 0xC9, 0x7C, 0xCA, 0xD0,
    0xCA, 0xDE, 0x3B, 0x44, 0xDC, 0x5B, 0x3D, 0x36, 0x3E, 0xBF, 0xBC, 0xBD, 0xCB, 0xE3, 0xCF, 0x72,
    0xCD, 0xE3, 0xFF, 0xEA, 0xCA, 0xDA, 0x4B, 0x3A, 0xFA, 0xBD, 0xB3, 0xC3, 0xDD, 0xBC, 0xC2, 0x50,
    0x4A, 0x65, 0xBA, 0xC2, 0x57, 0x3F, 0x3E, 0x40, 0x68, 0xB2, 0xB3, 0xC4, 0x46, 0x49, 0x44, 0x41,
    0x45, 0x45, 0xE5, 0xAE, 0xC2, 0x3F, 0x3C, 0x6F, 0xBF, 0xC3, 0x79, 0xD5, 0xBF, 0xD5, 0x43, 0x45,
    0x4A, 0x4F, 0xD1, 0xBC, 0xC3, 0xE9, 0x4F, 0xDC, 0xB8, 0xB6, 0xD1, 0xCF, 0xBE, 0xBB, 0xDB, 0x3F,
    0x39, 0x60, 0xC7, 0x62, 0x4B, 0x55, 0xE9, 0xC7, 0xCA, 0xC7, 0xDB, 0x56, 0x57, 0x4E, 0x53, 0x4A,
    0x43, 0x53, 0xDC, 0x48, 0x3E, 0x58, 0xBB, 0xAD, 0xB5, 0x69, 0x5C, 0xD0, 0x69, 0x52, 0x4B, 0x72,
    0xBF, 0xCA, 0x63, 0x49, 0x57, 0xD7, 0xBF, 0xAD, 0xBB, 0x64, 0x3D, 0x4C, 0x6A, 0x49, 0x3D, 0x45,
    0x7D, 0x63, 0x32, 0x2C, 0x3B, 0xCD, 0xBD, 0xC1, 0xD9, 0xD7, 0x3C, 0x36, 0x2C, 0x38, 0x3A, 0x2E,
    0x45, 0xBF, 0xBC, 0xBE, 0xCC, 0xBB, 0xAC, 0xB2, 0x44, 0x48, 0x44, 0x2D, 0x32, 0x35, 0x67, 0xA9,
    0xA9, 0xBC, 0xCE, 0xC3, 0xB5, 0xBD, 0xB3, 0xB3, 0xBE, 0x4B, 0x4F, 0xDA, 0xCA, 0x48, 0x46, 0xC4,
    0xB6, 0xDD, 0x40, 0xC6, 0xA9, 0xA9, 0xAE, 0xCE, 0xBF, 0x5B, 0x2E, 0x23, 0x25, 0x30, 0x2F, 0x2A,
    0x29, 0x26, 0x29, 0x3B, 0x60, 0xBE, 0x6D, 0x44, 0x42, 0x42, 0x41, 0x31, 0x2C, 0x2D, 0x38, 0x26,
    0x1F, 0x2A, 0x37, 0x4D, 0xF8, 0xDB, 0xF7, 0xCA, 0x43, 0x36, 0x47, 0x6F, 0x3C, 0x3F, 0x4D, 0x4F,
    0x3B, 0x33, 0xF2, 0xBB, 0xAA, 0xB0, 0xBE, 0xB1, 0xBC, 0xDE, 0x41, 0x35, 0xF5, 0xD2, 0x3C, 0x5D,
    0xBB, 0xB2, 0xAF, 0xAF, 0xA8, 0xBD, 0x55, 0x2E, 0x28, 0x2B, 0x26, 0x2B, 0x4C, 0xBE, 0xDB, 0x3A,
    0x3F, 0xD9, 0xCD, 0x62, 0x3D, 0x4B, 0xCE, 0x57, 0x4C, 0x4A, 0x4B, 0xD2, 0xD0, 0xED, 0xD9, 0xC2,
    0xBD, 0xA9, 0xA9, 0xB5, 0x64, 0x4B, 0xE1, 0xC1, 0xD4, 0x4A, 0xE2, 0xC1, 0xB9, 0xF6, 0x4F, 0xD5,
    0xB3, 0xAC, 0xAF, 0xCD, 0x66, 0x59, 0x3D, 0xF0, 0x7B, 0xBE, 0xBC, 0xBB, 0xCD, 0x49, 0x39, 0x4E,
    0xB8, 0xB7, 0xB2, 0xD5, 0x49, 0x33, 0x32, 0x30, 0x34, 0x3F, 0xD0, 0x47, 0x2D, 0x29, 0x34, 0xEC,
    0xE6, 0x4D, 0x48, 0x41, 0x38, 0x2C, 0x28, 0x22, 0x19, 0x29, 0x5C, 0x69, 0x2F, 0x2B, 0x3B, 0xD9,
    0x53, 0x38, 0x3B, 0xF4, 0x5C, 0xE9, 0x3E, 0x3B, 0x5D, 0xBF, 0xC0, 0xB0, 0xAE, 0xB4, 0xBC, 0xB2,
    0xAB, 0xC7, 0xD2, 0x57, 0x5A, 0xBE, 0x3A, 0x42, 0xB2, 0xB1, 0xC7, 0x61, 0x57, 0xB8, 0xAA, 0xB5,
    0x4B, 0x30, 0x27, 0x2B, 0x35, 0x3E, 0x42, 0x46, 0xC7, 0x57, 0x3E, 0x32, 0x3B, 0xE7, 0xF2, 0x62,
    0xFC, 0x4E, 0x4A, 0x67, 0xF5, 0xE5, 0xBF, 0xAF, 0xAC, 0xB7, 0xD6, 0x5B, 0xC2, 0xAE, 0xAB, 0xB6,
    0xBB, 0xC4, 0x6B, 0xED, 0x6C, 0xE9, 0xFF, 0xEA, 0xFF, 0x64, 0x3B, 0x3D, 0xC7, 0xBA, 0xC3, 0xC7,
    0xB6, 0xBD, 0xDB, 0xDD, 0x3E, 0x4E, 0xBB, 0xC7, 0xC5, 0xFC, 0xE7, 0xD6, 0xC0, 0xAF, 0xBB, 0x59,
    0x30, 0x29, 0x30, 0x2A, 0x26, 0x34, 0x70, 0xCE, 0x41, 0x4D, 0xDB, 0xCA, 0xC8, 0xD7, 0x4D, 0x3D,
    0x2C, 0x28, 0x28, 0x2D, 0x2E, 0x2F, 0x2F, 0x2D, 0x2E, 0x36, 0x47, 0x4D, 0xF5, 0x57, 0x3B, 0x31,
    0x32, 0x36, 0x38, 0x4A, 0x64, 0xBF, 0x74, 0x5C, 0x6E, 0xD8, 0xBA, 0xAB, 0xA9, 0xB7, 0xBA, 0xB3,
    0xB2, 0xA9, 0xA7, 0xAC, 0xA3, 0xAE, 0xB7, 0xCF, 0xE9, 0xDA, 0xFF, 0x47, 0x35, 0x2E, 0x2E, 0x36,
    0x2C, 0x36, 0x35, 0x4D, 0x3C, 0x3B, 0x35, 0x2C, 0x36, 0x50, 0xE0, 0x6C, 0x65, 0x7E, 0xCB, 0xD7,
    0xBD, 0xD8, 0xBE, 0xB4, 0xB7, 0xC0, 0xFC, 0xCF, 0xB2, 0xA8, 0xA9, 0xAE, 0xBA, 0xBE, 0xBA, 0xBC,
    0xC5, 0xBE, 0xB9, 0x7A, 0x48, 0x3C, 0xE3, 0xC8, 0xC5, 0xB4, 0xBD, 0xCF, 0xDC, 0xD5, 0xB7, 0x6A,
    0x4A, 0xC2, 0xC7, 0xDC, 0x3F, 0x3C, 0xCA, 0xB5, 0xC5, 0xCE, 0xE3, 0x39, 0x29, 0x33, 0x3A, 0x5B,
    0xFF, 0x63, 0x46, 0x36, 0x3A, 0x40, 0x46, 0xE7, 0x4D, 0x2D, 0x28, 0x25, 0x2D, 0x2F, 0x2B, 0x35,
    0x4E, 0x54, 0x2D, 0x33, 0x33, 0x36, 0x41, 0x3A, 0x3A, 0x49, 0x4C, 0xEE, 0x58, 0x45, 0x4F, 0xBE,
    0xBC, 0xC5, 0xCA, 0xCA, 0xC3, 0xBA, 0xBB, 0x7E, 0x4D, 0x64, 0xC5, 0xAE, 0xB4, 0xB7, 0xA8, 0xB2,
    0xBE, 0xC0, 0xBB, 0xB1, 0xB9, 0xB7, 0xBF, 0x4B, 0x44, 0x45, 0x55, 0x5B, 0x50, 0x67, 0xDA, 0x38,
    0x2E, 0x33, 0x2B, 0x42, 0xC6, 0xB6, 0xFA, 0x62, 0x49, 0x76, 0xD1, 0x6B, 0xC2, 0xB8, 0xB9, 0x5B,
    0x3F, 0x62, 0xE1, 0xB7, 0xAB, 0xA6, 0xAE, 0xBF, 0xC2, 0xBC, 0xBD, 0xBD, 0xB3, 0xAE, 0xBA, 0xD3,
    0x4D, 0xC9, 0xAB, 0xAC, 0xB3, 0xB3, 0xBA, 0xCC, 0xDC, 0x6D, 0x5F, 0x5D, 0xD5, 0x44, 0x5B, 0x4B,
    0x41, 0x46, 0xE7, 0xC2, 0x3C, 0x34, 0x36, 0x38, 0x3D, 0x29, 0x25, 0x2D, 0x30, 0x2B, 0x2E, 0x3D,
    0x59, 0x40, 0x34, 0x3D, 0x44, 0x3B, 0x3C, 0x4C, 0x4C, 0x4B, 0x47, 0x39, 0x2F, 0x2D, 0x29, 0x39,
    0x57, 0xE6, 0x48, 0x43, 0x3D, 0x42, 0x4A, 0x42, 0x3E, 0x5D, 0x57, 0x4B, 0x48, 0x3B, 0x74, 0xBB,
    0xAC, 0xA8, 0xAE, 0xB6, 0xB8, 0xB9, 0xBF, 0xCA, 0xCD, 0xB0, 0xB8, 0xEA, 0x3B, 0x2F, 0x49, 0xC9,
    0xBC, 0xC2, 0xFE, 0xC8, 0xC3, 0xD8, 0x43, 0x51, 0x73, 0x5C, 0x3C, 0x34, 0x36, 0x4D, 0xCC, 0xB9,
    0xB1, 0xC2, 0xD2, 0xC9, 0xBB, 0xBB, 0x67, 0x46, 0xC8, 0xBF, 0x63, 0x4C, 0x4D, 0xBF, 0xB5, 0xB8,
    0xBD, 0xD7, 0xDA, 0xCA, 0xCC, 0xC5, 0xB9, 0xB8, 0xC7, 0x7E, 0x64, 0xD8, 0xC4, 0xAA, 0xA4, 0xA9,
    0xB8, 0xCB, 0xCC, 0xB5, 0xB4, 0x79, 0xCC, 0xCE, 0x60, 0x4C, 0x42, 0x5A, 0x65, 0xDB, 0x5B, 0x3E,
    0x3A, 0x38, 0x35, 0x2F, 0x30, 0x34, 0x38, 0x39, 0x3A, 0x28, 0x25, 0x2B, 0x41, 0x4A, 0x34, 0x38,
    0x39, 0x40, 0x37, 0x2E, 0x3B, 0x5F, 0x48, 0x35, 0x3B, 0x3E, 0x49, 0x59, 0xCD, 0xD5, 0xD7, 0xE9,
    0xBF, 0xBA, 0xD1, 0xDD, 0xCC, 0xBF, 0x64, 0x3C, 0x3C, 0x49, 0xC3, 0xB5, 0xB3, 0xBD, 0xDE, 0xB8,
    0xB2, 0xB2, 0xB9, 0xAF, 0xB2, 0xBE, 0x56, 0x30, 0x2E, 0x4D, 0xD2, 0xC9, 0xD9, 0x5F, 0x7B, 0xD8,
    0xD0, 0xC6, 0xCF, 0xB6, 0xB8, 0xDE, 0x3A, 0x37, 0x4A, 0xB2, 0xAF, 0xBD, 0xD6, 0x53, 0x46, 0xC4,
    0xCA, 0xC2, 0xC0, 0xCA, 0xF3, 0x52, 0x46, 0x4A, 0x6E, 0xB7, 0xB2, 0xC3, 0xCF, 0xCC, 0xB5, 0xB1,
    0xC3, 0xC6, 0xB5, 0xB4, 0xB9, 0xE3, 0x4E, 0xCC, 0xBE, 0xB8, 0xB4, 0xB6, 0xBD, 0xB9, 0xAC, 0xAE,
    0xAE, 0xB8, 0xBB, 0xC0, 0xCB, 0x7A, 0xE7, 0xDC, 0x75, 0x60, 0x39, 0x3C, 0x3C, 0x34, 0x2D, 0x2F,
    0x2D, 0x29, 0x22, 0x1E, 0x21, 0x22, 0x2A, 0x35, 0x3F, 0x48, 0x33, 0x2C, 0x41, 0x47, 0x44, 0x48,
    0x53, 0x3D, 0x2F, 0x2A, 0x31, 0x4C, 0xCD, 0xBF, 0xCD, 0xFC, 0x50, 0x43, 0x71, 0x5D, 0xCE, 0xB2,
    0xB8, 0xCC, 0x57, 0x3F, 0xDA, 0xB6, 0xB2, 0xAF, 0xBE, 0xC5, 0xBE, 0xBA, 0xC7, 0xFF, 0xC1, 0xBF,
    0x53, 0x37, 0x2E, 0x37, 0x71, 0xBE, 0xC0, 0x77, 0xE6, 0xC2, 0xBF, 0xD8, 0x3A, 0x46, 0xC9, 0xBB,
    0xCF, 0x45, 0x3A, 0x5B, 0xC3, 0xB5, 0xB6, 0xDD, 0xC9, 0xB8, 0xB7, 0xBE, 0xDB, 0xC6, 0xBE, 0xBE,
    0x5D, 0x3C, 0x3B, 0xE1, 0xBA, 0xB8, 0xDB, 0x6B, 0xDE, 0xC5, 0xD1, 0xC9, 0xCC, 0xC1, 0xB8, 0xBB,
    0xF2, 0x53, 0xD1, 0xB8, 0xAB, 0xAC, 0xBF, 0xC4, 0xBF, 0xBD, 0xCD, 0xBF, 0xC7, 0xCE, 0xDA, 0x6D,
    0x45, 0x5C, 0xFE, 0xD9, 0xC4, 0xBF, 0x53, 0x44, 0x3E, 0x36, 0x36, 0x29, 0x26, 0x24, 0x24, 0x23,
    0x23, 0x2C, 0x3A, 0x3A, 0x39, 0x37, 0x35, 0x38, 0x32, 0x33, 0x52, 0x39, 0x38, 0x37, 0x3B, 0x4C,
    0xCE, 0xBE, 0xBA, 0xBF, 0xDA, 0xC0, 0xC2, 0xC5, 0xE2, 0xCA, 0xB6, 0xCB, 0x4F, 0x47, 0xD7, 0xB9,
    0xB0, 0xAE, 0xAF, 0xB6, 0xB7, 0xBA, 0xBA, 0x67, 0xCC, 0xCC, 0x45, 0x39, 0x2C, 0x28, 0x39, 0xDA,
    0xBD, 0xBF, 0xDA, 0xCD, 0xBD, 0x4F, 0x3E, 0x3B, 0xF1, 0x6D, 0xCF, 0x5C, 0x3F, 0x3F, 0xE6, 0xBE,
    0xB6, 0xC3, 0xD5, 0xBF, 0xAF, 0xCB, 0x67, 0xDE, 0xBE, 0xCB, 0xCE, 0xFF, 0x4E, 0xC6, 0xB4, 0xAF,
    0xB7, 0xC5, 0xBB, 0xB3, 0xB7, 0xC3, 0x6E, 0xEA, 0xFF, 0xCB, 0xF1, 0x53, 0x47, 0xCA, 0xB3, 0xB8,
    0xBA, 0xBA, 0xB8, 0xB5, 0xB4, 0xCD, 0xCB, 0xCA, 0xDE, 0x47, 0x59, 0xC8, 0xC2, 0xBC, 0xBA, 0xF4,
    0x45, 0x3C, 0x2E, 0x2C, 0x24, 0x27, 0x25, 0x24, 0x24, 0x24, 0x27, 0x30, 0x38, 0x4C, 0x4E, 0x3F,
    0x39, 0x3E, 0x2E, 0x31, 0x3D, 0x3E, 0x3C, 0x35, 0x2F, 0x31, 0x58, 0xCD, 0xC5, 0xC1, 0xD9, 0xCE,
    0xB9, 0xBF, 0x4F, 0xE2, 0xBD, 0xBD, 0xC1, 0xD4, 0xDC, 0xDB, 0xB1, 0xAB, 0xB0, 0xBE, 0xB8, 0xAB,
    0xB6, 0xEF, 0x4F, 0x43, 0x4A, 0x3E, 0x34, 0x30, 0x3D, 0xF8, 0xC4, 0xBB, 0xE0, 0x56, 0xD9, 0xCD,
    0x78, 0x49, 0x47, 0x62, 0xE2, 0x4D, 0x31, 0x3F, 0xD0, 0xBB, 0xB4, 0xC0, 0xDE, 0xBF, 0xB3, 0xBC,
    0xC6, 0xC1, 0xD0, 0xB9, 0xCC, 0x60, 0x53, 0xE8, 0xB6, 0xAC, 0xB4, 0xCE, 0xCE, 0xBA, 0xBD, 0xC1,
    0xB9, 0xC9, 0xD1, 0xBF, 0x6D, 0x3F, 0xE2, 0xDC, 0xBA, 0xBD, 0xC0, 0xC4, 0xBF, 0xDF, 0xD8, 0xD9,
    0xCD, 0x59, 0x67, 0x5A, 0x4D, 0xD6, 0xCC, 0xD2, 0xD3, 0x66, 0xE1, 0x5B, 0x2D, 0x21, 0x25, 0x2B,
    0x2C, 0x2B, 0x22, 0x28, 0x2D, 0x39, 0x38, 0x3A, 0x2E, 0x36, 0x3F, 0x3D, 0x38, 0x36, 0x3D, 0x38,
    0x3E, 0x2F, 0x2C, 0x3D, 0x5C, 0xC3, 0xC1, 0xCF, 0xFD, 0xCB, 0xC7, 0x4D, 0x44, 0x5A, 0xD8, 0xC7,
    0xFC, 0x3F, 0x56, 0xC1, 0xB4, 0xAD, 0xAF, 0xBA, 0xAF, 0xAF, 0xB9, 0x62, 0x3D, 0x3B, 0xFF, 0x6B,
    0x4E, 0x3D, 0x3D, 0xC5, 0xC3, 0x7C, 0x51, 0xEE, 0xBC, 0xC8, 0x41, 0x40, 0x51, 0x5C, 0x70, 0x56,
    0x45, 0x52, 0xCA, 0xC3, 0xB9, 0xEA, 0x67, 0xBC, 0xBA, 0xBA, 0xBE, 0xE7, 0xCE, 0xCD, 0xD7, 0xEB,
    0xEB, 0xC5, 0xAF, 0xAE, 0xB9, 0xBC, 0xB8, 0xB1, 0xB9, 0xBA, 0xC6, 0xCE, 0xDD, 0x67, 0x5F, 0x5B,
    0xC9, 0xB6, 0xAF, 0xB8, 0xC6, 0xC5, 0xBD, 0xC5, 0xCA, 0xCA, 0x3E, 0x3B, 0xFA, 0x56, 0xBD, 0xB1,
    0xC0, 0xB9, 0xCE, 0x3C, 0x38, 0x30, 0x1E, 0x1A, 0x1B, 0x1E, 0x29, 0x33, 0x31, 0x29, 0x2E, 0x53,
    0x46, 0x3F, 0x33, 0x3D, 0x39, 0x41, 0x38, 0x2F, 0x38, 0x41, 0x3C, 0x4A, 0x46, 0x3E, 0xDE, 0xB1,
    0xBC, 0xBB, 0xCB, 0xBA, 0xB5, 0xC6, 0x5F, 0x4A, 0xE4, 0xC1, 0x3E, 0x3E, 0x4D, 0x74, 0xB7, 0xAF,
    0xB3, 0xBC, 0xB0, 0xAB, 0xB5, 0xCD, 0x49, 0x43, 0x43, 0x37, 0x2E, 0x32, 0x6B, 0xC3, 0xBE, 0xCE,
    0xFC, 0xDC, 0xBB, 0xBD, 0xBE, 0xBC, 0xBB, 0xB9, 0x58, 0x3B, 0x3A, 0x4A, 0xDF, 0xC1, 0xBD, 0xB2,
    0xB2, 0xB0, 0xC1, 0x5E, 0xCE, 0x71, 0x4A, 0x48, 0x3F, 0x38, 0xF9, 0xAF, 0xA4, 0xA4, 0xB0, 0xAD,
    0xB0, 0xCE, 0x44, 0x3A, 0x3C, 0x4B, 0x72, 0xFF, 0xD6, 0xC3, 0xAF, 0xAF, 0xBF, 0xBE, 0xC5, 0xBF,
    0xBA, 0xD5, 0xFF, 0xD1, 0xBE, 0xBE, 0xC2, 0xED, 0x6B, 0xB3, 0xAB, 0xB4, 0xC4, 0x47, 0x7D, 0x3E,
    0x2E, 0x24, 0x21, 0x22, 0x28, 0x24, 0x1E, 0x1E, 0x28, 0x3C, 0x54, 0x3C, 0x38, 0x38, 0x3A, 0x32,
    0x2D, 0x24, 0x2B, 0x2F, 0xDC, 0x4C, 0x32, 0x47, 0xD0, 0xBD, 0xBD, 0x43, 0x32, 0xC0, 0xB6, 0xBB,
    0xDC, 0xD2, 0xB2, 0xB2, 0xBB, 0xBC, 0xC5, 0xBD, 0xAE, 0xA9, 0xA4, 0xAE, 0xE1, 0xC9, 0x4F, 0x36,
    0x27, 0x29, 0x3A, 0x2E, 0x2B, 0x39, 0x5A, 0xDC, 0xBF, 0xCA, 0xC7, 0xD2, 0xDB, 0x48, 0x4F, 0x75,
    0xC6, 0xD1, 0xDB, 0xCC, 0xB9, 0xB4, 0xAF, 0xA6, 0xA5, 0xB2, 0xBC, 0xAF, 0xC5, 0xC5, 0x78, 0x43,
    0xE7, 0x52, 0x3B, 0x53, 0xC9, 0xBB, 0xB1, 0xB1, 0xC0, 0xAB, 0xB3, 0x6B, 0x3F, 0x4D, 0x53, 0x5E,
    0xDC, 0xDD, 0xDA, 0xB8, 0xB5, 0xB3, 0xB6, 0xBE, 0xCD, 0xC3, 0xC5, 0xDD, 0x61, 0x4A, 0xD8, 0xC4,
    0x6C, 0xD0, 0xB8, 0xAE, 0xA8, 0xAF, 0xD1, 0x4E, 0x4F, 0x3F, 0x2F, 0x35, 0x2C, 0x22, 0x21, 0x21,
    0x25, 0x25, 0x26, 0x2C, 0x37, 0x36, 0x2B, 0x30, 0x34, 0x28, 0x27, 0x2C, 0x33, 0x35, 0x36, 0x30,
    0x39, 0x43, 0xCF, 0xBB, 0xBD, 0xBC, 0xB8, 0xBE, 0xC3, 0xBA, 0xBC, 0x4D, 0x55, 0xF5, 0x47, 0x4C,
    0xCF, 0xAF, 0xA5, 0xA2, 0xA8, 0xAD, 0xAA, 0xC0, 0xDA, 0xED, 0x4E, 0x51, 0x35, 0x2A, 0x32, 0x40,
    0xEC, 0xCA, 0xC6, 0xD6, 0xBF, 0xBE, 0xE0, 0x35, 0x43, 0x3E, 0x38, 0x43, 0x32, 0x42, 0x53, 0xCA,
    0xB0, 0xB2, 0xB9, 0xBD, 0xB2, 0xAE, 0xB2, 0xBC, 0xCC, 0xCB, 0xB6, 0xC0, 0xBF, 0xB5, 0xAD, 0x9F,
    0xA4, 0xAA, 0xAE, 0xAF, 0xAC, 0xAF, 0xD9, 0x3B, 0x3F, 0x4C, 0xEB, 0x30, 0x34, 0x6A, 0xB2, 0xBD,
    0xDD, 0x3C, 0x47, 0xD3, 0xC9, 0x7C, 0x3E, 0x3D, 0x59, 0xC3, 0xE0, 0xD3, 0xFE, 0xB6, 0xAD, 0xB0,
    0x57, 0x2E, 0x3B, 0xDF, 0x5B, 0x3A, 0x32, 0x31, 0x2B, 0x24, 0x23, 0x22, 0x2D, 0x4C, 0x4C, 0x39,
    0x2B, 0x35, 0x39, 0x34, 0x31, 0x2D, 0x2B, 0x39, 0x33, 0x34, 0x2D, 0x2D, 0x4C, 0xC3, 0xC2, 0xF4,
    0x56, 0xCE, 0xCF, 0xFD, 0x54, 0x67, 0x69, 0x48, 0xD2, 0xC1, 0xB3, 0xAA, 0xA0, 0xA3, 0xAB, 0xAA,
    0xB1, 0xCA, 0xEE, 0x58, 0x47, 0x47, 0x34, 0x35, 0x48, 0xFF, 0xE3, 0xBF, 0xBD, 0x51, 0x61, 0xFE,
    0x47, 0x46, 0x44, 0x53, 0xFF, 0xFF, 0x54, 0x41, 0x4E, 0xBF, 0xAF, 0xAA, 0xB0, 0xB6, 0xB4, 0xBB,
    0xD9, 0xDD, 0x5F, 0x4A, 0x3B, 0x37, 0x4D, 0x55, 0xB9, 0xA7, 0xAA, 0xA9, 0xAC, 0xA8, 0xA5, 0xB0,
    0xB2, 0xBA, 0xC6, 0xBD, 0xEF, 0x44, 0x5C, 0xCE, 0xAF, 0xAE, 0xD1, 0xC6, 0xC3, 0x6E, 0x3F, 0x45,
    0xFC, 0x5F, 0x4E, 0x4E, 0x37, 0x45, 0xDB, 0xB9, 0xC3, 0xC4, 0x4A, 0x2F, 0x34, 0x2A, 0x2A, 0x36,
    0x49, 0x5E, 0x33, 0x24, 0x22, 0x2B, 0x40, 0xDB, 0xDB, 0x52, 0x5C, 0x4C, 0x3C, 0x35, 0x3B, 0x40,
    0x52, 0x4B, 0x2F, 0x29, 0x30, 0x57, 0xEB, 0xC6, 0xD3, 0xED, 0xEC, 0x43, 0x31, 0x31, 0x3E, 0x51,
    0x5B, 0x3A, 0x33, 0x46, 0xBB, 0xB5, 0xBE, 0xB6, 0xAB, 0xA8, 0xAF, 0x5D, 0x3E, 0x3E, 0xEF, 0xBF,
    0x6F, 0x3E, 0x49, 0xBE, 0xAC, 0xA9, 0xB9, 0xD2, 0xB0, 0xBE, 0xD5, 0x48, 0x3A, 0x37, 0x4A, 0x37,
    0x2C, 0x2F, 0x4C, 0xBC, 0xB9, 0xC9, 0xE0, 0xBB, 0xB7, 0xC3, 0x62, 0xF7, 0xC5, 0xC5, 0xC8, 0xE7,
    0x3A, 0x49, 0xBC, 0xAB, 0xA3, 0xB2, 0xAE, 0xAD, 0xBE, 0xE3, 0x54, 0xCF, 0xB4, 0xBB, 0xCB, 0xEF,
    0x42, 0xF3, 0xB5, 0xAF, 0xB6, 0xBC, 0xB2, 0xB9, 0xCC, 0x67, 0x53, 0x6F, 0xD7, 0xBC, 0x60, 0x41,
    0x51, 0x67, 0xC9, 0xCA, 0xC7, 0x51, 0x3C, 0x2E, 0x2D, 0x2B, 0x2F, 0x2D, 0x2B, 0x25, 0x1E, 0x20,
    0x26, 0x38, 0x4D, 0x4B, 0x53, 0x50, 0x5A, 0x37, 0x48, 0x4D, 0x58, 0x49, 0x4E, 0x3B, 0x43, 0x7C,
    0xEE, 0xF9, 0xDA, 0xC2, 0xC7, 0x78, 0x48, 0x38, 0x3F, 0x41, 0x3B, 0x31, 0x49, 0x5D, 0xE8, 0xC5,
    0xB0, 0xAD, 0xAC, 0xA5, 0xB8, 0x60, 0x49, 0x4B, 0xD0, 0xEB, 0x4D, 0x3D, 0x44, 0x4B, 0x4D, 0x6D,
    0xC8, 0xB8, 0xB4, 0xAE, 0xC4, 0x4B, 0x45, 0xE3, 0xDB, 0xEA, 0x63, 0x6B, 0xDC, 0xCC, 0xC4, 0xC4,
    0xC7, 0xB7, 0xB6, 0xC9, 0x45, 0x38, 0x45, 0xB9, 0xC6, 0x3D, 0x45, 0x5B, 0xC9, 0xBD, 0xBF, 0xB1,
    0xAB, 0xA5, 0xAE, 0xFA, 0x3E, 0x44, 0xDE, 0xC5, 0xC6, 0xC9, 0x4B, 0x78, 0xBD, 0xB3, 0xB7, 0xAB,
    0xA4, 0xAA, 0xBE, 0x60, 0x48, 0xBE, 0xC3, 0xCE, 0x57, 0x36, 0x3C, 0x45, 0x5D, 0x57, 0xDA, 0xDE,
    0x56, 0x3E, 0x2B, 0x21, 0x2D, 0x32, 0x34, 0x33, 0x26, 0x29, 0x2F, 0x31, 0x31, 0x39, 0xCD, 0xBC,
    0xDB, 0x3D, 0x2B, 0x2B, 0x2F, 0x34, 0x41, 0x3F, 0x47, 0x6C, 0xD8, 0xDA, 0xC5, 0xB8, 0xA9, 0xAE,
    0xC0, 0x47, 0x44, 0x4A, 0x63, 0x5B, 0x46, 0x5A, 0xC6, 0xC9, 0xCC, 0x3F, 0xDB, 0xB8, 0xBF, 0x6F,
    0x38, 0x2F, 0x47, 0x4E, 0x62, 0x62, 0x66, 0x65, 0xCD, 0xC9, 0x72, 0x64, 0xBF, 0xB8, 0xBB, 0xD2,
    0x5F, 0x3F, 0xDD, 0xCA, 0x73, 0x5D, 0x5F, 0xCA, 0xC1, 0xD3, 0xE3, 0xB4, 0xAD, 0xAF, 0xC2, 0x5F,
    0x4A, 0x3C, 0xF7, 0xC5, 0xC9, 0xD8, 0xCC, 0xBF, 0xC8, 0xE6, 0xE7, 0xB6, 0xB1, 0xB8, 0xC8, 0x67,
    0x54, 0x67, 0xC6, 0xBC, 0xB0, 0xAF, 0xC2, 0xED, 0x7E, 0xBE, 0xAE, 0xAA, 0xB2, 0xBE, 0xD5, 0x46,
    0x3C, 0x41, 0x47, 0x4D, 0x5C, 0xD6, 0xCC, 0x5A, 0x42, 0x5A, 0xEE, 0x4F, 0x3D, 0x33, 0x2A, 0x2A,
    0x25, 0x2A, 0x2D, 0x2E, 0x2C, 0x27, 0x29, 0x2A, 0x36, 0x6A, 0xD3, 0x63, 0x41, 0x3B, 0x2F, 0x2D,
    0x37, 0x45, 0xCB, 0xBE, 0xBA, 0xFC, 0x40, 0x3F, 0xC7, 0xBC, 0xBE, 0xD2, 0x61, 0x65, 0x38, 0x3A,
    0xE0, 0xB9, 0xA7, 0xAA, 0xB0, 0xBD, 0xC5, 0xC2, 0xBB, 0xD0, 0xE5, 0x43, 0x39, 0x3A, 0x2F, 0x36,
    0x3A, 0xCF, 0xB9, 0xC5, 0xE3, 0x3C, 0xEA, 0xAD, 0xAD, 0xBC, 0xDB, 0xDD, 0x4D, 0x3E, 0x43, 0x6D,
    0xC3, 0xAE, 0xB5, 0xC7, 0x5D, 0xF6, 0xBC, 0xAF, 0xAF, 0xB7, 0xC2, 0xE9, 0x3D, 0x36, 0x42, 0xEF,
    0xB6, 0xB3, 0xB6, 0x4A, 0x4E, 0xBF, 0xB8, 0xB9, 0xBD, 0xCE, 0x4B, 0x35, 0x30, 0x36, 0x46, 0xBF,
    0xB9, 0xC4, 0xF0, 0x4F, 0xD3, 0xBA, 0xB6, 0xAE, 0xB3, 0xCD, 0x3F, 0x32, 0x2F, 0x3D, 0xBE, 0xAF,
    0xB4, 0xD5, 0x5A, 0x69, 0xBE, 0xB5, 0xBA, 0xB6, 0xB7, 0x54, 0x36, 0x34, 0x3C, 0x5C, 0xAE, 0xAF,
    0xC3, 0x56, 0x4F, 0x6A, 0xBF, 0xB7, 0xBA, 0xCE, 0x4B, 0x2D, 0x2E, 0x32, 0x52, 0xB9, 0xAF, 0xBF,
    0xDB, 0x40, 0x64, 0xC1, 0xB0, 0xB1, 0xB6, 0xBF, 0x58, 0x35, 0x36, 0x3E, 0xC8, 0xB0, 0xB2, 0xB9,
    0x52, 0x73, 0xDE, 0xC9, 0xB6, 0xB0, 0xB9, 0x4F, 0x34, 0x2E, 0x36, 0xEF, 0xB6, 0xB2, 0xC4, 0x69,
    0x4D, 0x42, 0x64, 0xCA, 0xB4, 0xB6, 0x62, 0x33, 0x2E, 0x34, 0x4D, 0xC9, 0xB0, 0xB4, 0xD5, 0x76,
    0xD9, 0xCD, 0xBA, 0xB1, 0xAC, 0xBD, 0x35, 0x30, 0x33, 0x4C, 0xBA, 0xB2, 0xC1, 0xF9, 0x7B, 0x6D,
    0x48, 0x50, 0xC2, 0xB9, 0xBA, 0x53, 0x2D, 0x32, 0x3D, 0xC3, 0xB4, 0xB7, 0xE3, 0xFA, 0x53, 0x49,
    0x46, 0xFE, 0xBC, 0xAF, 0xCC, 0x2F, 0x27, 0x2F, 0x4C, 0xAE, 0xAC, 0xBB, 0xD7, 0xCD, 0xDC, 0xEA,
    0x5B, 0xB8, 0xAD, 0xB9, 0x46, 0x2E, 0x2C, 0x48, 0xBE, 0xAE, 0xBB, 0x6D, 0xCD, 0xEE, 0x4A, 0x5B,
    0xCD, 0xB5, 0xB7, 0x47, 0x2D, 0x26, 0x2B, 0xCA, 0xAE, 0xC2, 0xD8, 0xE6, 0xC8, 0xEC, 0x48, 0x68,
    0xBC, 0xAE, 0xCC, 0x3E, 0x36, 0x33, 0x68, 0xAF, 0xAD, 0xD7, 0xD6, 0xD4, 0xD1, 0xC9, 0x5E, 0xC0,
    0xAB, 0xBB, 0x3C, 0x2A, 0x2D, 0x43, 0xBC, 0xB0, 0xB0, 0xCD, 0x62, 0x39, 0x3B, 0x47, 0xD4, 0xB3,
    0xB4, 0x63, 0x3B, 0x32, 0x3D, 0xD2, 0xB1, 0xB9, 0xFE, 0xDA, 0x6C, 0x4B, 0x38, 0x44, 0xB3, 0xB5,
    0xE0, 0x38, 0x34, 0x37, 0xD7, 0xB1, 0xB1, 0xBB, 0xCE, 0xE4, 0x56, 0x49, 0xDA, 0xB9, 0xAD, 0xBA,
    0x3D, 0x2D, 0x2E, 0x4E, 0xB8, 0xB6, 0xC9, 0xCC, 0xDF, 0x45, 0x33, 0x35, 0xD8, 0xBA, 0xC4, 0x3F,
    0x30, 0x2D, 0x3C, 0xC1, 0xB7, 0xB9, 0xBB, 0xBC, 0x7D, 0x41, 0x41, 0x5E, 0xBD, 0xBD, 0xD9, 0x42,
    0x38, 0x40, 0xCE, 0xB3, 0xB8, 0xBD, 0xBC, 0xC5, 0x51, 0x36, 0x34, 0xC4, 0xB8, 0x69, 0x2E, 0x29,
    0x24, 0x2E, 0x4A, 0xF0, 0xD7, 0xB6, 0xB9, 0x69, 0x4A, 0x42, 0xCC, 0xAC, 0xAD, 0xBB, 0x58, 0x45,
    0xB9, 0xAB, 0xB3, 0xAE, 0xAF, 0x9F, 0x3C, 0x38, 0xC4, 0xB6, 0x38, 0x32, 0x26, 0x1D, 0x1D, 0x1F,
    0x26, 0x27, 0x22, 0x28, 0x29, 0x21, 0x1E, 0x1E, 0x1D, 0x28, 0x3C, 0x2F, 0x2D, 0x2E, 0x45, 0xC1,
    0xB6, 0xBC, 0xB2, 0xA6, 0xA4, 0xB8, 0x61, 0x69, 0xCE, 0xDF, 0xC3, 0x50, 0x3D, 0x58, 0xC6, 0xBD,
    0xB8, 0xB7, 0xA8, 0xA7, 0xBB, 0x73, 0x59, 0xBD, 0xA9, 0xA2, 0xAD, 0xC3, 0xC9, 0xAE, 0xA7, 0xAD,
    0xAA, 0xA4, 0x9E, 0xA0, 0xBD, 0x56, 0xCD, 0xC0, 0xCD, 0x55, 0x2D, 0x22, 0x26, 0x32, 0x3A, 0x2B,
    0x32, 0x3B, 0x39, 0x27, 0x1E, 0x1C, 0x28, 0x2E, 0x32, 0x27, 0x22, 0x27, 0x37, 0x3B, 0x32, 0x32,
    0x4B, 0x7C, 0x3A, 0x25, 0x1F, 0x20, 0x27, 0x33, 0x2B, 0x2A, 0x26, 0x2D, 0x5A, 0x49, 0x34, 0xDB,
    0xBC, 0xCE, 0x4A, 0x36, 0x45, 0xC7, 0xBA, 0xBC, 0xD4, 0xE0, 0xB9, 0xAF, 0xB2, 0xB8, 0xAF, 0xA4,
    0xA6, 0xB1, 0xBC, 0xB8, 0xB7, 0xB4, 0xD1, 0x66, 0x5F, 0x66, 0xBE, 0xB4, 0xDD, 0xF0, 0xB3, 0xAC,
    0xBD, 0x5C, 0x57, 0xCA, 0xB8, 0xB3, 0xB1, 0xBD, 0xBE, 0xAF, 0xAE, 0xAF, 0xBE, 0xAC, 0xA0, 0xA8,
    0xC0, 0x4F, 0x3D, 0x4C, 0x7D, 0x60, 0x3E, 0x40, 0x4E, 0xE7, 0x43, 0x33, 0x4B, 0xC8, 0xBE, 0x4C,
    0x2E, 0x2F, 0x42, 0x7E, 0x5B, 0x47, 0x43, 0x6F, 0xCA, 0xDA, 0x48, 0x3D, 0xC9, 0xB7, 0xDF, 0x39,
    0x2D, 0x33, 0x30, 0x28, 0x28, 0x27, 0x26, 0x2F, 0x2D, 0x1F, 0x1F, 0x27, 0x34, 0x32, 0x25, 0x1E,
    0x23, 0x2F, 0x30, 0x2B, 0x31, 0x35, 0x6C, 0xE7, 0xDC, 0x3A, 0x58, 0xBD, 0xBB, 0x68, 0x39, 0x2C,
    0x3A, 0x3D, 0x3D, 0x3E, 0x48, 0xC5, 0xBB, 0x6B, 0x49, 0xDD, 0xAF, 0xA9, 0xC8, 0x4B, 0x5F, 0xCD,
    0xBB, 0xBC, 0xB8, 0xB0, 0xA8, 0xA2, 0xA6, 0xB7, 0xB7, 0xA7, 0xA1, 0xA4, 0xB1, 0xBE, 0xAF, 0xB2,
    0xDB, 0x47, 0x58, 0xCC, 0xB4, 0xE5, 0x38, 0x32, 0x4B, 0xBF, 0xC4, 0x5F, 0x4A, 0xDA, 0xB3, 0xB8,
    0xD9, 0xC7, 0xAD, 0xA2, 0xA2, 0xAB, 0xBD, 0xAA, 0xA4, 0xA5, 0xB7, 0x68, 0x41, 0x5C, 0x55, 0x3E,
    0x35, 0x47, 0xC0, 0xB3, 0xEB, 0x3D, 0x3F, 0xBE, 0xB0, 0xE5, 0x3B, 0x2F, 0x3A, 0x4A, 0x36, 0x31,
    0x47, 0xCB, 0xB5, 0xC8, 0x38, 0x30, 0x3F, 0xDE, 0xE8, 0x36, 0x2F, 0x36, 0x30, 0x2C, 0x20, 0x1D,
    0x29, 0x36, 0x28, 0x1E, 0x1A, 0x1F, 0x2C, 0x2D, 0x28, 0x22, 0x24, 0x29, 0x2B, 0x28, 0x29, 0x34,
    0xCA, 0xB1, 0xE3, 0x3D, 0x45, 0xD0, 0xC7, 0xFF, 0x38, 0x2E, 0x2F, 0x2D, 0x2E, 0x2D, 0x36, 0xC9,
    0xB1, 0xBE, 0x42, 0x48, 0xC9, 0xBE, 0xC4, 0xCA, 0xD1, 0xBC, 0xBD, 0xBF, 0xC5, 0xC2, 0xAD, 0x9E,
    0xA1, 0xB1, 0xB6, 0xAF, 0xA9, 0xAD, 0xB4, 0xB6, 0xB1, 0xC2, 0xE5, 0x3E, 0x35, 0xCF, 0xBC, 0xBE,
    0x5B, 0x33, 0x53, 0xC9, 0xCE, 0x74, 0x5E, 0xD1, 0xC3, 0xC5, 0xD7, 0xE8, 0xBB, 0x9F, 0x9D, 0xA6,
    0xB0, 0xB5, 0xAA, 0xA7, 0xAD, 0xBF, 0xC5, 0xBA, 0xBD, 0xD1, 0x53, 0xCD, 0xAD, 0xA4, 0xA8, 0xC9,
    0x67, 0xCE, 0xC5, 0xC3, 0xC6, 0xCF, 0xBE, 0xC8, 0x61, 0x41, 0x40, 0xC2, 0xAB, 0xAE, 0xD9, 0x52,
    0x59, 0xDC, 0x67, 0x78, 0x6A, 0xE6, 0x3E, 0x2D, 0x22, 0x1C, 0x24, 0x2D, 0x3A, 0x2A, 0x1F, 0x28,
    0x2C, 0x2D, 0x2B, 0x2C, 0x32, 0x36, 0x31, 0x2A, 0x27, 0x38, 0xBA, 0xAF, 0xBC, 0xDD, 0x5B, 0xC7,
    0xC9, 0x45, 0x32, 0x3A, 0x43, 0x3D, 0x32, 0x2C, 0x3D, 0xC5, 0xAF, 0xB4, 0x4C, 0x3D, 0x4A, 0x4B,
    0x41, 0x38, 0x64, 0xC7, 0xD5, 0x4A, 0x38, 0x41, 0xB1, 0xA5, 0xA7, 0xB4, 0xD9, 0xD3, 0xC2, 0xCF,
    0xE7, 0xC4, 0xB2, 0xBC, 0x4C, 0x2D, 0x25, 0x2C, 0x5B, 0xD1, 0x41, 0x32, 0x34, 0x3B, 0x3B, 0x30,
    0x34, 0xCC, 0xC3, 0xDE, 0x3E, 0x35, 0xDD, 0xAC, 0xA7, 0xAD, 0xC3, 0xC8, 0xB6, 0xB4, 0xDB, 0x3F,
    0x5A, 0xC5, 0xC0, 0xE9, 0x59, 0xFE, 0xB3, 0xA7, 0xAD, 0xBB, 0xC5, 0xC8, 0xBF, 0xC9, 0xDC, 0xBD,
    0xB6, 0xB0, 0xC0, 0x4B, 0xE6, 0xAE, 0xA4, 0xA6, 0xB1, 0xC1, 0xC7, 0xC7, 0x75, 0x5A, 0x7B, 0xCB,
    0xD7, 0x3C, 0x2B, 0x1E, 0x23, 0x3B, 0x43, 0x37, 0x32, 0x2F, 0x2D, 0x2B, 0x2A, 0x38, 0x4E, 0x50,
    0x3F, 0x33, 0x2D, 0x4C, 0xB5, 0xAB, 0xB6, 0xCF, 0xD6, 0x6F, 0x48, 0x2E, 0x2D, 0x46, 0x5B, 0x55,
    0x3C, 0x33, 0x40, 0xC6, 0xB8, 0xBB, 0xC0, 0xD0, 0xD6, 0x59, 0x39, 0x49, 0xDD, 0xBE, 0xBE, 0xC5,
    0x58, 0xCD, 0xB1, 0xA9, 0xAB, 0xC1, 0xBE, 0xC1, 0xDC, 0x47, 0x3B, 0xDB, 0xBB, 0xC9, 0x4C, 0x39,
    0x24, 0x2E, 0x41, 0x56, 0x63, 0x4D, 0x49, 0x42, 0x31, 0x32, 0x4B, 0xC5, 0xB9, 0xC1, 0x44, 0x3C,
    0xD7, 0xAF, 0xA4, 0xAD, 0xB2, 0xB7, 0xC3, 0x6B, 0x32, 0x39, 0xE3, 0xCA, 0xCC, 0xFD, 0x49, 0x7B,
    0xB6, 0xAE, 0xB2, 0xB7, 0xB8, 0xBF, 0x7C, 0x45, 0x5A, 0xC1, 0xAF, 0xAF, 0xBF, 0xDC, 0xCD, 0xB4,
    0xAA, 0xAD, 0xAF, 0xAE, 0xB4, 0xC4, 0x56, 0x3F, 0xD4, 0xB5, 0xBB, 0x48, 0x2A, 0x28, 0x28, 0x2F,
    0x39, 0x36, 0x3B, 0x45, 0x37, 0x2C, 0x2A, 0x2E, 0x43, 0xFB, 0xED, 0x3D, 0x3E, 0x5B, 0xBA, 0xB1,
    0xBB, 0xBB, 0xB7, 0xC3, 0x41, 0x2A, 0x2F, 0x45, 0xD6, 0xD1, 0x45, 0x3B, 0x69, 0xC7, 0xC3, 0xC4,
    0xC6, 0xC9, 0xCA, 0x4A, 0x36, 0x35, 0x4E, 0xC1, 0xBD, 0xE1, 0x4B, 0x49, 0xC8, 0xBC, 0xCD, 0xD5,
    0xC5, 0xC9, 0x68, 0x34, 0x2D, 0x3A, 0xE8, 0xCC, 0x3B, 0x25, 0x25, 0x2A, 0x29, 0x2C, 0x2A, 0x2C,
    0x36, 0x30, 0x2C, 0x28, 0x29, 0x37, 0x6B, 0xD7, 0x6B, 0x4E, 0xE7, 0xB8, 0xAD, 0xB0, 0xB3, 0xAD,
    0xB9, 0x4F, 0x36, 0x39, 0x4A, 0xDD, 0xCA, 0xED, 0x4F, 0x6A, 0xCC, 0xBD, 0xCA, 0xCD, 0xB9, 0xBE,
    0xDD, 0x5A, 0x5B, 0xDE, 0xC0, 0xB1, 0xAF, 0xBA, 0xBF, 0xB0, 0xAB, 0xAE, 0xAE, 0xAE, 0xAE, 0xB6,
    0xCC, 0xDA, 0xCB, 0xBD, 0xBF, 0x4E, 0x3D, 0x4D, 0x6F, 0x50, 0x4C, 0x46, 0xE2, 0xD6, 0x61, 0x44,
    0x3D, 0x45, 0x6E, 0xC2, 0xBC, 0xBC, 0xB8, 0xB5, 0xAE, 0xAF, 0xB2, 0xAF, 0xAB, 0xB7, 0x5C, 0x3D,
    0x3A, 0x45, 0x74, 0xCE, 0xCF, 0xC5, 0xC7, 0xBD, 0xBB, 0xE2, 0xE2, 0xBC, 0xBD, 0xCA, 0x53, 0x4D,
    0x64, 0xE7, 0xD3, 0xC9, 0xC0, 0xB7, 0xB5, 0xB8, 0xC5, 0xDB, 0xD1, 0xBD, 0xD3, 0x46, 0x3E, 0x3D,
    0x45, 0x38, 0x2A, 0x25, 0x29, 0x31, 0x2F, 0x2C, 0x27, 0x2E, 0x30, 0x2E, 0x2D, 0x2A, 0x2F, 0x34,
    0x3B, 0x3E, 0x44, 0x48, 0x69, 0xD5, 0xD3, 0xF5, 0x74, 0xBE, 0xDA, 0x3B, 0x34, 0x34, 0x3A, 0x3E,
    0x47, 0x5B, 0xDF, 0xCC, 0xC7, 0xC1, 0x67, 0x57, 0x5E, 0xE7, 0xFB, 0x49, 0x42, 0x3C, 0x41, 0x4A,
    0x56, 0xEE, 0xC0, 0xB5, 0xB2, 0xBD, 0xE1, 0xCF, 0xBE, 0xC2, 0xF2, 0x5E, 0xF3, 0x49, 0x43, 0x39,
    0x39, 0x4F, 0xC6, 0xC7, 0x51, 0x3C, 0x44, 0x65, 0xE2, 0x67, 0x4E, 0x5E, 0xE4, 0xDA, 0xCD, 0xCD,
    0xBD, 0xAC, 0xA7, 0xA8, 0xAE, 0xB6, 0xAD, 0xB9, 0xCC, 0xFF, 0x5B, 0x5B, 0xE5, 0xDA, 0xD8, 0xC7,
    0xB8, 0xAE, 0xA9, 0xB5, 0xC1, 0xC9, 0xBE, 0xC1, 0xD9, 0xE7, 0x66, 0x5B, 0x64, 0x53, 0x5D, 0xBF,
    0xB4, 0xB1, 0xB1, 0xD3, 0xE7, 0xE0, 0xD3, 0xD3, 0x50, 0x44, 0x2F, 0x2E, 0x2B, 0x27, 0x2C, 0x3D,
    0x4D, 0x3C, 0x2D, 0x2A, 0x2E, 0x2F, 0x2F, 0x35, 0x39, 0x3A, 0x35, 0x38, 0x37, 0x4F, 0xBF, 0xB2,
    0xB0, 0xB7, 0xC1, 0xC4, 0x6B, 0x56, 0x57, 0xD6, 0x68, 0x54, 0x4D, 0x50, 0xCE, 0xB8, 0xAF, 0xAC,
    0xB4, 0xBE, 0xC0, 0xC0, 0xCD, 0xDA, 0xCA, 0xC6, 0xCE, 0xF6, 0x4D, 0x6C, 0xBA, 0xAD, 0xAC, 0xAE,
    0xBD, 0xBB, 0xC0, 0xCE, 0xFD, 0x6B, 0x44, 0x3C, 0x38, 0x2D, 0x27, 0x34, 0x68, 0x70, 0x3C, 0x2C,
    0x2B, 0x32, 0x2D, 0x2A, 0x2D, 0x34, 0x3A, 0x3A, 0x33, 0x2C, 0x3A, 0xD5, 0xB4, 0xB3, 0xBF, 0xD0,
    0xEC, 0x49, 0x3E, 0x3D, 0x6C, 0xDF, 0xFA, 0x4E, 0x3E, 0x47, 0xC8, 0xAF, 0xAB, 0xAF, 0xC0, 0xC3,
    0xBE, 0xC6, 0xD7, 0xC8, 0xBD, 0xC1, 0xC9, 0xE8, 0xDC, 0xBE, 0xAC, 0xA6, 0xA7, 0xAF, 0xB2, 0xB4,
    0xB9, 0xCD, 0xE8, 0x65, 0x63, 0x5B, 0x3E, 0x2F, 0x3C, 0x7C, 0xC1, 0xD6, 0x43, 0x3A, 0x41, 0x3D,
    0x36, 0x36, 0x4C, 0x64, 0x6D, 0x48, 0x3D, 0x4D, 0xCC, 0xB3, 0xAD, 0xB6, 0xC1, 0x54, 0x41, 0x3D,
    0x37, 0x5B, 0xDF, 0xDB, 0x5D, 0x43, 0x44, 0xD0, 0xB6, 0xAD, 0xAF, 0xBE, 0xBE, 0xC9, 0xD7, 0x6F,
    0x7B, 0xC5, 0xC8, 0xDC, 0x4F, 0x4B, 0xD6, 0xB2, 0xAB, 0xAD, 0xB5, 0xC1, 0xC4, 0xD8, 0x47, 0x38,
    0x41, 0x53, 0x44, 0x2F, 0x29, 0x2F, 0x41, 0xD3, 0xBF, 0x3F, 0x38, 0x38, 0x34, 0x2D, 0x2B, 0x3A,
    0x4D, 0x53, 0x42, 0x38, 0x39, 0x5D, 0xC4, 0xB7, 0xB9, 0xD0, 0x45, 0x3A, 0x36, 0x33, 0x3F, 0x53,
    0x53, 0x50, 0x40, 0x43, 0x6F, 0xC2, 0xB7, 0xB6, 0xC2, 0xCB, 0xEC, 0x50, 0x4E, 0x53, 0xD3, 0xCC,
    0x75, 0x4E, 0x51, 0xCD, 0xB6, 0xAD, 0xAD, 0xB0, 0xB9, 0xBE, 0xD8, 0x3C, 0x3B, 0x54, 0xEA, 0x67,
    0x3E, 0x2E, 0x3B, 0x62, 0xC4, 0xB9, 0x5F, 0x50, 0x45, 0x3C, 0x38, 0x36, 0x55, 0xE5, 0xDA, 0x6D,
    0x4C, 0x6A, 0xBB, 0xB1, 0xAE, 0xAE, 0xBA, 0xC4, 0xF5, 0x56, 0x4D, 0x6C, 0xBF, 0xBF, 0xCD, 0x61,
    0xEF, 0xBD, 0xAE, 0xAF, 0xB1, 0xB3, 0xB3, 0xBB, 0xDC, 0x59, 0x4E, 0xCE, 0xC1, 0xCE, 0x57, 0x4E,
    0xCF, 0xB6, 0xAE, 0xAF, 0xB8, 0xB7, 0xBE, 0x41, 0x30, 0x33, 0x3F, 0x57, 0x55, 0x3B, 0x2C, 0x2E,
    0x4A, 0x7C, 0xE7, 0x58, 0x3C, 0x36, 0x31, 0x2B, 0x29, 0x35, 0x3F, 0x49, 0x42, 0x36, 0x3A, 0xFB,
    0xC5, 0xBD, 0xC2, 0x5A, 0x73, 0x4F, 0x3E, 0x3A, 0x3D, 0xFE, 0xCE, 0xF8, 0x4E, 0x4E, 0xE6, 0xBC,
    0xB9, 0xBB, 0xBA, 0xBD, 0xC5, 0x50, 0x40, 0x42, 0x4F, 0xEC, 0xDD, 0x52, 0x49, 0xDD, 0xBC, 0xB2,
    0xB3, 0xBA, 0xB5, 0xBC, 0x41, 0x30, 0x2F, 0x40, 0x58, 0x55, 0x4B, 0x3C, 0x35, 0x74, 0xC9, 0xC5,
    0xC5, 0xF1, 0x4F, 0x44, 0x34, 0x32, 0x3E, 0x64, 0xE0, 0xFD, 0x4D, 0x64, 0xC3, 0xB3, 0xB3, 0xBF,
    0xD5, 0xDB, 0xF6, 0x4E, 0x42, 0x49, 0xE4, 0xCB, 0xCF, 0x7E, 0x5F, 0xCD, 0xB6, 0xB1, 0xB4, 0xB7,
    0xB6, 0xB7, 0xD4, 0x47, 0x4B, 0x6A, 0xCE, 0xC8, 0xE2, 0xDB, 0xC5, 0xB7, 0xAF, 0xB2, 0xB6, 0xB5,
    0xC1, 0x4B, 0x37, 0x2F, 0x3D, 0x48, 0x4D, 0x50, 0x3F, 0x37, 0x4B, 0x76, 0x6C, 0x65, 0xE7, 0x43,
    0x38, 0x2D, 0x2C, 0x2F, 0x3B, 0x48, 0x42, 0x4B, 0x7B, 0xC9, 0xBA, 0xB9, 0xD7, 0x67, 0x68, 0x6C,
    0x4E, 0x3E, 0x4A, 0x64, 0xE2, 0xED, 0x69, 0xD9, 0xC0, 0xB7, 0xB5, 0xB8, 0xBD, 0xB9, 0xB9, 0xCF,
    0x4C, 0x47, 0xF8, 0xCA, 0xDE, 0x63, 0xE2, 0xC0, 0xB1, 0xB1, 0xB5, 0xB8, 0xBA, 0xCF, 0x5B, 0x3C,
    0x35, 0x46, 0x59, 0x5B, 0x4D, 0x4A, 0x43, 0xE7, 0xCD, 0xDA, 0x6D, 0xDB, 0xEA, 0x3D, 0x35, 0x2F,
    0x30, 0x43, 0x45, 0x3D, 0x43, 0x6A, 0xC4, 0xB7, 0xB8, 0xF0, 0x4B, 0x58, 0xEF, 0x55, 0x3B, 0x3B,
    0x53, 0xE3, 0x5F, 0x46, 0x58, 0xC1, 0xB5, 0xB7, 0xC2, 0xD3, 0xC5, 0xBD, 0xCF, 0x4B, 0x3B, 0x47,
    0x5B, 0x4E, 0x43, 0x48, 0xDF, 0xB4, 0xB4, 0xBD, 0xC7, 0x6A, 0x4E, 0x55, 0x3D, 0x37, 0x3D, 0x4C,
    0x58, 0x47, 0x49, 0x41, 0xF4, 0xBD, 0xC9, 0x67, 0x6D, 0xE7, 0x45, 0x3B, 0x33, 0x37, 0x42, 0x4C,
    0x48, 0x4A, 0xED, 0xBC, 0xAE, 0xB1, 0xCE, 0x4C, 0x51, 0xDE, 0xE5, 0x59, 0x59, 0xF7, 0xD6, 0xF9,
    0x72, 0xCC, 0xB1, 0xAA, 0xAA, 0xB5, 0xBB, 0xB6, 0xB6, 0xBC, 0xCD, 0xD3, 0xCC, 0xCD, 0xDF, 0x67,
    0xDB, 0xBD, 0xAA, 0xA9, 0xB2, 0xC6, 0x4F, 0x5F, 0x63, 0x46, 0x41, 0x45, 0x49, 0x4F, 0x3E, 0x41,
    0x4B, 0x56, 0xC2, 0xD6, 0x4B, 0x4C, 0x52, 0x3D, 0x30, 0x2E, 0x35, 0x3B, 0x3B, 0x3B, 0x39, 0x45,
    0xCC, 0xB4, 0xB7, 0x69, 0x3E, 0x42, 0x4F, 0x49, 0x45, 0x46, 0x5C, 0x5F, 0x47, 0x46, 0x5D, 0xC5,
    0xAF, 0xAF, 0xBE, 0xD0, 0xCE, 0xCF, 0xD9, 0x66, 0x58, 0x61, 0x5D, 0x4E, 0x42, 0x60, 0xCD, 0xAF,
    0xAC, 0xB5, 0x53, 0x3F, 0x4D, 0x4F, 0x4F, 0x4D, 0x4F, 0x5A, 0x48, 0x3F, 0x49, 0x5B, 0xE8, 0xBB,
    0xBE, 0xEA, 0x63, 0x5B, 0x45, 0x35, 0x34, 0x3F, 0x4A, 0x3F, 0x38, 0x3A, 0x4F, 0xBE, 0xAE, 0xB1,
    0xD9, 0x47, 0x4F, 0x4C, 0x4D, 0x4B, 0x5F, 0xCA, 0xD0, 0x4B, 0x4B, 0xF7, 0xBE, 0xAB, 0xAB, 0xB3,
    0xBE, 0xC1, 0xBF, 0xC9, 0xDB, 0xD7, 0xC7, 0xC7, 0xDF, 0x45, 0x57, 0xCB, 0xB2, 0xAB, 0xAF, 0x55,
    0x47, 0x4D, 0x4E, 0x4D, 0x4C, 0x70, 0xCF, 0x5C, 0x43, 0x45, 0x49, 0x6B, 0xC4, 0xC4, 0xE4, 0x50,
    0x50, 0x4E, 0x32, 0x30, 0x38, 0x42, 0x4D, 0x38, 0x36, 0x40, 0xCC, 0xB2, 0xBB, 0x63, 0x3F, 0x48,
    0x47, 0x49, 0x49, 0x59, 0xD1, 0xD0, 0x53, 0x43, 0x54, 0xC7, 0xAC, 0xA9, 0xAE, 0xBE, 0xDA, 0xCB,
    0xD2, 0xD3, 0xD3, 0xCE, 0xC8, 0xED, 0x46, 0x4B, 0xD0, 0xB4, 0xAB, 0xBA, 0x67, 0x47, 0x43, 0x4A,
    0x49, 0x51, 0x72, 0xDC, 0x4D, 0x3D, 0x3D, 0x41, 0x6B, 0xC3, 0xC8, 0xE8, 0x43, 0x42, 0x40, 0x35,
    0x2E, 0x35, 0x3C, 0x3C, 0x31, 0x30, 0x3C, 0xE5, 0xB9, 0xCA, 0x50, 0x3E, 0x3D, 0x3D, 0x3D, 0x44,
    0x5A, 0xDE, 0xE9, 0x50, 0x41, 0x56, 0xC6, 0xAD, 0xAA, 0xAF, 0xC1, 0xD2, 0xCD, 0xEF, 0xE7, 0xD4,
    0xC1, 0xBF, 0xF0, 0x4D, 0x58, 0xC5, 0xAF, 0xB4, 0xBF, 0xDF, 0x71, 0x79, 0x5F, 0x66, 0x71, 0xCC,
    0xC5, 0xCB, 0x51, 0x48, 0x60, 0xC7, 0xB6, 0xBD, 0xEC, 0x4E, 0x6A, 0x53, 0x3F, 0x35, 0x3C, 0x48,
    0x3E, 0x37, 0x36, 0x41, 0xD6, 0xBD, 0xD1, 0x57, 0x48, 0x43, 0x45, 0x42, 0x4A, 0x68, 0xDA, 0xE9,
    0x50, 0x47, 0x52, 0xBB, 0xAC, 0xAA, 0xB6, 0xD8, 0xCE, 0xD3, 0xDB, 0xDB, 0xD0, 0xC6, 0xCD, 0x55,
    0x49, 0x56, 0xD5, 0xB6, 0xBA, 0xC7, 0x74, 0x53, 0x60, 0x4F, 0x5B, 0xF3, 0xC8, 0xBF, 0xDF, 0x4B,
    0x49, 0x61, 0xD3, 0xBC, 0xBE, 0x7A, 0x57, 0x5A, 0x4E, 0x48, 0x39, 0x3D, 0x4E, 0x3D, 0x36, 0x38,
    0x43, 0xCF, 0xD4, 0xDF, 0x53, 0x44, 0x49, 0x45, 0x41, 0x44, 0x6B, 0xD4, 0xD2, 0x50, 0x49, 0x5B,
    0xBD, 0xAC, 0xAC, 0xB9, 0xCF, 0xD1, 0xDF, 0xE7, 0xE7, 0xE7, 0xC2, 0xCA, 0x71, 0x4C, 0x4F, 0x69,
    0xC1, 0xBB, 0xC6, 0x6E, 0x4E, 0xF2, 0x59, 0x54, 0x6E, 0xCD, 0xBF, 0xE2, 0x4E, 0x4B, 0xD4, 0xC5,
    0xBE, 0xC0, 0x60, 0x5D, 0x5C, 0x56, 0x51, 0x3C, 0x38, 0x46, 0x3F, 0x38, 0x38, 0x41, 0xDE, 0xD9,
    0xDF, 0x4B, 0x3B, 0x48, 0x45, 0x49, 0x4C, 0x58, 0xDF, 0xD4, 0x5F, 0x4F, 0x69, 0xC3, 0xAE, 0xAC,
    0xB5, 0xCF, 0xDC, 0xDC, 0xFB, 0xDB, 0xE4, 0xD2, 0xD0, 0xE6, 0x62, 0x5B, 0x4B, 0xD9, 0xBF, 0xC4,
    0xF2, 0x5C, 0xF4, 0x64, 0x69, 0xE8, 0xD4, 0xC8, 0xE5, 0x67, 0x67, 0xCC, 0xC5, 0xBE, 0xC1, 0x73,
    0x56, 0x5B, 0x58, 0x5A, 0x4D, 0x3B, 0x3C, 0x3C, 0x3A, 0x3B, 0x44, 0x6B, 0x6D, 0x6C, 0x4E, 0x3E,
    0x4D, 0x49, 0x4B, 0x4D, 0x52, 0xEE, 0xE7, 0x61, 0x5B, 0xF2, 0xC2, 0xB2, 0xAE, 0xB8, 0xC9, 0xD2,
    0xCF, 0xE3, 0xD7, 0xE5, 0xDD, 0xDB, 0x7E, 0x6D, 0x5F, 0x4C, 0xDA, 0xC6, 0xC8, 0x67, 0xE7, 0xE0,
    0xF2, 0xF9, 0xDA, 0xDB, 0xD6, 0xED, 0xFD, 0xE0, 0xCC, 0xB8, 0xC0, 0xD2, 0x5B, 0x4E, 0x67, 0x67,
    0x67, 0x59, 0x43, 0x37, 0x37, 0x37, 0x3B, 0x4B, 0x5A, 0x5D, 0x5E, 0x41, 0x3C, 0x45, 0x4A, 0x54,
    0x78, 0x55, 0x6C, 0x5B, 0x5B, 0x64, 0xEC, 0xC5, 0xB3, 0xAE, 0xB8, 0xCE, 0xE0, 0xCF, 0xDA, 0xCF,
    0xD3, 0xDE, 0xE9, 0x5B, 0x57, 0x4B, 0x4B, 0xD8, 0xC2, 0xC6, 0x65, 0xE5, 0xD7, 0xDA, 0xE3, 0xD6,
    0xDB, 0xDB, 0xEF, 0x69, 0xE7, 0xCE, 0xB6, 0xC0, 0xD4, 0x5D, 0x42, 0xFF, 0xEF, 0xFC, 0x69, 0x49,
    0x38, 0x33, 0x34, 0x38, 0x44, 0x4D, 0x62, 0x62, 0x40, 0x38, 0x41, 0x55, 0x6A, 0xE8, 0x5E, 0x5F,
    0x52, 0x4D, 0x60, 0x7D, 0xC3, 0xB1, 0xAE, 0xB8, 0xEB, 0x67, 0xC9, 0xC9, 0xC9, 0xCE, 0xEE, 0x6B,
    0x53, 0x57, 0x66, 0xCF, 0xB9, 0xAF, 0xB3, 0xD1, 0xFF, 0xDE, 0xCE, 0xC8, 0xC8, 0xDC, 0x70, 0x56,
    0x4E, 0x63, 0xE8, 0xB9, 0xB0, 0xB1, 0xBD, 0x5D, 0xDB, 0xD2, 0xCA, 0xC9, 0xCC, 0xEB, 0x5B, 0x53,
    0x57, 0xE9, 0xC5, 0xB1, 0xAF, 0xBE, 0xF3, 0x5A, 0xDB, 0xD1, 0xC2, 0xCE, 0xF1, 0x57, 0x49, 0x52,
    0x6F, 0xC9, 0xB6, 0xB0, 0xB7, 0xE0, 0x56, 0xDE, 0xD1, 0xC8, 0xC2, 0xD6, 0x5F, 0x48, 0x46, 0x5B,
    0xCD, 0xB9, 0xB0, 0xB2, 0xC8, 0x5B, 0x6B, 0xDB, 0xCE, 0xC0, 0xC8, 0x7D, 0x4B, 0x42, 0x4D, 0xDA,
    0xBC, 0xB1, 0xB0, 0xBE, 0x5A, 0x65, 0xE7, 0xD3, 0xC8, 0xC9, 0xD9, 0x4E, 0x42, 0x48, 0x6F, 0xC3,
    0xB2, 0xAF, 0xBD, 0xFC, 0x4A, 0xF4, 0xD2, 0xC1, 0xC5, 0xD8, 0x5A, 0x41, 0x45, 0x57, 0xCC, 0xB7,
    0xB0, 0xB2, 0xDE, 0x4E, 0x54, 0xDD, 0xCB, 0xBF, 0xCC, 0x5F, 0x45, 0x3F, 0x4E, 0xD7, 0xBB, 0xB0,
    0xB3, 0xC3, 0x4C, 0x53, 0xF9, 0xCE, 0xC0, 0xC4, 0xE5, 0x43, 0x3F, 0x47, 0xF1, 0xBE, 0xB1, 0xB1,
    0xC2, 0x4E, 0x4B, 0x63, 0xD9, 0xC7, 0xC5, 0xD9, 0x4C, 0x3C, 0x40, 0x5A, 0xC6, 0xB4, 0xAF, 0xB9,
    0x6D, 0x42, 0x4E, 0xF4, 0xC8, 0xC6, 0xD2, 0x64, 0x40, 0x3F, 0x4F, 0xD5, 0xB9, 0xB1, 0xB2, 0xD8,
    0x4F, 0x4A, 0x66, 0xD1, 0xC5, 0xC9, 0x6A, 0x45, 0x3D, 0x43, 0xE9, 0xBC, 0xB3, 0xB3, 0xC1, 0x48,
    0x4E, 0x5E, 0xD7, 0xC6, 0xC8, 0xE0, 0x45, 0x3C, 0x3E, 0x54, 0xC5, 0xB2, 0xAF, 0xC1, 0x51, 0x3F,
    0x4F, 0x7B, 0xC9, 0xC5, 0xD5, 0x4D, 0x3B, 0x3E, 0x4B, 0xCD, 0xB6, 0xAF, 0xB8, 0x67, 0x3F, 0x49,
    0x70, 0xCB, 0xC4, 0xCD, 0x64, 0x3F, 0x3D, 0x47, 0xF3, 0xBC, 0xB1, 0xB3, 0xCE, 0x47, 0x3F, 0x54,
    0xD7, 0xC0, 0xC8, 0x78, 0x42, 0x3D, 0x44, 0x6A, 0xC0, 0xB5, 0xB3, 0xC4, 0x49, 0x40, 0x48, 0x7A,
    0xCA, 0xC8, 0xDC, 0x48, 0x3D, 0x44, 0x5C, 0xC9, 0xB7, 0xB1, 0xC0, 0x5D, 0x3E, 0x44, 0x67, 0xCB,
    0xC5, 0xDA, 0x4D, 0x3B, 0x3E, 0x50, 0xD3, 0xBB, 0xB2, 0xB8, 0x6A, 0x44, 0x42, 0x51, 0xD8, 0xC0,
    0xC7, 0x57, 0x3C, 0x3A, 0x49, 0xD6, 0xBD, 0xB3, 0xB7, 0xD0, 0x48, 0x41, 0x48, 0xDD, 0xC5, 0xC6,
    0xE2, 0x44, 0x3B, 0x41, 0x68, 0xC6, 0xB4, 0xB2, 0xCD, 0x3C, 0x2E, 0x30, 0x3B, 0x66, 0x3F, 0x39,
    0x2F, 0x2A, 0x2B, 0x3D, 0xB9, 0xB4, 0x65, 0xB5, 0xAC, 0x47, 0x2A, 0xAC, 0x5B, 0x3F, 0x70, 0xB8,
    0x4D, 0x31, 0xC9, 0xF5, 0xE8, 0xA1, 0xA3, 0x3B, 0x2A, 0xC6, 0xD2, 0x23, 0x26, 0xCA, 0x4A, 0x26,
    0x21, 0x20, 0x23, 0x44, 0xAF, 0xD3, 0x2A, 0x2B, 0x42, 0x50, 0xC6, 0xCA, 0xC2, 0xB5, 0xB8, 0xCF,
    0xC8, 0xBB, 0xB2, 0xB7, 0xE2, 0x44, 0x53, 0x33, 0x24, 0x27, 0xCF, 0x67, 0xCA, 0x2B, 0x2D, 0x2D,
    0x45, 0xEA, 0xBB, 0xB2, 0xC3, 0x42, 0x36, 0x67, 0x4A, 0xCC, 0x39, 0xC5, 0x2B, 0x6D, 0xC3, 0x3F,
    0xDD, 0xB0, 0xAC, 0xC1, 0x56, 0x73, 0x53, 0xB7, 0xE4, 0x41, 0xDF, 0x3B, 0x2B, 0x30, 0x32, 0x4F,
    0xCE, 0xE9, 0x4B, 0x2E, 0x28, 0x29, 0x30, 0x36, 0x38, 0x40, 0x36, 0x2E, 0x2F, 0x24, 0x31, 0x38,
    0x36, 0x2E, 0x2A, 0x20, 0x19, 0x27, 0x2D, 0x24, 0x28, 0x33, 0x2F, 0x24, 0x2B, 0x40, 0x71, 0xD6,
    0xBB, 0xCB, 0x3F, 0x3F, 0x4A, 0xE6, 0xC0, 0xB1, 0xBD, 0x57, 0xD9, 0xB8, 0xB8, 0xB0, 0xAB, 0xA6,
    0xAA, 0xAD, 0xB2, 0xB9, 0xAC, 0xA4, 0xAB, 0xA4, 0xAA, 0xB0, 0xB5, 0xAA, 0xA4, 0x9F, 0xA0, 0x9F,
    0xA9, 0xB7, 0xBF, 0xB4, 0xAC, 0xAE, 0xAF, 0xBE, 0xCE, 0xC5, 0xBC, 0xB6, 0xCD, 0xC7, 0xC1, 0x5A,
    0x2C, 0x28, 0x2A, 0x2F, 0x3C, 0x3E, 0x3C, 0x2A, 0x27, 0x2E, 0x33, 0x51, 0x4C, 0x42, 0x3A, 0x2C,
    0x28, 0x25, 0x29, 0x2E, 0x34, 0x2C, 0x2A, 0x26, 0x25, 0x2D, 0x37, 0x3E, 0x47, 0x36, 0x2D, 0x2C,
    0x2E, 0x2C, 0x31, 0x48, 0x4E, 0x34, 0x2C, 0x34, 0x3D, 0x52, 0x55, 0x7C, 0x58, 0x47, 0x3C, 0x36,
    0x3E, 0x41, 0x46, 0x49, 0x3B, 0x3A, 0x34, 0x33, 0x51, 0x47, 0x49, 0x45, 0x3F, 0x2D, 0x2F, 0x35,
    0x3A, 0x42, 0x74, 0x70, 0x34, 0x39, 0x59, 0xDB, 0xC3, 0xBB, 0xB3, 0xBB, 0xC4, 0xC7, 0xC3, 0xBC,
    0xAF, 0xAD, 0xB3, 0xB7, 0xBA, 0xBA, 0xAD, 0xA9, 0xA4, 0xA3, 0xAB, 0xAE, 0xAE, 0xB0, 0xAF, 0xAE,
    0xA8, 0xA8, 0xB3, 0xBA, 0xB8, 0xAC, 0xA6, 0xA4, 0xA1, 0xA3, 0xAC, 0xAD, 0xB4, 0xB3, 0xAF, 0xAA,
    0xAB, 0xB0, 0xC1, 0xD1, 0xB8, 0xAD, 0xAE, 0xB5, 0xC3, 0x6C, 0x37, 0x30, 0x2E, 0x30, 0x37, 0x42,
    0x3C, 0x2F, 0x2A, 0x2E, 0x3F, 0x3E, 0x47, 0x49, 0x32, 0x23, 0x22, 0x23, 0x25, 0x2C, 0x31, 0x2C,
    0x23, 0x24, 0x27, 0x2B, 0x2D, 0x40, 0x33, 0x30, 0x29, 0x28, 0x25, 0x2A, 0x35, 0x3C, 0x34, 0x2E,
    0x2C, 0x2B, 0x32, 0x4F, 0x47, 0x4F, 0x70, 0x45, 0x2F, 0x33, 0x3A, 0x3F, 0x4D, 0x58, 0x3E, 0x31,
    0x37, 0x43, 0x53, 0x5A, 0x4A, 0x42, 0x32, 0x2E, 0x2F, 0x36, 0x3F, 0x58, 0xDF, 0x4B, 0x37, 0x34,
    0x4B, 0xC9, 0xD2, 0xC2, 0xB9, 0xC6, 0x7A, 0x54, 0xD9, 0xC4, 0xB7, 0xAF, 0xB6, 0xCE, 0xE4, 0xBB,
    0xAF, 0xAA, 0xAB, 0xA8, 0xAC, 0xAF, 0xBD, 0xB1, 0xAE, 0xAC, 0xA4, 0xA8, 0xAE, 0xB5, 0xB0, 0xA6,
    0xA3, 0xA3, 0xA3, 0xA6, 0xAC, 0xAF, 0xB2, 0xAE, 0xAA, 0xA5, 0xA6, 0xB0, 0xC0, 0xBE, 0xB2, 0xA9,
    0xA7, 0xA9, 0xB5, 0xCE, 0x4E, 0x38, 0x38, 0x3D, 0x4F, 0xF2, 0x46, 0x34, 0x2E, 0x39, 0x5B, 0x56,
    0xDB, 0x5A, 0x34, 0x29, 0x26, 0x28, 0x2D, 0x36, 0x41, 0x3D, 0x2D, 0x28, 0x2D, 0x3A, 0x43, 0x3F,
    0x53, 0x3F, 0x37, 0x2E, 0x2E, 0x3A, 0x3E, 0x6D, 0x58, 0x3B, 0x2D, 0x32, 0x55, 0xE8, 0xCF, 0xC9,
    0xDB, 0x4A, 0x3C, 0x42, 0x43, 0x5F, 0xD5, 0xCF, 0x4A, 0x36, 0x37, 0x4C, 0xC8, 0x7D, 0x5B, 0x44,
    0x36, 0x2B, 0x2D, 0x3A, 0x3E, 0x6B, 0xFA, 0x50, 0x34, 0x2E, 0x45, 0xCF, 0xD1, 0xD5, 0xC6, 0x6D,
    0x3E, 0x3D, 0x48, 0xE2, 0xC1, 0xB8, 0xC1, 0xF6, 0x4C, 0x5C, 0xBF, 0xB6, 0xB7, 0xB5, 0xBA, 0xC3,
    0x5B, 0x4C, 0xCB, 0xB7, 0xB1, 0xB8, 0xCA, 0x67, 0xEE, 0xBA, 0xB1, 0xAE, 0xAD, 0xB0, 0xBD, 0xEE,
    0xCD, 0xB7, 0xB8, 0xB3, 0xB0, 0xC4, 0x64, 0xF0, 0xBA, 0xAC, 0xAC, 0xA5, 0xAF, 0xE5, 0x3B, 0x43,
    0x4D, 0x46, 0x57, 0x4E, 0x3A, 0x2F, 0x2F, 0x3E, 0x6F, 0xCD, 0x4D, 0x3C, 0x33, 0x2A, 0x29, 0x2A,
    0x37, 0x4A, 0x6C, 0x45, 0x31, 0x2E, 0x3A, 0xF9, 0xD4, 0xC7, 0xCC, 0x73, 0x40, 0x34, 0x36, 0x47,
    0xDE, 0xCD, 0xF0, 0x3E, 0x3B, 0x52, 0xCB, 0xBF, 0xBF, 0xB3, 0xBE, 0x4F, 0x3B, 0x40, 0x7E, 0xCA,
    0xBC, 0xBF, 0x5D, 0x3E, 0x48, 0xCD, 0xCA, 0x6E, 0x53, 0x48, 0x39, 0x30, 0x2F, 0x38, 0x4A, 0xEC,
    0xCB, 0x4B, 0x33, 0x38, 0x55, 0xCA, 0xCA, 0xBF, 0xC3, 0x6A, 0x41, 0x3E, 0x56, 0xE8, 0xBC, 0xB7,
    0xC4, 0x68, 0x4B, 0xCC, 0xB3, 0xB6, 0xB4, 0xB3, 0xBE, 0xDB, 0x69, 0xCF, 0xBC, 0xB4, 0xAE, 0xB4,
    0xC7, 0xD8, 0xBA, 0xAD, 0xAB, 0xAC, 0xAB, 0xB0, 0xBE, 0xCE, 0xD3, 0xBF, 0xB8, 0xAD, 0xAF, 0xC1,
    0x61, 0xD5, 0xB5, 0xB2, 0xAD, 0xAE, 0xBB, 0x6B, 0x39, 0x3A, 0x45, 0x40, 0x3D, 0x43, 0x33, 0x2A,
    0x30, 0x4B, 0x53, 0x3C, 0x3D, 0x38, 0x2E, 0x29, 0x2A, 0x30, 0x37, 0x46, 0x53, 0x43, 0x30, 0x32,
    0x55, 0xDB, 0xCE, 0xD8, 0xD3, 0x6B, 0x49, 0x3F, 0x43, 0x64, 0xD7, 0xC5, 0xED, 0x54, 0x4F, 0xCE,
    0xB7, 0xB7, 0xB7, 0xB9, 0xCA, 0x6B, 0xFC, 0xD3, 0xD7, 0xBD, 0xB4, 0xB9, 0xDF, 0x4D, 0xDC, 0xB7,
    0xC9, 0xEE, 0x70, 0x45, 0x33, 0x32, 0x34, 0x3B, 0x4D, 0xD7, 0xF6, 0x3F, 0x38, 0x40, 0x56, 0xC6,
    0xCF, 0xCE, 0x71, 0x52, 0x37, 0x32, 0x3C, 0x4F, 0xF1, 0xF6, 0x5E, 0x3D, 0x3E, 0xDC, 0xC1, 0xC6,
    0xCD, 0xCD, 0x67, 0x3F, 0x41, 0x4D, 0x6C, 0xCF, 0xBF, 0xEB, 0x45, 0x49, 0xD2, 0xBD, 0xBC, 0xB9,
    0xBD, 0xD0, 0x5E, 0x4F, 0xFD, 0xE0, 0xC5, 0xBE, 0xC0, 0xF6, 0x4F, 0xD0, 0xB9, 0xB0, 0xB8, 0xB7,
    0xBD, 0x5D, 0x36, 0x35, 0x3F, 0x3F, 0x3E, 0x38, 0x30, 0x2C, 0x2F, 0x3C, 0x37, 0x39, 0x38, 0x37,
    0x2E, 0x2A, 0x2B, 0x2F, 0x39, 0x4A, 0x5B, 0x3F, 0x34, 0x42, 0xF1, 0xC9, 0xC5, 0xC1, 0xC1, 0xCD,
    0x6A, 0x6A, 0xDC, 0xC7, 0xBB, 0xB1, 0xB8, 0xBF, 0xC1, 0xAE, 0xA8, 0xA9, 0xA7, 0xA7, 0xAA, 0xB6,
    0xBC, 0xB6, 0xB0, 0xAE, 0xAB, 0xAC, 0xBA, 0xBB, 0xB2, 0xB2, 0xBF, 0xC1, 0xCC, 0xDE, 0x52, 0x40,
    0x3C, 0x43, 0x51, 0xCF, 0xD3, 0x52, 0x3D, 0x52, 0xC0, 0xBE, 0xBE, 0xC5, 0xD1, 0xE3, 0x4D, 0x43,
    0x4F, 0x5D, 0xE0, 0xC6, 0x6B, 0x41, 0x4C, 0xCF, 0xBF, 0xC5, 0xCA, 0xCE, 0x5D, 0x4E, 0x3D, 0x4A,
    0x47, 0x5A, 0xE2, 0xDD, 0x4E, 0x49, 0xCC, 0xBD, 0xBC, 0xC7, 0xCF, 0xDE, 0x46, 0x3B, 0x44, 0x4B,
    0x4D, 0xFF, 0xCF, 0x48, 0x41, 0x5D, 0xC0, 0xBE, 0xCD, 0xCC, 0xDF, 0x49, 0x31, 0x2F, 0x33, 0x33,
    0x30, 0x2C, 0x29, 0x21, 0x20, 0x27, 0x2B, 0x2D, 0x2C, 0x2A, 0x26, 0x23, 0x23, 0x28, 0x2C, 0x2E,
    0x36, 0x32, 0x2D, 0x2F, 0x49, 0xCF, 0xE1, 0xEC, 0xDD, 0x69, 0x4B, 0x4C, 0x77, 0xDC, 0xCB, 0xBD,
    0xBE, 0xD0, 0xCD, 0xB2, 0xAB, 0xA9, 0xA8, 0xAB, 0xAC, 0xB0, 0xB4, 0xB6, 0xAF, 0xAF, 0xAC, 0xAA,
    0xAE, 0xB4, 0xBA, 0xB4, 0xB5, 0xB9, 0xC1, 0xC9, 0xD1, 0x65, 0x54, 0x72, 0xDE, 0xD2, 0xC9, 0xCD,
    0x5D, 0xE2, 0xBF, 0xB6, 0xBA, 0xBF, 0xCF, 0xDA, 0x5E, 0x4B, 0x49, 0x63, 0xE0, 0xD4, 0xFE, 0x4E,
    0x48, 0xDC, 0xBC, 0xC0, 0xD6, 0x76, 0x57, 0x4E, 0x3F, 0x49, 0x54, 0x5F, 0x78, 0xD3, 0x4B, 0x4C,
    0xD6, 0xBB, 0xB9, 0xBD, 0xCA, 0xDD, 0x6C, 0x54, 0x5B, 0xE1, 0xD3, 0xCA, 0xC2, 0xC4, 0xE4, 0xD4,
    0xB5, 0xAF, 0xB1, 0xB7, 0xC0, 0xD3, 0x43, 0x3A, 0x41, 0x4D, 0x44, 0x37, 0x2E, 0x23, 0x26, 0x2E,
    0x3D, 0x3A, 0x3A, 0x34, 0x2F, 0x2D, 0x2D, 0x2C, 0x32, 0x38, 0x3D, 0x39, 0x34, 0x32, 0x4D, 0xD3,
    0xCD, 0xDF, 0x4E, 0x48, 0x41, 0x3D, 0x3C, 0x3F, 0x53, 0x4F, 0x5E, 0x3F, 0x3E, 0x56, 0xC1, 0xBD,
    0xBF, 0xD6, 0xEB, 0x5C, 0x53, 0x4D, 0xEA, 0xDF, 0xC5, 0xC1, 0xC5, 0x4C, 0x42, 0xE9, 0xCD, 0xCF,
    0xE9, 0x55, 0x59, 0x4C, 0x42, 0x4C, 0xF0, 0xD7, 0xC7, 0xD2, 0xFF, 0xE8, 0xBD, 0xAF, 0xB2, 0xB5,
    0xBD, 0xCD, 0xDF, 0x76, 0xDA, 0xCC, 0xBF, 0xBD, 0xBC, 0xC1, 0xCC, 0xB4, 0xAD, 0xAB, 0xAF, 0xB8,
    0xBE, 0xC6, 0xD0, 0xD7, 0xC0, 0xBA, 0xB8, 0xB8, 0xC3, 0xCD, 0xBE, 0xAD, 0xAD, 0xAF, 0xB6, 0xC1,
    0xCA, 0xE8, 0xFF, 0xCD, 0xBD, 0xC1, 0xC5, 0xC6, 0xF3, 0xD0, 0xB7, 0xAF, 0xB4, 0xBA, 0xC5, 0xE1,
    0x3C, 0x38, 0x36, 0x47, 0x41, 0x31, 0x24, 0x1F, 0x21, 0x2B, 0x38, 0x37, 0x38, 0x32, 0x2B, 0x2B,
    0x29, 0x29, 0x2F, 0x3A, 0x3A, 0x38, 0x31, 0x32, 0x43, 0xDE, 0xC9, 0xDA, 0x5B, 0x4D, 0x45, 0x3E,
    0x3E, 0x4E, 0x5D, 0x7E, 0xE6, 0x6C, 0x47, 0xEF, 0xB3, 0xB4, 0xB7, 0xBD, 0xCD, 0xD3, 0xEC, 0x67,
    0xDE, 0xCC, 0xC9, 0xC9, 0xCE, 0x3A, 0x3A, 0x56, 0xC7, 0xDE, 0xF5, 0x45, 0x3F, 0x3C, 0x37, 0x38,
    0x44, 0x53, 0x79, 0xEF, 0x44, 0x3D, 0xE2, 0xBB, 0xBC, 0xC0, 0xD9, 0x7B, 0x5B, 0x47, 0x47, 0x5F,
    0xCD, 0xCA, 0xBF, 0xE9, 0xEF, 0xC4, 0xAD, 0xAC, 0xAE, 0xBB, 0xC2, 0xCE, 0xD8, 0xE6, 0xC9, 0xBE,
    0xBC, 0xB4, 0xB9, 0xCF, 0xBE, 0xAB, 0xAA, 0xAB, 0xB1, 0xBB, 0xBE, 0xC9, 0xCF, 0xCE, 0xBE, 0xBB,
    0xB5, 0xB8, 0xC7, 0xC6, 0xAF, 0xA7, 0xAA, 0xAF, 0xB7, 0xC5, 0x5A, 0x3B, 0x3A, 0x45, 0x3D, 0x32,
    0x2C, 0x23, 0x21, 0x2D, 0x3C, 0x45, 0x38, 0x2F, 0x2D, 0x2D, 0x29, 0x2A, 0x2E, 0x31, 0x34, 0x3B,
    0x32, 0x2F, 0x3E, 0xCC, 0xC9, 0xD5, 0x59, 0x42, 0x48, 0x3F, 0x35, 0x3D, 0x4B, 0x5D, 0xEF, 0xDC,
    0x49, 0xD8, 0xB6, 0xAF, 0xB4, 0xBB, 0xCA, 0xCA, 0xD8, 0xF4, 0x69, 0xD0, 0xD2, 0xC5, 0xDF, 0x43,
    0x3D, 0xD8, 0xBD, 0xC8, 0x77, 0x52, 0x49, 0x4D, 0x3A, 0x3C, 0x42, 0x4F, 0x64, 0xEC, 0x46, 0x4D,
    0xCE, 0xBB, 0xBB, 0xC1, 0x7D, 0x63, 0x5B, 0x49, 0x42, 0x4F, 0x5D, 0xE7, 0xD4, 0xDC, 0x60, 0xC9,
    0xB0, 0xAF, 0xB5, 0xBD, 0xC9, 0xC1, 0xD9, 0x68, 0xD7, 0xC5, 0xC2, 0xB8, 0xBE, 0xC7, 0xB8, 0xAC,
    0xA8, 0xAC, 0xB4, 0xBB, 0xBC, 0xBF, 0xD1, 0xF9, 0xCE, 0xC2, 0xBD, 0xBE, 0xCD, 0xC1, 0xB1, 0xAB,
    0xAE, 0xB9, 0xCC, 0xD3, 0x52, 0x36, 0x31, 0x2E, 0x2C, 0x2E, 0x2E, 0x23, 0x24, 0x2D, 0x38, 0x36,
    0x33, 0x2B, 0x2D, 0x2F, 0x2D, 0x29, 0x2E, 0x31, 0x39, 0x3E, 0x3E, 0x38, 0x5E, 0xC8, 0xC0, 0xD9,
    0x64, 0x4A, 0x58, 0x43, 0x3A, 0x3B, 0x45, 0x48, 0x65, 0x53, 0x5B, 0xCD, 0xB4, 0xAF, 0xB4, 0xC2,
    0xC8, 0xC9, 0xBF, 0xFC, 0xFA, 0xD6, 0xC6, 0xC8, 0x7D, 0x3F, 0x59, 0xBE, 0xB8, 0xBB, 0xC5, 0x62,
    0x62, 0x7A, 0x4A, 0x44, 0x4A, 0x55, 0xE9, 0xD3, 0x7C, 0x72, 0xC0, 0xB2, 0xB7, 0xBC, 0xD3, 0xEF,
    0xDF, 0x72, 0x4D, 0x58, 0x67, 0xE8, 0xC9, 0xC9, 0xD0, 0xBA, 0xB0, 0xAE, 0xB2, 0xBA, 0xCD, 0xC4,
    0xCA, 0xE0, 0x70, 0xDC, 0xCF, 0xBF, 0xBF, 0xC0, 0xBB, 0xAF, 0xAC, 0xAE, 0xB9, 0xC9, 0xCC, 0xC3,
    0xDD, 0x67, 0xEA, 0xDB, 0xC7, 0xBF, 0xCC, 0xC1, 0xB2, 0xAC, 0xAE, 0xB7, 0xD3, 0xD3, 0x56, 0x37,
    0x2A, 0x24, 0x25, 0x28, 0x2C, 0x29, 0x22, 0x28, 0x31, 0x30, 0x2C, 0x28, 0x24, 0x29, 0x27, 0x23,
    0x25, 0x26, 0x29, 0x2E, 0x35, 0x34, 0x3E, 0xDF, 0xC6, 0xD7, 0x4F, 0x41, 0x49, 0x4F, 0x40, 0x3D,
    0x41, 0x4E, 0xDD, 0xCB, 0xCD, 0xC6, 0xAF, 0xAB, 0xAC, 0xB3, 0xC4, 0xBE, 0xB7, 0xC3, 0xCF, 0xCF,
    0xDC, 0xEE, 0xD8, 0xE7, 0xCE, 0xB9, 0xAE, 0xB1, 0xB9, 0xE1, 0xD5, 0xC9, 0xD6, 0x54, 0x53, 0x59,
    0xD8, 0xC4, 0xBD, 0xC4, 0xB4, 0xAB, 0xAB, 0xB0, 0xBE, 0xE7, 0xC1, 0xCE, 0xF1, 0x5B, 0x61, 0x63,
    0xCD, 0xC7, 0xC5, 0xB7, 0xAC, 0xAA, 0xAF, 0xC5, 0xED, 0xD9, 0xC6, 0x5E, 0x4C, 0x4E, 0x5A, 0xED,
    0xC7, 0xCB, 0xBF, 0xAE, 0xAC, 0xAE, 0xBB, 0x6B, 0xD2, 0xC4, 0xD3, 0x56, 0x4D, 0x56, 0xE7, 0xCB,
    0xC6, 0xBD, 0xB0, 0xAA, 0xAD, 0xBA, 0xE2, 0x5A, 0x4E, 0x2F, 0x24, 0x23, 0x25, 0x28, 0x2E, 0x32,
    0x30, 0x33, 0x37, 0x3A, 0x32, 0x29, 0x26, 0x2D, 0x2D, 0x29, 0x26, 0x27, 0x2A, 0x30, 0x36, 0x3C,
    0x52, 0xCA, 0xC2, 0xCD, 0x4E, 0x3D, 0x46, 0xE8, 0x45, 0x3B, 0x3D, 0x46, 0x70, 0xD3, 0xCF, 0xBC,
    0xAE, 0xAB, 0xAC, 0xB3, 0xD4, 0xC3, 0xBA, 0xBD, 0xD7, 0x71, 0x4B, 0x48, 0x53, 0x6D, 0xE0, 0xBC,
    0xAF, 0xB1, 0xBD, 0xDF, 0x4A, 0xD6, 0xE3, 0x4C, 0x3F, 0x44, 0x55, 0xDA, 0xD3, 0xCC, 0xB7, 0xAD,
    0xAC, 0xB0, 0xCB, 0x5F, 0xDB, 0xCD, 0x6E, 0x45, 0x41, 0x4C, 0x6E, 0xD3, 0xC5, 0xB9, 0xAB, 0xA9,
    0xAD, 0xBB, 0x66, 0xF5, 0xBF, 0xD5, 0x58, 0x49, 0x4E, 0xEA, 0xCD, 0xC5, 0xB6, 0xAC, 0xA8, 0xAA,
    0xB2, 0xE3, 0xE5, 0xC6, 0xBE, 0xE7, 0x56, 0x4E, 0x6F, 0xD3, 0xC4, 0xBC, 0xAC, 0xA7, 0xA8, 0xAF,
    0xC9, 0x3B, 0x45, 0x3B, 0x2C, 0x26, 0x25, 0x29, 0x32, 0x39, 0x3D, 0x52, 0x5A, 0x4F, 0x46, 0x2F,
    0x29, 0x2B, 0x34, 0x2D, 0x29, 0x27, 0x29, 0x2E, 0x38, 0x3E, 0x6E, 0xBE, 0xB7, 0xBF, 0xDB, 0x3A,
    0x3B, 0x4E, 0x47, 0x39, 0x31, 0x36, 0x3F, 0x50, 0x77, 0xC6, 0xB3, 0xAB, 0xAE, 0xBA, 0xDE, 0x5A,
    0xCE, 0xC5, 0x6B, 0x3D, 0x33, 0x31, 0x3D, 0x49, 0x6F, 0xBC, 0xB2, 0xB6, 0xC0, 0x53, 0x3D, 0x56,
    0x5F, 0x49, 0x3C, 0x3A, 0x46, 0x66, 0xE2, 0xC5, 0xB7, 0xAC, 0xAB, 0xAE, 0xC6, 0x63, 0xFF, 0xC8,
    0xEF, 0x4D, 0x44, 0x4E, 0xDD, 0xC5, 0xBB, 0xAE, 0xA7, 0xA6, 0xAA, 0xB4, 0xD5, 0xC3, 0xBF, 0xC5,
    0x6A, 0x49, 0x54, 0xD9, 0xC5, 0xBD, 0xB1, 0xA9, 0xA5, 0xA9, 0xB7, 0xD0, 0xE8, 0xC0, 0xD1, 0x5A,
    0x45, 0x45, 0x5F, 0xD1, 0xC3, 0xB7, 0xAB, 0xA7, 0xA9, 0xB3, 0x48, 0x3A, 0x43, 0x3F, 0x2C, 0x24,
    0x25, 0x2A, 0x2F, 0x38, 0x47, 0xDE, 0xD0, 0x55, 0x3C, 0x2E, 0x29, 0x2E, 0x34, 0x2C, 0x29, 0x28,
    0x2B, 0x31, 0x38, 0x49, 0xD9, 0xBD, 0xB9, 0xBD, 0x6F, 0x45, 0x4F, 0x59, 0x4C, 0x3A, 0x38, 0x3D,
    0x4C, 0x6F, 0xD6, 0xBE, 0xB0, 0xAD, 0xAF, 0xBC, 0xE7, 0xE7, 0xBF, 0xC8, 0x7B, 0x3E, 0x32, 0x39,
    0x45, 0x5D, 0xCA, 0xBA, 0xB2, 0xB3, 0xC1, 0x56, 0x4F, 0x6A, 0xDC, 0x47, 0x3B, 0x3B, 0x47, 0x63,
    0xE7, 0xC1, 0xB0, 0xAD, 0xAD, 0xB7, 0xD8, 0x4F, 0xE3, 0xDB, 0x52, 0x3C, 0x37, 0x48, 0xEC, 0xD3,
    0xBD, 0xAE, 0xA8, 0xA8, 0xAB, 0xC2, 0xE9, 0xE8, 0xC4, 0xDF, 0x44, 0x3B, 0x49, 0xED, 0xCA, 0xBF,
    0xAF, 0xA9, 0xA7, 0xAA, 0xB5, 0xF0, 0xDB, 0xC1, 0xD8, 0x49, 0x39, 0x41, 0xE6, 0xCE, 0xBD, 0xAF,
    0xA9, 0xA7, 0xAC, 0xD3, 0x3C, 0x37, 0x40, 0x43, 0x2A, 0x1F, 0x21, 0x29, 0x34, 0x3A, 0x65, 0xC4,
    0xBC, 0xE1, 0x3F, 0x2B, 0x27, 0x2E, 0x2F, 0x2A, 0x23, 0x21, 0x2B, 0x33, 0x3C, 0x53, 0xC7, 0xB6,
    0xB4, 0xBD, 0x6E, 0x42, 0x46, 0x5F, 0x3F, 0x32, 0x2E, 0x37, 0x50, 0xE2, 0xC1, 0xB2, 0xAC, 0xAA,
    0xAD, 0xBA, 0xE1, 0xDB, 0xCC, 0xCC, 0x46, 0x2D, 0x2D, 0x3A, 0x4F, 0xE3, 0xBC, 0xB0, 0xAD, 0xAE,
    0xBF, 0x68, 0x4E, 0x6F, 0x70, 0x42, 0x35, 0x33, 0x41, 0xE7, 0xDF, 0xBC, 0xAF, 0xAB, 0xAD, 0xB3,
    0xD5, 0x7E, 0xE7, 0xE9, 0x4D, 0x38, 0x33, 0x45, 0xFE, 0xC9, 0xBA, 0xAD, 0xA9, 0xA7, 0xAD, 0xBA,
    0xD7, 0xD1, 0xC5, 0x6C, 0x40, 0x38, 0x3A, 0x75, 0xD2, 0xB9, 0xAE, 0xA8, 0xA8, 0xA8, 0xB8, 0xCF,
    0xD1, 0xD1, 0xDC, 0x44, 0x36, 0x3D, 0x54, 0xD3, 0xC5, 0xB1, 0xAB, 0xAF, 0xBA, 0xD1, 0x41, 0x3E,
    0x47, 0x3F, 0x2D, 0x20, 0x1E, 0x28, 0x31, 0x3A, 0x58, 0xC4, 0xBD, 0xC9, 0x4B, 0x2E, 0x2B, 0x2D,
    0x2E, 0x2A, 0x23, 0x20, 0x27, 0x31, 0x3D, 0x57, 0xC1, 0xB6, 0xB2, 0xB7, 0xD3, 0x4E, 0x53, 0x5C,
    0x3E, 0x31, 0x2C, 0x31, 0x49, 0x67, 0xC5, 0xB3, 0xAC, 0xAB, 0xAB, 0xBD, 0xD6, 0xDD, 0xD2, 0xDE,
    0x36, 0x28, 0x2B, 0x36, 0x4D, 0x62, 0xBC, 0xB1, 0xAD, 0xAE, 0xB7, 0x7B, 0x5B, 0x72, 0x67, 0x45,
    0x30, 0x2E, 0x3E, 0x59, 0xD7, 0xBC, 0xAC, 0xAA, 0xAA, 0xAE, 0xC1, 0xFA, 0xE7, 0xDC, 0x4D, 0x36,
    0x2E, 0x34, 0x4E, 0xE8, 0xBF, 0xAE, 0xAA, 0xAA, 0xAC, 0xBB, 0xE4, 0xFF, 0xE4, 0x5C, 0x3A, 0x2D,
    0x2E, 0x3F, 0x5A, 0xC8, 0xB4, 0xAC, 0xAA, 0xAB, 0xB6, 0xCF, 0x6D, 0xEB, 0xFF, 0x3C, 0x2F, 0x2E,
    0x39, 0x58, 0xE9, 0xB7, 0xAD, 0xA9, 0xAA, 0xAD, 0xC8, 0xE0, 0xE7, 0xE7, 0x52, 0x34, 0x2D, 0x34,
    0x43, 0xEB, 0xC2, 0xAE, 0xAA, 0xA9, 0xAC, 0xB8, 0xE4, 0xEB, 0xE8, 0x5E, 0x3B, 0x2E, 0x2D, 0x3E,
    0x57, 0xCB, 0xB0, 0xAB, 0xAA, 0xAC, 0xB6, 0xD5, 0xF6, 0xF4, 0x65, 0x3E, 0x2E, 0x2C, 0x36, 0x4C,
    0xE1, 0xBA, 0xAC, 0xAA, 0xAA, 0xB0, 0xC5, 0xF8, 0xF4, 0x75, 0x43, 0x30, 0x2B, 0x2F, 0x40, 0x5B,
    0xBE, 0xAE, 0xAA, 0xAB, 0xAC, 0xBD, 0xD5, 0xFF, 0x73, 0x57, 0x35, 0x2C, 0x2E, 0x3A, 0x55, 0xD9,
    0xB0, 0xAB, 0xAA, 0xAD, 0xB4, 0xD6, 0xE2, 0x7C, 0x58, 0x3C, 0x2D, 0x2C, 0x37, 0x45, 0xE0, 0xB9,
    0xAB, 0xAA, 0xAC, 0xB2, 0xC1, 0xE2, 0xEE, 0x61, 0x42, 0x2D, 0x2A, 0x2E, 0x41, 0x5B, 0xC0, 0xAC,
    0xA9, 0xAA, 0xAE, 0xBD, 0xDB, 0xED, 0x6B, 0x4A, 0x36, 0x2B, 0x2D, 0x3A, 0x4E, 0xCE, 0xB3, 0xAA,
    0xAB, 0xAD, 0xB9, 0xCF, 0xE8, 0x69, 0x5B, 0x38, 0x2D, 0x2B, 0x32, 0x45, 0x78, 0xB7, 0xAC, 0xAA,
    0xAC, 0xAF, 0xC9, 0xDB, 0x77, 0x57, 0x43, 0x2E, 0x2A, 0x2F, 0x3C, 0x60, 0xC3, 0xAC, 0xA9, 0xAB,
    0xAF, 0xB9, 0xDB, 0xE4, 0x57, 0x45, 0x30, 0x2A, 0x2B, 0x3B, 0x4C, 0xCE, 0xAF, 0xA9, 0xAA, 0xAD,
    0xB9, 0xCE, 0xE7, 0x6C, 0x4A, 0x39, 0x2A, 0x2A, 0x32, 0x47, 0xEA, 0xB7, 0xA9, 0xA9, 0xAB, 0xB2,
    0xC5, 0xDD, 0x67, 0x54, 0x3B, 0x2E, 0x28, 0x2D, 0x3C, 0x5B, 0xBD, 0xAC, 0xA9, 0xAC, 0xAE, 0xC1,
    0xDA, 0x73, 0x4F, 0x46, 0x2E, 0x29, 0x2B, 0x35, 0x4C, 0xD1, 0xAE, 0xA9, 0xA9, 0xAE, 0xB8, 0xD3,
    0xDB, 0x5C, 0x47, 0x37, 0x2A, 0x29, 0x32, 0x3F, 0xDB, 0xB5, 0xA9, 0xA9, 0xAD, 0xB6, 0xC4, 0xDB,
    0x6C, 0x46, 0x3B, 0x2A, 0x29, 0x2D, 0x3D, 0x5A, 0xBC, 0xAB, 0xA9, 0xAB, 0xB0, 0xBD, 0xCC, 0xF6,
    0x4E, 0x3B, 0x2E, 0x28, 0x2C, 0x37, 0x4D, 0xC5, 0xAE, 0xA9, 0xAB, 0xB1, 0xBC, 0xD7, 0xFE, 0x4C,
    0x45, 0x32, 0x2B, 0x2B, 0x30, 0x42, 0x52, 0xC5, 0xB4, 0xB5, 0xBA, 0xBD, 0x6B, 0x53, 0x41, 0x39,
    0x2B, 0x25, 0x25, 0x2E, 0x38, 0x31, 0x6F, 0xA6, 0xA6, 0xA1, 0xA8, 0xB4, 0xBD, 0xC9, 0x33, 0x2F,
    0x24, 0x1D, 0x25, 0x2E, 0x3E, 0xB3, 0xA0, 0x9F, 0xA7, 0xAB, 0xB0, 0xBD, 0xCA, 0x4D, 0x3E, 0x2A,
    0x2B, 0x31, 0x3C, 0x51, 0xC7, 0xAA, 0xA1, 0xA6, 0xAE, 0xB5, 0xAE, 0xBC, 0xBF, 0xEC, 0x3B, 0x26,
    0x22, 0x20, 0x21, 0x36, 0xCF, 0xC5, 0xC5, 0x55, 0x39, 0x3E, 0x35, 0x42, 0x33, 0x2E, 0x25, 0x21,
    0x26, 0x2D, 0x39, 0x4C, 0xD9, 0xFA, 0x58, 0xE9, 0x47, 0x3E, 0x36, 0x2E, 0x2A, 0x28, 0x25, 0x26,
    0x30, 0x44, 0xC8, 0xAF, 0xAB, 0xB0, 0xB6, 0xBA, 0xBC, 0xD4, 0xC8, 0x4E, 0x3F, 0x36, 0x36, 0x3E,
    0x46, 0x5D, 0xB3, 0xA9, 0xAD, 0xAF, 0xAA, 0xA7, 0xAB, 0xBE, 0xCB, 0x39, 0x25, 0x1E, 0x1C, 0x1E,
    0x2A, 0x78, 0xAD, 0xA9, 0xAF, 0xC6, 0xD3, 0x5B, 0x45, 0x2F, 0x25, 0x22, 0x27, 0x2B, 0x34, 0x4D,
    0xB6, 0xA2, 0x9F, 0xA4, 0xA8, 0xAA, 0xAD, 0xAF, 0xCF, 0x45, 0x2C, 0x29, 0x2E, 0x3B, 0x4E, 0xC0,
    0xA8, 0xA0, 0xA6, 0xAD, 0xB0, 0xB3, 0xBD, 0xF6, 0x3D, 0x2A, 0x27, 0x28, 0x29, 0x36, 0x5E, 0xA7,
    0x9F, 0xA1, 0xAB, 0xB8, 0xBB, 0xC8, 0x61, 0x2F, 0x31, 0x2A, 0x28, 0x25, 0x27, 0x3A, 0xD2, 0xAF,
    0xA9, 0xAD, 0xC9, 0x60, 0xCF, 0xC3, 0x44, 0x26, 0x1F, 0x1E, 0x22, 0x20, 0x23, 0x2D, 0x36, 0xE9,
    0xB9, 0xCA, 0x4C, 0x46, 0x3B, 0x37, 0x26, 0x1D, 0x1D, 0x22, 0x2E, 0x2F, 0x46, 0xAF, 0x9F, 0x9F,
    0xA7, 0xAA, 0xAA, 0xB3, 0xEA, 0x5C, 0x31, 0x34, 0x2E, 0x2C, 0x39, 0x4C, 0xBA, 0x9F, 0x9D, 0xA1,
    0xA8, 0xAE, 0xBC, 0xBE, 0x56, 0x2E, 0x22, 0x1D, 0x1E, 0x20, 0x2A, 0x4D, 0xB1, 0xA1, 0xA6, 0xBA,
    0x5D, 0x6D, 0x49, 0x2D, 0x26, 0x29, 0x2C, 0x2F, 0x2F, 0x35, 0xEE, 0xAB, 0x9F, 0x9E, 0x9F, 0xA6,
    0xAE, 0xB9, 0xC3, 0x54, 0x32, 0x38, 0x38, 0x35, 0x3B, 0x6C, 0xAF, 0xA6, 0xA9, 0xAC, 0xB2, 0xB7,
    0xB9, 0xD4, 0x3F, 0x2C, 0x29, 0x34, 0x3C, 0x2F, 0x73, 0xC8, 0xAB, 0xA4, 0xA5, 0xAC, 0xB2, 0xB4,
    0xB6, 0x68, 0x3C, 0x3C, 0x2F, 0x25, 0x21, 0x20, 0x2B, 0x71, 0xB4, 0xAC, 0xA8, 0xB6, 0xB8, 0xBE,
    0x53, 0x32, 0x2A, 0x28, 0x2C, 0x24, 0x1D, 0x1F, 0x37, 0xC7, 0xBC, 0xB9, 0xD3, 0x54, 0x67, 0x4F,
    0x29, 0x1E, 0x21, 0x24, 0x22, 0x1F, 0x1F, 0x3A, 0xBD, 0xAD, 0xA5, 0xAA, 0xB1, 0xB5, 0xC4, 0x7D,
    0x4D, 0x4B, 0x58, 0x4D, 0x70, 0xE8, 0xB1, 0x9F, 0x9C, 0x9A, 0x9D, 0xA0, 0xA7, 0xAE, 0xBE, 0x42,
    0x2A, 0x21, 0x24, 0x22, 0x24, 0x23, 0x46, 0xC1, 0xAF, 0xB9, 0xC5, 0xD2, 0x4E, 0x3C, 0x30, 0x27,
    0x26, 0x2A, 0x2A, 0x38, 0x39, 0xC9, 0xAC, 0xA4, 0xA3, 0xA0, 0xA6, 0xAC, 0xB3, 0xC2, 0x71, 0x57,
    0xFF, 0x5C, 0x38, 0x36, 0xDC, 0xB0, 0xA6, 0xA2, 0xAB, 0xAC, 0xB5, 0xB8, 0xD5, 0x3A, 0x33, 0x3C,
    0x3B, 0x42, 0x35, 0x3E, 0xD9, 0xB8, 0xAC, 0xAC, 0xAB, 0xAC, 0xB9, 0xC7, 0x57, 0x39, 0x33, 0x34,
    0x2C, 0x24, 0x26, 0x34, 0xD5, 0xBC, 0xB3, 0xB8, 0xBC, 0xBC, 0x6A, 0x3B, 0x2E, 0x2B, 0x27, 0x22,
    0x1F, 0x23, 0x32, 0x46, 0x76, 0xCD, 0xC8, 0x47, 0xE3, 0x40, 0x31, 0x2A, 0x25, 0x27, 0x2F, 0x35,
    0x37, 0x3D, 0x49, 0xC0, 0xAE, 0xAA, 0xAC, 0xAC, 0xB2, 0xCD, 0x5E, 0x3F, 0x33, 0x30, 0x33, 0x3A,
    0x5B, 0xBD, 0xB0, 0xA5, 0xA7, 0xA7, 0xA2, 0xA6, 0xAE, 0xD4, 0x4B, 0x3C, 0x36, 0x2F, 0x30, 0x32,
    0x41, 0xD0, 0xC2, 0xB4, 0xC5, 0xBF, 0xBA, 0xE0, 0x32, 0x2E, 0x32, 0x2E, 0x30, 0x36, 0x35, 0xE4,
    0xC0, 0xAF, 0xBA, 0xAF, 0xAE, 0xB1, 0xB1, 0xCF, 0x41, 0x41, 0x67, 0x67, 0x5A, 0x60, 0xCF, 0xB5,
    0xAB, 0xAD, 0xAC, 0xAB, 0xA8, 0xA6, 0xAB, 0xBE, 0xF5, 0x5D, 0xEE, 0x51, 0x3C, 0x48, 0xCF, 0xB8,
    0xBE, 0xBB, 0xBE, 0xB6, 0xB6, 0xBC, 0x5E, 0x32, 0x35, 0x38, 0x2F, 0x2B, 0x2A, 0x33, 0x49, 0x37,
    0x33, 0x37, 0x4A, 0xD0, 0xE4, 0x42, 0x2F, 0x22, 0x24, 0x30, 0x2A, 0x28, 0x34, 0x5B, 0xC6, 0xD5,
    0x53, 0x45, 0xEB, 0x44, 0x54, 0x33, 0x2B, 0x2A, 0x33, 0x36, 0x2E, 0x32, 0x5E, 0xC9, 0xE6, 0x73,
    0x5A, 0xBD, 0xB7, 0xB4, 0xD3, 0x55, 0x5A, 0xD3, 0xCE, 0xF7, 0x76, 0xC5, 0xAB, 0xAE, 0xAD, 0xB8,
    0xB7, 0xB4, 0xBA, 0xDE, 0x3B, 0x31, 0x3C, 0x43, 0x58, 0x66, 0xCC, 0xBD, 0xC0, 0xC6, 0x5F, 0x4D,
    0xD6, 0xC5, 0xE6, 0x59, 0x42, 0x3B, 0x47, 0x4B, 0x5B, 0xE0, 0xBB, 0xB2, 0xB4, 0xC9, 0xD1, 0xC6,
    0xBC, 0xBB, 0xC9, 0xD0, 0x5B, 0x52, 0x67, 0xF6, 0x4E, 0xC0, 0xB9, 0xB8, 0xBB, 0xD1, 0xD2, 0xCC,
    0xD1, 0xC0, 0xDD, 0xBC, 0xC4, 0xD2, 0xC3, 0xBC, 0xB7, 0xAA, 0xA7, 0xAE, 0xC7, 0xE6, 0x63, 0xD0,
    0x53, 0x4F, 0x4A, 0x3B, 0x30, 0x2D, 0x32, 0x5B, 0x59, 0x47, 0x45, 0x3C, 0x36, 0x35, 0x3F, 0x2E,
    0x25, 0x29, 0x2E, 0x2E, 0x2A, 0x31, 0x3B, 0xD0, 0xF0, 0x57, 0x3F, 0x3B, 0x3A, 0x34, 0x34, 0x31,
    0x30, 0x3A, 0x52, 0x3F, 0x4A, 0xC3, 0xAD, 0xAB, 0xB0, 0xB8, 0xCD, 0xE1, 0x58, 0x3C, 0x34, 0x36,
    0x47, 0xDE, 0xCD, 0xD3, 0xD3, 0xAA, 0xA8, 0xAC, 0xAC, 0xB0, 0xBF, 0xC5, 0xEF, 0x2E, 0x28, 0x2E,
    0x39, 0x48, 0x3B, 0x5D, 0xB2, 0xAE, 0xB7, 0xB6, 0xC0, 0xCD, 0xDC, 0x4B, 0x32, 0x2E, 0x36, 0x4D,
    0xD3, 0xED, 0x5E, 0xD0, 0xAF, 0xAB, 0xAA, 0xB0, 0xC5, 0xCE, 0xE8, 0x3B, 0x33, 0x39, 0x3C, 0xC6,
    0xD3, 0x58, 0xBD, 0xAE, 0xA3, 0xA6, 0xAB, 0xB1, 0xB8, 0xBF, 0xDE, 0x38, 0x33, 0x44, 0x68, 0xE6,
    0xD4, 0xC7, 0xAE, 0xA7, 0xA6, 0xA8, 0xAD, 0xBB, 0xC2, 0x6F, 0x35, 0x2E, 0x2F, 0x45, 0x48, 0x3F,
    0x47, 0xD4, 0xBB, 0xBC, 0xD4, 0x51, 0x34, 0x2E, 0x29, 0x1E, 0x19, 0x19, 0x1D, 0x28, 0x2D, 0x33,
    0x4B, 0xCB, 0xBB, 0xB7, 0xBE, 0x4E, 0x3F, 0x3C, 0x2B, 0x22, 0x22, 0x26, 0x30, 0x49, 0x62, 0xC7,
    0xAE, 0xAD, 0xA9, 0xAA, 0xB4, 0xB6, 0xB9, 0xC6, 0x47, 0x30, 0x2F, 0x35, 0x49, 0xD3, 0xBB, 0xA9,
    0xA4, 0xA4, 0xA3, 0xAA, 0xB8, 0xC8, 0x4C, 0x2E, 0x24, 0x24, 0x29, 0x30, 0x3B, 0x51, 0xBA, 0xA1,
    0xA8, 0xAB, 0xB6, 0xBA, 0xC7, 0xC5, 0x4B, 0x30, 0x29, 0x29, 0x2D, 0x39, 0x4C, 0xC3, 0xA8, 0xA2,
    0xA4, 0xA3, 0xAA, 0xAE, 0xB5, 0xCF, 0x38, 0x2E, 0x2C, 0x2D, 0x32, 0x3D, 0x7B, 0xAC, 0xA3, 0xA8,
    0xAD, 0xAB, 0xAD, 0xAF, 0xB7, 0x61, 0x36, 0x30, 0x31, 0x34, 0x37, 0xEE, 0xB0, 0xA1, 0x9F, 0xA4,
    0xAE, 0xB0, 0xB3, 0xBC, 0x4F, 0x30, 0x2C, 0x2B, 0x29, 0x24, 0x2B, 0xFC, 0xB3, 0xAF, 0xB7, 0xC8,
    0x57, 0x3A, 0x37, 0x26, 0x1F, 0x1D, 0x1C, 0x1C, 0x1F, 0x1F, 0x28, 0x41, 0xBD, 0xB6, 0xBA, 0xD8,
    0xDD, 0xE7, 0xD3, 0x3B, 0x2C, 0x2C, 0x30, 0x33, 0x30, 0x35, 0x77, 0xAF, 0xA9, 0xA5, 0xAB, 0xB1,
    0xB2, 0xB4, 0xCE, 0x43, 0x3E, 0x41, 0x3F, 0x3B, 0x3E, 0xED, 0xAC, 0xA5, 0xA0, 0xA8, 0xA9, 0xB0,
    0xD5, 0x5A, 0x31, 0x29, 0x28, 0x2B, 0x2E, 0x2E, 0x2F, 0xE2, 0xB4, 0xB1, 0xAE, 0xB6, 0xB3, 0xB9,
    0xBD, 0xD2, 0x4C, 0x39, 0x34, 0x34, 0x32, 0x39, 0x6F, 0xB2, 0xA9, 0xA6, 0xA6, 0xAC, 0xAC, 0xB3,
    0xE1, 0x5B, 0x4B, 0x44, 0x41, 0x3E, 0x3D, 0x63, 0xB5, 0xAE, 0xAA, 0xA8, 0xAA, 0xAB, 0xAE, 0xBA,
    0x49, 0x47, 0x3B, 0x3E, 0x3F, 0x3C, 0x4C, 0xBA, 0xB3, 0xB3, 0xA9, 0xB0, 0xAC, 0xA7, 0xAF, 0x5C,
    0x45, 0x53, 0x45, 0x38, 0x2E, 0x2D, 0x42, 0x56, 0x37, 0x35, 0x2A, 0x2F, 0x3A, 0x3B, 0x2E, 0x22,
    0x27, 0x27, 0x26, 0x26, 0x27, 0x2E, 0x50, 0x4E, 0x49, 0x49, 0x46, 0x56, 0xC7, 0x7C, 0x3C, 0x2E,
    0x35, 0x44, 0x41, 0x3C, 0x3F, 0xED, 0xB3, 0xB2, 0xBC, 0xC4, 0xB5, 0xAB, 0xAA, 0xBF, 0xCF, 0x7E,
    0xD3, 0xC0, 0xCD, 0x70, 0xB9, 0xAC, 0xAE, 0xB5, 0xC5, 0x44, 0x6A, 0xDE, 0x48, 0x32, 0x37, 0x37,
    0x4E, 0x5D, 0x51, 0x67, 0xBB, 0xBC, 0xBE, 0xCB, 0x54, 0x5D, 0xC3, 0xD2, 0x3B, 0x42, 0x40, 0x3A,
    0x57, 0xFF, 0xDF, 0xB1, 0xAB, 0xAD, 0xB7, 0xC0, 0xD3, 0xB8, 0xC9, 0xDE, 0x54, 0x59, 0x58, 0x5F,
    0xDF, 0xCA, 0xBB, 0xAA, 0xAC, 0xAE, 0xB8, 0xC9, 0xDF, 0xC2, 0xE2, 0x44, 0x53, 0x53, 0x62, 0x4B,
    0xFF, 0xB1, 0xAA, 0xAC, 0xAE, 0xB3, 0xCD, 0xD9, 0xCF, 0x7D, 0x3B, 0x50, 0x44, 0x48, 0x40, 0x3B,
    0x4E, 0xB9, 0x53, 0x33, 0x2F, 0x2B, 0x28, 0x2D, 0x24, 0x1F, 0x1E, 0x22, 0x25, 0x2E, 0x29, 0x2C,
    0x56, 0xB8, 0xB7, 0xC7, 0x57, 0x3C, 0x41, 0x3A, 0x2A, 0x29, 0x2D, 0x3C, 0x65, 0xD7, 0x5B, 0xD3,
    0xAA, 0xAA, 0xAC, 0xB2, 0xC2, 0xC4, 0xC6, 0x46, 0x37, 0x36, 0x44, 0xD8, 0xBA, 0xBB, 0xB0, 0xA7,
    0x9E, 0xA2, 0xAF, 0xD6, 0xE1, 0xEC, 0xE8, 0x2F, 0x28, 0x2A, 0x2F, 0x3E, 0x4F, 0x7A, 0xBA, 0xAD,
    0xAA, 0xAC, 0xB3, 0xDA, 0xCF, 0xEB, 0x34, 0x28, 0x2B, 0x2B, 0x3E, 0x3F, 0xE5, 0xB3, 0xA3, 0xA3,
    0xA0, 0xA4, 0xAC, 0xB4, 0xB5, 0xD8, 0x37, 0x2C, 0x32, 0x3A, 0x4E, 0xE0, 0xB8, 0xA1, 0x9F, 0xA2,
    0xA5, 0xAA, 0xAE, 0xB4, 0xE0, 0x3C, 0x2D, 0x2D, 0x2F, 0x3D, 0x49, 0xD3, 0xAD, 0x9F, 0xA3, 0xA7,
    0xAC, 0xAD, 0xAD, 0xB6, 0x4B, 0x3B, 0x2C, 0x26, 0x24, 0x27, 0x28, 0x3C, 0x51, 0x55, 0x41, 0x3C,
    0x3B, 0x45, 0x3E, 0x2F, 0x20, 0x1E, 0x1D, 0x1E, 0x21, 0x23, 0x2E, 0xCA, 0xB5, 0xB2, 0xBB, 0xC3,
    0xCF, 0xBE, 0xDC, 0x34, 0x2B, 0x2A, 0x2E, 0x2E, 0x2E, 0x37, 0xCA, 0xAA, 0xA8, 0xA9, 0xAF, 0xB2,
    0xAF, 0xB2, 0xCB, 0x49, 0x3D, 0x49, 0x4B, 0x4D, 0x46, 0xD0, 0xAB, 0xA9, 0xAC, 0xAE, 0xB6, 0xBD,
    0xBF, 0xDD, 0x42, 0x30, 0x2F, 0x36, 0x33, 0x31, 0x49, 0xCE, 0xAE, 0xAD, 0xAE, 0xB1, 0xB2, 0xBD,
    0xEF, 0x48, 0x45, 0x38, 0x45, 0x47, 0x3A, 0x37, 0xCC, 0xBE, 0xAF, 0xAD, 0xAD, 0xAC, 0xAD, 0xBB,
    0xDB, 0x4C, 0x4D, 0x4D, 0x58, 0x3F, 0x4A, 0xC4, 0xAF, 0xB3, 0xB0, 0xAF, 0xAC, 0xA9, 0xAB, 0xCC,
    0x59, 0xDC, 0xF8, 0xE7, 0xE9, 0x45, 0xCF, 0xAF, 0xAE, 0xB3, 0xB7, 0xB7, 0xAF, 0xB1, 0xC7, 0x4D,
    0x36, 0x2F, 0x36, 0x2F, 0x26, 0x27, 0x36, 0x3C, 0x2D, 0x2C, 0x27, 0x2A, 0x36, 0x34, 0x27, 0x24,
    0x26, 0x2C, 0x35, 0x32, 0x2C, 0x54, 0xCF, 0xCA, 0xDB, 0x45, 0x5D, 0xC9, 0xDB, 0x58, 0x3D, 0x38,
    0x37, 0x4D, 0xF7, 0xD4, 0xC9, 0xAD, 0xAF, 0xB7, 0xC8, 0xD5, 0xCC, 0xBE, 0x66, 0x53, 0x6D, 0x5F,
    0x54, 0xEB, 0xDA, 0xB4, 0xAE, 0xB7, 0xC1, 0xBE, 0x6D, 0x4A, 0x45, 0x3E, 0x33, 0x3D, 0x4B, 0xF1,
    0x67, 0xDC, 0xC3, 0xA9, 0xA7, 0xAA, 0xB3, 0xB9, 0xC9, 0xD4, 0x45, 0x2F, 0x32, 0x42, 0x59, 0xCF,
    0x5C, 0xFA, 0xB4, 0xA7, 0xA7, 0xAD, 0xBF, 0xC3, 0xC8, 0xDF, 0x3B, 0x2E, 0x34, 0x39, 0x51, 0xC7,
    0xC1, 0xBE, 0xA3, 0x9F, 0xA0, 0xA8, 0xAF, 0xB3, 0xB7, 0x55, 0x31, 0x2E, 0x38, 0x5C, 0xD4, 0xC7,
    0xC2, 0xAE, 0xA3, 0xA3, 0xA4, 0xAB, 0xB1, 0xB5, 0xCC, 0x38, 0x2E, 0x26, 0x24, 0x25, 0x27, 0x2D,
    0x50, 0xDA, 0xF8, 0x46, 0x3B, 0x32, 0x30, 0x2B, 0x1F, 0x1A, 0x1A, 0x1B, 0x1D, 0x21, 0x29, 0x3D,
    0xBB, 0xAF, 0xB1, 0xB6, 0xB6, 0xB6, 0xBF, 0x4B, 0x2E, 0x2C, 0x2C, 0x2C, 0x2C, 0x31, 0x4B, 0xAE,
    0xA6, 0xA5, 0xA9, 0xB2, 0xAB, 0xAB, 0xB8, 0x4F, 0x31, 0x31, 0x34, 0x3B, 0x3F, 0x3B, 0x6C, 0xB3,
    0xAD, 0xAD, 0xB6, 0xBA, 0xB0, 0xB0, 0x4A, 0x2F, 0x2B, 0x2C, 0x2D, 0x2F, 0x2E, 0x3E, 0xB7, 0xA7,
    0xA4, 0xA6, 0xAD, 0xAF, 0xAE, 0xB9, 0x6D, 0x3E, 0x38, 0x3A, 0x3A, 0x37, 0x36, 0x5D, 0xB6, 0xAC,
    0xA9, 0xA9, 0xAA, 0xAC, 0xAF, 0xCB, 0x68, 0x4C, 0x42, 0x44, 0x39, 0x3C, 0x79, 0xB9, 0xB4, 0xAE,
    0xAD, 0xAB, 0xAB, 0xAD, 0xC9, 0x46, 0x5B, 0x5B, 0x51, 0x41, 0x3E, 0x68, 0xB5, 0xAF, 0xB0, 0xAF,
    0xB0, 0xAD, 0xA8, 0xBA, 0x48, 0x2F, 0x2B, 0x2C, 0x26, 0x22, 0x28, 0x33, 0x4D, 0x3E, 0x2F, 0x2A,
    0x32, 0x42, 0x42, 0x2E, 0x24, 0x26, 0x2B, 0x2C, 0x2B, 0x2A, 0x38, 0x55, 0x6F, 0x61, 0x47, 0x3B,
    0xF7, 0xDE, 0x5B, 0x44, 0x3D, 0x35, 0x3E, 0x45, 0x51, 0xCE, 0xB0, 0xAD, 0xAD, 0xB8, 0xC1, 0xBB,
    0xBC, 0xC0, 0x67, 0x67, 0x79, 0x67, 0x5F, 0x54, 0xD6, 0xBA, 0xB3, 0xB5, 0xBD, 0x67, 0x5F, 0x53,
    0x3B, 0x2F, 0x32, 0x3F, 0x5E, 0x57, 0x5E, 0xCE, 0xB0, 0xA7, 0xAE, 0xB3, 0xC6, 0xD7, 0xDB, 0xEB,
    0x37, 0x2F, 0x38, 0x55, 0xD5, 0xEC, 0x5B, 0xBC, 0xAB, 0xA4, 0xA8, 0xAC, 0xB4, 0xB5, 0xB9, 0x57,
    0x39, 0x35, 0x3A, 0x55, 0x68, 0xDE, 0xC5, 0xAC, 0xA3, 0xA0, 0xA5, 0xAB, 0xAF, 0xB5, 0xD9, 0x36,
    0x2A, 0x2B, 0x2E, 0x3F, 0x42, 0xD5, 0xAF, 0xA5, 0xA3, 0xA1, 0xA6, 0xAA, 0xAD, 0xBF, 0x38, 0x25,
    0x1E, 0x1D, 0x1F, 0x23, 0x2C, 0x47, 0xBC, 0xBC, 0xC4, 0x5D, 0x49, 0x4C, 0x39, 0x2A, 0x1F, 0x1D,
    0x1D, 0x1F, 0x1F, 0x21, 0x31, 0xE9, 0xB5, 0xB1, 0xB6, 0xBA, 0xBD, 0xBD, 0xD9, 0x37, 0x2A, 0x29,
    0x2C, 0x2F, 0x2C, 0x2F, 0xEB, 0xAF, 0xA7, 0xA4, 0xA7, 0xAF, 0xAA, 0xAD, 0xBE, 0x5D, 0x42, 0x3C,
    0x36, 0x2B, 0x2B, 0x39, 0xDA, 0xB0, 0xAA, 0xAB, 0xAC, 0xB4, 0xB9, 0xD5, 0x49, 0x36, 0x38, 0x35,
    0x2F, 0x2D, 0x31, 0x58, 0xC6, 0xB3, 0xAC, 0xAC, 0xAB, 0xAE, 0xBD, 0xE3, 0x56, 0x56, 0x64, 0x44,
    0x3B, 0x3F, 0xD8, 0xB5, 0xB3, 0xAF, 0xAC, 0xA9, 0xA8, 0xAC, 0xD2, 0x5C, 0x5B, 0xFF, 0xE3, 0x43,
    0x45, 0xDA, 0xBA, 0xB1, 0xB4, 0xB9, 0xB6, 0xAF, 0xB0, 0xBA, 0xF0, 0x42, 0x63, 0xDF, 0x71, 0x4F,
    0x72, 0xBD, 0xB1, 0xB3, 0xBA, 0xBD, 0xC7, 0xF6, 0x3D, 0x33, 0x2E, 0x2A, 0x29, 0x2C, 0x2C, 0x32,
    0x4F, 0xE2, 0xE1, 0x46, 0x2F, 0x2E, 0x2A, 0x2A, 0x2A, 0x2A, 0x2F, 0x32, 0x2F, 0x30, 0x3C, 0xD2,
    0xB8, 0xBD, 0xCF, 0x7A, 0x4F, 0x42, 0x33, 0x28, 0x29, 0x30, 0x3D, 0x5A, 0x39, 0x3E, 0xD5, 0xAD,
    0xA5, 0xAA, 0xAF, 0xB4, 0xBE, 0xF0, 0x3B, 0x2F, 0x34, 0x4E, 0x49, 0x3F, 0x3E, 0x45, 0xB6, 0xA9,
    0xA8, 0xAD, 0xB4, 0xBA, 0xD7, 0x3B, 0x2F, 0x2C, 0x30, 0x41, 0x45, 0x57, 0xCD, 0xB4, 0xAC, 0xA8,
    0xA7, 0xAA, 0xB0, 0xBD, 0x5E, 0x2F, 0x2D, 0x31, 0x36, 0x3E, 0x45, 0x6F, 0xB9, 0xA9, 0xA6, 0xA5,
    0xA6, 0xA6, 0xA9, 0xBC, 0x4B, 0x30, 0x30, 0x34, 0x33, 0x31, 0x3C, 0xD8, 0xAC, 0xA2, 0xA3, 0xA4,
    0xA2, 0xA2, 0xA6, 0xBD, 0x4D, 0x3D, 0x4A, 0x47, 0x3A, 0x32, 0x3B, 0xBC, 0xA9, 0xA3, 0xA6, 0xAD,
    0xB3, 0xBA, 0x6E, 0x35, 0x2A, 0x25, 0x21, 0x1F, 0x1E, 0x21, 0x2C, 0x46, 0xC7, 0xC5, 0xE4, 0x54,
    0x49, 0x3C, 0x2D, 0x29, 0x29, 0x29, 0x29, 0x23, 0x22, 0x2B, 0x3B, 0xEE, 0xBE, 0xBC, 0xB0, 0xAC,
    0xB6, 0xD9, 0x4F, 0x5F, 0xEB, 0x57, 0x3E, 0x36, 0x3A, 0x5B, 0xE1, 0xD3, 0xC6, 0xBB, 0xAF, 0xAF,
    0xCA, 0x48, 0x50, 0xE2, 0xDB, 0x48, 0x37, 0x39, 0x4C, 0xD6, 0xD3, 0xED, 0xFF, 0xBF, 0xB7, 0xBE,
    0x5F, 0x3E, 0x50, 0xC5, 0xBC, 0xC3, 0xF8, 0xEB, 0xC1, 0xC1, 0xC7, 0xEC, 0x69, 0xDF, 0xD7, 0x4F,
    0x48, 0x5A, 0xD5, 0xBC, 0xBE, 0xBC, 0xB8, 0xB2, 0xB0, 0xAF, 0xC1, 0xC9, 0xD4, 0xFB, 0x4F, 0x3F,
    0x4F, 0xCA, 0xC1, 0xC1, 0xBF, 0xB4, 0xAD, 0xAB, 0xAB, 0xB4, 0xBD, 0xC7, 0xE9, 0x3B, 0x33, 0x36,
    0x5A, 0xBC, 0xBA, 0xC4, 0xB9, 0xAE, 0xA7, 0xA7, 0xAF, 0xC7, 0x69, 0x3F, 0x31, 0x27, 0x23, 0x23,
    0x27, 0x2F, 0x39, 0x3E, 0x5A, 0xCB, 0xBD, 0xBD, 0x5D, 0x38, 0x2F, 0x25, 0x1E, 0x1C, 0x1C, 0x1F,
    0x2B, 0x34, 0x4C, 0xDF, 0xBE, 0xBB, 0xB2, 0xAE, 0xB0, 0xBC, 0xFA, 0x34, 0x2A, 0x29, 0x2B, 0x2F,
    0x38, 0x4C, 0xC4, 0xAC, 0xA9, 0xAA, 0xA9, 0xA6, 0xA3, 0xAA, 0xC4, 0x3F, 0x2F, 0x29, 0x28, 0x29,
    0x2A, 0x34, 0xF7, 0xB7, 0xB0, 0xB2, 0xB0, 0xAA, 0xAB, 0xB3, 0x4A, 0x30, 0x30, 0x33, 0x36, 0x34,
    0x35, 0x4E, 0xBC, 0xAF, 0xAE, 0xAE, 0xAF, 0xAE, 0xAF, 0xC4, 0x50, 0x3D, 0x3F, 0x45, 0x3F, 0x39,
    0x3A, 0x73, 0xC0, 0xBA, 0xB4, 0xAF, 0xAA, 0xAE, 0xBE, 0x7B, 0x51, 0x55, 0x5B, 0x4A, 0x3B, 0x3C,
    0x53, 0xE1, 0xD5, 0xDE, 0xBF, 0xAF, 0xAB, 0xAF, 0xDC, 0x50, 0x5E, 0xD1, 0xD5, 0x6A, 0x4B, 0x56,
    0xCA, 0xCF, 0x5D, 0x53, 0xCC, 0xB7, 0xB4, 0xCD, 0x48, 0x3D, 0x56, 0xBE, 0xC4, 0x6A, 0xD8, 0xC1,
    0xB9, 0xC5, 0x67, 0x4D, 0xF6, 0xCD, 0xCD, 0x47, 0x41, 0x41, 0xFD, 0xC5, 0xC0, 0xC1, 0xB9, 0xB7,
    0xBE, 0xD8, 0x5D, 0x60, 0xE2, 0x65, 0x43, 0x3E, 0x45, 0x69, 0xD5, 0xCB, 0xC0, 0xB8, 0xAF, 0xB2,
    0xBC, 0xCB, 0xDB, 0xED, 0x5F, 0x36, 0x2F, 0x33, 0x44, 0xEA, 0xCA, 0xEA, 0xBF, 0xAD, 0xAB, 0xAF,
    0xBE, 0xD2, 0xD3, 0xF8, 0x3C, 0x2C, 0x29, 0x2D, 0x3E, 0xDF, 0xD4, 0xCA, 0xB5, 0xA9, 0xA7, 0xAB,
    0xB3, 0xBE, 0xCE, 0x5B, 0x34, 0x2B, 0x29, 0x2E, 0x3B, 0x5B, 0xD7, 0xB7, 0xAC, 0xA9, 0xA9, 0xAA,
    0xAE, 0xB3, 0xC4, 0x48, 0x2F, 0x2B, 0x2B, 0x2E, 0x38, 0x55, 0xCC, 0xB1, 0xAD, 0xB0, 0xB2, 0xAF,
    0xAF, 0xB5, 0xEE, 0x37, 0x2E, 0x2D, 0x2D, 0x2F, 0x33, 0x45, 0xC7, 0xAF, 0xA9, 0xAE, 0xB3, 0xAE,
    0xAE, 0xB8, 0xF4, 0x3B, 0x35, 0x33, 0x33, 0x32, 0x36, 0x4A, 0xBC, 0xAF, 0xAD, 0xAF, 0xB4, 0xB6,
    0xB2, 0xBF, 0x5B, 0x3D, 0x36, 0x36, 0x35, 0x33, 0x3D, 0x5F, 0xC9, 0xB9, 0xB4, 0xB1, 0xAE, 0xB2,
    0xC3, 0x6D, 0x4B, 0x43, 0x3C, 0x3A, 0x38, 0x42, 0x76, 0xDC, 0xDB, 0xE1, 0xC8, 0xB8, 0xAF, 0xB8,
    0xCE, 0x68, 0xDE, 0xD3, 0x70, 0x46, 0x44, 0x67, 0xC7, 0xC9, 0xF7, 0x51, 0xDC, 0xBB, 0xB8, 0xC7,
    0x5C, 0x49, 0x50, 0x78, 0xFE, 0x4C, 0x74, 0xCA, 0xCA, 0xEB, 0x4E, 0x49, 0x60, 0xCE, 0xDA, 0x62,
    0x50, 0x42, 0x4B, 0x6F, 0xE7, 0xCE, 0xBF, 0xB4, 0xBC, 0xEE, 0x53, 0x53, 0x59, 0x53, 0x41, 0x45,
    0x4B, 0x4E, 0x5B, 0x5B, 0xD9, 0xB8, 0xAE, 0xAF, 0xBE, 0x69, 0x66, 0xEC, 0x50, 0x38, 0x2E, 0x3A,
    0x46, 0x5E, 0x59, 0x5A, 0xD8, 0xB1, 0xAB, 0xB2, 0xCC, 0x6A, 0xFF, 0xE8, 0x3F, 0x2F, 0x2D, 0x34,
    0x43, 0x5B, 0x6A, 0xE7, 0xBA, 0xAD, 0xA9, 0xAE, 0xC4, 0xC5, 0xC0, 0xE9, 0x38, 0x2B, 0x2C, 0x30,
    0x38, 0x42, 0x5B, 0xF9, 0xC1, 0xB7, 0xC3, 0xFF, 0xFF, 0x78, 0x53, 0x36, 0x2C, 0x2A, 0x2D, 0x2F,
    0x3E, 0x4F, 0xC0, 0xAA, 0xA8, 0xAF, 0xAC, 0xAF, 0xB9, 0xA7, 0xC6, 0xB3, 0x27, 0x31, 0xD2, 0xE1,
    0x2B, 0x30, 0x4D, 0xDB, 0xCF, 0x74, 0x3A, 0x3B, 0x53, 0x6A, 0x3F, 0x2C, 0x29, 0x2E, 0x26, 0x23,
    0x2B, 0x38, 0xD9, 0xB4, 0xB0, 0xB0, 0xB1, 0xB1, 0xB0, 0xAE, 0xB2, 0xCF, 0x3C, 0x2E, 0x27, 0x24,
    0x2D, 0x39, 0x4F, 0xCB, 0xCB, 0xFE, 0xC2, 0xBE, 0xD4, 0xD7, 0xE3, 0x57, 0x48, 0x41, 0x41, 0x7D,
    0xEA, 0x6F, 0x55, 0x48, 0x5B, 0xC8, 0xB7, 0xB9, 0xDC, 0xBF, 0xC5, 0xE6, 0x58, 0x5A, 0x46, 0x63,
    0xFF, 0x59, 0x42, 0x34, 0x3A, 0x58, 0xEC, 0x4E, 0x4B, 0x3F, 0x4D, 0x45, 0x3D, 0x3B, 0x41, 0x49,
    0x43, 0x37, 0x2F, 0x2C, 0x2C, 0x2F, 0x2D, 0x2D, 0x2C, 0x2A, 0x25, 0x26, 0x29, 0x35, 0x3D, 0x41,
    0x39, 0x2F, 0x2B, 0x2B, 0x29, 0x29, 0x2B, 0x2E, 0x3D, 0x4E, 0x54, 0xEB, 0xBB, 0xAB, 0xA8, 0xA7,
    0xAE, 0xBC, 0xC9, 0xC5, 0xD8, 0x5F, 0x6F, 0xC9, 0xB7, 0xAC, 0xAC, 0xAB, 0x9F, 0x9C, 0x9B, 0x9E,
    0xA6, 0xAD, 0xB1, 0xB8, 0xBE, 0xCC, 0xD3, 0xBC, 0xB0, 0xAE, 0xAD, 0xA8, 0xA0, 0x9F, 0x9F, 0xA2,
    0xA9, 0xAF, 0xB7, 0xEB, 0x3F, 0x38, 0x2F, 0x2E, 0x2D, 0x2C, 0x3D, 0xDE, 0xC2, 0xC7, 0xC9, 0xC6,
    0xE7, 0x44, 0x34, 0x27, 0x20, 0x21, 0x22, 0x23, 0x23, 0x26, 0x33, 0x50, 0x5A, 0x3E, 0x3C, 0x4B,
    0x53, 0x36, 0x2A, 0x22, 0x20, 0x21, 0x1F, 0x1D, 0x1E, 0x29, 0x49, 0xDD, 0xD4, 0x74, 0x70, 0xFB,
    0xD0, 0x54, 0x39, 0x31, 0x31, 0x2F, 0x2A, 0x28, 0x2E, 0x41, 0xD9, 0xC2, 0xBB, 0xC3, 0xBD, 0xC3,
    0xDB, 0x5B, 0x40, 0x2F, 0x2D, 0x2A, 0x24, 0x26, 0x2F, 0x42, 0x51, 0xED, 0xCE, 0xC8, 0xBB, 0xC4,
    0x64, 0x67, 0xEA, 0xD3, 0xD4, 0x5A, 0x46, 0x6D, 0xC1, 0xB5, 0xBA, 0xBE, 0xB7, 0xAC, 0xA9, 0xAB,
    0xB5, 0xB3, 0xAB, 0xA8, 0xAB, 0xAE, 0xB2, 0xAC, 0xA7, 0xA9, 0xAF, 0xB4, 0xB3, 0xAC, 0xAB, 0xAC,
    0xAF, 0xAF, 0xA9, 0xA7, 0xA9, 0xAD, 0xAE, 0xAD, 0xAC, 0xAE, 0xBA, 0xC1, 0xCF, 0xCC, 0xC1, 0xBF,
    0xCF, 0x50, 0x4C, 0x46, 0x3E, 0x4A, 0x4A, 0x4D, 0x46, 0x3B, 0x35, 0x30, 0x2A, 0x26, 0x27, 0x2B,
    0x2F, 0x32, 0x28, 0x25, 0x2D, 0x39, 0x43, 0x3A, 0x35, 0x2E, 0x2B, 0x25, 0x1E, 0x1C, 0x1F, 0x25,
    0x2C, 0x2F, 0x2E, 0x2D, 0x3D, 0xFE, 0xCF, 0xF8, 0x4A, 0x43, 0x3A, 0x2B, 0x25, 0x24, 0x28, 0x2E,
    0x36, 0x3D, 0x4D, 0x5C, 0xE6, 0xC3, 0xBF, 0xBC, 0xBF, 0xD7, 0x44, 0x33, 0x28, 0x23, 0x22, 0x25,
    0x27, 0x2E, 0x42, 0xD4, 0xBF, 0xBB, 0xB9, 0xB6, 0xB5, 0xC6, 0x5B, 0x3D, 0x35, 0x36, 0x3E, 0x3C,
    0x3D, 0x5D, 0xB8, 0xAC, 0xA9, 0xAD, 0xAC, 0xA7, 0xA8, 0xAE, 0xC2, 0xC9, 0xCF, 0xD3, 0xC9, 0xD8,
    0xDC, 0xBA, 0xAD, 0xA4, 0xA0, 0xA2, 0xA4, 0xA1, 0xA6, 0xAA, 0xAF, 0xB1, 0xB1, 0xB7, 0xBD, 0xBE,
    0xBB, 0xB2, 0xAC, 0xA5, 0xA3, 0xA3, 0xA4, 0xA9, 0xAD, 0xAF, 0xAE, 0xB5, 0xCF, 0x57, 0x3A, 0x31,
    0x36, 0x3A, 0x3C, 0x48, 0xFD, 0xCD, 0xD8, 0x44, 0x34, 0x39, 0x4D, 0x43, 0x30, 0x2A, 0x28, 0x2E,
    0x31, 0x30, 0x2E, 0x2E, 0x33, 0x45, 0x3C, 0x2C, 0x2B, 0x33, 0x47, 0x6E, 0x4D, 0x3E, 0x45, 0x4D,
    0x4D, 0x42, 0x38, 0x39, 0x3E, 0x42, 0x3A, 0x36, 0x3F, 0x6F, 0xCB, 0xC6, 0xCA, 0xD3, 0xCA, 0xCA,
    0xDB, 0x51, 0x43, 0x45, 0x3F, 0x35, 0x2E, 0x2B, 0x2D, 0x38, 0x3A, 0x3E, 0x58, 0xD7, 0xBE, 0xC3,
    0xDE, 0x51, 0x45, 0x3D, 0x37, 0x2A, 0x28, 0x2F, 0x42, 0x65, 0xDD, 0xD5, 0xBD, 0xAD, 0xA9, 0xAB,
    0xB2, 0xBB, 0xCA, 0x6E, 0x3E, 0x36, 0x34, 0x49, 0xCD, 0xBD, 0xBB, 0xB9, 0xB0, 0xA7, 0xA3, 0xA6,
    0xAA, 0xAE, 0xBB, 0xDF, 0x49, 0x3D, 0x3C, 0x5A, 0xD6, 0xC6, 0xB6, 0xB0, 0xAD, 0xAA, 0xA7, 0xA8,
    0xA9, 0xAE, 0xBA, 0xD1, 0x4C, 0x3C, 0x39, 0x2F, 0x31, 0x45, 0x67, 0x77, 0xFB, 0xDF, 0xC7, 0xBB,
    0xBB, 0xC6, 0x4E, 0x32, 0x26, 0x22, 0x1F, 0x23, 0x24, 0x2B, 0x39, 0x65, 0xD3, 0xCF, 0xD3, 0xC0,
    0xC6, 0xDE, 0x50, 0x3E, 0x3C, 0x39, 0x33, 0x2E, 0x2F, 0x39, 0x43, 0x60, 0xCA, 0xBB, 0xB4, 0xBA,
    0xC5, 0xDA, 0xCD, 0xC9, 0xD0, 0x4F, 0x3E, 0x3F, 0x4E, 0x52, 0x54, 0x66, 0xC9, 0xB8, 0xB4, 0xBC,
    0x6A, 0x3E, 0x3E, 0x59, 0x59, 0x3E, 0x37, 0x3B, 0x43, 0x41, 0x3C, 0x3E, 0x5B, 0xCA, 0xCA, 0xD7,
    0x51, 0x53, 0xD8, 0xBD, 0xBA, 0xBD, 0xBF, 0xBF, 0xC4, 0xD9, 0x5C, 0x5B, 0x6A, 0xE7, 0xEC, 0x5F,
    0xEC, 0xCB, 0xBD, 0xB4, 0xAD, 0xA9, 0xAB, 0xAF, 0xB8, 0xBE, 0xC4, 0xC6, 0xD2, 0x4F, 0x4C, 0xF6,
    0xCA, 0xB9, 0xB5, 0xAF, 0xAA, 0xA6, 0xA6, 0xA9, 0xAE, 0xB7, 0xBE, 0xCA, 0xFD, 0x47, 0x42, 0x4F,
    0xFF, 0x6F, 0x53, 0x74, 0xCD, 0xDA, 0xF6, 0xF4, 0x53, 0x49, 0x49, 0x38, 0x27, 0x1F, 0x1E, 0x21,
    0x28, 0x2D, 0x33, 0x40, 0x59, 0xE9, 0xD1, 0xD1, 0xCE, 0xDE, 0x51, 0x3A, 0x2E, 0x2B, 0x2D, 0x33,
    0x3A, 0x3E, 0x57, 0xC6, 0xBB, 0xB8, 0xB6, 0xB0, 0xAD, 0xAF, 0xC2, 0x5D, 0x3F, 0x3B, 0x3F, 0x44,
    0x4C, 0x4C, 0xD7, 0xB5, 0xAD, 0xB1, 0xB2, 0xAF, 0xAB, 0xB2, 0x64, 0x35, 0x2D, 0x2C, 0x2E, 0x2E,
    0x2C, 0x2F, 0x3E, 0x67, 0xD2, 0xCD, 0xC4, 0xBD, 0xBD, 0xC7, 0xE6, 0x48, 0x3D, 0x3E, 0x39, 0x38,
    0x37, 0x3B, 0x41, 0x54, 0xEF, 0xCB, 0xBD, 0xBB, 0xCC, 0xF3, 0x67, 0x6E, 0xFF, 0x64, 0x53, 0x4D,
    0x58, 0x58, 0x4D, 0x45, 0x57, 0xCE, 0xBD, 0xB9, 0xC5, 0xE2, 0xCD, 0xC6, 0xBD, 0xB9, 0xBE, 0xC9,
    0xC9, 0xC9, 0xDE, 0x5F, 0x5B, 0xC7, 0xBD, 0xBA, 0xBE, 0xC1, 0xC6, 0xDC, 0xFF, 0xCF, 0xCF, 0x5A,
    0x3B, 0x35, 0x2E, 0x2C, 0x2C, 0x26, 0x24, 0x28, 0x2D, 0x30, 0x30, 0x36, 0x44, 0xDE, 0xC9, 0xCA,
    0xED, 0x4F, 0x41, 0x3F, 0x3B, 0x31, 0x30, 0x38, 0x5A, 0xC5, 0xBD, 0xBB, 0xAF, 0xA8, 0xA3, 0xA4,
    0xA9, 0xAE, 0xAE, 0xB2, 0xBB, 0xDD, 0xFF, 0xCF, 0xBA, 0xAE, 0xAA, 0xA8, 0xA3, 0x9F, 0xA0, 0xA1,
    0xA4, 0xA8, 0xAD, 0xDB, 0x3C, 0x2F, 0x2B, 0x2D, 0x31, 0x3E, 0x62, 0xC4, 0xB8, 0xB6, 0xBA, 0xB8,
    0xB5, 0xB4, 0xBD, 0xE2, 0x3F, 0x33, 0x30, 0x32, 0x32, 0x38, 0xED, 0xBA, 0xB0, 0xB4, 0xBA, 0xB8,
    0xB0, 0xB1, 0xC0, 0x5C, 0x3F, 0x34, 0x30, 0x2E, 0x2E, 0x35, 0x45, 0xCE, 0xBC, 0xBA, 0xBE, 0xC2,
    0xBB, 0xB9, 0xC5, 0x67, 0x48, 0x3B, 0x33, 0x2F, 0x31, 0x3D, 0x47, 0x5F, 0xCC, 0xC3, 0xBC, 0xBD,
    0xC0, 0xC6, 0xC7, 0xC5, 0xE5, 0x3A, 0x2B, 0x29, 0x2C, 0x2D, 0x28, 0x23, 0x28, 0x2B, 0x2A, 0x2C,
    0x2A, 0x29, 0x2B, 0x2C, 0x2E, 0x2C, 0x27, 0x27, 0x2B, 0x2F, 0x2E, 0x2A, 0x2D, 0x38, 0x4F, 0x5C,
    0x4E, 0x40, 0x57, 0xD4, 0xC3, 0xBD, 0xBA, 0xB9, 0xB7, 0xBA, 0xC8, 0xC9, 0xC9, 0xBD, 0xB6, 0xB4,
    0xB3, 0xAF, 0xAD, 0xAB, 0xA9, 0xA6, 0xA2, 0xA1, 0xA3, 0xA8, 0xB1, 0xB7, 0xC8, 0x66, 0x5A, 0x58,
    0x5B, 0xDB, 0xCB, 0xC6, 0xCC, 0xBD, 0xAF, 0xAB, 0xAE, 0xBB, 0xD3, 0xFF, 0xFF, 0x56, 0x41, 0x37,
    0x38, 0x47, 0xFE, 0xFB, 0xDF, 0xBE, 0xAF, 0xAD, 0xAE, 0xBA, 0xDB, 0x55, 0x4F, 0x3F, 0x33, 0x2F,
    0x2E, 0x35, 0x3F, 0x51, 0xD5, 0xB9, 0xAF, 0xAD, 0xAE, 0xB2, 0xBB, 0xC8, 0xE3, 0x54, 0x3F, 0x3B,
    0x3B, 0x3C, 0x4B, 0xD4, 0xB5, 0xAC, 0xAD, 0xAE, 0xAD, 0xAC, 0xAD, 0xB5, 0xC2, 0xD4, 0x57, 0x3B,
    0x2E, 0x2D, 0x30, 0x3E, 0x48, 0x49, 0x3A, 0x31, 0x35, 0x3D, 0x3B, 0x37, 0x32, 0x2C, 0x2B, 0x28,
    0x25, 0x26, 0x2A, 0x2F, 0x3A, 0x43, 0x5B, 0x7A, 0xE7, 0xE7, 0xE7, 0x73, 0x67, 0x4D, 0x43, 0x3B,
    0x35, 0x3A, 0x41, 0x42, 0x3D, 0x4B, 0x68, 0xC4, 0xC4, 0xCF, 0xDB, 0xD3, 0xCB, 0xCD, 0xD4, 0xFA,
    0x61, 0xE2, 0xC2, 0xCB, 0x5E, 0x3B, 0x37, 0x44, 0x58, 0x58, 0x66, 0x79, 0xD5, 0xCE, 0xD8, 0xDB,
    0xD1, 0xCB, 0xC6, 0xCF, 0x6E, 0x4B, 0x4F, 0xE7, 0xC8, 0xBF, 0xC1, 0xBF, 0xBD, 0xB8, 0xB6, 0xAF,
    0xAD, 0xAD, 0xAE, 0xB5, 0xC0, 0xD2, 0x74, 0x54, 0x75, 0xCC, 0xBC, 0xBA, 0xBE, 0xBB, 0xB0, 0xAB,
    0xA7, 0xA7, 0xAD, 0xB4, 0xBA, 0xC4, 0xFB, 0x4D, 0x4F, 0xF2, 0xCA, 0xBE, 0xBC, 0xC0, 0xB5, 0xAE,
    0xAC, 0xAD, 0xAF, 0xB8, 0xC2, 0xE0, 0x4A, 0x3E, 0x3A, 0x31, 0x38, 0x3D, 0x3F, 0x45, 0x40, 0x34,
    0x2C, 0x30, 0x36, 0x37, 0x32, 0x2A, 0x24, 0x20, 0x20, 0x21, 0x24, 0x2A, 0x32, 0x45, 0x59, 0xF1,
    0xD7, 0xDB, 0xC5, 0xBD, 0xC9, 0x48, 0x3B, 0x3B, 0x37, 0x32, 0x32, 0x37, 0x4E, 0xC5, 0xB4, 0xB3,
    0xB7, 0xB4, 0xAF, 0xAC, 0xB0, 0xC3, 0xDB, 0xEE, 0x7E, 0x52, 0x40, 0x41, 0x6C, 0xBD, 0xB8, 0xCB,
    0x6A, 0x4D, 0x5A, 0xDE, 0xD7, 0xF2, 0x5C, 0x4C, 0x41, 0x3A, 0x34, 0x3A, 0x43, 0x4C, 0x67, 0xDB,
    0xD5, 0xCE, 0xD3, 0xD3, 0xC9, 0xBD, 0xBB, 0xBF, 0xD4, 0x75, 0x57, 0x64, 0xE3, 0xD1, 0xD3, 0xC4,
    0xBD, 0xBC, 0xC0, 0xD9, 0xC6, 0xB8, 0xB0, 0xB2, 0xBA, 0xC5, 0xBF, 0xC5, 0xC5, 0xC5, 0xCA, 0xCC,
    0xD7, 0x53, 0xEE, 0xDB, 0x6E, 0xC7, 0xAD, 0xAB, 0xAB, 0xAC, 0xA8, 0xAB, 0xAF, 0xAF, 0xBB, 0xCB,
    0xBB, 0xB7, 0xCF, 0xAD, 0x45, 0xB3, 0x3A, 0xD0, 0xAE, 0xB8, 0x33, 0x2B, 0x24, 0x1E, 0x1D, 0x1C,
    0x1A, 0x19, 0x1B, 0x1E, 0x23, 0x21, 0x25, 0x2F, 0x2F, 0x35, 0x43, 0x3E, 0x3A, 0x39, 0x35, 0x31,
    0x2F, 0x2F, 0x32, 0x46, 0xDF, 0xCB, 0xCA, 0xBA, 0xAF, 0xAA, 0xA5, 0xA5, 0xA9, 0xAA, 0xB4, 0xD6,
    0xF4, 0xC7, 0xD2, 0xD0, 0xC5, 0xBD, 0xB3, 0xAF, 0xB4, 0xAB, 0xA9, 0xAA, 0xAD, 0xB6, 0xCC, 0xEA,
    0xF2, 0xDE, 0x56, 0x70, 0x56, 0xE8, 0xC2, 0xB4, 0xB8, 0xB3, 0xB4, 0xB8, 0xBD, 0xCE, 0x61, 0x40,
    0x3F, 0x36, 0x31, 0x2B, 0x2A, 0x2A, 0x30, 0x39, 0x4A, 0x50, 0x65, 0xFD, 0x5B, 0x4D, 0x41, 0x3C,
    0x30, 0x2F, 0x2A, 0x28, 0x28, 0x2C, 0x2E, 0x40, 0x62, 0xD5, 0xCD, 0xD6, 0xD5, 0xD2, 0xC5, 0xBF,
    0xC5, 0xDD, 0x7E, 0x6D, 0xDF, 0xE5, 0xDB, 0xC7, 0xB7, 0xAB, 0xA9, 0xAD, 0xAF, 0xAF, 0xB0, 0xAE,
    0xB1, 0xCF, 0x68, 0xFF, 0x58, 0x37, 0x34, 0x2F, 0x3B, 0x4F, 0x79, 0x5F, 0x67, 0xCE, 0xBB, 0xB3,
    0xB2, 0xB5, 0xB5, 0xB8, 0xC0, 0xCD, 0xF3, 0x49, 0x4C, 0x6B, 0x7A, 0xE7, 0xCE, 0xC8, 0xCB, 0xBE,
    0xBB, 0xB2, 0xAF, 0xB6, 0xBC, 0xCA, 0x6C, 0x49, 0x44, 0x3E, 0x3C, 0x42, 0xDF, 0xCC, 0xD3, 0xDA,
    0xC4, 0xBD, 0xC9, 0xCC, 0xDB, 0x53, 0x41, 0x31, 0x2B, 0x27, 0x26, 0x2A, 0x34, 0x41, 0x47, 0x45,
    0x4B, 0xD9, 0xBF, 0xBA, 0xCA, 0x72, 0x4A, 0x37, 0x2A, 0x28, 0x28, 0x28, 0x2D, 0x3B, 0x47, 0x4B,
    0x60, 0xCF, 0xBB, 0xB6, 0xB9, 0xBC, 0xD9, 0x5D, 0x3C, 0x31, 0x2E, 0x2E, 0x31, 0x3C, 0x68, 0xC1,
    0xBC, 0xB7, 0xAF, 0xAB, 0xAA, 0xAA, 0xB3, 0xC2, 0xEF, 0x4D, 0x44, 0x44, 0x4B, 0x68, 0xC4, 0xB2,
    0xAC, 0xAD, 0xA9, 0xA6, 0xA3, 0xA4, 0xA8, 0xAD, 0xC3, 0x4F, 0x32, 0x2C, 0x2E, 0x34, 0x3E, 0x3B,
    0x39, 0x45, 0x45, 0x49, 0x6E, 0xDF, 0xCE, 0xD6, 0xEE, 0x50, 0x3E, 0x37, 0x3A, 0x40, 0x45, 0x44,
    0x55, 0xCF, 0xBD, 0xBE, 0xC3, 0xBE, 0xBA, 0xB0, 0xB0, 0xB8, 0xC6, 0xD9, 0xD1, 0xCB, 0xDC, 0x76,
    0xF2, 0xBF, 0xB5, 0xB6, 0xBC, 0xBC, 0xB2, 0xAE, 0xAB, 0xB1, 0xCA, 0x4A, 0x40, 0x3C, 0x38, 0x31,
    0x30, 0x33, 0x3B, 0x3E, 0x38, 0x38, 0x43, 0x5F, 0xD6, 0xC8, 0xCA, 0xE8, 0x4C, 0x3A, 0x34, 0x32,
    0x2D, 0x2B, 0x2B, 0x2D, 0x2E, 0x35, 0x3E, 0x55, 0xEA, 0xCE, 0xC0, 0xBF, 0xDD, 0x46, 0x3E, 0x3B,
    0x39, 0x30, 0x2A, 0x29, 0x2E, 0x38, 0x42, 0x4D, 0xE9, 0xBD, 0xB2, 0xAF, 0xB2, 0xBA, 0xC0, 0xCC,
    0x67, 0x42, 0x39, 0x37, 0x3E, 0x57, 0xDB, 0xBF, 0xB6, 0xAC, 0xA8, 0xA5, 0xA5, 0xA8, 0xAA, 0xB0,
    0xBD, 0x5C, 0x2F, 0x26, 0x27, 0x2C, 0x37, 0x5A, 0xD2, 0xC4, 0xCB, 0x64, 0x77, 0xBF, 0xC7, 0x7D,
    0x41, 0x3A, 0x36, 0x30, 0x2F, 0x34, 0x3C, 0x5F, 0xBD, 0xB1, 0xAF, 0xAE, 0xA9, 0xA5, 0xA7, 0xAD,
    0xBA, 0xC7, 0xCD, 0xCE, 0xF4, 0x68, 0xE3, 0xC1, 0xB3, 0xAE, 0xAB, 0xA9, 0xA5, 0xA4, 0xA6, 0xA9,
    0xAF, 0xB9, 0xBB, 0xCD, 0x3F, 0x31, 0x33, 0x36, 0x41, 0x5A, 0xDC, 0xC4, 0xC7, 0xCD, 0xCB, 0xD2,
    0xE3, 0xDB, 0xE7, 0x65, 0x4E, 0x3E, 0x37, 0x36, 0x32, 0x34, 0x46, 0xEA, 0xDB, 0x51, 0xEF, 0xFC,
    0xDF, 0xCF, 0xCE, 0x69, 0x55, 0x48, 0x3B, 0x33, 0x30, 0x30, 0x3D, 0x52, 0x67, 0x60, 0x5D, 0xDC,
    0xC7, 0xBF, 0xBA, 0xBC, 0xC4, 0xCC, 0x66, 0x41, 0x40, 0x3E, 0x46, 0x4B, 0x62, 0xDB, 0xFD, 0xFC,
    0xC9, 0xBC, 0xB4, 0xAE, 0xAF, 0xB4, 0xBE, 0xDC, 0x71, 0x5D, 0x3F, 0x2E, 0x2C, 0x2D, 0x31, 0x33,
    0x3F, 0x7E, 0xC7, 0xBD, 0xBC, 0xEE, 0x3B, 0x30, 0x2B, 0x29, 0x26, 0x23, 0x25, 0x2B, 0x34, 0x39,
    0x43, 0xF2, 0xC5, 0xBA, 0xB6, 0xB9, 0xC2, 0xD1, 0x4D, 0x3B, 0x30, 0x30, 0x35, 0x3A, 0x46, 0xEC,
    0xC9, 0xBB, 0xAF, 0xAA, 0xA9, 0xAB, 0xAD, 0xAE, 0xB7, 0xD9, 0x59, 0x53, 0x59, 0x3F, 0x35, 0x3E,
    0xD8, 0xBF, 0xBE, 0xBA, 0xB4, 0xAF, 0xAF, 0xB2, 0xBF, 0xE8, 0x45, 0x40, 0x3C, 0x3B, 0x40, 0x4F,
    0xD1, 0xC1, 0xC5, 0xCD, 0xCB, 0xBB, 0xB3, 0xB3, 0xBA, 0xCB, 0x59, 0x47, 0x3E, 0x38, 0x35, 0x3C,
    0x57, 0xD3, 0xCD, 0xC0, 0xBA, 0xB6, 0xB6, 0xB6, 0xB4, 0xBB, 0xC7, 0x59, 0x46, 0x49, 0x45, 0x4C,
    0x4E, 0x6D, 0xCD, 0xBF, 0xB7, 0xB8, 0xB8, 0xB4, 0xAF, 0xAF, 0xB7, 0xC8, 0xEC, 0xED, 0xD4, 0xEE,
    0x6A, 0x55, 0x74, 0xFD, 0x5E, 0x53, 0x4A, 0x4E, 0x46, 0x49, 0x48, 0x4D, 0x4C, 0x47, 0x41, 0x3A,
    0x29, 0x22, 0x23, 0x28, 0x2E, 0x35, 0x39, 0x3D, 0x56, 0xE3, 0xDB, 0xC9, 0xBF, 0xC8, 0xE0, 0x4D,
    0x3B, 0x3F, 0x47, 0x3E, 0x3E, 0x45, 0x5A, 0xD3, 0xC2, 0xBF, 0xB6, 0xAC, 0xAC, 0xAD, 0xB8, 0xC7,
    0xDB, 0xF4, 0x71, 0x64, 0x5B, 0x79, 0xD0, 0xC9, 0xE6, 0xDE, 0xC3, 0xB0, 0xAE, 0xAE, 0xB9, 0xC8,
    0xD3, 0x5F, 0x47, 0x3E, 0x37, 0x38, 0x3F, 0x6B, 0xC5, 0xB9, 0xB2, 0xAE, 0xAC, 0xAE, 0xB2, 0xBD,
    0xC2, 0xE0, 0x4C, 0x3E, 0x3A, 0x37, 0x3B, 0x4F, 0xD0, 0xBA, 0xB1, 0xB0, 0xAF, 0xAD, 0xAD, 0xAE,
    0xB9, 0xCB, 0x6E, 0x4B, 0x3E, 0x3A, 0x37, 0x3B, 0x5C, 0xBE, 0xB9, 0xB8, 0xB5, 0xB2, 0xB0, 0xB2,
    0xB5, 0xBE, 0xD8, 0x4D, 0x3E, 0x38, 0x36, 0x38, 0x3D, 0x77, 0xCA, 0xC9, 0xF7, 0x5B, 0x58, 0x4E,
    0x52, 0x42, 0x2F, 0x27, 0x21, 0x1F, 0x21, 0x23, 0x25, 0x28, 0x2A, 0x28, 0x25, 0x26, 0x29, 0x2C,
    0x2E, 0x37, 0x38, 0x36, 0x2F, 0x2D, 0x2D, 0x2F, 0x2E, 0x2D, 0x2F, 0x43, 0xDE, 0xDB, 0xE0, 0xD5,
    0xCE, 0xC3, 0xBD, 0xBE, 0xC4, 0xD5, 0xE0, 0xE7, 0x59, 0x4C, 0x4A, 0xF5, 0xCB, 0xBE, 0xB9, 0xB6,
    0xBB, 0xC3, 0xC5, 0xBE, 0xBD, 0xBF, 0xC9, 0xDB, 0x5A, 0x4A, 0x45, 0x3F, 0x4F, 0xE2, 0xC4, 0xBE,
    0xB6, 0xB1, 0xAE, 0xAB, 0xA7, 0xA5, 0xAB, 0xB1, 0xB5, 0xBD, 0xC9, 0xF1, 0xE8, 0xBF, 0xB3, 0xAD,
    0xAC, 0xA8, 0xA6, 0xA3, 0x9F, 0x9F, 0xA2, 0xA9, 0xAF, 0xBA, 0xCD, 0xF2, 0xFF, 0x6D, 0xC9, 0xBC,
    0xB8, 0xB5, 0xAF, 0xAB, 0xA9, 0xA8, 0xA9, 0xAE, 0xBB, 0xD0, 0x5D, 0x45, 0x42, 0x49, 0x50, 0x62,
    0xCD, 0xBD, 0xBB, 0xBA, 0xB9, 0xCB, 0xD3, 0xD5, 0x60, 0x39, 0x2D, 0x28, 0x21, 0x1E, 0x1E, 0x21,
    0x2B, 0x38, 0x3E, 0x44, 0x3E, 0x33, 0x2F, 0x34, 0x2F, 0x28, 0x23, 0x23, 0x22, 0x20, 0x22, 0x23,
    0x29, 0x35, 0x45, 0x50, 0x4A, 0x58, 0xD6, 0xC9, 0xCC, 0xEB, 0x4A, 0x3D, 0x38, 0x34, 0x31, 0x33,
    0x39, 0x4A, 0x6D, 0xD6, 0xC7, 0xCD, 0xC2, 0xBC, 0xBC, 0xC3, 0xFB, 0x4B, 0x3D, 0x32, 0x2F, 0x33,
    0x36, 0x37, 0x3B, 0x4F, 0x78, 0xE1, 0xDB, 0xD5, 0xC4, 0xBC, 0xBA, 0xBC, 0xC4, 0xD9, 0xFE, 0xDD,
    0xDA, 0x6E, 0x5C, 0x7C, 0xC8, 0xC3, 0xBB, 0xBB, 0xB5, 0xAD, 0xAB, 0xAA, 0xAA, 0xAB, 0xAE, 0xB5,
    0xB8, 0xC4, 0xD5, 0xD3, 0xCC, 0xBE, 0xB4, 0xB1, 0xAE, 0xAC, 0xA9, 0xAA, 0xA8, 0xAB, 0xAD, 0xB5,
    0xC4, 0xD0, 0xEC, 0x4D, 0x48, 0x55, 0xD6, 0xC1, 0xBD, 0xBA, 0xB9, 0xB4, 0xB0, 0xB0, 0xB9, 0xC0,
    0xD2, 0x62, 0x47, 0x38, 0x2F, 0x2E, 0x33, 0x43, 0x5B, 0x59, 0xDC, 0xC4, 0xBC, 0xBB, 0xBB, 0xC2,
    0xDB, 0x4D, 0x3E, 0x33, 0x2D, 0x2D, 0x2F, 0x39, 0x4E, 0xEA, 0xC9, 0xBA, 0xB1, 0xB0, 0xAF, 0xAF,
    0xB3, 0xC0, 0xFA, 0x4B, 0x3D, 0x3A, 0x3A, 0x3D, 0x4B, 0xD1, 0xBD, 0xB8, 0xB5, 0xB3, 0xB0, 0xAF,
    0xB3, 0xBA, 0xCF, 0x63, 0x56, 0x42, 0x3C, 0x3A, 0x3B, 0x4F, 0xC5, 0xBE, 0xBE, 0xBA, 0xB6, 0xB6,
    0xB9, 0xBE, 0xCC, 0x65, 0x48, 0x41, 0x37, 0x34, 0x37, 0x40, 0x63, 0xCB, 0xC0, 0xC2, 0xC5, 0xCC,
    0xD5, 0xDB, 0xDB, 0x67, 0x46, 0x3E, 0x39, 0x35, 0x32, 0x34, 0x3A, 0x46, 0xE8, 0xC9, 0xC9, 0xCD,
    0xCD, 0xC8, 0xC1, 0xBE, 0xCB, 0xD6, 0xF0, 0x5D, 0x4B, 0x43, 0x3F, 0x4A, 0xD7, 0xC0, 0xBE, 0xBE,
    0xBE, 0xBA, 0xB4, 0xB1, 0xB2, 0xBB, 0xC2, 0xC9, 0xE2, 0x5A, 0x4A, 0x4F, 0x62, 0xD4, 0xC5, 0xC5,
    0xC7, 0xBF, 0xB8, 0xB4, 0xB1, 0xB0, 0xB3, 0xB8, 0xC7, 0xDF, 0x59, 0x4B, 0x46, 0x40, 0x4D, 0xFD,
    0xD0, 0xCA, 0xC1, 0xBC, 0xB7, 0xB2, 0xAF, 0xB3, 0xBE, 0xE4, 0x57, 0x43, 0x39, 0x37, 0x37, 0x43,
    0x64, 0xD6, 0xCE, 0xC8, 0xBB, 0xB3, 0xB0, 0xB3, 0xBC, 0xCC, 0x6C, 0x48, 0x3B, 0x32, 0x2F, 0x36,
    0x49, 0xEF, 0xDD, 0xCD, 0xBE, 0xBA, 0xB7, 0xB4, 0xB7, 0xBE, 0xD4, 0x51, 0x3C, 0x33, 0x30, 0x30,
    0x34, 0x40, 0xE9, 0xCC, 0xC5, 0xBC, 0xB7, 0xB4, 0xB2, 0xB4, 0xC1, 0x63, 0x40, 0x39, 0x33, 0x32,
    0x30, 0x38, 0x46, 0xF8, 0xCE, 0xCE, 0xBE, 0xBA, 0xB9, 0xBC, 0xCD, 0x5B, 0x47, 0x38, 0x34, 0x33,
    0x2F, 0x2F, 0x33, 0x46, 0x55, 0x60, 0xEA, 0xC3, 0xC0, 0xC6, 0xC9, 0xD0, 0xED, 0x56, 0x3F, 0x3B,
    0x3B, 0x36, 0x38, 0x3E, 0x61, 0xDF, 0xCE, 0xC0, 0xBA, 0xBD, 0xBE, 0xBD, 0xC4, 0xD5, 0x67, 0x50,
    0x57, 0x4D, 0x49, 0x4D, 0x4F, 0xD2, 0xC1, 0xC1, 0xBF, 0xBE, 0xBD, 0xBB, 0xB7, 0xBC, 0xC2, 0xD3,
    0x46, 0x44, 0x3D, 0x37, 0x3A, 0x47, 0x48, 0xC3, 0xC4, 0x3B, 0xB4, 0xB4, 0x5F, 0xA7, 0x3D, 0xA6,
    0x60, 0xAE, 0x59, 0x3E, 0xD2, 0xE1, 0xD5, 0xC9, 0xFB, 0x5B, 0xC4, 0x9F, 0xBB, 0xE5, 0x26, 0x48,
    0x40, 0x4A, 0xD2, 0x2E, 0x2A, 0x1E, 0x24, 0x33, 0x36, 0x3C, 0x3C, 0x34, 0x35, 0x5B, 0xDB, 0xAD,
    0xB6, 0xCF, 0xE3, 0x48, 0x4C, 0x46, 0x3C, 0x3B, 0x45, 0x46, 0xC9, 0xBE, 0xDB, 0x5D, 0xC2, 0xB5,
    0xBC, 0xC7, 0x53, 0x52, 0x3E, 0x3A, 0x3D, 0x37, 0x36, 0x2D, 0x33, 0x66, 0xC3, 0xC8, 0xB1, 0xCA,
    0xC9, 0xBE, 0xDD, 0xD5, 0x46, 0x3E, 0x3D, 0x34, 0x2E, 0x2C, 0x2A, 0x27, 0x39, 0x3F, 0x61, 0x35,
    0x5F, 0xCC, 0x42, 0x3B, 0x3C, 0x3A, 0x2B, 0x24, 0x2B, 0x2F, 0x32, 0x3B, 0x50, 0xBA, 0xB1, 0xB2,
    0xA7, 0xA8, 0xB3, 0xB6, 0xB6, 0xBD, 0x66, 0x4A, 0x38, 0x2C, 0x27, 0x3C, 0xD7, 0x4E, 0x77, 0xCF,
    0xBC, 0xB8, 0xBA, 0xBE, 0xBC, 0xBC, 0xC6, 0xC4, 0xF8, 0xDF, 0xDB, 0x3E, 0x57, 0xF4, 0xCA, 0xBD,
    0xBC, 0xB7, 0xC5, 0xBC, 0xBE, 0xCC, 0xB1, 0xF4, 0x33, 0x29, 0x29, 0x2F, 0x2A, 0x2E, 0x39, 0x37,
    0x31, 0x39, 0x54, 0x48, 0x4B, 0xE0, 0x5F, 0x4E, 0x45, 0x3E, 0x46, 0x4B, 0x4A, 0x40, 0x3E, 0x52,
    0x53, 0x6A, 0xDA, 0xD3, 0xDB, 0x57, 0x5F, 0xE7, 0xDE, 0x63, 0x45, 0x43, 0x3D, 0x3C, 0x45, 0x53,
    0x3E, 0x60, 0xC4, 0xBA, 0xB3, 0xB1, 0xAC, 0xAA, 0xAE, 0xB7, 0xB3, 0xC9, 0x6A, 0x68, 0x49, 0x3C,
    0x47, 0x57, 0xD8, 0xC9, 0xDB, 0x67, 0x53, 0xE7, 0xE7, 0xDD, 0x51, 0x49, 0x2A, 0x23, 0x27, 0x26,
    0x23, 0x2C, 0x38, 0x3F, 0x4D, 0x4E, 0xCA, 0xBB, 0xB9, 0xAE, 0xB7, 0xBF, 0xDB, 0xDD, 0x4E, 0x41,
    0x44, 0x3D, 0x32, 0x3D, 0x66, 0xDF, 0xBC, 0xBA, 0xBA, 0xB3, 0xB4, 0xB9, 0xD5, 0xEF, 0xDE, 0x52,
    0x41, 0x3D, 0x43, 0x74, 0xC9, 0xBE, 0xB8, 0xC5, 0xBA, 0xB6, 0xB2, 0xBB, 0xC0, 0xF1, 0x4E, 0x53,
    0x4C, 0x38, 0x2E, 0x29, 0x27, 0x2C, 0x37, 0x3B, 0x32, 0x2C, 0x2F, 0x37, 0x3E, 0x39, 0x38, 0x33,
    0x2F, 0x2E, 0x31, 0x34, 0x38, 0x49, 0xDD, 0xBD, 0xC3, 0xAF, 0xAF, 0xB4, 0xAE, 0xB5, 0xBE, 0x4E,
    0x44, 0x4A, 0x4B, 0x49, 0x46, 0x47, 0x54, 0xCD, 0xCD, 0xC8, 0xBB, 0xB3, 0xB5, 0xB4, 0xB1, 0xB2,
    0xB6, 0xAF, 0xB4, 0xC5, 0xD8, 0xF5, 0x69, 0xD5, 0xC3, 0xB9, 0xBF, 0xAF, 0xB1, 0xAD, 0xAD, 0xBA,
    0xC8, 0x4F, 0x43, 0x3B, 0x33, 0x26, 0x26, 0x25, 0x2A, 0x33, 0x35, 0x45, 0x4F, 0xD8, 0xD3, 0xCD,
    0xC6, 0xC8, 0xC8, 0xCA, 0xE7, 0x6E, 0x4B, 0x3B, 0x38, 0x4E, 0x74, 0x4F, 0x37, 0x40, 0x60, 0xC9,
    0xBE, 0xBB, 0xC0, 0xE6, 0xDF, 0xFA, 0x42, 0x3E, 0x2D, 0x3B, 0x4B, 0xDA, 0xCC, 0xBF, 0xB6, 0xAE,
    0xAE, 0xAC, 0xAD, 0xB4, 0xBD, 0xC5, 0x4C, 0x4F, 0x35, 0x3C, 0x3A, 0x45, 0x41, 0x45, 0x3E, 0x3E,
    0x45, 0x3A, 0x39, 0x3D, 0x37, 0x35, 0x31, 0x2D, 0x2C, 0x29, 0x2A, 0x2D, 0x3A, 0x49, 0xD0, 0xB9,
    0xB1, 0xB1, 0xAD, 0xAF, 0xAD, 0xB6, 0xBA, 0xDD, 0x3D, 0x2E, 0x2C, 0x2E, 0x35, 0x4A, 0xDA, 0xBF,
    0xB8, 0xB7, 0xB5, 0xB2, 0xB0, 0xB3, 0xB8, 0xB9, 0xCE, 0xD3, 0x5E, 0x56, 0x56, 0x5D, 0xD4, 0xBE,
    0xB8, 0xBA, 0xBC, 0xB6, 0xB6, 0xB4, 0xB1, 0xB4, 0xBC, 0x63, 0x3F, 0x31, 0x27, 0x23, 0x20, 0x25,
    0x2C, 0x2E, 0x30, 0x36, 0x3F, 0x51, 0xDB, 0xDB, 0xDB, 0xD6, 0x67, 0x60, 0x4F, 0x48, 0x41, 0x49,
    0x6F, 0xCF, 0xC1, 0xBD, 0xCE, 0xF3, 0xDB, 0xD4, 0xC7, 0xBC, 0xBD, 0xC7, 0xD9, 0x50, 0x47, 0x3F,
    0x3F, 0x42, 0x6A, 0xD4, 0xC3, 0xC3, 0xB9, 0xB8, 0xB0, 0xAB, 0xAA, 0xAC, 0xB3, 0xBF, 0xDB, 0x5B,
    0x47, 0x49, 0x61, 0xCF, 0xC2, 0xC3, 0xD1, 0xD2, 0xD0, 0x44, 0x3A, 0x3C, 0x37, 0x31, 0x2E, 0x2B,
    0x29, 0x26, 0x27, 0x2C, 0x3A, 0x48, 0x57, 0xF3, 0xC8, 0xBB, 0xB1, 0xAF, 0xAF, 0xB3, 0xBC, 0xD0,
    0x5B, 0x37, 0x2C, 0x29, 0x2C, 0x3B, 0x4F, 0xF6, 0xCB, 0xC1, 0xBD, 0xB8, 0xB5, 0xB9, 0xC3, 0xDD,
    0x64, 0x4A, 0x44, 0x3C, 0x3B, 0x48, 0xCF, 0xBB, 0xB8, 0xB7, 0xB5, 0xB0, 0xB1, 0xB3, 0xB4, 0xBA,
    0xC6, 0xCD, 0x5D, 0x31, 0x2D, 0x2C, 0x21, 0x23, 0x2B, 0x32, 0x36, 0x3A, 0x3F, 0x4E, 0x64, 0xD7,
    0xCD, 0xE8, 0x5D, 0x4B, 0x48, 0x3F, 0x48, 0x6A, 0xC5, 0xB6, 0xB2, 0xAF, 0xB1, 0xB3, 0xC0, 0xBF,
    0xB9, 0xCA, 0xDB, 0xE5, 0x50, 0x42, 0x3B, 0x3B, 0x42, 0x5F, 0xCE, 0xC6, 0xC8, 0xC8, 0xBD, 0xB3,
    0xB0, 0xB0, 0xAF, 0xB2, 0xB9, 0xD2, 0x7D, 0x4E, 0x49, 0x4E, 0x61, 0xD6, 0xC7, 0xCC, 0xC5, 0xB9,
    0xCC, 0xD3, 0xEB, 0x3A, 0x2D, 0x2B, 0x28, 0x27, 0x24, 0x24, 0x27, 0x2D, 0x38, 0x44, 0x54, 0x66,
    0xD7, 0xC0, 0xBA, 0xB5, 0xAF, 0xB3, 0xB8, 0xCB, 0xF7, 0x55, 0x3E, 0x2E, 0x36, 0x48, 0x4D, 0x4D,
    0x62, 0xD0, 0xBD, 0xB6, 0xB2, 0xAF, 0xB4, 0xC8, 0x6C, 0x4A, 0x41, 0x42, 0x51, 0x79, 0xC5, 0xBE,
    0xBC, 0xB9, 0xB4, 0xAF, 0xAD, 0xAB, 0xAE, 0xB6, 0xD2, 0x5E, 0x4C, 0x4A, 0x4A, 0x3A, 0x33, 0x30,
    0x32, 0x29, 0x2C, 0x2F, 0x42, 0x52, 0x67, 0x5E, 0x4D, 0x3E, 0x39, 0x3A, 0x36, 0x36, 0x3C, 0x48,
    0xE5, 0xCA, 0xC2, 0xC2, 0xB6, 0xAF, 0xAE, 0xB8, 0xCD, 0xDA, 0x5E, 0x48, 0x3F, 0x41, 0x48, 0x45,
    0x4F, 0xF1, 0xCF, 0xC8, 0xBF, 0xBC, 0xBA, 0xB5, 0xB0, 0xAE, 0xB4, 0xBE, 0xCD, 0xE7, 0x6A, 0x63,
    0x5E, 0xDF, 0xCA, 0xCC, 0xD3, 0xDB, 0xD1, 0xBC, 0xB4, 0xAF, 0xB4, 0x6C, 0x34, 0x30, 0x28, 0x22,
    0x25, 0x29, 0x2A, 0x2D, 0x2D, 0x33, 0x39, 0x4B, 0xDA, 0xC1, 0xBB, 0xBA, 0xBA, 0xC7, 0xDB, 0xDC,
    0xDF, 0xD8, 0xE7, 0x56, 0x3F, 0x47, 0x57, 0x65, 0xDB, 0xC4, 0xBC, 0xB5, 0xB1, 0xB5, 0xBF, 0xE1,
    0xE6, 0x58, 0x4C, 0x3F, 0x4E, 0x6D, 0xD6, 0xDB, 0xD1, 0xC2, 0xB6, 0xB0, 0xAD, 0xAC, 0xAD, 0xB6,
    0xCA, 0xEA, 0x5A, 0x53, 0x63, 0x77, 0xE0, 0x53, 0x2F, 0x30, 0x3E, 0x4B, 0x3A, 0x3C, 0x4F, 0x4D,
    0x3E, 0x33, 0x2F, 0x30, 0x34, 0x36, 0x3C, 0x46, 0x65, 0xDF, 0xE1, 0xCB, 0xBD, 0xB3, 0xAD, 0xA9,
    0xB5, 0x5A, 0x45, 0x3F, 0x41, 0x3C, 0x3C, 0x43, 0x5F, 0xFF, 0xF5, 0x79, 0xC6, 0xBE, 0xB5, 0xB2,
    0xB3, 0xB8, 0xC7, 0xD0, 0xE7, 0xFF, 0xFF, 0x67, 0xFD, 0xCF, 0xC8, 0xC5, 0xC5, 0xC2, 0xBB, 0xB5,
    0xAF, 0xAE, 0xB2, 0xBD, 0x4B, 0x2F, 0x2C, 0x2D, 0x2F, 0x28, 0x28, 0x2C, 0x2D, 0x2E, 0x2F, 0x3D,
    0x56, 0xCA, 0xC4, 0xC4, 0xD6, 0x6F, 0x5C, 0x51, 0x5A, 0x67, 0x5C, 0xDF, 0xC8, 0x6E, 0x4A, 0x4B,
    0xD9, 0xC9, 0xB7, 0xB6, 0xB9, 0xBF, 0xD9, 0x67, 0x58, 0x5C, 0x5C, 0x53, 0x56, 0xFB, 0xDC, 0xDB,
    0xCD, 0xBC, 0xB3, 0xAD, 0xAB, 0xAC, 0xB4, 0xC0, 0xC8, 0xCE, 0xD3, 0xF1, 0x59, 0x58, 0x53, 0xE3,
    0x3F, 0x45, 0x43, 0x49, 0xFD, 0xD8, 0xEB, 0x34, 0x2F, 0x2F, 0x2E, 0x2E, 0x2D, 0x2D, 0x33, 0x3B,
    0x47, 0x4B, 0x6B, 0xCA, 0xBB, 0xB1, 0xAF, 0xB0, 0xB4, 0xBC, 0x56, 0x3F, 0x3D, 0x3E, 0x3B, 0x3F,
    0x48, 0x53, 0x58, 0x67, 0xD3, 0xBC, 0xB2, 0xB0, 0xB2, 0xB8, 0xC8, 0xD3, 0xD6, 0xE3, 0xEC, 0x67,
    0x7B, 0xD9, 0xCC, 0xC5, 0xC2, 0xB8, 0xAF, 0xAD, 0xAD, 0xB1, 0xB7, 0xCD, 0xE1, 0x3D, 0x3A, 0x34,
    0x29, 0x2E, 0x35, 0x3A, 0x2E, 0x2D, 0x36, 0x3F, 0x4D, 0x5B, 0xF9, 0xEC, 0x57, 0x4A, 0x49, 0x4E,
    0x53, 0x50, 0x4D, 0x4F, 0xFE, 0xD5, 0xD8, 0x5B, 0xE6, 0xC9, 0xBD, 0xBE, 0xC4, 0xDA, 0xD6, 0xE2,
    0xE9, 0x5C, 0x4B, 0x4A, 0x59, 0xD5, 0xD1, 0xD1, 0xC9, 0xBD, 0xB3, 0xB2, 0xB0, 0xB2, 0xB6, 0xB8,
    0xC2, 0xC8, 0xDE, 0xE7, 0xF3, 0x5B, 0x58, 0x53, 0x4B, 0x3D, 0x4B, 0xFE, 0xF1, 0x54, 0x67, 0x67,
    0x47, 0x34, 0x2C, 0x2E, 0x2C, 0x2B, 0x2C, 0x2F, 0x36, 0x3F, 0x49, 0xDE, 0xC6, 0xB8, 0xB2, 0xB4,
    0xB9, 0xBF, 0xBD, 0xE2, 0x45, 0x3E, 0x3C, 0x40, 0x4C, 0x56, 0x5B, 0xFC, 0xC7, 0xB8, 0xB4, 0xAF,
    0xB0, 0xB4, 0xBD, 0xC7, 0xC9, 0xE0, 0x5B, 0x54, 0x54, 0xED, 0xFC, 0xD0, 0xC7, 0xB7, 0xAF, 0xAF,
    0xAC, 0xAE, 0xAF, 0xBB, 0xC7, 0x6F, 0x3C, 0x37, 0x32, 0x2E, 0x2F, 0x37, 0x3E, 0x41, 0x3B, 0x38,
    0x44, 0x6A, 0xFF, 0x5C, 0x46, 0x46, 0x49, 0x45, 0x3F, 0x3C, 0x3F, 0x49, 0x62, 0x55, 0x7C, 0xD3,
    0xE1, 0xD4, 0xC1, 0xBD, 0xC1, 0xCB, 0xD1, 0xD4, 0xDF, 0x6D, 0x53, 0x4F, 0x4A, 0x5E, 0x67, 0xE5,
    0xCA, 0xBB, 0xB6, 0xB4, 0xB1, 0xB1, 0xB5, 0xBC, 0xBD, 0xC4, 0xCF, 0xE1, 0xFF, 0xFC, 0xDB, 0xD6,
    0xEF, 0x6B, 0x4B, 0x65, 0xCD, 0xC7, 0xDC, 0x50, 0x4A, 0x52, 0x3F, 0x37, 0x28, 0x28, 0x2B, 0x2D,
    0x2F, 0x2E, 0x39, 0x5C, 0xD2, 0xC0, 0xBC, 0xBA, 0xBA, 0xBA, 0xBD, 0xC6, 0x5E, 0x3C, 0x38, 0x3D,
    0x46, 0x4D, 0x4F, 0x7D, 0xC9, 0xBF, 0xB5, 0xB2, 0xB0, 0xB2, 0xBA, 0xBE, 0xCB, 0xDC, 0x5E, 0x4D,
    0x4D, 0x67, 0x72, 0x78, 0xDE, 0xC3, 0xB5, 0xAE, 0xAC, 0xAB, 0xAD, 0xB0, 0xB8, 0xC4, 0x44, 0x34,
    0x32, 0x34, 0x36, 0x35, 0x2D, 0x36, 0x49, 0x6D, 0xEE, 0x45, 0x4B, 0x53, 0x51, 0x48, 0x41, 0x3D,
    0x39, 0x3A, 0x3B, 0x44, 0x4E, 0x5E, 0xE7, 0xCE, 0xC6, 0xD3, 0xCD, 0xBD, 0xBE, 0xC0, 0xCE, 0xDA,
    0x6D, 0x4D, 0x49, 0x49, 0x4D, 0x51, 0x54, 0x5F, 0xE0, 0xC3, 0xBA, 0xB3, 0xB2, 0xB4, 0xB7, 0xBC,
    0xC4, 0xD3, 0x64, 0x67, 0x6D, 0xE0, 0xCD, 0xC9, 0xC2, 0xC2, 0xDA, 0xFE, 0xCB, 0xC4, 0xC1, 0xC6,
    0xE1, 0x3D, 0x33, 0x35, 0x37, 0x37, 0x33, 0x2C, 0x2E, 0x33, 0x37, 0x46, 0x77, 0xCF, 0xBE, 0xB9,
    0xBE, 0xC9, 0xD9, 0x7C, 0x67, 0x49, 0x2F, 0x2F, 0x36, 0x40, 0x4B, 0x5E, 0xD4, 0xBF, 0xB8, 0xB4,
    0xB2, 0xB6, 0xBB, 0xC7, 0xE0, 0x5D, 0x4D, 0x4D, 0x4A, 0x5A, 0x78, 0xFF, 0xDE, 0xCA, 0xBA, 0xB2,
    0xAE, 0xAC, 0xAD, 0xB2, 0xBC, 0xD1, 0x6E, 0x37, 0x32, 0x33, 0x34, 0x39, 0x3D, 0x41, 0x40, 0x49,
    0xE1, 0xC4, 0xBE, 0xBF, 0x55, 0x39, 0x38, 0x33, 0x30, 0x2F, 0x32, 0x3A, 0x3E, 0x41, 0x49, 0x7A,
    0xC4, 0xB7, 0xB8, 0xC7, 0xCF, 0xD4, 0xFF, 0xFF, 0x50, 0x4C, 0x4A, 0x47, 0x4C, 0x5B, 0x5F, 0x5D,
    0xD3, 0xBC, 0xB3, 0xAF, 0xAC, 0xAF, 0xB7, 0xC0, 0xCA, 0xD0, 0x68, 0x5E, 0x52, 0x5E, 0xE7, 0xD5,
    0xCE, 0xBF, 0xB8, 0xBA, 0xC4, 0xBC, 0xBE, 0xCC, 0xDE, 0x68, 0x5A, 0x3A, 0x2E, 0x2E, 0x35, 0x3A,
    0x3F, 0x41, 0x35, 0x3F, 0x68, 0xD8, 0xC9, 0xC2, 0xCC, 0xDF, 0x5B, 0x58, 0x4B, 0x45, 0x45, 0x3D,
    0x33, 0x32, 0x37, 0x43, 0xE4, 0xC2, 0xB6, 0xB0, 0xB1, 0xB6, 0xBD, 0xC6, 0xD2, 0x6A, 0x4F, 0x45,
    0x4D, 0x60, 0x5B, 0x5B, 0x79, 0xC2, 0xB7, 0xAF, 0xAC, 0xAD, 0xB1, 0xB7, 0xBE, 0xC4, 0xCF, 0x56,
    0x37, 0x36, 0x3C, 0x3B, 0x3C, 0x44, 0xEE, 0xC8, 0xBC, 0xCD, 0xC9, 0xCD, 0xE7, 0x61, 0x4C, 0x36,
    0x2A, 0x2A, 0x2C, 0x2F, 0x36, 0x37, 0x44, 0x63, 0xC9, 0xB7, 0xAF, 0xAD, 0xC2, 0x5B, 0x43, 0x3E,
    0x3C, 0x39, 0x3B, 0x44, 0x54, 0x67, 0x50, 0xEE, 0xC4, 0xB9, 0xB0, 0xAC, 0xAB, 0xB0, 0xBA, 0xC8,
    0xE4, 0x67, 0x53, 0x4E, 0x5C, 0x67, 0x67, 0x59, 0xD2, 0xBC, 0xB2, 0xAC, 0xB0, 0xBA, 0xC0, 0xD2,
    0x75, 0x4D, 0x4A, 0x42, 0x41, 0x3E, 0x30, 0x31, 0x35, 0x3D, 0x59, 0xCD, 0xC5, 0xDB, 0xDB, 0xDE,
    0x65, 0x4D, 0x45, 0x3F, 0x3E, 0x3C, 0x41, 0x44, 0x44, 0x36, 0x33, 0x3F, 0xF9, 0xC1, 0xB7, 0xB4,
    0xB6, 0xBB, 0xC1, 0xC9, 0xE0, 0x6D, 0x53, 0x50, 0x4D, 0x4D, 0x50, 0x5B, 0xD2, 0xBE, 0xB8, 0xAF,
    0xAE, 0xAF, 0xB6, 0xBC, 0xC8, 0xCD, 0xE8, 0x69, 0x4B, 0x37, 0x37, 0x3C, 0x40, 0x58, 0xCC, 0xBA,
    0xB1, 0xAE, 0xB5, 0xC9, 0x41, 0x41, 0x40, 0x3A, 0x39, 0x37, 0x2D, 0x2A, 0x2D, 0x32, 0x41, 0xDA,
    0xBB, 0xB7, 0xB4, 0xB5, 0xBB, 0xCC, 0x43, 0x39, 0x35, 0x30, 0x30, 0x35, 0x3B, 0x47, 0x63, 0xCA,
    0xB9, 0xAF, 0xAD, 0xAA, 0xAE, 0xB6, 0xBE, 0xCA, 0xE6, 0x50, 0x42, 0x3E, 0x43, 0x51, 0x67, 0xF7,
    0xC9, 0xB5, 0xAE, 0xAB, 0xAB, 0xB8, 0xD2, 0xF4, 0x5B, 0x4E, 0x40, 0x3C, 0x39, 0x3A, 0x3F, 0x47,
    0x3C, 0x3A, 0x61, 0xCF, 0xBF, 0xB9, 0xB6, 0xD2, 0x48, 0x3C, 0x37, 0x34, 0x34, 0x34, 0x3A, 0x3E,
    0x46, 0x4F, 0x4B, 0x4D, 0xEA, 0xC6, 0xBF, 0xBE, 0xC3, 0xD7, 0xD4, 0xF0, 0x59, 0x53, 0x49, 0x51,
    0x4E, 0x53, 0x53, 0xE0, 0xC4, 0xB6, 0xB2, 0xB1, 0xB2, 0xB6, 0xBC, 0xC0, 0xD1, 0xEA, 0x58, 0x5A,
    0x55, 0x48, 0x37, 0x3D, 0x4C, 0xEF, 0xC2, 0xBB, 0xB6, 0xB1, 0xB4, 0xBD, 0xC7, 0x54, 0x37, 0x36,
    0x34, 0x35, 0x3A, 0x3F, 0x3D, 0x32, 0x3E, 0x5F, 0xCE, 0xBF, 0xB9, 0xBC, 0xC7, 0xDE, 0x6E, 0x3A,
    0x30, 0x32, 0x32, 0x30, 0x34, 0x39, 0x45, 0xDE, 0xBF, 0xB6, 0xB0, 0xAE, 0xAD, 0xB1, 0xB9, 0xC9,
    0xE2, 0x60, 0x5A, 0x4A, 0x45, 0x4A, 0x50, 0x5B, 0xCA, 0xB8, 0xB0, 0xAD, 0xAB, 0xAE, 0xC7, 0x5B,
    0x4E, 0x46, 0x41, 0x41, 0x3B, 0x3E, 0x44, 0x49, 0x51, 0xEE, 0xCE, 0xD8, 0xC6, 0xBF, 0xBF, 0xC5,
    0xCB, 0xEF, 0x3E, 0x2F, 0x2D, 0x2C, 0x2E, 0x37, 0x3B, 0x44, 0x53, 0xFF, 0x5B, 0xDB, 0xC5, 0xC1,
    0xC5, 0xDF, 0x63, 0x56, 0x49, 0x45, 0x42, 0x47, 0x60, 0x69, 0xD9, 0xCA, 0xBA, 0xB5, 0xAF, 0xAE,
    0xAF, 0xB4, 0xC1, 0xCC, 0xE8, 0xFF, 0x58, 0x4C, 0x4C, 0x42, 0x39, 0x3D, 0x4E, 0xF2, 0xC8, 0xBB,
    0xB5, 0xB1, 0xB5, 0xBB, 0xC7, 0xDB, 0xFB, 0x4B, 0x31, 0x34, 0x37, 0x3D, 0x44, 0x5C, 0xCC, 0xD3,
    0x6C, 0xDB, 0xCD, 0xD8, 0xDE, 0x6E, 0x55, 0x49, 0x32, 0x2B, 0x2D, 0x33, 0x3B, 0x3F, 0x51, 0xE3,
    0xC5, 0xBE, 0xB8, 0xB4, 0xB2, 0xB6, 0xBE, 0xCB, 0xDD, 0x51, 0x43, 0x41, 0x47, 0x50, 0x67, 0x63,
    0xD3, 0xC0, 0xB7, 0xB1, 0xAE, 0xAF, 0xC6, 0x61, 0x4F, 0x40, 0x3B, 0x3A, 0x3E, 0x47, 0x4E, 0x5B,
    0xF2, 0xCB, 0xBB, 0xB3, 0xB4, 0xBF, 0xC6, 0xCF, 0xE2, 0x5E, 0x4D, 0x46, 0x3A, 0x2B, 0x2C, 0x2F,
    0x34, 0x3E, 0x4F, 0xD4, 0xCB, 0x77, 0xE2, 0xCD, 0xCD, 0xEF, 0x59, 0x4D, 0x3F, 0x39, 0x37, 0x3E,
    0x57, 0x60, 0xE2, 0xCD, 0xBA, 0xB2, 0xB0, 0xAD, 0xAF, 0xB6, 0xBD, 0xCE, 0xEC, 0x4C, 0x44, 0x40,
    0x49, 0x5E, 0x4C, 0x3E, 0x4A, 0xEC, 0xC9, 0xBE, 0xB3, 0xB2, 0xB5, 0xBD, 0xC9, 0xE1, 0x4F, 0x47,
    0x41, 0x44, 0x38, 0x37, 0x3D, 0x4C, 0xEA, 0xCC, 0xBE, 0xB2, 0xBF, 0xF3, 0x4F, 0x4A, 0x3E, 0x3C,
    0x38, 0x2F, 0x2B, 0x2E, 0x33, 0x36, 0x42, 0x6F, 0xC9, 0xBD, 0xB7, 0xB3, 0xBA, 0xBE, 0xC8, 0xDD,
    0x62, 0x4B, 0x49, 0x53, 0x58, 0x5B, 0x63, 0xD3, 0xBE, 0xBD, 0xB9, 0xB1, 0xAE, 0xB0, 0xB8, 0x5F,
    0x40, 0x3B, 0x39, 0x3A, 0x3F, 0x4A, 0x67, 0x78, 0xD7, 0xC3, 0xBB, 0xB3, 0xAE, 0xAD, 0xB2, 0xD4,
    0x4F, 0x43, 0x3D, 0x37, 0x36, 0x3B, 0x4B, 0x44, 0x33, 0x3C, 0x53, 0xF1, 0xC9, 0xBD, 0xC9, 0x5F,
    0x4C, 0x42, 0x3C, 0x39, 0x33, 0x35, 0x3B, 0x41, 0x48, 0x50, 0x69, 0xCE, 0xBE, 0xB7, 0xAD, 0xAA,
    0xAC, 0xB7, 0xC6, 0xDE, 0xFF, 0x50, 0x47, 0x49, 0x53, 0x5F, 0x6C, 0xE5, 0x4C, 0xE0, 0xC8, 0xBB,
    0xB4, 0xB7, 0xBF, 0xCD, 0xE3, 0x6B, 0x4C, 0x45, 0x48, 0x57, 0x67, 0xFE, 0xFB, 0x4C, 0x58, 0xD3,
    0xBE, 0xB6, 0xB7, 0xBE, 0xD1, 0x3E, 0x2E, 0x2D, 0x2F, 0x35, 0x3C, 0x33, 0x2C, 0x32, 0x3E, 0x4F,
    0xD5, 0xBC, 0xB4, 0xB5, 0xC5, 0xE2, 0x60, 0x4D, 0x47, 0x45, 0x4B, 0x64, 0xFF, 0xE7, 0xD7, 0xC1,
    0xBB, 0xB3, 0xAE, 0xAD, 0xAF, 0xB9, 0xC3, 0xE1, 0x3F, 0x2E, 0x30, 0x36, 0x46, 0x4D, 0x4E, 0x65,
    0xCD, 0xBD, 0xB4, 0xAD, 0xAB, 0xAD, 0xB7, 0xC1, 0xDD, 0x55, 0x33, 0x32, 0x37, 0x3E, 0x45, 0x4A,
    0x5E, 0xD4, 0xD9, 0xF6, 0xCC, 0xBD, 0xC0, 0xD9, 0x3E, 0x2F, 0x2D, 0x2C, 0x2E, 0x35, 0x3C, 0x42,
    0x48, 0x4E, 0x6B, 0xCD, 0xBB, 0xB0, 0xAC, 0xAE, 0xB4, 0xBF, 0xD9, 0x58, 0x49, 0x43, 0x4D, 0x56,
    0x5B, 0x4E, 0x5F, 0xD2, 0xBF, 0xB7, 0xAF, 0xAB, 0xAC, 0xB3, 0xBF, 0xDF, 0x5F, 0x4F, 0x45, 0x4D,
    0x5D, 0x76, 0x5F, 0x67, 0xCA, 0xBE, 0xB4, 0xAE, 0xAC, 0xAD, 0xB6, 0xC4, 0xDA, 0x5B, 0x49, 0x3F,
    0x48, 0x56, 0x5F, 0x5B, 0x5D, 0xD3, 0xC0, 0xB6, 0xAE, 0xAB, 0xAC, 0xB4, 0xC3, 0xE5, 0x52, 0x46,
    0x3F, 0x47, 0x55, 0x53, 0x50, 0x5D, 0xD0, 0xBD, 0xB5, 0xAE, 0xAC, 0xAD, 0xB6, 0xC5, 0xEE, 0x53,
    0x46, 0x41, 0x47, 0x5B, 0x5F, 0x5D, 0x6F, 0xD3, 0xC2, 0xBB, 0xAF, 0xAB, 0xAD, 0xB1, 0xBE, 0xD1,
    0xFC, 0x4B, 0x43, 0x42, 0x4F, 0x5A, 0x4D, 0x50, 0x66, 0xCD, 0xBE, 0xB4, 0xAE, 0xAD, 0xB2, 0xBF,
    0xDB, 0x65, 0x4B, 0x45, 0x47, 0x52, 0x57, 0x4D, 0x4E, 0xF8, 0xCC, 0xC0, 0xB7, 0xB1, 0xAF, 0xB6,
    0xBF, 0xD6, 0x6D, 0x50, 0x47, 0x45, 0x50, 0x56, 0x4D, 0x4D, 0x53, 0xED, 0xCA, 0xB9, 0xAF, 0xAC,
    0xAF, 0xBB, 0xCC, 0x77, 0x55, 0x49, 0x49, 0x4F, 0x4D, 0x49, 0x49, 0x51, 0xDA, 0xC1, 0xB8, 0xB0,
    0xAE, 0xB3, 0xBE, 0xD4, 0x62, 0x4D, 0x44, 0x41, 0x49, 0x4C, 0x46, 0x48, 0x5C, 0xD2, 0xC6, 0xBC,
    0xB1, 0xAE, 0xAF, 0xBD, 0xD2, 0x64, 0x4C, 0x3F, 0x3E, 0x48, 0x4D, 0x44, 0x41, 0x48, 0xE7, 0xC7,
    0xB8, 0xAE, 0xAC, 0xAF, 0xBE, 0xD7, 0x5F, 0x4A, 0x3F, 0x3F, 0x42, 0x49, 0x46, 0x42, 0x51, 0xD6,
    0xBF, 0xB7, 0xAF, 0xAD, 0xB1, 0xBD, 0xD9, 0x5D, 0x4B, 0x3E, 0x3D, 0x41, 0x49, 0x45, 0x41, 0x49,
    0x6D, 0xD0, 0xBE, 0xB4, 0xAD, 0xB0, 0xBD, 0xDB, 0x55, 0x4D, 0x41, 0x3F, 0x44, 0x4D, 0x4B, 0x41,
    0x4A, 0xFB, 0xCB, 0xBB, 0xB3, 0xAE, 0xB1, 0xBF, 0xD9, 0x5E, 0x4F, 0x43, 0x3F, 0x4B, 0x56, 0x5A,
    0x4D, 0x4D, 0xF2, 0xCE, 0xBF, 0xB8, 0xB1, 0xAF, 0xBC, 0xCF, 0x6C, 0x4D, 0x45, 0x45, 0x48, 0x54,
    0x53, 0x4A, 0x47, 0x55, 0xDB, 0xC5, 0xB8, 0xB2, 0xB1, 0xB8, 0xCE, 0x74, 0x53, 0x4E, 0x46, 0x43,
    0x4C, 0x4D, 0x47, 0x44, 0x4B, 0xE2, 0xC8, 0xBB, 0xB4, 0xB2, 0xB9, 0xCC, 0xEA, 0x5C, 0x4B, 0x44,
    0x41, 0x49, 0x49, 0x41, 0x41, 0x49, 0x72, 0xCE, 0xBF, 0xB4, 0xB4, 0xB7, 0xC0, 0xE0, 0x5D, 0x4C,
    0x44, 0x41, 0x45, 0x45, 0x3E, 0x3C, 0x44, 0x65, 0xD3, 0xC0, 0xB6, 0xB1, 0xBB, 0x51, 0x3F, 0x39,
    0x2C, 0x2B, 0x2D, 0x2D, 0x2F, 0x37, 0x39, 0x40, 0x4B, 0xDD, 0xBA, 0xB1, 0xAE, 0xAF, 0xC5, 0xC2,
    0xBB, 0x3E, 0xD3, 0x31, 0xD0, 0x44, 0x33, 0xDA, 0xB6, 0xC4, 0x4C, 0xEA, 0x53, 0x4F, 0x5A, 0x3B,
    0x2E, 0x2B, 0x2B, 0x2D, 0x29, 0x29, 0x31, 0x2F, 0x29, 0x2E, 0x3F, 0x49, 0xD3, 0xBC, 0xB4, 0xAF,
    0xB4, 0xBD, 0xBF, 0xC1, 0xC9, 0x52, 0x3B, 0x30, 0x2C, 0x2E, 0x33, 0x3A, 0x4C, 0xD9, 0xE5, 0xCD,
    0xB4, 0xBE, 0xD0, 0x53, 0x46, 0x3F, 0x3F, 0x44, 0x51, 0x4D, 0x36, 0x30, 0x34, 0x3F, 0xDD, 0xC3,
    0xAE, 0xB4, 0xB4, 0xC7, 0x62, 0x43, 0x41, 0x46, 0x3D, 0x3F, 0x3A, 0x32, 0x2F, 0x32, 0x3D, 0x5F,
    0xFF, 0xCA, 0xCB, 0xD9, 0x4D, 0x3B, 0x33, 0x30, 0x30, 0x2D, 0x2E, 0x2C, 0x2B, 0x26, 0x28, 0x2A,
    0x2F, 0x37, 0x3C, 0x39, 0x2F, 0x28, 0x25, 0x27, 0x26, 0x26, 0x27, 0x2B, 0x2C, 0x2B, 0x2A, 0x2F,
    0x38, 0x4F, 0xDF, 0xC2, 0xB7, 0xB8, 0xC1, 0xD1, 0xCC, 0xC3, 0xD1, 0xE3, 0xCB, 0xC5, 0xC1, 0xC9,
    0xC0, 0xB5, 0xAC, 0xA4, 0x9F, 0x9D, 0x9E, 0xA5, 0xA9, 0xAC, 0xAE, 0xB6, 0xB8, 0xB2, 0xB1, 0xB9,
    0xBE, 0xB9, 0xAF, 0xAB, 0xA7, 0xA3, 0xA1, 0xA5, 0xAC, 0xB3, 0xBA, 0xBF, 0xCB, 0xE9, 0xEF, 0x50,
    0x3A, 0x32, 0x2A, 0x2D, 0x35, 0x3D, 0x48, 0x5A, 0x6A, 0x47, 0x34, 0x34, 0x30, 0x2C, 0x2A, 0x29,
    0x2C, 0x2B, 0x27, 0x21, 0x24, 0x2C, 0x2F, 0x36, 0x3E, 0x3E, 0x38, 0x2E, 0x2A, 0x2B, 0x27, 0x25,
    0x25, 0x27, 0x27, 0x25, 0x27, 0x2D, 0x38, 0x45, 0x5D, 0xCC, 0xDF, 0x53, 0x46, 0x3E, 0x3A, 0x38,
    0x38, 0x38, 0x38, 0x36, 0x33, 0x36, 0x3E, 0x68, 0xE3, 0xCB, 0xC1, 0xC1, 0xF1, 0x3F, 0x34, 0x36,
    0x35, 0x31, 0x2F, 0x32, 0x34, 0x32, 0x35, 0x47, 0x65, 0xC8, 0xBA, 0xB0, 0xAD, 0xB3, 0xB9, 0xBD,
    0xC1, 0xC2, 0xCB, 0xCF, 0xC9, 0xCD, 0xCB, 0xC4, 0xB8, 0xAE, 0xA8, 0xA3, 0xA1, 0x9E, 0xA1, 0xA7,
    0xAA, 0xAD, 0xB2, 0xB6, 0xB4, 0xB3, 0xB8, 0xBD, 0xBC, 0xB5, 0xAC, 0xA8, 0xA2, 0x9F, 0xA0, 0xA4,
    0xAB, 0xAE, 0xB4, 0xB9, 0xC2, 0xCB, 0xCD, 0xCE, 0xE5, 0x7E, 0x5B, 0x63, 0xDC, 0x6E, 0x54, 0x55,
    0x51, 0x3C, 0x38, 0x35, 0x31, 0x2D, 0x2B, 0x2A, 0x28, 0x26, 0x26, 0x28, 0x28, 0x29, 0x2D, 0x36,
    0x3A, 0x36, 0x2E, 0x2A, 0x28, 0x25, 0x24, 0x23, 0x24, 0x26, 0x23, 0x23, 0x26, 0x2A, 0x34, 0x3D,
    0x47, 0x53, 0x4D, 0x3F, 0x35, 0x36, 0x34, 0x32, 0x32, 0x31, 0x31, 0x30, 0x2F, 0x36, 0x3F, 0x62,
    0xD0, 0xC1, 0xC0, 0xCD, 0xF1, 0x4C, 0x3C, 0x30, 0x2B, 0x2D, 0x2D, 0x2E, 0x2E, 0x2F, 0x37, 0x4D,
    0x7A, 0xCB, 0xBD, 0xB5, 0xB6, 0xBE, 0xC6, 0xC9, 0xCD, 0xE7, 0xE7, 0xE7, 0x72, 0x5D, 0x5F, 0xCF,
    0xB9, 0xB3, 0xAE, 0xA9, 0xA3, 0xA5, 0xA9, 0xAD, 0xAF, 0xB1, 0xBB, 0xC1, 0xB9, 0xB8, 0xBB, 0xBB,
    0xB7, 0xAE, 0xA9, 0xA6, 0xA1, 0x9E, 0xA0, 0xA4, 0xA6, 0xA8, 0xAD, 0xAE, 0xB4, 0xB8, 0xBB, 0xC3,
    0xD3, 0xC7, 0xB8, 0xAC, 0xA9, 0xAD, 0xAE, 0xB2, 0xCE, 0x4C, 0x46, 0x3E, 0x3B, 0x37, 0x34, 0x32,
    0x2F, 0x2E, 0x32, 0x38, 0x41, 0x3F, 0x3E, 0x47, 0x49, 0x3D, 0x37, 0x38, 0x30, 0x2D, 0x2C, 0x2A,
    0x28, 0x28, 0x28, 0x2A, 0x31, 0x3A, 0x4E, 0x63, 0xDB, 0xDB, 0x5F, 0x4B, 0x43, 0x49, 0x3E, 0x34,
    0x35, 0x38, 0x35, 0x31, 0x36, 0x4E, 0x5A, 0xE1, 0xCB, 0xBB, 0xB7, 0xBE, 0xCB, 0xDC, 0xFB, 0x50,
    0x38, 0x2C, 0x2C, 0x2C, 0x2D, 0x2F, 0x34, 0x49, 0x62, 0xCD, 0xC2, 0xBE, 0xCA, 0xED, 0x5B, 0x4E,
    0x47, 0x3E, 0x3A, 0x3E, 0x3F, 0x3A, 0x3E, 0x49, 0xD0, 0xBE, 0xB8, 0xB4, 0xAF, 0xAF, 0xB6, 0xBA,
    0xBE, 0xC4, 0xD5, 0x71, 0x79, 0x67, 0x5F, 0x5B, 0xDE, 0xBD, 0xB6, 0xB0, 0xAB, 0xA8, 0xAA, 0xAF,
    0xAF, 0xB3, 0xB9, 0xC7, 0xD9, 0xDB, 0xD6, 0x67, 0x67, 0xDB, 0xC3, 0xB1, 0xAC, 0xA9, 0xA8, 0xAA,
    0xB9, 0xCB, 0xC7, 0x76, 0x34, 0x2C, 0x2C, 0x2E, 0x2D, 0x2D, 0x33, 0x47, 0x5B, 0x40, 0x3D, 0x55,
    0x61, 0x44, 0x3A, 0x3D, 0x3C, 0x34, 0x2F, 0x2F, 0x34, 0x33, 0x2F, 0x35, 0x3E, 0x5C, 0xD4, 0xC8,
    0xBE, 0xBE, 0xD0, 0x5E, 0x53, 0x55, 0x47, 0x41, 0x3F, 0x3F, 0x3D, 0x3A, 0x3F, 0x4E, 0x71, 0xC7,
    0xB9, 0xAF, 0xB0, 0xB4, 0xBB, 0xC9, 0xD8, 0x61, 0x4A, 0x42, 0x2F, 0x2B, 0x2A, 0x2C, 0x36, 0x48,
    0x5D, 0xD4, 0xBF, 0xBC, 0xC3, 0xDB, 0xE9, 0x6F, 0x4E, 0x41, 0x49, 0x49, 0x45, 0x43, 0x4D, 0x79,
    0xCB, 0xBE, 0xB6, 0xAF, 0xAD, 0xB3, 0xBC, 0xC3, 0xCB, 0xDC, 0xFF, 0x6A, 0xE7, 0xDF, 0xE6, 0xE2,
    0xD0, 0xBC, 0xAF, 0xAB, 0xA7, 0xA7, 0xA9, 0xAD, 0xAE, 0xB1, 0xBA, 0xC1, 0xCA, 0xCD, 0xCD, 0xD8,
    0xCB, 0xBF, 0xB7, 0xB1, 0xAF, 0xAA, 0xA7, 0xAB, 0xB3, 0xB7, 0xCD, 0x48, 0x3F, 0x39, 0x30, 0x2A,
    0x29, 0x2A, 0x2F, 0x3C, 0x44, 0x4F, 0x49, 0x47, 0x43, 0x3C, 0x3B, 0x3A, 0x32, 0x2D, 0x2C, 0x2D,
    0x2E, 0x2F, 0x2D, 0x34, 0x3E, 0x4F, 0xEC, 0xBE, 0xB3, 0xB8, 0xC1, 0xCE, 0xE4, 0x59, 0x3F, 0x45,
    0x49, 0x4D, 0x4B, 0x46, 0x5D, 0xD2, 0xBE, 0xB7, 0xAF, 0xA8, 0xAC, 0xB5, 0xBA, 0xBC, 0xC2, 0xF6,
    0x4E, 0x4B, 0x4B, 0x35, 0x2C, 0x2D, 0x36, 0x43, 0x7B, 0xD3, 0xC4, 0xBF, 0xCF, 0xF6, 0x63, 0x4E,
    0x41, 0x35, 0x32, 0x37, 0x37, 0x35, 0x3A, 0x43, 0xFD, 0xD0, 0xC4, 0xBE, 0xBC, 0xCC, 0xEC, 0xFF,
    0x4D, 0x3F, 0x39, 0x38, 0x3A, 0x39, 0x3A, 0x3F, 0x4F, 0xDD, 0xC7, 0xBC, 0xB5, 0xB4, 0xBB, 0xC3,
    0xC6, 0xD7, 0x58, 0x49, 0x49, 0x4D, 0x4F, 0x4B, 0x4E, 0xFF, 0xC7, 0xBC, 0xB2, 0xAC, 0xAD, 0xAE,
    0xB9, 0xBE, 0xC5, 0xDC, 0x4C, 0x36, 0x36, 0x3A, 0x31, 0x2B, 0x2E, 0x39, 0x40, 0x4E, 0x62, 0x48,
    0x3D, 0x37, 0x36, 0x33, 0x2E, 0x2D, 0x2D, 0x2D, 0x2F, 0x2E, 0x30, 0x3A, 0x47, 0x6D, 0xCA, 0xB7,
    0xB0, 0xB4, 0xB6, 0xB9, 0xBA, 0xC8, 0xE0, 0xDC, 0xCF, 0xCC, 0xD4, 0xCF, 0xBB, 0xB1, 0xAC, 0xA6,
    0xA0, 0x9F, 0xA2, 0xA5, 0xA8, 0xAB, 0xAF, 0xBA, 0xBB, 0xBC, 0xC1, 0xC7, 0x79, 0x48, 0x6D, 0xD4,
    0xC4, 0xB7, 0xB3, 0xB9, 0xC0, 0xC6, 0xCE, 0xFF, 0x4C, 0x43, 0x45, 0x41, 0x3F, 0x44, 0x4F, 0xE7,
    0xCD, 0xBC, 0xB5, 0xAF, 0xB4, 0xC0, 0xCB, 0xDD, 0x4D, 0x3F, 0x3B, 0x3B, 0x3C, 0x38, 0x3A, 0x3F,
    0x5F, 0x79, 0xC8, 0xBD, 0xBA, 0xBD, 0xC5, 0xCA, 0xD7, 0x58, 0x48, 0x44, 0x41, 0x40, 0x3D, 0x3B,
    0x43, 0x51, 0xDF, 0xCA, 0xBA, 0xB3, 0xB7, 0xBD, 0xC6, 0xD2, 0x52, 0x40, 0x41, 0x43, 0x3B, 0x2D,
    0x2A, 0x2E, 0x31, 0x31, 0x2F, 0x38, 0x40, 0x2F, 0x28, 0x26, 0x28, 0x26, 0x20, 0x20, 0x24, 0x25,
    0x24, 0x23, 0x28, 0x2E, 0x35, 0x43, 0x61, 0xC9, 0xCE, 0xE7, 0xEB, 0xF0, 0x5F, 0x47, 0x49, 0x60,
    0x6D, 0x66, 0x5A, 0x78, 0xBF, 0xB7, 0xAE, 0xA8, 0xA3, 0xA2, 0xA6, 0xA8, 0xAA, 0xAF, 0xB4, 0xB8,
    0xB7, 0xB6, 0xB8, 0xB9, 0xB7, 0xB6, 0xBE, 0xBC, 0xB0, 0xAD, 0xAF, 0xB9, 0xBF, 0xC4, 0xE7, 0x5A,
    0x4D, 0x5C, 0x67, 0x4F, 0x48, 0x4D, 0xFD, 0xCD, 0xC2, 0xB6, 0xAF, 0xB0, 0xBA, 0xC1, 0xC6, 0xF5,
    0x49, 0x41, 0x41, 0x41, 0x39, 0x36, 0x3B, 0x47, 0x5F, 0xD5, 0xBE, 0xB5, 0xB6, 0xBF, 0xD4, 0xE6,
    0x69, 0x48, 0x45, 0x49, 0x4E, 0x49, 0x46, 0x4F, 0xEF, 0xC6, 0xB9, 0xAF, 0xAB, 0xAC, 0xAE, 0xB2,
    0xB4, 0xBD, 0xD3, 0xE7, 0xE1, 0xDB, 0xDF, 0x5F, 0x4E, 0x49, 0x4C, 0x6C, 0xC6, 0xBE, 0xDB, 0x41,
    0x2F, 0x2B, 0x29, 0x25, 0x24, 0x26, 0x29, 0x28, 0x27, 0x29, 0x2E, 0x34, 0x3F, 0x6A, 0xCF, 0xC9,
    0x67, 0x52, 0x49, 0x3E, 0x38, 0x33, 0x36, 0x3A, 0x38, 0x36, 0x38, 0x3F, 0x4C, 0x5B, 0xC9, 0xB9,
    0xB3, 0xBA, 0xCA, 0xCF, 0xF5, 0x54, 0x45, 0x48, 0x53, 0x4C, 0x46, 0x4C, 0x77, 0xCA, 0xC9, 0xC9,
    0xC4, 0xBB, 0xC0, 0xCD, 0xDA, 0x67, 0x4D, 0x45, 0x46, 0x4D, 0x4D, 0x49, 0x4C, 0x5C, 0xCF, 0xBF,
    0xB7, 0xAD, 0xAA, 0xAB, 0xB1, 0xB7, 0xB9, 0xC2, 0xD6, 0xDB, 0xCE, 0xCF, 0xDE, 0xFD, 0xD9, 0xC7,
    0xB8, 0xB0, 0xA9, 0xA5, 0xA7, 0xAB, 0xAE, 0xB0, 0xB8, 0xC5, 0xC6, 0xC8, 0xCB, 0xDC, 0xEF, 0xDD,
    0xC4, 0xB8, 0xB0, 0xAA, 0xA7, 0xAA, 0xAF, 0xB6, 0xBC, 0xC5, 0xFF, 0x71, 0x78, 0x64, 0x53, 0x46,
    0x52, 0xDE, 0xD4, 0xE0, 0xCF, 0xBC, 0xBE, 0xD9, 0x3E, 0x2A, 0x25, 0x23, 0x21, 0x23, 0x25, 0x24,
    0x21, 0x23, 0x29, 0x2F, 0x38, 0x4D, 0xD1, 0xCD, 0x5A, 0x47, 0x41, 0x3B, 0x35, 0x35, 0x38, 0x38,
    0x3A, 0x38, 0x38, 0x46, 0x73, 0xCE, 0xBC, 0xB2, 0xB0, 0xB8, 0xC2, 0xC5, 0xD9, 0xFD, 0x5B, 0x5C,
    0x67, 0x56, 0x4C, 0x48, 0x53, 0xDB, 0xC5, 0xB7, 0xBA, 0xC3, 0xD1, 0x78, 0x5B, 0x4C, 0x3D, 0x38,
    0x37, 0x3E, 0x39, 0x33, 0x32, 0x3A, 0x4B, 0x51, 0xD3, 0xBB, 0xB8, 0xBC, 0xC6, 0xD2, 0xD5, 0x5A,
    0x4D, 0x4D, 0x67, 0x67, 0x4D, 0x4C, 0x57, 0xDF, 0xC4, 0xB7, 0xAC, 0xAA, 0xAC, 0xAF, 0xB6, 0xB7,
    0xBD, 0xC9, 0xCD, 0xCA, 0xC7, 0xD7, 0x6D, 0xDF, 0xCA, 0xBC, 0xB2, 0xAA, 0xA6, 0xA9, 0xAC, 0xB1,
    0xB5, 0xBB, 0xC7, 0xCD, 0xCC, 0xCA, 0xDA, 0x6C, 0xE2, 0xC5, 0xB9, 0xAF, 0xAC, 0xAE, 0xB8, 0xC9,
    0xD3, 0x58, 0x37, 0x27, 0x21, 0x22, 0x24, 0x23, 0x23, 0x23, 0x29, 0x2E, 0x38, 0x4C, 0xDC, 0xCC,
    0x6B, 0x50, 0x45, 0x3D, 0x37, 0x34, 0x39, 0x3C, 0x36, 0x32, 0x32, 0x3E, 0x5C, 0xDE, 0xC1, 0xB5,
    0xB2, 0xBE, 0xCA, 0xCD, 0xE1, 0x5B, 0x4A, 0x57, 0x73, 0x58, 0x46, 0x49, 0x6D, 0xCD, 0xC0, 0xB6,
    0xAD, 0xAF, 0xC6, 0x5C, 0x6B, 0x5B, 0x43, 0x3B, 0x3E, 0x43, 0x3D, 0x36, 0x36, 0x3B, 0x4C, 0xE6,
    0xC7, 0xB7, 0xB4, 0xB7, 0xC5, 0xCD, 0xCB, 0x79, 0x4E, 0x48, 0x4D, 0x4C, 0x3E, 0x3C, 0x44, 0x62,
    0xCE, 0xBF, 0xB1, 0xAD, 0xAF, 0xB8, 0xBC, 0xBC, 0xC5, 0xE3, 0xE0, 0xDA, 0xDF, 0x69, 0x55, 0x6B,
    0xD3, 0xBD, 0xB3, 0xAB, 0xA7, 0xA9, 0xAC, 0xB0, 0xB3, 0xBB, 0xCA, 0xCD, 0xCB, 0xD9, 0xFB, 0x5B,
    0x69, 0xCF, 0xBF, 0xB5, 0xAE, 0xA8, 0xAC, 0xBE, 0xEB, 0x54, 0x3B, 0x2D, 0x29, 0x29, 0x23, 0x1F,
    0x1E, 0x20, 0x26, 0x2C, 0x35, 0x45, 0xF3, 0xDD, 0x5A, 0x4F, 0x4D, 0x45, 0x3A, 0x32, 0x34, 0x34,
    0x30, 0x2E, 0x2E, 0x37, 0x49, 0xFA, 0xC5, 0xB6, 0xB1, 0xB7, 0xC0, 0xC7, 0xD4, 0x78, 0x53, 0x53,
    0x58, 0x4B, 0x42, 0x47, 0x7A, 0xBE, 0xB8, 0xAE, 0xA8, 0xA7, 0xAB, 0xC2, 0xD9, 0xE9, 0x5B, 0x4A,
    0x43, 0x49, 0x45, 0x3C, 0x3C, 0x44, 0x60, 0xCB, 0xBC, 0xB1, 0xAF, 0xB5, 0xC0, 0xC2, 0xC8, 0xE2,
    0x69, 0x5E, 0x7B, 0x51, 0x43, 0x3F, 0x4D, 0xDD, 0xC3, 0xBA, 0xAE, 0xAC, 0xAE, 0xB6, 0xBC, 0xBB,
    0xC2, 0xDB, 0xE7, 0xE7, 0xFB, 0x51, 0x4D, 0x7E, 0xCD, 0xBE, 0xB7, 0xAD, 0xAA, 0xAD, 0xB2, 0xB7,
    0xBB, 0xC1, 0xD3, 0xD8, 0xD4, 0xDD, 0x59, 0x4E, 0x5A, 0xDA, 0xC4, 0xBA, 0xAF, 0xAC, 0xAE, 0xB3,
    0xB9, 0xC9, 0x4F, 0x32, 0x27, 0x28, 0x27, 0x26, 0x21, 0x1E, 0x22, 0x27, 0x2C, 0x35, 0x3E, 0x40,
    0x37, 0x33, 0x31, 0x2F, 0x2C, 0x2B, 0x2D, 0x2E, 0x2D, 0x2B, 0x2D, 0x38, 0x46, 0xED, 0xC2, 0xBA,
    0xB9, 0xC4, 0xC7, 0xC4, 0xCA, 0xDE, 0x6A, 0xFF, 0xFF, 0x54, 0x4D, 0x5C, 0xD1, 0xBD, 0xB3, 0xAB,
    0xA6, 0xA7, 0xAA, 0xB0, 0xBC, 0xCD, 0x6F, 0x53, 0x58, 0x67, 0x4A, 0x42, 0x4B, 0xFD, 0xCB, 0xC1,
    0xB7, 0xAE, 0xAF, 0xB4, 0xBB, 0xBF, 0xBF, 0xD2, 0x73, 0x69, 0xFB, 0x56, 0x45, 0x48, 0x63, 0xCF,
    0xBF, 0xB4, 0xAD, 0xAD, 0xB2, 0xB7, 0xB8, 0xBB, 0xCC, 0xE9, 0xF0, 0x6C, 0x4D, 0x3E, 0x41, 0x57,
    0xD9, 0xC0, 0xB7, 0xAE, 0xAE, 0xB5, 0xBB, 0xBE, 0xC4, 0xCF, 0xE8, 0xE9, 0xF6, 0x67, 0x49, 0x49,
    0x6A, 0xD6, 0xC1, 0xB7, 0xAF, 0xAD, 0xB3, 0xBB, 0xBD, 0xBF, 0xCF, 0x47, 0x2F, 0x29, 0x26, 0x24,
    0x24, 0x27, 0x2E, 0x32, 0x33, 0x33, 0x3A, 0x37, 0x33, 0x36, 0x35, 0x32, 0x2D, 0x2C, 0x2E, 0x2C,
    0x2A, 0x2B, 0x2F, 0x3B, 0x48, 0x6D, 0xCA, 0xBC, 0xBE, 0xD6, 0xDB, 0xDC, 0x75, 0x55, 0x50, 0x5F,
    0x54, 0x41, 0x3E, 0x47, 0x7A, 0xC8, 0xBA, 0xAE, 0xAA, 0xAA, 0xAD, 0xAF, 0xAE, 0xBC, 0x78, 0x4D,
    0x45, 0x42, 0x3B, 0x38, 0x3C, 0x4C, 0xDF, 0xCA, 0xB8, 0xB0, 0xB1, 0xB7, 0xBA, 0xBA, 0xC1, 0xDE,
    0x7B, 0x5B, 0x55, 0x45, 0x45, 0x4D, 0xEE, 0xC8, 0xBC, 0xB4, 0xAD, 0xAE, 0xB3, 0xB6, 0xB6, 0xB9,
    0xCE, 0xDB, 0xDD, 0x70, 0x4E, 0x3E, 0x43, 0x59, 0xD7, 0xC1, 0xB7, 0xAF, 0xAD, 0xB2, 0xB4, 0xB6,
    0xB8, 0xCA, 0xF3, 0xFF, 0xFF, 0x5A, 0x48, 0x49, 0xEF, 0xC9, 0xBB, 0xB2, 0xAD, 0xAB, 0xAF, 0xB4,
    0xB4, 0xB9, 0xC1, 0xE7, 0x45, 0x38, 0x2F, 0x28, 0x24, 0x29, 0x2F, 0x39, 0x4C, 0xF4, 0xEF, 0x3E,
    0x32, 0x36, 0x34, 0x31, 0x2D, 0x2B, 0x2B, 0x29, 0x27, 0x27, 0x2B, 0x34, 0x3F, 0x5F, 0xCF, 0xC5,
    0xCA, 0x7D, 0x7D, 0x67, 0x49, 0x3D, 0x3A, 0x3C, 0x3A, 0x34, 0x37, 0x3D, 0x56, 0xDE, 0xC6, 0xB7,
    0xB1, 0xB3, 0xBA, 0xBA, 0xB9, 0xC3, 0xE3, 0x45, 0x3A, 0x36, 0x31, 0x32, 0x38, 0x42, 0x60, 0xDA,
    0xBD, 0xB4, 0xB7, 0xBC, 0xBE, 0xBC, 0xC4, 0xDC, 0x69, 0x55, 0x4F, 0x41, 0x3B, 0x49, 0x77, 0xC9,
    0xBB, 0xB1, 0xAD, 0xAE, 0xB2, 0xB6, 0xB6, 0xB9, 0xC7, 0xD2, 0xD3, 0xDD, 0xFF, 0x53, 0x5F, 0xD0,
    0xBF, 0xB5, 0xAE, 0xAA, 0xAA, 0xAE, 0xB0, 0xB2, 0xB5, 0xC0, 0xCF, 0xD9, 0x7C, 0x51, 0x49, 0x4B,
    0x6A, 0xCB, 0xBD, 0xB2, 0xAC, 0xAC, 0xB1, 0xB5, 0xB7, 0xBC, 0xCB, 0xEE, 0x71, 0x3F, 0x30, 0x2E,
    0x2F, 0x2E, 0x2F, 0x37, 0x48, 0xF0, 0xDB, 0x57, 0x48, 0x41, 0x30, 0x2A, 0x27, 0x28, 0x2A, 0x28,
    0x26, 0x27, 0x2D, 0x35, 0x3E, 0x58, 0xCB, 0xBF, 0xC4, 0xD3, 0xCB, 0xD2, 0x5F, 0x49, 0x3F, 0x3F,
    0x3B, 0x36, 0x38, 0x43, 0x73, 0xCC, 0xBD, 0xB0, 0xAF, 0xB1, 0xBA, 0xBC, 0xBC, 0xC9, 0xD3, 0xDB,
    0x57, 0x3B, 0x31, 0x32, 0x39, 0x48, 0xFD, 0xCB, 0xBA, 0xB4, 0xBA, 0xBE, 0xBE, 0xBE, 0xCE, 0x76,
    0x64, 0x52, 0x47, 0x3D, 0x3B, 0x42, 0x55, 0xDC, 0xC1, 0xB5, 0xAE, 0xB2, 0xB4, 0xB6, 0xB9, 0xC3,
    0xDF, 0x77, 0x67, 0x5B, 0x4C, 0x49, 0x5E, 0xD7, 0xC6, 0xBC, 0xB1, 0xAC, 0xAE, 0xB5, 0xB7, 0xBA,
    0xBE, 0xD0, 0xEC, 0xE8, 0x6A, 0x4F, 0x4A, 0x50, 0xEC, 0xCA, 0xBC, 0xB2, 0xAB, 0xAB, 0xAF, 0xB2,
    0xB6, 0xBE, 0xCF, 0x68, 0x68, 0x48, 0x32, 0x2D, 0x2E, 0x39, 0x3F, 0x41, 0x43, 0x51, 0x67, 0x4D,
    0x49, 0x4B, 0x41, 0x38, 0x2A, 0x24, 0x24, 0x23, 0x23, 0x25, 0x2A, 0x2F, 0x39, 0x4F, 0xDC, 0xD6,
    0xE7, 0xE0, 0xCF, 0xDE, 0x55, 0x46, 0x45, 0x43, 0x38, 0x33, 0x35, 0x3E, 0x51, 0xDC, 0xBF, 0xB1,
    0xB1, 0xB4, 0xB6, 0xB5, 0xB9, 0xCD, 0xDE, 0xE7, 0xEB, 0x53, 0x38, 0x33, 0x3A, 0x46, 0x60, 0xCD,
    0xBA, 0xBA, 0xC0, 0xC8, 0xC5, 0xC2, 0xE5, 0x58, 0x55, 0x57, 0x4E, 0x44, 0x44, 0x4A, 0x5A, 0xD9,
    0xC1, 0xB6, 0xB3, 0xB8, 0xBA, 0xBA, 0xB9, 0xC0, 0xDD, 0xE7, 0xFE, 0x66, 0x4E, 0x4A, 0x5F, 0xD6,
    0xC3, 0xB9, 0xB0, 0xAD, 0xB0, 0xB3, 0xB5, 0xB8, 0xC2, 0xD6, 0xDC, 0xE7, 0x6E, 0x59, 0x54, 0x7A,
    0xCE, 0xC3, 0xB8, 0xAF, 0xAC, 0xAE, 0xB1, 0xAF, 0xB1, 0xBB, 0xCE, 0xDB, 0xE7, 0x56, 0x3C, 0x2F,
    0x31, 0x3B, 0x44, 0x6E, 0xC5, 0xCA, 0x5B, 0x45, 0x53, 0x53, 0x3F, 0x36, 0x33, 0x33, 0x2C, 0x22,
    0x1F, 0x24, 0x29, 0x2E, 0x36, 0x4A, 0x6C, 0x66, 0x53, 0x4E, 0x58, 0x47, 0x3D, 0x39, 0x3A, 0x3A,
    0x36, 0x34, 0x3A, 0x42, 0x5A, 0xDE, 0xBD, 0xB4, 0xB7, 0xBA, 0xBC, 0xBB, 0xC5, 0xE9, 0x67, 0x5C,
    0x5B, 0x4A, 0x45, 0x40, 0x3D, 0x49, 0x68, 0xC7, 0xB9, 0xBC, 0xC0, 0xC3, 0xC6, 0xD5, 0x5A, 0x4C,
    0x4A, 0x46, 0x40, 0x3E, 0x4A, 0x77, 0xD5, 0xC3, 0xB9, 0xAF, 0xB4, 0xBB, 0xBC, 0xBD, 0xC4, 0xEB,
    0x64, 0x67, 0x4F, 0x44, 0x3F, 0x45, 0x5F, 0xDD, 0xC6, 0xB8, 0xAF, 0xAF, 0xB6, 0xB6, 0xB8, 0xC0,
    0xDE, 0x5B, 0x61, 0x55, 0x44, 0x3E, 0x41, 0x58, 0xE7, 0xC9, 0xB8, 0xB1, 0xB0, 0xBA, 0xBC, 0xBD,
    0xCB, 0xEB, 0x5F, 0x67, 0x58, 0x46, 0x3F, 0x42, 0x4F, 0xF8, 0xCE, 0xBA, 0xB4, 0xB4, 0xB8, 0xBC,
    0xB9, 0xBF, 0xD8, 0x69, 0x5B, 0x56, 0x45, 0x3E, 0x40, 0x48, 0x68, 0xD6, 0xBD, 0xB3, 0xB3, 0xB6,
    0xBA, 0xB9, 0xC0, 0xF2, 0x56, 0x51, 0x52, 0x46, 0x3D, 0x3F, 0x4C, 0x66, 0xD1, 0xBE, 0xB2, 0xB3,
    0xBA, 0xBE, 0xBF, 0xC1, 0xE9, 0x57, 0x53, 0x4D, 0x46, 0x3C, 0x3E, 0x49, 0x59, 0xDB, 0xBF, 0xB2,
    0xB0, 0xB6, 0xB9, 0xBA, 0xBF, 0xD6, 0x62, 0x53, 0x4E, 0x46, 0x3D, 0x3D, 0x47, 0x6B, 0xD0, 0xBE,
    0xB3, 0xB0, 0xB8, 0xBB, 0xBE, 0xC7, 0xE2, 0x5A, 0x53, 0x4D, 0x45, 0x3E, 0x3C, 0x48, 0x63, 0xD9,
    0xBE, 0xB5, 0xB2, 0xB9, 0xBD, 0xB9, 0xBE, 0xCE, 0x67, 0x58, 0x53, 0x44, 0x3C, 0x3A, 0x41, 0x53,
    0xF9, 0xC8, 0xB7, 0xB3, 0xB6, 0xBE, 0xBC, 0xBE, 0xD6, 0x5C, 0x4B, 0x50, 0x47, 0x3D, 0x3B, 0x3F,
    0x4E, 0x7C, 0xCF, 0xBA, 0xB5, 0xB8, 0xC4, 0xC4, 0xC3, 0xDB, 0x5D, 0x4E, 0x4F, 0x4D, 0x3F, 0x3B,
    0x3D, 0x4A, 0x63, 0xD8, 0xBD, 0xB4, 0xB8, 0xBC, 0xBE, 0xBC, 0xC5, 0xEB, 0x5B, 0x53, 0x4C, 0x3F,
    0x3C, 0x40, 0x4D, 0x6C, 0xD5, 0xBC, 0xB3, 0xB6, 0xBA, 0xBE, 0xC1, 0xCB, 0x68, 0x52, 0x4D, 0x46,
    0x3D, 0x39, 0x3C, 0x46, 0x51, 0xE0, 0xC3, 0xB5, 0xB8, 0xBE, 0xBD, 0xBE, 0xC3, 0xED, 0x5B, 0x53,
    0x44, 0x3C, 0x38, 0x39, 0x3F, 0x4D, 0xE5, 0xC2, 0xB7, 0xB3, 0xB8, 0xB7, 0xB8, 0xBF, 0xDD, 0x54,
    0x50, 0x4A, 0x3E, 0x39, 0x3A, 0x43, 0x57, 0x7E, 0xC6, 0xB8, 0xB5, 0xBB, 0xBE, 0xBC, 0xC1, 0xD4,
    0x61, 0x55, 0x50, 0x43, 0x3B, 0x39, 0x3C, 0x46, 0x55, 0xDA, 0xBF, 0xBA, 0xBC, 0xC3, 0xBD, 0xBD,
    0xCC, 0x5F, 0x4A, 0x4B, 0x42, 0x39, 0x38, 0x3B, 0x49, 0x6E, 0xCE, 0xBA, 0xB6, 0xB9, 0xC0, 0xC1,
    0xC1, 0xDE, 0x55, 0x49, 0x4D, 0x45, 0x3B, 0x39, 0x3F, 0x49, 0x60, 0xD6, 0xBA, 0xB8, 0xBB, 0xBF,
    0xC5, 0xC1, 0xD0, 0x6B, 0x5B, 0x53, 0x4B, 0x42, 0x3A, 0x37, 0x30, 0x3A, 0x40, 0x3E, 0xFD, 0xD7,
    0x6A, 0xE8, 0xCB, 0xD1, 0x62, 0x4B, 0x6D, 0x77, 0x50, 0x49, 0x4B, 0x4F, 0xCF, 0xBB, 0xD8, 0xA8,
    0xBD, 0xA2, 0x53, 0xC6, 0xAA, 0xAC, 0x4C, 0x3B, 0x35, 0x2A, 0x24, 0x26, 0x27, 0x29, 0x2F, 0x39,
    0x48, 0x48, 0x45, 0x6C, 0x43, 0x3E, 0x4D, 0x45, 0x43, 0x49, 0x44, 0x3E, 0x45, 0x65, 0xDB, 0xBA,
    0xAD, 0xA8, 0xA8, 0xAB, 0xAD, 0xAE, 0xAE, 0xB2, 0xBD, 0xCF, 0x4E, 0x30, 0x2A, 0x2F, 0x2F, 0x38,
    0x3E, 0x62, 0xCD, 0xC2, 0xCB, 0xC2, 0xBB, 0xBD, 0xD3, 0x5E, 0x55, 0x66, 0x5B, 0x54, 0x43, 0x50,
    0x3A, 0x37, 0x44, 0xC6, 0xC3, 0xCB, 0x7B, 0x57, 0x4A, 0x37, 0x2E, 0x2C, 0x2C, 0x27, 0x24, 0x22,
    0x25, 0x28, 0x2A, 0x2D, 0x3F, 0x4D, 0x48, 0x3E, 0x3E, 0x45, 0x3A, 0x32, 0x2D, 0x2C, 0x2A, 0x27,
    0x27, 0x28, 0x2A, 0x31, 0x3A, 0x54, 0xE7, 0xE7, 0xE7, 0xE2, 0xDB, 0xDF, 0x53, 0x4A, 0x3F, 0x33,
    0x2E, 0x2D, 0x2F, 0x36, 0x44, 0xD3, 0xBA, 0xB1, 0xAF, 0xAE, 0xAD, 0xAD, 0xB2, 0xB8, 0xBB, 0xBA,
    0xB5, 0xBB, 0xBD, 0xC0, 0xB9, 0xB5, 0xAD, 0xA9, 0xA5, 0xA3, 0xA4, 0xA4, 0xA4, 0xA7, 0xAA, 0xB0,
    0xB7, 0xBA, 0xBE, 0xD1, 0xDA, 0xCD, 0xC1, 0xB8, 0xAF, 0xAB, 0xAA, 0xAE, 0xAF, 0xAC, 0xAF, 0xB9,
    0xC2, 0xC8, 0xD9, 0x57, 0x45, 0x46, 0x4A, 0x5B, 0xDF, 0xC9, 0xBD, 0xBA, 0xBE, 0xC9, 0xCB, 0xD2,
    0x72, 0x4E, 0x39, 0x2D, 0x27, 0x1F, 0x1D, 0x1E, 0x1F, 0x24, 0x29, 0x2E, 0x33, 0x36, 0x34, 0x36,
    0x37, 0x2F, 0x2C, 0x29, 0x26, 0x27, 0x24, 0x1F, 0x1D, 0x1E, 0x21, 0x25, 0x2D, 0x39, 0x3A, 0x38,
    0x35, 0x3B, 0x36, 0x32, 0x2F, 0x2D, 0x2A, 0x27, 0x27, 0x2A, 0x2F, 0x39, 0x4A, 0xED, 0xCA, 0xC5,
    0xC7, 0xC1, 0xBE, 0xBC, 0xC4, 0xC9, 0xC9, 0xCD, 0xD3, 0xCE, 0xCC, 0xBF, 0xBB, 0xB6, 0xAE, 0xAD,
    0xAC, 0xAD, 0xAD, 0xAB, 0xAA, 0xAB, 0xAF, 0xB9, 0xC3, 0xCC, 0xC6, 0xC7, 0xC2, 0xBC, 0xBA, 0xB8,
    0xAF, 0xAB, 0xAD, 0xAF, 0xAE, 0xAD, 0xAF, 0xB2, 0xB3, 0xB4, 0xB8, 0xBF, 0xC1, 0xBF, 0xBB, 0xBA,
    0xB3, 0xAF, 0xAE, 0xAE, 0xB0, 0xB0, 0xB2, 0xB8, 0xBE, 0xC1, 0xC9, 0xE7, 0x5B, 0x57, 0x64, 0xE2,
    0xCB, 0xBF, 0xB7, 0xB7, 0xBB, 0xC1, 0xC1, 0xC9, 0xDA, 0x5C, 0x49, 0x47, 0x3E, 0x37, 0x34, 0x39,
    0x3A, 0x3C, 0x46, 0x66, 0xE5, 0xE7, 0x5D, 0x59, 0x53, 0x41, 0x3C, 0x36, 0x2C, 0x23, 0x1F, 0x1D,
    0x1B, 0x1C, 0x1F, 0x23, 0x2A, 0x2E, 0x2E, 0x2F, 0x2F, 0x2F, 0x2C, 0x29, 0x29, 0x28, 0x27, 0x20,
    0x1D, 0x1D, 0x1F, 0x24, 0x2A, 0x33, 0x3E, 0x3E, 0x3E, 0x43, 0x4F, 0x4A, 0x3F, 0x3A, 0x38, 0x35,
    0x32, 0x31, 0x36, 0x40, 0x5A, 0xD2, 0xBC, 0xB2, 0xB0, 0xB4, 0xAE, 0xAD, 0xAC, 0xAF, 0xB5, 0xB7,
    0xB8, 0xBD, 0xBE, 0xBB, 0xB6, 0xB0, 0xAB, 0xA8, 0xA4, 0xA2, 0xA5, 0xA4, 0xA4, 0xA7, 0xAA, 0xB4,
    0xC0, 0xCB, 0xEE, 0x5B, 0xE0, 0xC5, 0xBC, 0xB6, 0xAC, 0xAB, 0xAB, 0xAD, 0xAF, 0xAF, 0xB1, 0xB5,
    0xB8, 0xBA, 0xBE, 0xCE, 0xDF, 0xDD, 0xCD, 0xC5, 0xBD, 0xB4, 0xB0, 0xAD, 0xB3, 0xB6, 0xB1, 0xB6,
    0xC4, 0xCC, 0xD4, 0xEE, 0x4C, 0x43, 0x40, 0x4E, 0x66, 0x6E, 0xCA, 0xBF, 0xC5, 0xCD, 0xCB, 0xC6,
    0xC5, 0xE5, 0x55, 0x4D, 0x47, 0x3D, 0x38, 0x38, 0x36, 0x3B, 0x4A, 0x57, 0xE6, 0xD4, 0xD8, 0xE7,
    0xFD, 0xE0, 0x5B, 0x41, 0x3F, 0x37, 0x2B, 0x27, 0x26, 0x23, 0x24, 0x27, 0x2C, 0x34, 0x3B, 0x3B,
    0x3D, 0x43, 0x43, 0x3A, 0x36, 0x32, 0x30, 0x29, 0x21, 0x20, 0x24, 0x26, 0x2A, 0x31, 0x3B, 0x43,
    0x47, 0x4B, 0x52, 0x59, 0x4F, 0x45, 0x42, 0x3D, 0x38, 0x34, 0x36, 0x3A, 0x48, 0x6A, 0xD4, 0xC7,
    0xBC, 0xBA, 0xB9, 0xB4, 0xB4, 0xB5, 0xB8, 0xC0, 0xC3, 0xCE, 0xE7, 0xFF, 0xCF, 0xC1, 0xBA, 0xB5,
    0xAE, 0xAD, 0xAD, 0xAF, 0xAF, 0xAE, 0xB2, 0xB8, 0xC5, 0xEB, 0x49, 0x40, 0x3E, 0x44, 0x61, 0xCF,
    0xC4, 0xBF, 0xBE, 0xBB, 0xBE, 0xBE, 0xBA, 0xBA, 0xBC, 0xC7, 0xCE, 0x72, 0x64, 0x50, 0x4C, 0x66,
    0xD3, 0xC7, 0xBC, 0xB5, 0xB6, 0xB7, 0xB8, 0xB4, 0xB8, 0xC1, 0xC6, 0xCF, 0x6E, 0x51, 0x48, 0x49,
    0x4F, 0x60, 0xD6, 0xBF, 0xB9, 0xBC, 0xC0, 0xBE, 0xBF, 0xC5, 0xED, 0x56, 0x53, 0x4B, 0x40, 0x3D,
    0x47, 0x49, 0x4E, 0x63, 0xD4, 0xC3, 0xBE, 0xCE, 0xD0, 0xC3, 0xC3, 0xCC, 0xE7, 0xE7, 0xF7, 0x46,
    0x33, 0x2D, 0x2F, 0x32, 0x2F, 0x2F, 0x39, 0x41, 0x3D, 0x41, 0x4D, 0x51, 0x49, 0x3B, 0x31, 0x2A,
    0x26, 0x25, 0x25, 0x28, 0x2B, 0x2F, 0x3B, 0x48, 0x4F, 0x53, 0x6C, 0xEC, 0x66, 0x54, 0x52, 0x63,
    0x5B, 0x4A, 0x3F, 0x3F, 0x4A, 0x5B, 0x7A, 0xCA, 0xBD, 0xB8, 0xB9, 0xBA, 0xB2, 0xAE, 0xB0, 0xB6,
    0xBD, 0xC2, 0xC7, 0xD0, 0xDB, 0xD3, 0xC2, 0xBF, 0xB5, 0xAD, 0xAD, 0xAF, 0xB0, 0xAF, 0xAE, 0xB2,
    0xC0, 0x5B, 0x4E, 0x46, 0x3B, 0x3C, 0x41, 0x47, 0x55, 0x6C, 0xD0, 0xBF, 0xC0, 0xC5, 0xC1, 0xBF,
    0xC4, 0xD5, 0xEF, 0x69, 0x6F, 0x51, 0x45, 0x47, 0x4C, 0x6E, 0xCF, 0xBA, 0xB3, 0xB6, 0xB8, 0xB8,
    0xB8, 0xBD, 0xC6, 0xD3, 0xE2, 0xE2, 0x4D, 0x41, 0x4B, 0x6E, 0xE7, 0xD4, 0xC3, 0xB9, 0xB7, 0xBA,
    0xBB, 0xBA, 0xBC, 0xC5, 0xCA, 0xD9, 0x77, 0x53, 0x46, 0x4A, 0x50, 0x67, 0xE7, 0xD7, 0xC9, 0xC3,
    0xC5, 0xC4, 0xBE, 0xC2, 0xCD, 0xE1, 0x62, 0x4F, 0x3F, 0x2F, 0x2B, 0x2D, 0x2F, 0x2D, 0x2C, 0x2D,
    0x30, 0x32, 0x36, 0x3C, 0x3A, 0x30, 0x27, 0x21, 0x1F, 0x1E, 0x1F, 0x1F, 0x23, 0x27, 0x2A, 0x33,
    0x3E, 0x45, 0x48, 0x46, 0x4D, 0x4D, 0x4C, 0x4C, 0x45, 0x3F, 0x40, 0x3C, 0x3C, 0x41, 0x4C, 0x5E,
    0xE5, 0xC8, 0xBD, 0xB9, 0xB8, 0xB6, 0xB0, 0xB5, 0xBB, 0xBC, 0xBE, 0xC6, 0xCC, 0xCA, 0xC3, 0xBD,
    0xB6, 0xAF, 0xAB, 0xAA, 0xAB, 0xAC, 0xAC, 0xAB, 0xB2, 0xC8, 0xF7, 0x5D, 0x5E, 0x53, 0x53, 0x6C,
    0xD2, 0xC9, 0xBD, 0xB1, 0xAE, 0xAE, 0xAF, 0xAE, 0xAC, 0xAF, 0xB6, 0xB7, 0xB8, 0xBD, 0xC9, 0xD2,
    0xCD, 0xC7, 0xBF, 0xB8, 0xB2, 0xAE, 0xAF, 0xAE, 0xB1, 0xB0, 0xB0, 0xBD, 0xC4, 0xC6, 0xD7, 0x6B,
    0x5B, 0x61, 0xE7, 0xCE, 0xC3, 0xBC, 0xB6, 0xB6, 0xB8, 0xB5, 0xB7, 0xB9, 0xBE, 0xCB, 0xD3, 0xE5,
    0x56, 0x4D, 0x4E, 0x57, 0x5B, 0xE4, 0xCF, 0xC9, 0xCB, 0xCD, 0xC9, 0xC2, 0xCB, 0xFF, 0x64, 0x4A,
    0x40, 0x3A, 0x33, 0x2C, 0x2D, 0x2F, 0x32, 0x2F, 0x2E, 0x2E, 0x2E, 0x2E, 0x30, 0x29, 0x22, 0x20,
    0x20, 0x21, 0x1F, 0x21, 0x22, 0x24, 0x26, 0x2B, 0x31, 0x39, 0x3A, 0x3A, 0x3A, 0x3E, 0x3C, 0x3A,
    0x38, 0x36, 0x38, 0x33, 0x32, 0x38, 0x3F, 0x41, 0x43, 0x50, 0x6E, 0xF2, 0xE7, 0xDB, 0xCA, 0xCA,
    0xD7, 0xDB, 0xE3, 0xE1, 0x7E, 0x6D, 0xDF, 0xC8, 0xBF, 0xBB, 0xB1, 0xAD, 0xAC, 0xAD, 0xAD, 0xAD,
    0xAD, 0xBB, 0xD0, 0xD6, 0xDB, 0xDF, 0xE7, 0xD8, 0xCB, 0xC6, 0xBC, 0xB8, 0xB2, 0xB0, 0xAF, 0xAE,
    0xAD, 0xAF, 0xB4, 0xB8, 0xB9, 0xBC, 0xC4, 0xCA, 0xCD, 0xC9, 0xCC, 0xC3, 0xBA, 0xB5, 0xB3, 0xB5,
    0xB6, 0xB5, 0xB8, 0xBF, 0xCA, 0xCB, 0xCD, 0xF2, 0x58, 0x54, 0x6E, 0xEA, 0xE1, 0xCB, 0xC2, 0xC4,
    0xCC, 0xCD, 0xC7, 0xD1, 0xD7, 0xF2, 0x68, 0x56, 0x4A, 0x41, 0x43, 0x49, 0x4E, 0x5D, 0xD4, 0xC2,
    0xC3, 0xC5, 0xC3, 0xC1, 0xC1, 0xC7, 0xCA, 0xD3, 0xDA, 0xDD, 0x6E, 0x47, 0x40, 0x40, 0x4A, 0x57,
    0x55, 0x44, 0x3E, 0x3E, 0x3B, 0x2F, 0x2C, 0x2B, 0x2D, 0x2D, 0x2B, 0x29, 0x29, 0x2B, 0x2E, 0x2F,
    0x38, 0x43, 0x4C, 0x4D, 0x51, 0x5B, 0x53, 0x53, 0x4E, 0x4C, 0x49, 0x45, 0x3C, 0x3C, 0x3F, 0x43,
    0x4D, 0x64, 0xE7, 0xCE, 0xD3, 0xCE, 0xC8, 0xC6, 0xD2, 0xE2, 0xE2, 0xFF, 0x71, 0x5D, 0x56, 0x71,
    0x68, 0xF4, 0xD2, 0xC5, 0xBF, 0xC5, 0xC4, 0xBC, 0xBC, 0xDF, 0x4C, 0x45, 0x43, 0x3F, 0x3D, 0x40,
    0x45, 0x47, 0x4F, 0x6D, 0xD3, 0xC6, 0xC4, 0xC1, 0xBE, 0xBE, 0xBE, 0xC2, 0xC5, 0xC9, 0xCC, 0xD9,
    0xDB, 0xD8, 0xCE, 0xC9, 0xC1, 0xB7, 0xB4, 0xB3, 0xB2, 0xB2, 0xB1, 0xB5, 0xBA, 0xBC, 0xBB, 0xBC,
    0xC6, 0xC9, 0xC6, 0xC0, 0xBD, 0xBC, 0xB6, 0xB3, 0xB2, 0xB1, 0xB0, 0xB0, 0xB2, 0xB6, 0xB9, 0xBC,
    0xBF, 0xC8, 0xCD, 0xCF, 0xD3, 0xD3, 0xCC, 0xBF, 0xBA, 0xBC, 0xBC, 0xBB, 0xB8, 0xBB, 0xBD, 0xC4,
    0xC9, 0xCE, 0xDB, 0x6C, 0x4A, 0x3A, 0x3C, 0x44, 0x4D, 0x49, 0x3B, 0x31, 0x2B, 0x29, 0x29, 0x29,
    0x29, 0x2B, 0x2A, 0x2A, 0x29, 0x29, 0x2A, 0x2B, 0x2E, 0x33, 0x37, 0x3B, 0x3E, 0x42, 0x48, 0x4D,
    0x4C, 0x49, 0x49, 0x49, 0x43, 0x41, 0x40, 0x49, 0x48, 0x51, 0x5D, 0xF0, 0xDD, 0xE4, 0xDB, 0xD4,
    0xD3, 0xD3, 0xDB, 0xD7, 0xE5, 0x77, 0x5E, 0x5B, 0x63, 0xEB, 0xDA, 0xCF, 0xCA, 0xC1, 0xC4, 0xC1,
    0xC6, 0xE9, 0x4C, 0x41, 0x41, 0x3E, 0x3E, 0x3D, 0x3E, 0x3E, 0x49, 0x4E, 0x65, 0xD6, 0xCB, 0xC6,
    0xC8, 0xC5, 0xC5, 0xC6, 0xCD, 0xCD, 0xCD, 0xD4, 0xDF, 0xE7, 0xF8, 0xDE, 0xCE, 0xC4, 0xBD, 0xBA,
    0xB9, 0xBA, 0xBA, 0xB8, 0xBA, 0xBC, 0xBC, 0xBF, 0xC4, 0xC5, 0xC3, 0xC3, 0xC1, 0xBE, 0xB9, 0xB4,
    0xB0, 0xB0, 0xB0, 0xAF, 0xAF, 0xAF, 0xB2, 0xB5, 0xB8, 0xBA, 0xBD, 0xC0, 0xC5, 0xC4, 0xC1, 0xBE,
    0xB9, 0xB5, 0xB7, 0xB8, 0xB9, 0xBB, 0xBE, 0xC1, 0xC4, 0xC9, 0xD6, 0xE3, 0x5F, 0x3F, 0x37, 0x38,
    0x3A, 0x42, 0x48, 0x36, 0x27, 0x23, 0x25, 0x28, 0x28, 0x27, 0x29, 0x2B, 0x29, 0x28, 0x29, 0x2A,
    0x2B, 0x2D, 0x33, 0x3A, 0x3A, 0x3A, 0x3A, 0x40, 0x45, 0x41, 0x41, 0x3F, 0x41, 0x41, 0x3E, 0x44,
    0x46, 0x4A, 0x4F, 0x73, 0xD9, 0xD8, 0xDC, 0xDD, 0xCB, 0xC9, 0xC9, 0xC9, 0xCD, 0xCD, 0xD4, 0xDB,
    0xF2, 0xE2, 0xCF, 0xCD, 0xC7, 0xBF, 0xBE, 0xBF, 0xC8, 0xF2, 0x57, 0x53, 0x4D, 0x51, 0x53, 0x4B,
    0x46, 0x49, 0x4E, 0x5B, 0x5E, 0xF0, 0xD2, 0xCB, 0xC9, 0xC5, 0xC5, 0xC5, 0xC4, 0xC4, 0xC5, 0xC5,
    0xC9, 0xCC, 0xC9, 0xC9, 0xC9, 0xC9, 0xC8, 0xBF, 0xBB, 0xBC, 0xBC, 0xBA, 0xB8, 0xB8, 0xBB, 0xBE,
    0xBE, 0xC0, 0xC8, 0xCD, 0xCB, 0xCD, 0xCC, 0xC3, 0xC1, 0xBC, 0xBA, 0xBA, 0xB9, 0xB8, 0xB9, 0xBA,
    0xBC, 0xC1, 0xC4, 0xCB, 0xD7, 0xD4, 0xCD, 0xCD, 0xC9, 0xC4, 0xC1, 0xC1, 0xBF, 0xC1, 0xC0, 0xC0,
    0xC6, 0xCB, 0xCD, 0xCE, 0xD8, 0xE6, 0x4A, 0x3B, 0x39, 0x3D, 0x41, 0x39, 0x2D, 0x27, 0x24, 0x25,
    0x27, 0x29, 0x2A, 0x2B, 0x2D, 0x2D, 0x2D, 0x2C, 0x2E, 0x2F, 0x34, 0x39, 0x3D, 0x41, 0x44, 0x44,
    0x4D, 0x4F, 0x5B, 0x5B, 0x5B, 0x53, 0x53, 0x4E, 0x4E, 0x53, 0x53, 0x5E, 0x75, 0xDB, 0xDB, 0xDB,
    0xE4, 0xD7, 0xCE, 0xC8, 0xC5, 0xC5, 0xC1, 0xC1, 0xC2, 0xC5, 0xC2, 0xBC, 0xBE, 0xBE, 0xBA, 0xB8,
    0xBA, 0xCD, 0xFF, 0xFF, 0xEB, 0xFA, 0xF0, 0xFF, 0x67, 0x67, 0x7E, 0x60, 0x5B, 0x5D, 0xFC, 0xDC,
    0xD1, 0xD1, 0xD3, 0xD3, 0xD3, 0xD5, 0xDB, 0xDB, 0xDB, 0xEE, 0xE9, 0xFF, 0xFF, 0x6A, 0xEE, 0xE7,
    0xE2, 0xDB, 0xDB, 0xDF, 0xDC, 0xD3, 0xD3, 0xD3, 0xDE, 0xE7, 0xE7, 0xE7, 0xFB, 0xFF, 0xFF, 0xE7,
    0xE1, 0xD5, 0xD2, 0xCD, 0xCD, 0xCD, 0xCB, 0xC6, 0xC9, 0xC6, 0xC5, 0xC5, 0xC9, 0xC9, 0xC7, 0xC5,
    0xC1, 0xC1, 0xC1, 0xBE, 0xBE, 0xBE, 0xBE, 0xBC, 0xBC, 0xBC, 0xBC, 0xBC, 0xBC, 0xBC, 0xBF, 0xD7,
    0x57, 0x4D, 0x44, 0x3A, 0x34, 0x34, 0x31, 0x2C, 0x29, 0x2B, 0x2C, 0x2E, 0x2E, 0x30, 0x34, 0x37,
    0x38, 0x37, 0x39, 0x3C, 0x3D, 0x3F, 0x45, 0x41, 0x40, 0x45, 0x49, 0x49, 0x4A, 0x4F, 0x53, 0x5B,
    0x61, 0x67, 0xFF, 0xFF, 0x69, 0xEF, 0xFB, 0xFF, 0xFF, 0xE7, 0xE1, 0xDB, 0xDB, 0xD7, 0xCE, 0xCC,
    0xC9, 0xC5, 0xC4, 0xC1, 0xC5, 0xBF, 0xBE, 0xBE, 0xBE, 0xCB, 0x59, 0x4A, 0x4D, 0x50, 0x5B, 0x5B,
    0x5B, 0x67, 0x60, 0x5B, 0x5B, 0x60, 0x67, 0xFF, 0xFF, 0xE7, 0xE7, 0xE7, 0x77, 0x72, 0xFF, 0xFF,
    0xFF, 0xE7, 0xE7, 0xE7, 0xE7, 0xDE, 0xDB, 0xDB, 0xDB, 0xDB, 0xDB, 0xD4, 0xD1, 0xCD, 0xCD, 0xC9,
    0xC9, 0xC5, 0xC5, 0xC5, 0xC1, 0xC1, 0xC1, 0xC1, 0xBF, 0xBE, 0xBD, 0xBC, 0xBD, 0xBE, 0xBE, 0xBD,
    0xBE, 0xBE, 0xBD, 0xBC, 0xBD, 0xBE, 0xBE, 0xBE, 0xBE, 0xBE, 0xBC, 0xBC, 0xBC, 0xBC, 0xBD, 0xBE,
    0xC1, 0xBF, 0xC1, 0xC1, 0xC1, 0xC5, 0xC5, 0xC3, 0xCD, 0x5C, 0x40, 0x34, 0x30, 0x32, 0x31, 0x34,
    0x33, 0x2A, 0x27, 0x27, 0x29, 0x2B, 0x2C, 0x2E, 0x2F, 0x2F, 0x30, 0x32, 0x32, 0x34, 0x36, 0x38,
    0x3A, 0x3D, 0x40, 0x41, 0x43, 0x45, 0x4A, 0x50, 0x5B, 0x5E, 0x67, 0x6A, 0xFF, 0xFF, 0xF6, 0xE7,
    0xDB, 0xDB, 0xE4, 0xDA, 0xD3, 0xD3, 0xCC, 0xC7, 0xC1, 0xC1, 0xBF, 0xBC, 0xBA, 0xBA, 0xBA, 0xBA,
    0xBD, 0xD7, 0x6C, 0x67, 0x72, 0x67, 0xFF, 0xFF, 0xE7, 0xDF, 0xE5, 0xE3, 0xDB, 0xDB, 0xDB, 0xDB,
    0xDB, 0xDB, 0xDB, 0xD6, 0xE2, 0xE7, 0xE7, 0xE7, 0xE7, 0xE7, 0xDC, 0xDB, 0xDB, 0xDB, 0xDB, 0xDB,
    0xDB, 0xDB, 0xDB, 0xDB, 0xDB, 0xDB, 0xD8, 0xD3, 0xCD, 0xCD, 0xCD, 0xCD, 0xCD, 0xCA, 0xCD, 0xCD,
    0xC9, 0xC9, 0xC9, 0xC9, 0xC9, 0xC9, 0xC9, 0xC9, 0xC9, 0xC9, 0xC5, 0xC5, 0xC5, 0xC5, 0xC5, 0xC2,
    0xC1, 0xC1, 0xC1, 0xC1, 0xC1, 0xC1, 0xC1, 0xC1, 0xC0, 0xC0, 0xC1, 0xC1, 0xC1, 0xC1, 0xC1, 0xC1,
    0xC2, 0xE1, 0x3D, 0x31, 0x2F, 0x30, 0x33, 0x34, 0x36, 0x38, 0x36, 0x2F, 0x2A, 0x29, 0x2B, 0x2D,
    0x2E, 0x2F, 0x31, 0x32, 0x34, 0x34, 0x36, 0x39, 0x3A, 0x3C, 0x3E, 0x40, 0x45, 0x49, 0x49, 0x49,
    0x4B, 0x52, 0x5B, 0x60, 0x67, 0x67, 0x76, 0xFF, 0xFF, 0xEA, 0xDB, 0xDB, 0xDB, 0xD3, 0xCE, 0xCD,
    0xC7, 0xC5, 0xC5, 0xC5, 0xC1, 0xC0, 0xBE, 0xBE, 0xC0, 0xCC, 0x5D, 0x4D, 0x4E, 0x57, 0x5B, 0x67,
    0x67, 0x7C, 0xFF, 0xFF, 0xE7, 0xE7, 0xE7, 0xE4, 0xDB, 0xDB, 0xD3, 0xD3, 0xD3, 0xD7, 0xDB, 0xDB,
    0xDB, 0xDB, 0xD3, 0xD3, 0xCD, 0xCD, 0xCD, 0xCD, 0xCD, 0xCD, 0xCD, 0xCD, 0xCD, 0xCB, 0xC9, 0xC9,
    0xC9, 0xC5, 0xC5, 0xC5, 0xC1, 0xC1, 0xC1, 0xC1, 0xC1, 0xC1, 0xC1, 0xC1, 0xC1, 0xC1, 0xC1, 0xC0,
    0xBE, 0xBF, 0xC1, 0xC1, 0xC1, 0xC1, 0xC1, 0xC1, 0xC1, 0xC1, 0xC1, 0xC1, 0xC1, 0xC1, 0xC1, 0xC1,
    0xC4, 0xC5, 0xC5, 0xC5, 0xC5, 0xC5, 0xC9, 0xC8, 0xCF, 0x5D, 0x45, 0x3D, 0x32, 0x2E, 0x2F, 0x30,
    0x32, 0x35, 0x36, 0x38, 0x36, 0x2D, 0x2A, 0x2A, 0x2C, 0x2D, 0x30, 0x30, 0x32, 0x32, 0x35, 0x36,
    0x36, 0x39, 0x3C, 0x3C, 0x3F, 0x44, 0x4A, 0x4D, 0x4D, 0x4E, 0x53, 0x5B, 0x5B, 0x5B, 0x67, 0x6F,
    0xFF, 0xF6, 0xE7, 0xE7, 0xE1, 0xDB, 0xD3, 0xCF, 0xCD, 0xC9, 0xC9, 0xC5, 0xC5, 0xC2, 0xBE, 0xBE,
    0xBE, 0xC1, 0xE0, 0x5B, 0x53, 0x53, 0x5D, 0x67, 0x7E, 0xFF, 0xFF, 0xFF, 0xEF, 0xE7, 0xE7, 0xE7,
    0xDB, 0xDB, 0xD5, 0xD3, 0xD3, 0xCE, 0xD3, 0xD3, 0xD3, 0xD3, 0xD3, 0xD2, 0xCD, 0xCD, 0xCD, 0xCD,
    0xCD, 0xCD, 0xCD, 0xCD, 0xCB, 0xC9, 0xC9, 0xC9, 0xC9, 0xC5, 0xC5, 0xC5, 0xC5, 0xC5, 0xC4, 0xC1,
    0xC2, 0xC5, 0xC5, 0xC5, 0xC5, 0xC5, 0xC1, 0xC1, 0xC2, 0xC5, 0xC5, 0xC5, 0xC5, 0xC5, 0xC5, 0xC5,
    0xC5, 0xC5, 0xC5, 0xC5, 0xC3, 0xC1, 0xC1, 0xC1, 0xC1, 0xC1, 0xC5, 0xC5, 0xC5, 0xC2, 0xC4, 0xC5,
    0xD3, 0x51, 0x46, 0x45, 0x45, 0x3A, 0x31, 0x30, 0x31, 0x34, 0x36, 0x38, 0x3A, 0x3A, 0x36, 0x2D,
    0x2A, 0x2C, 0x2D, 0x2E, 0x30, 0x31, 0x32, 0x34, 0x36, 0x38, 0x38, 0x39, 0x3C, 0x3E, 0x40, 0x45,
    0x49, 0x4C, 0x53, 0x53, 0x5A, 0x5B, 0x57, 0x5B, 0x5E, 0x75, 0xFF, 0xF0, 0xE7, 0xDB, 0xDB, 0xD4,
    0xCD, 0xCD, 0xCD, 0xC9, 0xC9, 0xC5, 0xC3, 0xC1, 0xBE, 0xBE, 0xD1, 0x5B, 0x4E, 0x55, 0x5B, 0x67,
    0x67, 0x67, 0xFF, 0xFF, 0xFF, 0xE7, 0xE7, 0xE6, 0xDB, 0xDB, 0xD3, 0xD3, 0xD3, 0xD3, 0xD3, 0xD4,
    0xDB, 0xDB, 0xDB, 0xD7, 0xD3, 0xD3, 0xCF, 0xCD, 0xCD, 0xCD, 0xCD, 0xCD, 0xCD, 0xCD, 0xCD, 0xCD,
    0xCD, 0xCD, 0xCD, 0xCD, 0xCD, 0xCD, 0xCD, 0xCD, 0xCD, 0xCD, 0xCD, 0xCD, 0xCD, 0xCD, 0xCD, 0xCD,
    0xCD, 0xCD, 0xCD, 0xCD, 0xCD, 0xCF, 0xD3, 0xD3, 0xD3, 0xD3, 0xD3, 0xD3, 0xD3, 0xD3, 0xD3, 0xD3,
    0xD3, 0xD3, 0xD3, 0xD3, 0xD3, 0xD3, 0xD3, 0xD3, 0xD3, 0xD3, 0xD3, 0xD3, 0xD3, 0xD3, 0xD3, 0xD3,
    0xD3, 0xD3, 0xD3, 0xD3, 0xD3, 0xD3, 0xD3, 0xD3, 0xD3, 0xD3, 0xD3, 0xD3, 0xD3, 0xD3, 0xD3, 0xD3,
    0xD3, 0xD3, 0xD3, 0xD3, 0xD3, 0xD3, 0xD3, 0xD3, 0xD3, 0xD3, 0xD3, 0xD3, 0xD3, 0xD3, 0xD3, 0xD3,
    0xD3, 0xD3, 0xD3, 0xD3, 0xD3, 0xD3, 0xD3, 0xD3, 0xD3, 0xD3, 0xD8, 0xDB, 0xDB, 0xDB, 0xDB, 0xDB,
    0xDB, 0xDB, 0xDB, 0xDB, 0xDB, 0xDB, 0xDB, 0xDB, 0xDB, 0xDB, 0xDB, 0xDB, 0xDB, 0xDB, 0xDB, 0xDB,
    0xDB, 0xDB, 0xDB, 0xDB, 0xDB, 0xDB, 0xDB, 0xDB, 0xDB, 0xDB, 0xDB, 0xDB, 0xDB, 0xDB, 0xDB, 0xDB,
    0xDB, 0xDB, 0xDB, 0xDB, 0xDB, 0xDB, 0xDB, 0xDB, 0xDB, 0xDB, 0xDB, 0xDB, 0xDB, 0xDB, 0xDB, 0xDB,
    0xDB, 0xDB, 0xDB, 0xDB, 0xDB, 0xDB, 0xDB, 0xDB, 0xDB, 0xDB, 0xDB, 0xDB, 0xDB, 0xDB, 0xDB, 0xDB,
    0xDB, 0xDB, 0xDB, 0xDB, 0xDB, 0xDB, 0xDB, 0xDB, 0xDB, 0xDB, 0xDB, 0xDB, 0xDB, 0xE6, 0xE7, 0xE7,
    0xE7, 0xE7, 0xE7, 0xE7, 0xE7, 0xE7, 0xE7, 0xE7, 0xE7, 0xE7, 0xE7, 0xE7, 0xE7, 0xE7, 0xE7, 0xE7,
    0xE7, 0xE7, 0xE7, 0xE7, 0xE7, 0xE7, 0xE7, 0xE7, 0xE7, 0xE7, 0xE7, 0xE7, 0xE7, 0xE7, 0xE7, 0xE7,
    0xE7, 0xE7, 0xE7, 0xE7, 0xE7, 0xE7, 0xE7, 0xE7, 0xE7, 0xE7, 0xE7, 0xE7, 0xE7, 0xE7, 0xE7, 0xE7,
    0xE7, 0xE7, 0xE7, 0xE7, 0xE7, 0xE7, 0xE7, 0xE7, 0xE7, 0xE7, 0xE7, 0xE7, 0xE7, 0xE7, 0xE7, 0xE7,
    0xE7, 0xE7, 0xE7, 0xE7, 0xE7, 0xE7, 0xE7, 0xE7, 0xE7, 0xE7, 0xE7, 0xE7, 0xE7, 0xE7, 0xE7, 0xE7,
    0xE7, 0xE7, 0xE7, 0xE7, 0xE7, 0xE7, 0xE7, 0xE7, 0xE7, 0xE7, 0xE7, 0xE7, 0xE7, 0xE7, 0xE7, 0xE7,
    0xE7, 0xE7, 0xE7, 0xE7, 0xFB, 0xF7, 0xF3, 0xE7, 0xFF, 0xFF, 0xE7, 0xE7, 0xE7, 0xE7, 0xE7, 0xE7,
    0xE7, 0xE7, 0xEA, 0xFF, 0xE9, 0xF6, 0xE7, 0xE7, 0xE7, 0xE7, 0xF9, 0xE7, 0xFD, 0xFF, 0xEC, 0xFD,
    0xEE, 0xFF, 0xFF, 0xEE, 0xE7, 0x56, 0x51, 0x4E, 0x5B, 0x3B, 0x35, 0x41, 0x49, 0x41, 0x4D, 0xE5,
    0xD7, 0xDA, 0xD5, 0xC2, 0xC1, 0xBA, 0xB6, 0xC6, 0xC1, 0xB2, 0xBE, 0xC3, 0xBA, 0xD8, 0xBD, 0x34,
    0xC7, 0xA8, 0xAD, 0x4C, 0xEF, 0x3E, 0x31, 0x30, 0x33, 0x2D, 0x2B, 0x2D, 0x31, 0x30, 0x2F, 0x33,
    0x3A, 0x2C, 0x30, 0x42, 0x42, 0x49, 0x59, 0xF7, 0xD4, 0xC9, 0xBE, 0xBD, 0xB8, 0xB3, 0xB2, 0xB7,
    0xBA, 0xB9, 0xBD, 0xB4, 0xB5, 0xB9, 0xB7, 0xC9, 0x58, 0xF5, 0xCB, 0xCB, 0xD6, 0xDF, 0xDB, 0xD3,
    0xD3, 0xCC, 0xBB, 0xBA, 0xBB, 0xBE, 0xC1, 0xBE, 0xBC, 0xB8, 0xB7, 0xB9, 0xB9, 0xCD, 0xFE, 0xE5,
    0xCB, 0xE7, 0xEF, 0x56, 0x4B, 0x40, 0x3A, 0x3A, 0x3D, 0x3A, 0x36, 0x35, 0x33, 0x34, 0x2F, 0x2E,
    0x2F, 0x36, 0x34, 0x34, 0x30, 0x36, 0x32, 0x32, 0x31, 0x2F, 0x30, 0x2F, 0x31, 0x32, 0x32, 0x30,
    0x38, 0x35, 0x39, 0x38, 0x3A, 0x3C, 0x3C, 0x3D, 0x3E, 0x45, 0x48, 0x45, 0x3F, 0x44, 0x4F, 0x5B,
    0x78, 0xE5, 0xC6, 0xC2, 0xC5, 0xBF, 0xBC, 0xB7, 0xB8, 0xB8, 0xB4, 0xB0, 0xAE, 0xAB, 0xAC, 0xAB,
    0xAE, 0xAD, 0xAD, 0xAD, 0xAE, 0xAF, 0xAD, 0xAA, 0xAB, 0xAC, 0xAC, 0xAB, 0xAE, 0xB0, 0xAF, 0xB1,
    0xB6, 0xB5, 0xB6, 0xB6, 0xB5, 0xB6, 0xBB, 0xBC, 0xBF, 0xBF, 0xBC, 0xBF, 0xC9, 0xC9, 0xCB, 0xD6,
    0xDB, 0xDB, 0xCF, 0xED, 0xFB, 0xE7, 0x6D, 0x62, 0x5B, 0x53, 0x53, 0x52, 0x4D, 0x53, 0x4F, 0x41,
    0x36, 0x33, 0x2F, 0x2F, 0x2D, 0x2C, 0x2E, 0x2E, 0x2D, 0x2D, 0x2F, 0x2F, 0x30, 0x2F, 0x30, 0x2F,
    0x2E, 0x2E, 0x32, 0x32, 0x2D, 0x2B, 0x2C, 0x2C, 0x2C, 0x2F, 0x32, 0x32, 0x31, 0x2F, 0x36, 0x35,
    0x3A, 0x3A, 0x3A, 0x3A, 0x39, 0x3B, 0x3F, 0x45, 0x4A, 0x55, 0x67, 0x5E, 0x76, 0xFB, 0xDF, 0xDB,
    0xD1, 0xCD, 0xC9, 0xC9, 0xC9, 0xC1, 0xBE, 0xBD, 0xBA, 0xB7, 0xB6, 0xB4, 0xB6, 0xB3, 0xB4, 0xB4,
    0xB1, 0xAE, 0xB0, 0xB1, 0xB6, 0xB7, 0xB4, 0xB0, 0xB2, 0xB1, 0xB1, 0xB5, 0xB6, 0xB2, 0xAF, 0xB0,
    0xB2, 0xB1, 0xB0, 0xAF, 0xB0, 0xB0, 0xAF, 0xB0, 0xB3, 0xB4, 0xB4, 0xB5, 0xBA, 0xB9, 0xBC, 0xBA,
    0xB8, 0xBA, 0xBB, 0xBE, 0xBE, 0xC1, 0xC1, 0xCA, 0xCF, 0xD3, 0xD5, 0xDB, 0xD4, 0xD6, 0xE2, 0xEA,
    0x60, 0x55, 0x52, 0x4B, 0x49, 0x49, 0x47, 0x42, 0x45, 0x45, 0x44, 0x41, 0x45, 0x3D, 0x37, 0x38,
    0x38, 0x3A, 0x3C, 0x3B, 0x38, 0x38, 0x36, 0x38, 0x35, 0x2E, 0x2C, 0x2B, 0x29, 0x26, 0x27, 0x27,
    0x29, 0x2B, 0x2B, 0x2C, 0x2D, 0x2C, 0x2B, 0x2C, 0x2D, 0x2F, 0x31, 0x31, 0x2D, 0x2D, 0x2C, 0x2D,
    0x2F, 0x32, 0x34, 0x36, 0x39, 0x3A, 0x3E, 0x42, 0x48, 0x4D, 0x47, 0x4C, 0x53, 0x57, 0x5B, 0xF6,
    0xE7, 0xD3, 0xD3, 0xCB, 0xC5, 0xC4, 0xC2, 0xBC, 0xB8, 0xB5, 0xB6, 0xB8, 0xB8, 0xB3, 0xB4, 0xB0,
    0xAF, 0xB0, 0xB0, 0xB0, 0xB2, 0xAF, 0xAE, 0xAF, 0xAE, 0xAD, 0xAE, 0xAF, 0xB5, 0xBA, 0xB8, 0xBB,
    0xBB, 0xB8, 0xB5, 0xB6, 0xB6, 0xB6, 0xB6, 0xB7, 0xBA, 0xBC, 0xB9, 0xB8, 0xB6, 0xB4, 0xB7, 0xB8,
    0xBA, 0xBC, 0xBC, 0xBE, 0xC1, 0xC1, 0xC2, 0xC5, 0xC5, 0xCE, 0xD3, 0xCA, 0xD6, 0xE3, 0xD4, 0xE6,
    0x69, 0x67, 0x5E, 0x67, 0x6D, 0x5F, 0x4E, 0x57, 0x4E, 0x41, 0x44, 0x4D, 0x4C, 0x4C, 0x49, 0x4B,
    0x4A, 0x44, 0x44, 0x46, 0x46, 0x3F, 0x3D, 0x43, 0x3F, 0x3E, 0x41, 0x41, 0x40, 0x3E, 0x45, 0x3F,
    0x3E, 0x3E, 0x3A, 0x36, 0x35, 0x35, 0x30, 0x32, 0x32, 0x34, 0x34, 0x37, 0x38, 0x3A, 0x3E, 0x3C,
    0x3C, 0x40, 0x40, 0x40, 0x37, 0x31, 0x34, 0x34, 0x32, 0x34, 0x3A, 0x3B, 0x3C, 0x44, 0x45, 0x4B,
    0x4D, 0x52, 0x64, 0x61, 0x53, 0x53, 0x50, 0x62, 0x5C, 0xF0, 0xDD, 0xDD, 0xF2, 0xDC, 0xD1, 0xCB,
    0xCA, 0xCC, 0xC3, 0xC2, 0xC8, 0xC9, 0xC5, 0xC8, 0xC8, 0xBC, 0xBE, 0xBE, 0xBE, 0xC1, 0xC1, 0xC1,
    0xC6, 0xC7, 0xC5, 0xC3, 0xC3, 0xC2, 0xD5, 0xE7, 0xD5, 0xD7, 0xD3, 0xC7, 0xC1, 0xCA, 0xD7, 0xDB,
    0xDA, 0xD3, 0xCE, 0xCD, 0xC8, 0xC2, 0xC7, 0xC9, 0xD6, 0xC7, 0xCD, 0xDB, 0xCD, 0xC6, 0xCD, 0xCE,
    0xCD, 0xCB, 0xC9, 0xCD, 0xCD, 0xD3, 0xD3, 0xD3, 0xD6, 0xEC, 0xFF, 0xFF, 0xFF, 0x64, 0x60, 0x67,
    0xF5, 0xF5, 0x5B, 0x5F, 0x67, 0x5B, 0x52, 0x46, 0x49, 0x4C, 0x4D, 0x4D, 0x59, 0x5B, 0x57, 0x53,
    0x53, 0x53, 0x55, 0x5C, 0x4E, 0x4F, 0x5B, 0x53, 0x5B, 0x5B, 0x5C, 0x67, 0x55, 0x48, 0x45, 0x49,
    0x42, 0x3B, 0x39, 0x3C, 0x3C, 0x3C, 0x3F, 0x49, 0x49, 0x49, 0x45, 0x3E, 0x3C, 0x3B, 0x3C, 0x3F,
    0x40, 0x3E, 0x43, 0x49, 0x4D, 0x4B, 0x57, 0x67, 0x5F, 0x54, 0x59, 0xE4, 0xDB, 0xDB, 0xDB, 0xE7,
    0xDB, 0xCE, 0xCA, 0xCD, 0xC9, 0xC9, 0xD0, 0xCD, 0xCB, 0xC2, 0xBE, 0xC0, 0xC2, 0xC5, 0xC5, 0xC4,
    0xC0, 0xC5, 0xC3, 0xBE, 0xC5, 0xBE, 0xBE, 0xC5, 0xC5, 0xC2, 0xC5, 0xC3, 0xBF, 0xCF, 0xFA, 0xE4,
    0xE1, 0xE7, 0xDB, 0xDB, 0xE5, 0xDF, 0xFB, 0xF7, 0xDE, 0xE7, 0xD8, 0xE0, 0xDC, 0xE7, 0xE7, 0xFF,
    0xE2, 0xD3, 0xD7, 0xF1, 0xFF, 0xFF, 0xE9, 0xEE, 0xD1, 0xDB, 0xDB, 0xDB, 0xEA, 0xFF, 0xFF, 0x74,
    0x75, 0xE3, 0xD6, 0x5F, 0x67, 0xF9, 0xE7, 0xED, 0xFF, 0x69, 0xE8, 0xF6, 0x67, 0x67, 0x67, 0x67,
    0xEF, 0xEB, 0x67, 0x67, 0x76, 0x67, 0x5B, 0x5E, 0x67, 0x5A, 0x4F, 0x4D, 0x4D, 0x4B, 0x4E, 0x55,
    0x52, 0x53, 0x4F, 0x4A, 0x4D, 0x48, 0x3C, 0x3A, 0x3C, 0x3C, 0x36, 0x2F, 0x2F, 0x30, 0x32, 0x33,
    0x36, 0x36, 0x34, 0x2F, 0x2C, 0x2C, 0x2D, 0x2E, 0x2F, 0x33, 0x34, 0x36, 0x39, 0x3A, 0x3D, 0x3F,
    0x41, 0x3E, 0x40, 0x4A, 0x4D, 0x4D, 0x4B, 0x5C, 0x5C, 0x62, 0x6D, 0xE6, 0xE5, 0xFF, 0xF9, 0xDF,
    0xD4, 0xD6, 0xD6, 0xCA, 0xCD, 0xCD, 0xC5, 0xC4, 0xC2, 0xC5, 0xC0, 0xC2, 0xC3, 0xBF, 0xBE, 0xC0,
    0xC1, 0xBE, 0xC0, 0xC1, 0xBF, 0xC5, 0xCF, 0xD9, 0xD3, 0xCC, 0xC6, 0xC9, 0xC1, 0xBE, 0xBE, 0xBB,
    0xB8, 0xB8, 0xB7, 0xBC, 0xB7, 0xB8, 0xB7, 0xB8, 0xB6, 0xB4, 0xB4, 0xB6, 0xB8, 0xB8, 0xB8, 0xB8,
    0xB9, 0xBA, 0xBC, 0xBA, 0xBC, 0xC5, 0xBF, 0xBE, 0xC2, 0xC3, 0xC5, 0xCA, 0xCB, 0xCD, 0xD0, 0xD2,
    0xD3, 0xD3, 0xD3, 0xD3, 0xCF, 0xCD, 0xCF, 0xDA, 0xD2, 0xD0, 0xE5, 0xE2, 0xE2, 0x67, 0x67, 0x67,
    0x64, 0x57, 0x5B, 0x51, 0x4D, 0x4D, 0x4B, 0x4A, 0x4A, 0x46, 0x45, 0x45, 0x3D, 0x3E, 0x3E, 0x3B,
    0x36, 0x36, 0x36, 0x35, 0x2F, 0x2E, 0x2F, 0x2F, 0x2F, 0x2F, 0x2C, 0x2B, 0x2C, 0x2C, 0x2E, 0x2E,
    0x30, 0x32, 0x32, 0x31, 0x34, 0x37, 0x38, 0x38, 0x3B, 0x3B, 0x3A, 0x3C, 0x3E, 0x3D, 0x40, 0x45,
    0x45, 0x45, 0x4E, 0x53, 0x4E, 0x48, 0x48, 0x4D, 0x4F, 0x53, 0x5C, 0x67, 0x67, 0x70, 0xE7, 0xDB,
    0xD3, 0xCE, 0xCC, 0xC3, 0xBF, 0xC1, 0xBF, 0xBC, 0xBA, 0xB9, 0xB8, 0xBB, 0xBB, 0xBA, 0xC3, 0xC9,
    0xC4, 0xC1, 0xBE, 0xBC, 0xBB, 0xBB, 0xBB, 0xBB, 0xBC, 0xBC, 0xBA, 0xBA, 0xBA, 0xBB, 0xBC, 0xBE,
    0xBB, 0xBA, 0xBB, 0xBC, 0xBE, 0xBE, 0xC1, 0xC5, 0xC5, 0xC9, 0xC5, 0xC5, 0xC6, 0xC9, 0xC9, 0xCD,
    0xD0, 0xDB, 0xD3, 0xD9, 0xE7, 0xEE, 0xFF, 0xFF, 0x6E, 0x67, 0x67, 0x5E, 0x53, 0x57, 0x5B, 0x59,
    0x4F, 0x53, 0x53, 0x53, 0x4D, 0x4D, 0x4A, 0x49, 0x4C, 0x53, 0x53, 0x53, 0x5B, 0x5B, 0x5B, 0x67,
    0x67, 0x67, 0xF2, 0xE7, 0xE7, 0xDF, 0xDB, 0xE1, 0x6C, 0x5B, 0x57, 0x64, 0x61, 0x4F, 0x46, 0x47,
    0x49, 0x41, 0x3C, 0x39, 0x3C, 0x3E, 0x41, 0x3F, 0x41, 0x41, 0x43, 0x45, 0x42, 0x45, 0x49, 0x47,
    0x49, 0x4D, 0x47, 0x45, 0x4A, 0x50, 0x53, 0x4F, 0x53, 0x53, 0x53, 0x53, 0x53, 0x53, 0x5B, 0x53,
    0x5A, 0x53, 0x53, 0x65, 0x59, 0x4F, 0x4E, 0x50, 0x52, 0x53, 0x53, 0x53, 0x5B, 0x5B, 0x5B, 0x5B,
    0x65, 0x5B, 0x5B, 0x7E, 0xE7, 0x6F, 0x4D, 0x49, 0x4D, 0x4A, 0x4D, 0x53, 0x67, 0x67, 0x69, 0xFF,
    0xE9, 0xE7, 0xDE, 0xDB, 0xD3, 0xD3, 0xD3, 0xD3, 0xD3, 0xCF, 0xCF, 0xCD, 0xCF, 0xD3, 0xD2, 0xCB,
    0xCD, 0xCC, 0xC7, 0xC9, 0xC4, 0xC5, 0xC5, 0xC5, 0xC5, 0xC5, 0xC5, 0xC1, 0xBF, 0xC5, 0xC1, 0xC1,
    0xC1, 0xC1, 0xC1, 0xC5, 0xC5, 0xC5, 0xC1, 0xC4, 0xC9, 0xC5, 0xC5, 0xC6, 0xC9, 0xC9, 0xC9, 0xCC,
    0xD3, 0xD3, 0xDA, 0xDA, 0xD3, 0xD3, 0xDB, 0xDB, 0xDB, 0xDB, 0xDB, 0xD3, 0xD3, 0xDB, 0xD3, 0xD3,
    0xEA, 0x5C, 0x4E, 0x53, 0x53, 0x4D, 0x48, 0x3E, 0x38, 0x33, 0x32, 0x34, 0x34, 0x36, 0x39, 0x3C,
    0x3B, 0x3C, 0x3E, 0x3C, 0x3E, 0x41, 0x40, 0x3E, 0x3F, 0x45, 0x45, 0x47, 0x49, 0x4E, 0x53, 0x5A,
    0x5B, 0x5B, 0x5B, 0x5E, 0x5E, 0x5B, 0x58, 0x53, 0x53, 0x53, 0x53, 0x5B, 0x55, 0x5B, 0x5B, 0x65,
    0x67, 0x67, 0x67, 0x67, 0x5D, 0x69, 0xFF, 0x69, 0x67, 0x67, 0x7E, 0x6E, 0xFF, 0x64, 0x53, 0x46,
    0x47, 0x49, 0x4A, 0x4D, 0x52, 0x52, 0x54, 0x5B, 0x5B, 0x62, 0x68, 0xFF, 0xFF, 0xEB, 0xFF, 0xE8,
    0xE7, 0xDE, 0xDB, 0xD3, 0xD3, 0xD3, 0xD3, 0xD3, 0xD0, 0xCD, 0xCA, 0xCB, 0xC6, 0xC9, 0xC7, 0xC5,
    0xC5, 0xC9, 0xC5, 0xC5, 0xC5, 0xC5, 0xC3, 0xC1, 0xC3, 0xC5, 0xC1, 0xBF, 0xC1, 0xC1, 0xC1, 0xC1,
    0xC1, 0xC1, 0xBE, 0xBE, 0xBE, 0xBF, 0xC1, 0xBF, 0xC1, 0xC1, 0xC1, 0xC1, 0xC1, 0xC7, 0xC6, 0xC5,
    0xC5, 0xCC, 0xCD, 0xD0, 0xD3, 0xCF, 0xD3, 0xD3, 0xD8, 0xF9, 0x57, 0x4B, 0x4D, 0x49, 0x49, 0x47,
    0x3A, 0x31, 0x2F, 0x30, 0x34, 0x34, 0x32, 0x37, 0x3A, 0x39, 0x39, 0x3C, 0x3C, 0x3C, 0x3C, 0x3E,
    0x3E, 0x3E, 0x3E, 0x3E, 0x42, 0x43, 0x41, 0x45, 0x45, 0x49, 0x4D, 0x4A, 0x53, 0x53, 0x5A, 0x53,
    0x58, 0x67, 0x5F, 0x5D, 0x6A, 0xFF, 0xFF, 0xFF, 0xFF, 0xFF, 0xF1, 0xE7, 0xE7, 0xF1, 0xDC, 0xDB,
    0xDB, 0xDB, 0xDB, 0xE5, 0xEB, 0x64, 0x54, 0x4B, 0x4D, 0x4D, 0x4F, 0x53, 0x55, 0x5B, 0x5B, 0x6D,
    0xFF, 0xFF, 0xEF, 0xE7, 0xDD, 0xDE, 0xD3, 0xD3, 0xD3, 0xCD, 0xCD, 0xCA, 0xCD, 0xCB, 0xC9, 0xC5,
    0xC5, 0xC6, 0xC9, 0xC9, 0xC8, 0xC8, 0xC9, 0xC8, 0xC5, 0xC9, 0xC7, 0xC9, 0xC9, 0xC9, 0xC9, 0xCB,
    0xCA, 0xCA, 0xCD, 0xCD, 0xCB, 0xCD, 0xCD, 0xCB, 0xCD, 0xCA, 0xCD, 0xCD, 0xCC, 0xC9, 0xCD, 0xC9,
    0xCD, 0xD3, 0xCF, 0xCD, 0xCD, 0xD2, 0xD5, 0xDB, 0xDB, 0xD6, 0xE2, 0xE7, 0xE7, 0xE7, 0xEA, 0xEE,
    0xFD, 0xFF, 0x60, 0x49, 0x44, 0x45, 0x49, 0x45, 0x3D, 0x33, 0x2F, 0x2F, 0x2F, 0x32, 0x34, 0x36,
    0x38, 0x3B, 0x3C, 0x3C, 0x3D, 0x41, 0x42, 0x48, 0x49, 0x4B, 0x52, 0x4D, 0x50, 0x53, 0x56, 0x62,
    0x67, 0x60, 0x64, 0x67, 0x67, 0x67, 0xFF, 0x6C, 0xFF, 0xFF, 0xEA, 0xE7, 0xF2, 0xFF, 0xE7, 0xDE,
    0xD3, 0xD3, 0xCE, 0xCD, 0xCB, 0xC9, 0xCD, 0xCA, 0xC5, 0xC7, 0xC9, 0xC5, 0xC8, 0xCA, 0xEE, 0x6B,
    0x67, 0x6F, 0xFF, 0xFF, 0xFF, 0xFF, 0xF2, 0xE7, 0x79, 0x67, 0x7C, 0xF5, 0xE7, 0xDB, 0xDF, 0xE7,
    0xDB, 0xE0, 0xE7, 0xE7, 0xE7, 0xE7, 0xE7, 0xE7, 0xE7, 0xF2, 0xFF, 0xFF, 0x6B, 0xFF, 0x6F, 0x67,
    0x67, 0x67, 0xFF, 0x72, 0x67, 0x65, 0x5B, 0x5B, 0x63, 0x5B, 0x5B, 0x5F, 0x67, 0x6A, 0x6E, 0x7C,
    0x75, 0x74, 0xFD, 0xE7, 0xDD, 0xDB, 0xDB, 0xDB, 0xDB, 0xD6, 0xD3, 0xD3, 0xCE, 0xCD, 0xCD, 0xCD,
    0xC9, 0xC9, 0xC9, 0xC9, 0xC6, 0xC6, 0xC9, 0xC5, 0xC5, 0xC5, 0xC5, 0xC7, 0xD2, 0xF6, 0xF4, 0x66,
    0x4D, 0x4A, 0x49, 0x43, 0x3D, 0x3B, 0x3E, 0x3E, 0x3F, 0x41, 0x42, 0x48, 0x4D, 0x4C, 0x4C, 0x4E,
    0x53, 0x53, 0x5B, 0x5B, 0x54, 0x5B, 0x63, 0x67, 0x67, 0x67, 0x67, 0x67, 0x67, 0x67, 0x67, 0x67,
    0x67, 0x67, 0x76, 0x5E, 0x67, 0x5E, 0x67, 0xFF, 0x6F, 0x7B, 0xFF, 0xED, 0xE7, 0xE7, 0xDD, 0xDB,
    0xDB, 0xDB, 0xD3, 0xD9, 0xD3, 0xD7, 0x70, 0x52, 0x50, 0x53, 0x56, 0x56, 0x5B, 0x5B, 0x65, 0x63,
    0x5B, 0x5B, 0x5B, 0x63, 0x67, 0x67, 0x67, 0x67, 0x67, 0x5B, 0x5E, 0x5D, 0x5C, 0x67, 0x67, 0x67,
    0x67, 0xFF, 0xFF, 0xFF, 0xFF, 0xFF, 0xFF, 0xFF, 0xFF, 0xFF, 0xF1, 0xE7, 0xDB, 0xDB, 0xD4, 0xD3,
    0xD3, 0xD3, 0xD3, 0xD3, 0xD2, 0xCD, 0xCD, 0xCD, 0xCD, 0xCD, 0xCD, 0xCD, 0xCA, 0xCD, 0xCD, 0xC9,
    0xC9, 0xCA, 0xCB, 0xC9, 0xC9, 0xC9, 0xC9, 0xC8, 0xC9, 0xC9, 0xC9, 0xC9, 0xCB, 0xCB, 0xC9, 0xC9,
    0xC9, 0xC9, 0xCC, 0xCD, 0xCB, 0xDC, 0x78, 0x4E, 0x46, 0x42, 0x45, 0x45, 0x47, 0x41, 0x38, 0x38,
    0x38, 0x3A, 0x3C, 0x3C, 0x3E, 0x3E, 0x3E, 0x3E, 0x3E, 0x3E, 0x40, 0x45, 0x45, 0x45, 0x49, 0x49,
    0x4D, 0x4D, 0x4D, 0x53, 0x57, 0x5B, 0x5B, 0x5B, 0x66, 0x67, 0x67, 0xFF, 0xF1, 0xE7, 0xE7, 0xE7,
    0xE7, 0xDB, 0xDB, 0xDB, 0xD3, 0xD3, 0xCD, 0xCD, 0xCA, 0xC5, 0xC5, 0xC5, 0xC7, 0xD1, 0xEB, 0xFF,
    0xFF, 0xFF, 0xFF, 0xE7, 0xE7, 0xE7, 0xE7, 0xE7, 0xE7, 0xE7, 0xE7, 0xE7, 0xE7, 0xE7, 0xE7, 0xE7,
    0xE8, 0xFF, 0xFF, 0xFF, 0xFF, 0xFF, 0xFF, 0xFF, 0xFF, 0xFF, 0x6A, 0x6A, 0x6E, 0x67, 0x67, 0x67,
    0x67, 0x67, 0x7A, 0xFF, 0xFF, 0xFF, 0xFF, 0xFF, 0xFB, 0xE7, 0xE7, 0xE7, 0xE7, 0xDB, 0xE1, 0xDB,
    0xDB, 0xDB, 0xDB, 0xDB, 0xDB, 0xDB, 0xDB, 0xD5, 0xD3, 0xD3, 0xD3, 0xD3, 0xD3, 0xD3, 0xD3, 0xCE,
    0xCD, 0xCD, 0xCD, 0xCD, 0xCD, 0xCD, 0xCD, 0xCD, 0xC9, 0xC9, 0xC9, 0xC9, 0xC9, 0xCE, 0xFE, 0x4B,
    0x41, 0x44, 0x45, 0x47, 0x49, 0x4A, 0x4D, 0x4A, 0x3F, 0x3C, 0x3C, 0x3C, 0x3E, 0x41, 0x41, 0x45,
    0x45, 0x45, 0x45, 0x47, 0x49, 0x49, 0x4C, 0x4D, 0x4F, 0x59, 0x5B, 0x5B, 0x5B, 0x5D, 0x67, 0x67,
    0x6D, 0xFF, 0xFF, 0xFF, 0xFF, 0xE7, 0xE7, 0xE7, 0xE7, 0xE7, 0xDB, 0xDB, 0xDB, 0xD3, 0xD3, 0xD3,
    0xD3, 0xCE, 0xCD, 0xCD, 0xCD, 0xCF, 0xDE, 0x66, 0x5F, 0x67, 0x67, 0x67, 0x67, 0xFF, 0xFF, 0xFF,
    0xFF, 0xEA, 0xE7, 0xE7, 0xE7, 0xE7, 0xE7, 0xE7, 0xE7, 0xE7, 0xE7, 0xE7, 0xE7, 0xE7, 0xE7, 0xE7,
    0xE7, 0xDC, 0xDB, 0xDB, 0xDB, 0xDB, 0xDB, 0xDB, 0xDB, 0xDB, 0xDB, 0xDB, 0xDB, 0xD8, 0xD3, 0xD3,
    0xD3, 0xD3, 0xD3, 0xD3, 0xD3, 0xD3, 0xD3, 0xD3, 0xD3, 0xD3, 0xD3, 0xD3, 0xD3, 0xD3, 0xD3, 0xD3,
    0xD3, 0xD3, 0xD3, 0xD3, 0xD3, 0xD3, 0xD3, 0xD3, 0xD3, 0xD3, 0xD3, 0xD3, 0xD3, 0xD3, 0xD3, 0xD3,
    0xD3, 0xD3, 0xD3, 0xD3, 0xD5, 0xE9, 0x5D, 0x51, 0x48, 0x3E, 0x3D, 0x3E, 0x41, 0x41, 0x45, 0x47,
    0x49, 0x44, 0x3C, 0x39, 0x3A, 0x3C, 0x3C, 0x3E, 0x3E, 0x41, 0x41, 0x41, 0x45, 0x45, 0x49, 0x4B,
    0x4D, 0x53, 0x53, 0x5A, 0x5B, 0x5B, 0x5B, 0x67, 0x67, 0x69, 0xFF, 0xFF, 0xFF, 0xED, 0xE7, 0xE7,
    0xE7, 0xE7, 0xDF, 0xDB, 0xDB, 0xDB, 0xD3, 0xD3, 0xD3, 0xD2, 0xCD, 0xCD, 0xCD, 0xCD, 0xD6, 0x6F,
    0x5C, 0x5B, 0x61, 0x67, 0x67, 0x76, 0xFF, 0xFF, 0xFF, 0xFF, 0xFF, 0xFF, 0xFF, 0xFF, 0xE7, 0xE7,
    0xE7, 0xE3, 0xE2, 0xE7, 0xE7, 0xE7, 0xE7, 0xE7, 0xE7, 0xDB, 0xDB, 0xDB, 0xDB, 0xDB, 0xDB, 0xDB,
    0xDB, 0xDB, 0xDB, 0xDB, 0xD8, 0xD3, 0xD3, 0xD3, 0xD3, 0xD3, 0xD3, 0xD3, 0xD3, 0xD3, 0xD3, 0xD3,
    0xD3, 0xD3, 0xD3, 0xD3, 0xD3, 0xD3, 0xCD, 0xCD, 0xCD, 0xCF, 0xD3, 0xD3, 0xD3, 0xD3, 0xD3, 0xD3,
    0xD3, 0xD3, 0xD3, 0xD3, 0xD3, 0xD3, 0xD3, 0xD3, 0xD3, 0xD3, 0xD3, 0xD3, 0xD8, 0xFD, 0x59, 0x53,
    0x53, 0x4E, 0x46, 0x3E, 0x40, 0x41, 0x43, 0x48, 0x49, 0x49, 0x4D, 0x42, 0x3B, 0x3A, 0x3C, 0x3C,
    0x3F, 0x41, 0x41, 0x41, 0x44, 0x45, 0x45, 0x49, 0x49, 0x4C, 0x4D, 0x53, 0x59, 0x5B, 0x5F, 0x67,
    0x67, 0x67, 0x67, 0x67, 0x67, 0xFF, 0xFF, 0xFF, 0xE7, 0xE7, 0xE7, 0xE7, 0xE7, 0xDB, 0xDB, 0xDB,
    0xDB, 0xD6, 0xD3, 0xCD, 0xCD, 0xCD, 0xD0, 0xF5, 0x63, 0x5B, 0x67, 0x67, 0x67, 0x6A, 0xFF, 0xFF,
    0xFF, 0xFF, 0xFF, 0xFF, 0xFF, 0xF9, 0xE7, 0xE7, 0xE7, 0xE7, 0xE7, 0xE7, 0xE7, 0xE7, 0xE7, 0xE7,
    0xE7, 0xE7, 0xDB, 0xDB, 0xDB, 0xDB, 0xDB, 0xDB, 0xDB, 0xDB, 0xDB, 0xDB, 0xDB, 0xDB, 0xDB, 0xDB,
    0xDB, 0xDB, 0xDB, 0xDB, 0xDB, 0xDB, 0xDB, 0xDB, 0xDB, 0xDB, 0xDB, 0xDB, 0xDB, 0xDB, 0xDB, 0xDB,
    0xDB, 0xDB, 0xDB, 0xDB, 0xDB, 0xE7, 0xE7, 0xE6, 0xDB, 0xDB, 0xE7, 0xE7, 0xDB, 0xDB, 0xDB, 0xE7,
    0xE7, 0xE7, 0xE7, 0xE7, 0xE7, 0xE7, 0xE7, 0xE7, 0xE7, 0xE7, 0xE7, 0xE7, 0xE7, 0xE7, 0xE7, 0xE7,
    0xE7, 0xE7, 0xE7, 0xE7, 0xE7, 0xE7, 0xE7, 0xE7, 0xE7, 0xDC, 0xDB, 0xDB, 0xDB, 0xDB, 0xDB, 0xDB,
    0xE1, 0xE7, 0xE7, 0xE7, 0xE7, 0xE7, 0xE7, 0xE7, 0xE7, 0xE7, 0xE7, 0xE7, 0xE7, 0xE7, 0xE7, 0xE7,
    0xE7, 0xE7, 0xE7, 0xE7, 0xE7, 0xE7, 0xE7, 0xE7, 0xE7, 0xE7, 0xE7, 0xE7, 0xE7, 0xE7, 0xE7, 0xE7,
    0xE7, 0xE7, 0xE7, 0xE7, 0xE7, 0xE7, 0xE7, 0xE7, 0xE7, 0xE7, 0xE7, 0xE7, 0xE7, 0xE7, 0xE7, 0xE7,
    0xE7, 0xE7, 0xE7, 0xE7, 0xE7, 0xE7, 0xE7, 0xE7, 0xE7, 0xE7, 0xE7, 0xE7, 0xE7, 0xE7, 0xE7, 0xE7,
    0xE7, 0xE7, 0xE7, 0xE7, 0xE7, 0xE7, 0xE7, 0xE7, 0xE7, 0xE7, 0xE7, 0xE7, 0xE7, 0xE7, 0xE7, 0xE7,
    0xE7, 0xE7, 0xE7, 0xE7, 0xE7, 0xE7, 0xE7, 0xE7, 0xE7, 0xE7, 0xE7, 0xE7, 0xE7, 0xE7, 0xE7, 0xE7,
    0xE7, 0xE7, 0xE7, 0xE7, 0xE7, 0xE7, 0xE7, 0xE7, 0xE7, 0xE7, 0xE7, 0xE7, 0xE7, 0xE7, 0xE7, 0xE7,
    0xE7, 0xE7, 0xE7, 0xE7, 0xE7, 0xE7, 0xE7, 0xE7, 0xE7, 0xE7, 0xE7, 0xE7, 0xE7, 0xE7, 0xE7, 0xE7,
    0xE7, 0xE7, 0xE7, 0xE7, 0xE7, 0xE7, 0xE7, 0xE7, 0xE7, 0xE7, 0xE7, 0xE7, 0xE7, 0xE7, 0xE7, 0xE7,
    0xE7, 0xE7, 0xE7, 0xE7, 0xE7, 0xE7, 0xE7, 0xE7, 0xE7, 0xE7, 0xE7, 0xE7, 0xE7, 0xE7, 0xE7, 0xE7,
    0xE7, 0xE7, 0xE7, 0xE7, 0xE7, 0xE7, 0xE7, 0xE7, 0xE7, 0xE7, 0xE7, 0xE7, 0xE7, 0xE7, 0xE7, 0xE7,
    0xE7, 0xE7, 0xE7, 0xE7, 0xE7, 0xE7, 0xE7, 0xE7, 0xE7, 0xE7, 0xFD, 0xF5, 0xE7, 0xE7, 0xE7, 0xE7,
    0xFF, 0xFF, 0xFF, 0xFF, 0xFF, 0xFF, 0xFF, 0xFF, 0xFF, 0xEE, 0xE7, 0xE7, 0xE7, 0xE7, 0xE7, 0xE7,
    0xE7, 0xE7, 0xE7, 0xFF, 0xFF, 0xFF, 0xFF, 0xFF, 0xFF, 0xFF, 0xFF, 0xFF, 0xEB, 0xEA, 0xFF, 0xFF,
    0xF5, 0xF5, 0xFF, 0xFF, 0xFF, 0xFF, 0xFF, 0xE8, 0xFF, 0xFF, 0xFF, 0xFF, 0xFF, 0xF8, 0xF2, 0xE8,
    0xE7, 0x70, 0x49, 0x49, 0x4D, 0x4D, 0x50, 0xD4, 0x65, 0x59, 0x69, 0xFF, 0x4F, 0x46, 0x62, 0x68,
    0xEA, 0x3E, 0x2A, 0xCC, 0xD7, 0xAF, 0xB2, 0xBE, 0xBF, 0xC8, 0x4D, 0x40, 0x42, 0x35, 0x37, 0x50,
    0x48, 0xDA, 0xBC, 0xC7, 0x47, 0x3B, 0x51, 0x49, 0x43, 0x3D, 0x3C, 0x34, 0x36, 0x52, 0x46, 0x3B,
    0x39, 0x3A, 0x4F, 0x56, 0x41, 0x41, 0xD2, 0xE5, 0xC5, 0xC4, 0xC8, 0xCB, 0xC9, 0xC4, 0xD2, 0xCB,
    0xBA, 0xDF, 0xEB, 0x50, 0x3D, 0x50, 0x43, 0x60, 0x6B, 0xDD, 0xDE, 0x65, 0x4D, 0x4F, 0x4E, 0x48,
    0x43, 0x45, 0x3B, 0x6E, 0x5D, 0x5F, 0x53, 0x5B, 0xDE, 0xC5, 0xBF, 0xCC, 0xC7, 0xBA, 0xC0, 0xC8,
    0xE1, 0x5C, 0xEA, 0xF1, 0xCF, 0x79, 0xC1, 0xC6, 0xD9, 0x5A, 0x4C, 0x49, 0x3F, 0x34, 0x30, 0x3B,
    0x34, 0x3A, 0xDD, 0xC9, 0xBB, 0xD1, 0xC6, 0x7C, 0x45, 0x38, 0x30, 0x2D, 0x33, 0x3C, 0x7D, 0xD5,
    0xCD, 0xF3, 0xDB, 0x6B, 0xDD, 0x76, 0x49, 0x4F, 0x60, 0x65, 0x53, 0x46, 0x51, 0x5B, 0xDC, 0xE0,
    0xCC, 0xBD, 0xBF, 0xB1, 0xBE, 0xC4, 0x74, 0x52, 0x67, 0xD3, 0xD4, 0x54, 0x53, 0x75, 0x6A, 0xE7,
    0xE7, 0xCD, 0xCD, 0xCD, 0xD4, 0x5C, 0x4D, 0x49, 0x42, 0x42, 0x4C, 0x5C, 0xC8, 0x49, 0x40, 0x39,
    0x3A, 0x3A, 0x43, 0x2F, 0x41, 0xFA, 0x6F, 0x49, 0x45, 0xD0, 0xCA, 0xD3, 0xCC, 0xC2, 0xE1, 0x5F,
    0x54, 0xB4, 0xB5, 0xD7, 0x4E, 0x4D, 0x5B, 0x49, 0x41, 0x4A, 0x3A, 0x32, 0x5A, 0xC4, 0x55, 0x42,
    0x3A, 0x5C, 0x53, 0x3F, 0x38, 0x40, 0xD4, 0xCD, 0xDC, 0xD6, 0xBB, 0xB5, 0xBA, 0xB7, 0xB0, 0xBB,
    0xF1, 0xBB, 0xD4, 0xC8, 0xEB, 0x4A, 0xEE, 0x76, 0x4D, 0xDD, 0xB9, 0xC6, 0xBE, 0xBD, 0x51, 0xCF,
    0xCF, 0x4C, 0x36, 0x2A, 0x2D, 0x2F, 0x3B, 0x41, 0x49, 0x5F, 0x6F, 0x39, 0x37, 0x2C, 0x39, 0x32,
    0x2F, 0x3C, 0x45, 0x4F, 0x67, 0x67, 0x60, 0xE4, 0xC5, 0xBF, 0xB1, 0xAE, 0xBB, 0xE2, 0xBF, 0xB7,
    0xC6, 0xC7, 0xC9, 0x5E, 0x7A, 0x68, 0xF0, 0x58, 0x40, 0x3C, 0x4D, 0x5D, 0x46, 0x4F, 0x53, 0x42,
    0x49, 0xEF, 0xCE, 0x7A, 0xC7, 0xE5, 0x58, 0x55, 0x54, 0xDC, 0xCA, 0xC9, 0xCB, 0xDD, 0xD2, 0xB6,
    0xB3, 0xD7, 0x54, 0x7A, 0xD0, 0xCA, 0xDE, 0xE8, 0xCE, 0xC5, 0xCD, 0xCD, 0xDA, 0x53, 0x6D, 0x4E,
    0x4C, 0x49, 0x3A, 0x32, 0x3D, 0x4D, 0x43, 0x49, 0x57, 0x4C, 0xF7, 0xE8, 0x5D, 0x3F, 0xE5, 0xCE,
    0x56, 0x46, 0x39, 0x4F, 0xDC, 0x6B, 0xE7, 0xE9, 0x5F, 0x5D, 0x52, 0x50, 0x79, 0xC2, 0xBE, 0xD8,
    0xBE, 0xBF, 0xB1, 0xAD, 0xB6, 0xB9, 0xB5, 0xB6, 0xB5, 0xBE, 0xCB, 0xD8, 0xD3, 0x5B, 0x4F, 0x4B,
    0x67, 0x45, 0x5E, 0x64, 0x7E, 0x4D, 0x40, 0x49, 0x43, 0x3B, 0x3C, 0x3E, 0x3B, 0x39, 0x2E, 0x49,
    0x47, 0x71, 0x42, 0x3B, 0x3F, 0x50, 0xEA, 0x72, 0x57, 0x66, 0xD1, 0xC5, 0xB7, 0xBE, 0xEB, 0x4B,
    0xDD, 0xCD, 0xCE, 0xD5, 0xEE, 0x5F, 0xE9, 0xF0, 0xCE, 0x5B, 0x53, 0xDF, 0x45, 0x67, 0x48, 0x48,
    0x48, 0x41, 0x3F, 0x3E, 0x52, 0xF0, 0x68, 0x5D, 0xF5, 0x5A, 0x5D, 0xC3, 0xC9, 0x6C, 0xD6, 0xCA,
    0xBC, 0xBA, 0xB9, 0xBA, 0xBB, 0xB7, 0xB6, 0xBE, 0xC7, 0xC7, 0xD3, 0xD3, 0x63, 0x7A, 0xC6, 0xC7,
    0xFF, 0x58, 0x49, 0x35, 0x35, 0x37, 0x2E, 0x2E, 0x30, 0x32, 0x3D, 0x58, 0x75, 0x67, 0x46, 0x59,
    0xEA, 0xCF, 0xD2, 0xE7, 0xDE, 0xE7, 0xDA, 0xDA, 0x5E, 0x4D, 0x49, 0x64, 0xC7, 0xC4, 0xD1, 0xC2,
    0xDB, 0xF0, 0xCE, 0xC5, 0xC4, 0xCA, 0xC6, 0xBA, 0xC1, 0xD3, 0xCF, 0xD3, 0xD6, 0xF0, 0xD2, 0xCB,
    0x4A, 0x4A, 0x62, 0x52, 0x3F, 0x46, 0x62, 0xF3, 0x4B, 0xC7, 0x5B, 0xC6, 0xD2, 0xCF, 0xEA, 0xEE,
    0xD4, 0x6D, 0xF7, 0xF2, 0x47, 0x51, 0x71, 0x4E, 0x53, 0x43, 0x43, 0x42, 0x4B, 0x4A, 0x4C, 0x4C,
    0x67, 0xFB, 0xDB, 0xCD, 0xCB, 0xCD, 0xD7, 0xD6, 0x5C, 0xFF, 0xFF, 0xDD, 0xF0, 0xD5, 0xEC, 0xFF,
    0x66, 0x75, 0x5B, 0x3F, 0x3F, 0x3D, 0x3C, 0x4E, 0x5A, 0x56, 0xDF, 0x4F, 0x41, 0x4D, 0x75, 0xD2,
    0xCD, 0xC8, 0xC2, 0xC4, 0xC9, 0xC1, 0xBA, 0xC7, 0xBC, 0xBB, 0xB9, 0xBB, 0xBF, 0xFE, 0xDA, 0x5A,
    0x6E, 0xF2, 0x67, 0x58, 0x4D, 0xEA, 0x55, 0xEE, 0x47, 0x4B, 0x3D, 0x33, 0x2E, 0x33, 0x36, 0x3B,
    0x3A, 0x3B, 0x4D, 0x62, 0x4B, 0x4E, 0x54, 0x3E, 0xFC, 0x4F, 0xD4, 0xD6, 0xD1, 0xD4, 0xEF, 0xD0,
    0xC9, 0xC4, 0xBE, 0xBC, 0xBD, 0xB6, 0xBE, 0x4E, 0x6E, 0x51, 0x4A, 0x4F, 0x6D, 0xEF, 0x73, 0xFC,
    0x61, 0x61, 0x65, 0x72, 0xD3, 0x5E, 0xFF, 0xE8, 0xE7, 0xF5, 0xC9, 0xCB, 0xC0, 0xBC, 0xBB, 0xCD,
    0xDB, 0xDB, 0xE9, 0x60, 0x4E, 0x57, 0x5A, 0xE7, 0x77, 0xDD, 0x7A, 0x67, 0xBF, 0xE4, 0xCA, 0xCA,
    0x58, 0x3B, 0x3D, 0x3C, 0x3C, 0x58, 0x59, 0x39, 0x45, 0x3E, 0x46, 0x4C, 0x64, 0x51, 0x45, 0x42,
    0x44, 0x41, 0x4A, 0xFF, 0xFF, 0xFE, 0xCA, 0xBF, 0xC8, 0xB8, 0xC3, 0xCE, 0xD3, 0xCC, 0xC6, 0xD6,
    0xDB, 0xE1, 0x60, 0xE6, 0x4D, 0x4F, 0x6C, 0xCC, 0xF0, 0xD6, 0xC9, 0xD8, 0x5C, 0xED, 0xDA, 0xD1,
    0xC9, 0xC6, 0xBE, 0xC0, 0xC5, 0xC1, 0xCF, 0xD2, 0x5D, 0x5B, 0x53, 0x59, 0x5D, 0xD4, 0xC9, 0xE0,
    0x72, 0xE7, 0x4A, 0x5F, 0x70, 0x46, 0x39, 0x4C, 0x47, 0x3A, 0x3A, 0x3C, 0x46, 0x4B, 0x62, 0xDB,
    0x5C, 0x53, 0x55, 0xE2, 0xCF, 0xCA, 0xCD, 0xE7, 0xD9, 0xDB, 0xDF, 0xCC, 0xCA, 0xCB, 0xD2, 0x4E,
    0x43, 0xE5, 0xD7, 0xDB, 0xEB, 0xFF, 0x5C, 0xE7, 0xCC, 0x4D, 0x5F, 0x6C, 0x59, 0xFC, 0xFF, 0xEF,
    0xCE, 0xCE, 0xCF, 0xC6, 0xC5, 0xC5, 0xC6, 0xC9, 0xC3, 0xC8, 0x7D, 0xEA, 0xDF, 0xD9, 0x69, 0xD8,
    0xC8, 0xBF, 0xBD, 0xD8, 0xCC, 0xE8, 0x66, 0x51, 0x43, 0x3C, 0x35, 0x34, 0x37, 0x3D, 0x4B, 0x50,
    0x49, 0x4E, 0x3A, 0x49, 0x4C, 0x4E, 0x46, 0x4D, 0xE1, 0xDD, 0xDE, 0xDB, 0xD6, 0xDB, 0xD1, 0xC9,
    0xCD, 0xDE, 0xE7, 0xEC, 0x41, 0x45, 0x64, 0x57, 0xDE, 0xD6, 0xED, 0xE8, 0x69, 0x73, 0xD2, 0xD9,
    0xE7, 0xC0, 0xC5, 0xBD, 0xCB, 0xE0, 0xEE, 0x5E, 0xCA, 0xC7, 0xDB, 0xFB, 0xDF, 0xCB, 0xCC, 0xDB,
    0xE7, 0x69, 0xDD, 0xF2, 0xD3, 0xCE, 0xD0, 0xD1, 0xD3, 0xCE, 0xBE, 0xD4, 0x44, 0x37, 0x38, 0x3A,
    0x3D, 0x45, 0x46, 0x3B, 0x3E, 0x3B, 0x49, 0x53, 0x49, 0x4D, 0x4E, 0x73, 0xCC, 0xC5, 0xCF, 0xCF,
    0xCE, 0xD7, 0x6E, 0xEF, 0x67, 0xE8, 0xD9, 0x55, 0x54, 0x5F, 0x4B, 0x49, 0x6E, 0xD4, 0xE7, 0xD7,
    0xC0, 0xD4, 0x5E, 0xEC, 0xFF, 0x69, 0xD1, 0xCD, 0xCB, 0xCF, 0xC6, 0xCC, 0xCF, 0xCE, 0xD8, 0xD3,
    0xDA, 0xD8, 0x5D, 0xF4, 0x5E, 0xE1, 0xC0, 0xBE, 0xBE, 0xBE, 0xBE, 0xBE, 0xBF, 0xCD, 0xD7, 0x49,
    0x3C, 0x3B, 0x33, 0x3D, 0x37, 0x35, 0x37, 0x3C, 0x3D, 0x3E, 0x46, 0x4D, 0x4D, 0x5A, 0xE0, 0xFC,
    0x50, 0xEC, 0xDB, 0xDB, 0xD5, 0xE4, 0xCF, 0xC9, 0xC0, 0xC1, 0xC6, 0xD9, 0x79, 0xF1, 0xEA, 0x67,
    0xCF, 0xD9, 0x69, 0xEF, 0x6B, 0xE3, 0xEB, 0xD3, 0xEF, 0xD7, 0xC9, 0xD0, 0xFB, 0xEB, 0xED, 0x68,
    0xD8, 0xD3, 0xCA, 0xD4, 0xDB, 0xD6, 0x6C, 0xFD, 0xFA, 0xD3, 0xCF, 0xC8, 0xBD, 0xBF, 0xC1, 0xCE,
    0xDB, 0xDB, 0xE7, 0xE7, 0x4E, 0x48, 0x4B, 0x5C, 0x4E, 0x41, 0x40, 0x3E, 0x3E, 0x43, 0x48, 0x4C,
    0x49, 0x52, 0x40, 0x64, 0x5B, 0xF9, 0xE4, 0xDB, 0x7B, 0x5B, 0xE5, 0xE1, 0x5C, 0x59, 0x58, 0xE2,
    0x57, 0x53, 0xFF, 0xFF, 0x5C, 0xDA, 0xE9, 0xDF, 0xC7, 0xC1, 0xC9, 0xD9, 0xD9, 0xC8, 0xC9, 0xC4,
    0xD5, 0xD4, 0xD1, 0x78, 0xCA, 0xD7, 0xCC, 0xCD, 0xD0, 0xCD, 0xC3, 0xC8, 0xCE, 0xD7, 0xD4, 0xD3,
    0xC3, 0xCE, 0xD7, 0xE4, 0xDD, 0xDF, 0x5E, 0x44, 0x49, 0x49, 0x3F, 0x3E, 0x49, 0x4A, 0x3D, 0x3C,
    0x39, 0x46, 0x5B, 0x4C, 0x4F, 0xF3, 0xD4, 0xD6, 0xD7, 0xD2, 0xD3, 0xDC, 0xE3, 0xD6, 0xDB, 0xE1,
    0xDB, 0xE9, 0xEF, 0xE7, 0x5B, 0x51, 0x4D, 0x4F, 0x4B, 0x4D, 0xE7, 0xDC, 0xD7, 0xCD, 0xDC, 0xFF,
    0xFF, 0x60, 0xD6, 0xDA, 0xDB, 0xD6, 0xD4, 0xF8, 0xF0, 0xDA, 0xDD, 0xDC, 0xCD, 0xDB, 0xCD, 0xC8,
    0xC2, 0xDB, 0xC9, 0xC5, 0xBC, 0xC3, 0xCD, 0xCD, 0xDA, 0xEF, 0xE1, 0x53, 0x55, 0x4A, 0x3E, 0x3F,
    0x41, 0x4C, 0x4C, 0x3A, 0x3E, 0x4C, 0x3F, 0x3C, 0x3D, 0x3D, 0x43, 0x3F, 0x56, 0xED, 0x4C, 0x69,
    0xE8, 0xE2, 0xE3, 0xD3, 0xCD, 0xD9, 0xD3, 0xCD, 0xFD, 0xDB, 0xDB, 0xF8, 0xDF, 0x6B, 0x5F, 0xDC,
    0xCD, 0xC5, 0xC2, 0xCF, 0xCD, 0xD1, 0xE3, 0xFD, 0x68, 0xDF, 0xE7, 0xF3, 0x75, 0xBF, 0xCF, 0xDE,
    0x5C, 0x7A, 0xE7, 0xFF, 0xD5, 0xDA, 0xD9, 0xC7, 0xC1, 0xC7, 0xD2, 0xCF, 0xE1, 0xE7, 0x56, 0x4A,
    0x64, 0x4F, 0x47, 0x48, 0x4F, 0x4D, 0x4C, 0x59, 0x49, 0x45, 0x49, 0x48, 0x53, 0x45, 0x4A, 0x6C,
    0x6E, 0xCF, 0xC9, 0xDA, 0xE2, 0x7B, 0x57, 0x5B, 0x6A, 0xEE, 0xE7, 0xDA, 0x4A, 0x53, 0x4D, 0x52,
    0x67, 0x67, 0x5C, 0x67, 0x71, 0xF9, 0x74, 0x62, 0xE0, 0xD3, 0xDB, 0xC5, 0xC5, 0xC6, 0xC9, 0xC2,
    0xC7, 0xC8, 0xDB, 0xCE, 0xC1, 0xC6, 0xC5, 0xC5, 0xCC, 0xC7, 0xC6, 0xCB, 0xD2, 0xCD, 0xD0, 0x6C,
    0xE2, 0xE2, 0x5A, 0x49, 0x5D, 0xE7, 0x63, 0x4A, 0x49, 0x41, 0x41, 0x3D, 0x35, 0x3B, 0x3F, 0x3E,
    0x4F, 0x52, 0x53, 0x4E, 0x51, 0x55, 0x52, 0x5B, 0x53, 0x59, 0xF2, 0xCD, 0xC6, 0xC8, 0xC0, 0xC2,
    0xDD, 0x6B, 0x5D, 0xEE, 0xE6, 0xEE, 0xE2, 0xE6, 0xDA, 0xE7, 0xDB, 0xDB, 0xE6, 0xD9, 0xD9, 0xDB,
    0xDB, 0xCF, 0xD7, 0xD1, 0xC9, 0xDE, 0xDE, 0xDB, 0xFC, 0x54, 0xF0, 0xD6, 0xE7, 0xDE, 0xC6, 0xCA,
    0xCD, 0xC9, 0xC4, 0xC9, 0xCD, 0xDB, 0x67, 0x70, 0x60, 0xFF, 0x72, 0x45, 0x4A, 0x57, 0x55, 0x52,
    0x50, 0x3D, 0x3F, 0x4C, 0x4D, 0x50, 0x6A, 0x4B, 0x53, 0x66, 0x5E, 0x4C, 0x54, 0x6D, 0x5F, 0xDE,
    0xCD, 0xDB, 0x6C, 0x63, 0x50, 0x4B, 0x76, 0x76, 0xE1, 0x7E, 0x77, 0xD7, 0xE7, 0xEF, 0xDD, 0xD3,
    0xDE, 0xE6, 0xCE, 0xD0, 0xE7, 0xE7, 0xDC, 0xCC, 0xCF, 0xC2, 0xD0, 0xCD, 0xBE, 0xC2, 0xC5, 0xBF,
    0xC7, 0xCD, 0xC5, 0xC5, 0xC6, 0xCC, 0xD3, 0xCE, 0xE3, 0x59, 0x4B, 0x4A, 0x42, 0x4A, 0x5B, 0x4E,
    0x43, 0x42, 0x47, 0x4D, 0x56, 0x4D, 0x38, 0x3C, 0x40, 0x46, 0x4C, 0x5A, 0x67, 0x5E, 0xE7, 0xE7,
    0xE7, 0xE4, 0xDB, 0xDB, 0xDE, 0xCE, 0xBF, 0xE4, 0x5D, 0x72, 0x52, 0x53, 0x62, 0xDA, 0xC9, 0xC7,
    0xCD, 0xCE, 0xE4, 0xE7, 0xDE, 0xD9, 0xF0, 0xD7, 0x6B, 0x6B, 0x6D, 0x53, 0x5B, 0x5B, 0xF6, 0xE8,
    0xFF, 0xDF, 0xCA, 0xC6, 0xCF, 0xDA, 0xCC, 0xC3, 0xC1, 0xC1, 0xBF, 0xC9, 0xCD, 0x76, 0xFF, 0xE5,
    0xD4, 0xE2, 0xD5, 0xCA, 0xFA, 0x48, 0x49, 0x4C, 0x53, 0x61, 0x55, 0x41, 0x3E, 0x3F, 0x3E, 0x45,
    0x49, 0x42, 0x46, 0x58, 0x4D, 0x74, 0xEA, 0xDE, 0x53, 0x4D, 0xFB, 0xD7, 0x5A, 0x53, 0x58, 0x74,
    0xE7, 0xDD, 0xDA, 0xD8, 0xCB, 0xCD, 0xD9, 0xCF, 0xCA, 0xCD, 0xCA, 0x78, 0x71, 0xE8, 0xE2, 0xEC,
    0xD0, 0xC5, 0xCD, 0xC9, 0xC7, 0xC1, 0xC0, 0xD3, 0xE5, 0xD7, 0xD3, 0xD1, 0xD0, 0xD3, 0xD7, 0xDB,
    0xDE, 0x56, 0x49, 0x4D, 0x51, 0x4D, 0x4D, 0x4D, 0x4E, 0x4B, 0x42, 0x48, 0x5C, 0x67, 0x67, 0x79,
    0x4F, 0x5B, 0x54, 0x6C, 0xD0, 0xF6, 0xDB, 0x5F, 0xFF, 0xFF, 0xD4, 0xE3, 0x6B, 0x5C, 0x5F, 0x65,
    0x4F, 0x4E, 0x5B, 0x59, 0x67, 0x5E, 0xE7, 0xCB, 0xE7, 0xDE, 0x67, 0x67, 0x5D, 0x67, 0xFC, 0xD5,
    0xD3, 0xDE, 0xE5, 0xCF, 0xDA, 0x6A, 0xE5, 0xDB, 0xED, 0xCA, 0xC9, 0xC8, 0xC5, 0xC8, 0xC6, 0xC9,
    0xC5, 0xC5, 0xC2, 0xC9, 0xD9, 0xF6, 0x61, 0x67, 0x48, 0x53, 0x4E, 0x57, 0x65, 0x76, 0x54, 0x54,
    0xFF, 0x6B, 0x5D, 0x67, 0x7C, 0x46, 0x43, 0x3B, 0x43, 0x42, 0x42, 0x4C, 0x53, 0x51, 0x5C, 0x7C,
    0x6E, 0xFF, 0xDA, 0xD8, 0x69, 0x51, 0x51, 0x5D, 0xF0, 0xE7, 0xDB, 0xD6, 0xDB, 0xDE, 0xCE, 0xCE,
    0xCF, 0xC9, 0xD1, 0xD6, 0xFE, 0xD6, 0xE4, 0xD3, 0xD8, 0xE6, 0xD9, 0xD3, 0xC9, 0xCB, 0xCD, 0xD6,
    0xDB, 0xD3, 0xEC, 0xEC, 0xE7, 0xE7, 0xF9, 0xE7, 0x7A, 0x4E, 0x4C, 0x5F, 0x66, 0x66, 0xEA, 0xDB,
    0xEA, 0x67, 0x73, 0x52, 0x4E, 0x5B, 0x7A, 0xD5, 0xDB, 0x7E, 0x5E, 0x51, 0x55, 0x67, 0x5C, 0x4E,
    0x53, 0x53, 0x68, 0xCF, 0xE7, 0xE7, 0xE7, 0xE7, 0x5E, 0x49, 0x47, 0x4D, 0x4D, 0x55, 0x7D, 0xFF,
    0xFF, 0xE3, 0xCD, 0xD9, 0xCF, 0xE1, 0xDC, 0xFF, 0xEC, 0xFC, 0xE0, 0xDB, 0xD3, 0xD3, 0xCD, 0xCD,
    0xCD, 0xD3, 0xD7, 0x6D, 0xE7, 0xDE, 0xD3, 0xD0, 0xCD, 0xC4, 0xC4, 0xC2, 0xC4, 0xED, 0xFE, 0xEE,
    0xFF, 0x5E, 0x6E, 0x67, 0x75, 0x67, 0x7C, 0x59, 0x47, 0x4A, 0x4D, 0x4A, 0x48, 0x4B, 0x49, 0x42,
    0x3C, 0x45, 0x48, 0x4D, 0x5B, 0x63, 0x5C, 0x7E, 0xE7, 0xD3, 0xD8, 0xE7, 0xEA, 0x5D, 0x65, 0x5F,
    0x7B, 0xFA, 0x62, 0xD4, 0xD8, 0xD3, 0xD3, 0xD8, 0xCE, 0xD0, 0xDB, 0xE8, 0xFF, 0xFF, 0xE7, 0xDF,
    0xCE, 0xFF, 0xEC, 0xDB, 0xDF, 0xE7, 0xE4, 0xE1, 0xDC, 0xE7, 0xE7, 0xDA, 0xCE, 0xCD, 0xD9, 0xD8,
    0xFF, 0x4F, 0x5F, 0xFF, 0x67, 0xEC, 0xDB, 0xE2, 0xD3, 0xD0, 0xDE, 0x5E, 0x5A, 0x53, 0x67, 0x67,
    0x68, 0xF1, 0xF9, 0xE3, 0x48, 0x49, 0x4D, 0x51, 0x4D, 0x56, 0x5D, 0x53, 0x58, 0x5B, 0x53, 0x5F,
    0xDF, 0x57, 0x53, 0x4D, 0x4D, 0x53, 0x5E, 0x67, 0xFF, 0xE7, 0xE5, 0xE3, 0xDB, 0xD3, 0xCD, 0xDA,
    0xCD, 0xCB, 0xC6, 0xC7, 0xCF, 0xE7, 0xE1, 0xE4, 0x79, 0x70, 0xFF, 0xDC, 0xD1, 0xE6, 0xDB, 0xD5,
    0xCD, 0xCD, 0xD3, 0xD9, 0xF6, 0x66, 0x58, 0x5A, 0x58, 0x5A, 0x7E, 0x76, 0xE7, 0xDA, 0xD3, 0xDA,
    0xCC, 0xFB, 0x5B, 0x4E, 0x46, 0x47, 0x4F, 0x5A, 0x49, 0x40, 0x41, 0x45, 0x50, 0x59, 0xF0, 0x5D,
    0xDB, 0xE2, 0xD2, 0xC9, 0xCD, 0xF1, 0x5B, 0x5B, 0x59, 0x5F, 0xFF, 0xFF, 0xFF, 0x67, 0x72, 0xDC,
    0xF4, 0xD8, 0xE9, 0xFF, 0xDE, 0xFF, 0xED, 0xE7, 0xE1, 0xEF, 0xEF, 0xCF, 0xDA, 0xDB, 0xDB, 0xDB,
    0xD0, 0xD2, 0xDA, 0xD8, 0xCE, 0xD6, 0xD6, 0xD4, 0x7B, 0x61, 0x73, 0x5B, 0x66, 0xF5, 0xE7, 0xFD,
    0xDC, 0xCB, 0xD2, 0xD0, 0xCA, 0xED, 0x5B, 0x5B, 0x5B, 0x5B, 0x59, 0x5D, 0x7E, 0x50, 0x42, 0x49,
    0x49, 0x59, 0x67, 0x73, 0xE7, 0xDE, 0xDD, 0x70, 0x5C, 0x4F, 0x49, 0x4F, 0x4E, 0x5F, 0x5D, 0x64,
    0x5B, 0x7A, 0x67, 0x67, 0xE6, 0xDB, 0xDB, 0xD7, 0xD1, 0xE6, 0xE2, 0xD6, 0xCD, 0xCD, 0xCD, 0xC8,
    0xE4, 0xCE, 0xD3, 0xD3, 0xCD, 0xCF, 0xCE, 0xCE, 0xCF, 0xD3, 0xDB, 0x76, 0x4E, 0x4F, 0x4D, 0x5B,
    0x56, 0x53, 0x57, 0x71, 0xE5, 0xD3, 0xD3, 0xDB, 0xDB, 0xDC, 0x75, 0x5B, 0x61, 0x58, 0x66, 0x67,
    0x5E, 0x66, 0x54, 0x47, 0x4A, 0x50, 0x66, 0xE7, 0xE7, 0xE4, 0xD0, 0xCD, 0xD5, 0xFA, 0x67, 0x61,
    0x63, 0x5D, 0x6F, 0x7B, 0x5F, 0x53, 0x53, 0x5B, 0x63, 0xFF, 0x6F, 0x5C, 0xFF, 0xED, 0xFF, 0xF1,
    0xE7, 0xDB, 0xD7, 0xCE, 0xCD, 0xD1, 0xE6, 0xDB, 0xDB, 0xCD, 0xC9, 0xCD, 0xCF, 0xD3, 0xCF, 0x6F,
    0xEC, 0x77, 0x67, 0x67, 0x73, 0xF0, 0xE9, 0xFF, 0xFF, 0xE3, 0xDB, 0xFE, 0xDB, 0xDB, 0xE3, 0x4F,
    0x52, 0x5D, 0x74, 0x7D, 0xF7, 0x73, 0x64, 0x4F, 0x4D, 0x4F, 0x4F, 0x4E, 0x57, 0x64, 0x78, 0x71,
    0xFF, 0x4F, 0x4C, 0x68, 0x61, 0x53, 0x5D, 0x5E, 0x5B, 0x5B, 0x63, 0x6C, 0xD7, 0xD3, 0xD3, 0xCF,
    0xD3, 0xD3, 0xCE, 0xC5, 0xC6, 0xCD, 0xDE, 0xE7, 0xDC, 0xF2, 0xE7, 0xDD, 0xF0, 0xD5, 0xE7, 0xDE,
    0xDC, 0xE7, 0x6D, 0x49, 0x4A, 0x5A, 0x67, 0x67, 0x68, 0x70, 0x67, 0xEB, 0xEE, 0xD4, 0xCD, 0xD1,
    0xD3, 0xD0, 0xD2, 0x77, 0x5E, 0x53, 0x4F, 0x59, 0xFB, 0xE7, 0xDC, 0xDD, 0x5A, 0x4D, 0x53, 0x59,
    0xFA, 0xE7, 0xDC, 0xD9, 0xDE, 0x53, 0x48, 0x45, 0x45, 0x48, 0x52, 0x56, 0x5B, 0x5B, 0x53, 0x6E,
    0xF9, 0xE7, 0xCE, 0xCD, 0xD6, 0xDD, 0xFF, 0xFF, 0xEB, 0xFF, 0xFF, 0xD8, 0xD3, 0xCE, 0xD3, 0xDA,
    0xDB, 0xDB, 0xD3, 0xD3, 0xD9, 0xD9, 0xD0, 0xD3, 0xD9, 0xD3, 0xDC, 0xE7, 0xDD, 0xDB, 0xDB, 0xDB,
    0xD9, 0xD9, 0xDB, 0xD7, 0xDB, 0xDB, 0xE0, 0xE7, 0xEC, 0x6C, 0xFF, 0xF0, 0xFA, 0xFF, 0xEE, 0xDC,
    0xD6, 0xD0, 0xCD, 0xCB, 0xD2, 0xDB, 0xE1, 0xFF, 0xDB, 0xDB, 0xE7, 0xE7, 0xE7, 0xEB, 0x6D, 0xDB,
    0xDF, 0xDD, 0xDD, 0xDF, 0xDB, 0xD9, 0xD3, 0xCE, 0xDB, 0xDB, 0xDB, 0xDB, 0xDB, 0xDB, 0xE2, 0xE7,
    0xE7, 0xDD, 0xEB, 0xEE, 0xDC, 0xE7, 0xF6, 0xFC, 0xE0, 0xDB, 0xFF, 0xFF, 0x67, 0x6D, 0xEB, 0xD3,
    0xD7, 0xDB, 0xD9, 0xD3, 0xDB, 0xE1, 0xE4, 0xDE, 0xEF, 0xDC, 0xE7, 0xE7, 0xD3, 0xD3, 0xD3, 0xDA,
    0xDC, 0xDC, 0xDE, 0xE7, 0xE6, 0xDF, 0xE7, 0xE7, 0xE7, 0xFD, 0xE7, 0xE7, 0xE7, 0xE0, 0xDB, 0xEB,
    0xEE, 0xE7, 0xE2, 0xDB, 0xE4, 0xDB, 0xFB, 0xEB, 0xFF, 0xFF, 0xE1, 0xDB, 0xE7, 0xEF, 0xE9, 0xE7,
    0xDE, 0xDC, 0xE7, 0xE7, 0xFF, 0xEF, 0xE7, 0xDB, 0xDB, 0xFD, 0xE7, 0xE7, 0xDB, 0xDB, 0xE6, 0xE7,
    0xD8, 0xD5, 0xE0, 0xDB, 0xE0, 0xD8, 0xE7, 0xFF, 0xFF, 0xFF, 0xF0, 0xFA, 0xFF, 0x6D, 0x67, 0x6D,
    0xDF, 0xD4, 0xDB, 0xE5, 0xFF, 0xFF, 0x67, 0xEB, 0xDB, 0xE7, 0xE7, 0xE7, 0xFF, 0xFF, 0xE7, 0xD8,
    0xD3, 0xD5, 0xDB, 0xDB, 0xE2, 0xDB, 0xFD, 0xE7, 0x6D, 0x6A, 0xFF, 0xFF, 0xE2, 0xE3, 0xDB, 0xDB,
    0xDB, 0xE4, 0xEB, 0x67, 0xFF, 0xEB, 0xFF, 0xFF, 0x69, 0xE7, 0xE7, 0xFF, 0xFF, 0x6B, 0x67, 0x67,
    0x67, 0xFF, 0xED, 0xDC, 0xF2, 0xE7, 0x79, 0x67, 0x7C, 0xE7, 0xE7, 0xDB, 0xDF, 0xD6, 0xD5, 0xDB,
    0xDB, 0xE7, 0xE7, 0xE6, 0xDB, 0xDB, 0xE7, 0xF2, 0xFF, 0x73, 0x67, 0xFB, 0xE7, 0xE7, 0xFF, 0xFF,
    0xFF, 0xFF, 0xFF, 0xFF, 0x6F, 0x7B, 0x67, 0x67, 0xFF, 0xF2, 0xF8, 0xE7, 0xE7, 0xFC, 0x6C, 0xFF,
    0xFD, 0xE7, 0xE7, 0xE7, 0xE7, 0xFD, 0xEC, 0x6C, 0xFF, 0xFF, 0xFF, 0xFF, 0xFF, 0xFF, 0xE7, 0xE7,
    0xE7, 0xE0, 0xE5, 0xE7, 0xF3, 0xFF, 0xFF, 0xFF, 0xFF, 0x6F, 0x7B, 0xFF, 0xED, 0xE7, 0xEE, 0xFF,
    0xFF, 0xEF, 0xE7, 0xFF, 0xFF, 0x67, 0x67, 0x67, 0x6A, 0xFF, 0xFF, 0xFF, 0xFF, 0xE7, 0xEE, 0xEA,
    0xEA, 0xFF, 0xFF, 0xFF, 0xFF, 0xFC, 0xEF, 0xFF, 0x6B, 0xEE, 0xFE, 0xFF, 0xFF, 0xFF, 0x5F, 0x4A,
    0x49, 0x4C, 0x4D, 0x4D, 0x51, 0x53, 0x53, 0x4A, 0x57, 0xBF, 0x40, 0x2F, 0xCB, 0xB4, 0x43, 0x2F,
    0xB3, 0x3B, 0x2D, 0x35, 0xAE, 0x3D, 0x5C, 0x4C, 0x43, 0xCE, 0xB7, 0x52, 0x2C, 0x4A, 0xAB, 0xB2,
    0x2F, 0x33, 0xA9, 0xB0, 0x78, 0x54, 0x3B, 0x38, 0xC4, 0xB6, 0xF1, 0x46, 0xDF, 0xC4, 0xBF, 0xBF,
    0xF9, 0xE2, 0xBA, 0xB4, 0xC7, 0xCB, 0xED, 0xD4, 0xE5, 0x5E, 0xBF, 0xB2, 0xEA, 0x31, 0x35, 0xD5,
    0x3B, 0x73, 0x2C, 0x2E, 0x2C, 0x3A, 0x41, 0x55, 0x54, 0x43, 0x37, 0x43, 0xE8, 0x5E, 0x70, 0x2E,
    0xDF, 0x2E, 0xBF, 0xC9, 0x36, 0x40, 0x6C, 0xE1, 0x42, 0x3E, 0x47, 0x57, 0xBF, 0x41, 0x30, 0x5C,
    0x45, 0x42, 0x40, 0x3E, 0x5B, 0x5B, 0x42, 0x3E, 0x41, 0x4D, 0x51, 0x57, 0xDF, 0x5B, 0xEC, 0x6C,
    0xC9, 0xC5, 0x48, 0xD1, 0xCA, 0xD7, 0x6D, 0xC7, 0xDA, 0x4D, 0xBE, 0xC5, 0x3F, 0x50, 0xD7, 0xD3,
    0x51, 0xFB, 0xC7, 0xC4, 0xEC, 0xED, 0x4C, 0x45, 0x4B, 0x53, 0x4D, 0x52, 0x4D, 0x49, 0x42, 0x61,
    0xE1, 0x4E, 0x57, 0x55, 0x55, 0x52, 0xDD, 0xE9, 0x59, 0xDD, 0xD5, 0x59, 0xC9, 0xC7, 0xC9, 0xD8,
    0xD3, 0xCC, 0xC9, 0xE2, 0xD1, 0xD0, 0xE8, 0x64, 0xD8, 0xC6, 0xDA, 0xDA, 0x71, 0xD9, 0xD3, 0xD5,
    0x6D, 0x6A, 0xDA, 0xC6, 0xC8, 0xE3, 0xE6, 0xF8, 0xE2, 0xD3, 0xE2, 0xCA, 0xF4, 0xE7, 0xD8, 0x5F,
    0xC9, 0xD7, 0xF2, 0xFF, 0xE6, 0xCC, 0xCE, 0xDB, 0x6D, 0x5D, 0x50, 0x49, 0x41, 0x39, 0x3D, 0x42,
    0x4D, 0x48, 0x56, 0x46, 0x4B, 0x6A, 0x59, 0x45, 0x4C, 0x72, 0x73, 0x4D, 0x4D, 0x5A, 0x4A, 0x47,
    0x3B, 0x3D, 0x40, 0x49, 0x46, 0x48, 0x49, 0x49, 0x49, 0x45, 0x4E, 0x53, 0x4C, 0x3F, 0x4C, 0x4C,
    0x67, 0x61, 0xF6, 0x55, 0xFE, 0xE7, 0x76, 0xE8, 0xD4, 0xE4, 0xEB, 0xD6, 0xCA, 0xE3, 0xD3, 0xD3,
    0xCE, 0xD3, 0xCE, 0xCA, 0xD4, 0xCA, 0xC9, 0xD4, 0xD3, 0xCA, 0xC8, 0xD5, 0xE1, 0xFE, 0x5B, 0x5B,
    0x42, 0x4D, 0x75, 0x4F, 0x45, 0x41, 0x65, 0x67, 0x5C, 0x53, 0x58, 0xF0, 0xF6, 0xDB, 0xE7, 0xDD,
    0x6E, 0xD3, 0x6F, 0xFF, 0xE2, 0xE7, 0xD9, 0xD2, 0xDE, 0xE6, 0xDB, 0xDE, 0xE7, 0xD4, 0xE7, 0xDD,
    0xD0, 0xCC, 0xE5, 0xE7, 0xF6, 0xD3, 0xCD, 0xD9, 0xFF, 0xDD, 0xCE, 0xD3, 0xCE, 0xCD, 0xCF, 0x6F,
    0xC9, 0xCE, 0xDB, 0xD8, 0xC5, 0xDF, 0xEE, 0xD4, 0xD0, 0xFE, 0x6C, 0xC9, 0x61, 0xFF, 0xDE, 0xCA,
    0xF2, 0xF4, 0xEA, 0x51, 0x49, 0x4D, 0x43, 0x3D, 0x3F, 0x47, 0x3E, 0x3F, 0x4F, 0x54, 0x43, 0x64,
    0x53, 0x4E, 0x4D, 0x53, 0x48, 0x4E, 0x4C, 0x41, 0x3D, 0x47, 0x51, 0x45, 0x41, 0x4E, 0x53, 0x53,
    0x4F, 0x59, 0x53, 0x58, 0x54, 0x56, 0x5B, 0x5B, 0x54, 0x58, 0x64, 0x5B, 0x5B, 0x6C, 0xFF, 0x5E,
    0xD4, 0xD9, 0xD7, 0x62, 0xDD, 0xDC, 0xD4, 0xCF, 0xE0, 0xD3, 0xDC, 0xCC, 0xFD, 0xCD, 0xD1, 0xE7,
    0xDB, 0xDA, 0xD1, 0xD0, 0xD3, 0xEA, 0x5D, 0x5B, 0x57, 0x4E, 0x56, 0x62, 0x5B, 0x4F, 0x60, 0x64,
    0x60, 0x67, 0x6C, 0x61, 0x5C, 0x7B, 0xF9, 0x6A, 0xFF, 0xE8, 0xF4, 0xE7, 0xE6, 0xDF, 0x6C, 0xE4,
    0xEA, 0xD4, 0xD9, 0xD8, 0xDB, 0xD7, 0xDA, 0xDF, 0xD3, 0xD3, 0xD6, 0xDB, 0xD2, 0xCD, 0xD3, 0xD3,
    0xD3, 0xD3, 0xD0, 0xD2, 0xD3, 0xCF, 0xD3, 0xD1, 0xCD, 0xCE, 0xD0, 0xCA, 0xD2, 0xCD, 0xDA, 0xD9,
    0xD9, 0xDB, 0xD3, 0xDA, 0xDB, 0xE1, 0xE7, 0xE2, 0xD6, 0xD3, 0xD7, 0xF6, 0x6F, 0x56, 0x53, 0x46,
    0x3F, 0x3F, 0x45, 0x42, 0x42, 0x48, 0x4D, 0x49, 0x4D, 0x4D, 0x4D, 0x53, 0x53, 0x4C, 0x3E, 0x3E,
    0x45, 0x41, 0x41, 0x45, 0x49, 0x49, 0x4E, 0x4E, 0x4D, 0x53, 0x53, 0x4E, 0x4F, 0x59, 0x67, 0x5F,
    0x5B, 0x5B, 0x5B, 0x5B, 0xFC, 0xEF, 0x5B, 0x67, 0xDD, 0xD5, 0xEB, 0xFE, 0xD8, 0xE0, 0xE5, 0xD3,
    0xCD, 0xD6, 0xD6, 0xCD, 0xD5, 0xDD, 0xCB, 0xC8, 0xE4, 0xDC, 0xCB, 0xD4, 0xDB, 0xCC, 0xE1, 0x51,
    0x5A, 0xEC, 0x55, 0x55, 0x7C, 0xFA, 0x64, 0x61, 0xE8, 0x73, 0x67, 0xFF, 0xFF, 0x5D, 0xF7, 0xDE,
    0x67, 0x6D, 0xDF, 0xDC, 0x7E, 0x7B, 0xD8, 0xE7, 0xFD, 0xD7, 0xE4, 0xE5, 0xD7, 0xDB, 0xDB, 0xE2,
    0xDB, 0xDB, 0xD5, 0xD6, 0xDF, 0xD4, 0xD6, 0xDB, 0xD4, 0xD8, 0xD3, 0xD3, 0xCF, 0xDB, 0xD1, 0xCB,
    0xCE, 0xD3, 0xD3, 0xD1, 0xCD, 0xD3, 0xD3, 0xD3, 0xD3, 0xD3, 0xD3, 0xD5, 0xDB, 0xD3, 0xDB, 0xE4,
    0xD2, 0xD0, 0xD3, 0xD9, 0xD9, 0xDC, 0x71, 0x5D, 0x53, 0x53, 0x4A, 0x40, 0x3E, 0x41, 0x41, 0x45,
    0x46, 0x47, 0x45, 0x49, 0x44, 0x3C, 0x3C, 0x3E, 0x3D, 0x3E, 0x41, 0x41, 0x47, 0x45, 0x49, 0x4D,
    0x4D, 0x50, 0x53, 0x53, 0x53, 0x5B, 0x5B, 0x5B, 0x67, 0x67, 0x67, 0x67, 0x67, 0x6A, 0xEF, 0x6A,
    0x72, 0xE7, 0xE7, 0xDC, 0xD3, 0xDB, 0xDB, 0xDB, 0xD3, 0xD9, 0xCE, 0xD3, 0xCE, 0xD3, 0xD3, 0xD3,
    0xD1, 0xD1, 0xD3, 0xD3, 0xD3, 0xDB, 0xE1, 0xFF, 0x56, 0x6F, 0x54, 0x67, 0x5D, 0x67, 0x67, 0xFF,
    0x72, 0x77, 0xFF, 0xFF, 0xFF, 0xF6, 0xE7, 0xFD, 0xE7, 0xE7, 0xDB, 0xE9, 0xDC, 0xEC, 0xEC, 0xE7,
    0xE0, 0xE4, 0xF8, 0xE7, 0xDC, 0xDE, 0xE7, 0xE6, 0xDB, 0xDB, 0xE7, 0xE7, 0xD4, 0xD6, 0xDB, 0xDB,
    0xD7, 0xD3, 0xD5, 0xD6, 0xCD, 0xCF, 0xDA, 0xCD, 0xD0, 0xDB, 0xD1, 0xCD, 0xD4, 0xDB, 0xCF, 0xCB,
    0xD7, 0xD3, 0xD6, 0xD6, 0xE5, 0xD3, 0xD3, 0xE7, 0xE7, 0xCE, 0xDE, 0xDE, 0xDB, 0xD3, 0xF0, 0x5D,
    0x5E, 0x53, 0x4B, 0x4D, 0x4C, 0x3E, 0x41, 0x49, 0x49, 0x45, 0x4B, 0x4A, 0x41, 0x3D, 0x3E, 0x3F,
    0x3E, 0x41, 0x44, 0x45, 0x47, 0x4D, 0x4D, 0x4D, 0x51, 0x53, 0x53, 0x53, 0x5B, 0x57, 0x5B, 0x62,
    0x62, 0x7A, 0x66, 0xFF, 0x6A, 0xFF, 0x68, 0xFF, 0xFF, 0xE7, 0xE7, 0xDC, 0xDB, 0xDB, 0xDB, 0xD3,
    0xD3, 0xCE, 0xCF, 0xCD, 0xD1, 0xCD, 0xD3, 0xCD, 0xCD, 0xCD, 0xD0, 0xCE, 0xD3, 0xD9, 0xDC, 0xFA,
    0x56, 0x4F, 0x5B, 0x54, 0x5B, 0x62, 0x67, 0x6E, 0xFF, 0x67, 0x67, 0x7D, 0xF4, 0xE7, 0xE9, 0xFF,
    0xFF, 0xF0, 0xDB, 0xE7, 0xE3, 0x6B, 0xE5, 0xDB, 0xDB, 0xEB, 0xED, 0xE7, 0xDA, 0xD1, 0xDD, 0xE7,
    0xE7, 0xD8, 0xDE, 0xDC, 0xE1, 0xDB, 0xDD, 0xE7, 0xDC, 0xD9, 0xD9, 0xDB, 0xD8, 0xDA, 0xD2, 0xD0,
    0xD3, 0xD3, 0xD3, 0xD3, 0xD3, 0xD3, 0xCE, 0xD8, 0xD4, 0xD3, 0xCF, 0xD4, 0xD7, 0xDA, 0xD9, 0xD8,
    0xDB, 0xD6, 0xDB, 0xD6, 0xDF, 0xCE, 0xD3, 0xD9, 0x7D, 0x5B, 0x55, 0x5B, 0x53, 0x4A, 0x43, 0x43,
    0x45, 0x45, 0x45, 0x41, 0x3E, 0x3B, 0x3C, 0x3C, 0x41, 0x40, 0x41, 0x41, 0x44, 0x49, 0x47, 0x49,
    0x4A, 0x4D, 0x4D, 0x53, 0x4F, 0x5B, 0x53, 0x5F, 0x5B, 0x5B, 0x5B, 0x6B, 0xFF, 0x67, 0x6D, 0xFF,
    0xFF, 0x6F, 0x7C, 0xDB, 0xDB, 0xE7, 0xDD, 0xCE, 0xD5, 0xD7, 0xD3, 0xCD, 0xD1, 0xD2, 0xCB, 0xCD,
    0xD3, 0xCF, 0xCD, 0xD3, 0xD3, 0xCA, 0xD3, 0xF5, 0x67, 0x67, 0x54, 0x5C, 0x6B, 0x67, 0x67, 0x67,
    0xEF, 0x73, 0xE7, 0xFF, 0xEB, 0xFA, 0xDF, 0xF8, 0xFF, 0xED, 0xDB, 0xDF, 0xE7, 0xE5, 0xDB, 0xE6,
    0xE2, 0xDB, 0xDB, 0xDB, 0xDB, 0xDB, 0xDB, 0xDB, 0xD9, 0xD9, 0xDB, 0xD7, 0xDB, 0xD3, 0xD3, 0xDB,
    0xDB, 0xDB, 0xDB, 0xDB, 0xD4, 0xD3, 0xCF, 0xD3, 0xD0, 0xD1, 0xD2, 0xCF, 0xD3, 0xCE, 0xD3, 0xCE,
    0xD3, 0xD3, 0xD3, 0xD3, 0xDB, 0xD1, 0xD1, 0xDB, 0xD8, 0xD3, 0xDB, 0xD7, 0xDB, 0xD9, 0xD3, 0xD4,
    0xDB, 0xF4, 0x64, 0x5B, 0x66, 0x59, 0x4F, 0x49, 0x43, 0x45, 0x41, 0x3D, 0x3A, 0x3D, 0x3E, 0x3F,
    0x3F, 0x3E, 0x42, 0x45, 0x45, 0x44, 0x44, 0x49, 0x49, 0x4D, 0x4C, 0x4C, 0x54, 0x58, 0x53, 0x5B,
    0x60, 0x67, 0x67, 0x67, 0xFF, 0x70, 0xED, 0xEE, 0xFA, 0xFD, 0xF4, 0xE7, 0xDC, 0xE0, 0xDB, 0xDA,
    0xD3, 0xDB, 0xD1, 0xCD, 0xD3, 0xCF, 0xCD, 0xCD, 0xCD, 0xCD, 0xCD, 0xCD, 0xCA, 0xCD, 0xCD, 0xE0,
    0x6D, 0x67, 0x67, 0x67, 0x67, 0x67, 0x67, 0x67, 0x74, 0xFF, 0xFF, 0xFF, 0xFF, 0xEE, 0xE7, 0xFF,
    0xEC, 0xE7, 0xE7, 0xE7, 0xE7, 0xE7, 0xE7, 0xE2, 0xE3, 0xE6, 0xDF, 0xDC, 0xDB, 0xDB, 0xDB, 0xD3,
    0xD9, 0xD3, 0xD7, 0xD4, 0xD3, 0xD3, 0xD3, 0xD0, 0xD2, 0xDA, 0xD3, 0xD3, 0xCF, 0xD3, 0xD3, 0xCF,
    0xD3, 0xD3, 0xD3, 0xCE, 0xCF, 0xCF, 0xCE, 0xD3, 0xD3, 0xD2, 0xD0, 0xD3, 0xD3, 0xD3, 0xD3, 0xD3,
    0xD3, 0xD5, 0xE1, 0xE7, 0xD6, 0xD7, 0xDB, 0xDB, 0xE5, 0xE7, 0xF3, 0x67, 0x53, 0x53, 0x5B, 0x57,
    0x4A, 0x40, 0x3D, 0x38, 0x39, 0x3A, 0x3D, 0x3E, 0x3E, 0x43, 0x43, 0x3F, 0x43, 0x49, 0x46, 0x49,
    0x49, 0x4D, 0x4D, 0x4D, 0x4D, 0x4D, 0x55, 0x5B, 0x67, 0x67, 0x67, 0x7B, 0x67, 0x7A, 0xEB, 0xFF,
    0xFF, 0xE7, 0xF7, 0xE7, 0xE7, 0xDC, 0xDB, 0xD6, 0xD3, 0xD0, 0xCD, 0xD3, 0xCF, 0xCD, 0xCD, 0xCD,
    0xCA, 0xD3, 0xCB, 0xCD, 0xCD, 0xD3, 0xD3, 0xE9, 0x5B, 0x5B, 0x5B, 0x67, 0x67, 0x67, 0x67, 0x76,
    0x69, 0xFF, 0xFF, 0xFF, 0xFF, 0xE7, 0xED, 0xFF, 0xFF, 0xEF, 0xE7, 0xE7, 0xE7, 0xFE, 0xDB, 0xE4,
    0xDD, 0xE7, 0xDC, 0xDE, 0xDE, 0xDC, 0xDD, 0xDA, 0xDA, 0xD8, 0xDB, 0xD6, 0xDB, 0xD4, 0xDB, 0xD5,
    0xDA, 0xD3, 0xDB, 0xD9, 0xD3, 0xD3, 0xD3, 0xD3, 0xD3, 0xD3, 0xD3, 0xD3, 0xD3, 0xD3, 0xD3, 0xD3,
    0xD3, 0xD8, 0xDB, 0xDB, 0xDB, 0xD3, 0xD3, 0xD3, 0xDB, 0xDB, 0xD4, 0xDB, 0xDB, 0xDB, 0xDB, 0xDB,
    0xDB, 0xD6, 0xDC, 0x75, 0x5B, 0x55, 0x57, 0x5B, 0x59, 0x49, 0x3A, 0x36, 0x38, 0x3B, 0x3C, 0x3C,
    0x3F, 0x3F, 0x42, 0x43, 0x45, 0x48, 0x45, 0x49, 0x4B, 0x4D, 0x4D, 0x4D, 0x4D, 0x4E, 0x53, 0x5B,
    0x5B, 0x63, 0x67, 0x67, 0x67, 0xFF, 0xFF, 0xE7, 0xE7, 0xF9, 0xF9, 0xF1, 0xFF, 0xF5, 0xE7, 0xE7,
    0xE7, 0xDD, 0xD5, 0xDB, 0xD4, 0xD1, 0xD1, 0xD3, 0xCD, 0xCD, 0xCE, 0xD3, 0xCD, 0xCD, 0xD1, 0xDD,
    0x6F, 0x5C, 0x5D, 0x73, 0x7E, 0x67, 0x77, 0x7A, 0x6F, 0xFF, 0xF6, 0xE7, 0xE8, 0xFF, 0xEB, 0xE7,
    0xF1, 0xFF, 0xF5, 0xF5, 0xE6, 0xDF, 0xE7, 0xE7, 0xE7, 0xE7, 0xE7, 0xE7, 0xDC, 0xE7, 0xDD, 0xDB,
    0xDB, 0xDB, 0xDB, 0xE3, 0xDA, 0xD7, 0xDB, 0xDB, 0xDB, 0xD3, 0xDB, 0xDB, 0xDB, 0xD7, 0xDB, 0xD9,
    0xD3, 0xDB, 0xD8, 0xD3, 0xD5, 0xD7, 0xD3, 0xD3, 0xD3, 0xD3, 0xD3, 0xDA, 0xD3, 0xD3, 0xD3, 0xD3,
    0xD9, 0xD3, 0xD3, 0xD3, 0xDB, 0xDB, 0xD4, 0xD6, 0xDB, 0xD4, 0xDB, 0xDB, 0xEF, 0x5E, 0x53, 0x53,
    0x59, 0x51, 0x43, 0x3D, 0x3A, 0x3A, 0x3C, 0x3C, 0x3E, 0x3D, 0x41, 0x41, 0x45, 0x43, 0x46, 0x48,
    0x49, 0x49, 0x4C, 0x4D, 0x4D, 0x4D, 0x4E, 0x53, 0x5A, 0x5B, 0x5B, 0x5B, 0x5E, 0x75, 0x67, 0x67,
    0x67, 0xFF, 0xFF, 0xFF, 0xFF, 0xFF, 0xFB, 0xDF, 0xDB, 0xDB, 0xDB, 0xDB, 0xD8, 0xD3, 0xCE, 0xD3,
    0xCE, 0xCD, 0xCD, 0xCD, 0xCD, 0xCD, 0xCE, 0xE1, 0x68, 0x5B, 0x5B, 0x67, 0x67, 0x67, 0x67, 0x67,
    0x7D, 0xFF, 0xFF, 0xFF, 0xF0, 0xE7, 0xE7, 0xE7, 0xE7, 0xE7, 0xE7, 0xE7, 0xE7, 0xE7, 0xE7, 0xE7,
    0xDB, 0xDB, 0xDB, 0xDB, 0xDB, 0xDB, 0xDB, 0xDB, 0xDB, 0xDB, 0xDB, 0xDB, 0xDB, 0xDB, 0xDB, 0xDB,
    0xDB, 0xD8, 0xD3, 0xDB, 0xDB, 0xDB, 0xD3, 0xD3, 0xDB, 0xD8, 0xCE, 0xD5, 0xDB, 0xD4, 0xD3, 0xD3,
    0xD3, 0xD3, 0xDA, 0xD9, 0xD3, 0xD3, 0xDB, 0xDB, 0xD3, 0xD3, 0xDA, 0xD3, 0xD3, 0xDB, 0xD8, 0xD3,
    0xD3, 0xD8, 0xD4, 0xCF, 0xD9, 0xE9, 0x60, 0x5B, 0x52, 0x4B, 0x46, 0x41, 0x41, 0x3C, 0x3A, 0x3A,
    0x3B, 0x3C, 0x3C, 0x3F, 0x41, 0x45, 0x45, 0x45, 0x46, 0x4C, 0x49, 0x4B, 0x4D, 0x53, 0x53, 0x53,
    0x59, 0x58, 0x67, 0x67, 0x67, 0x67, 0x67, 0x7B, 0xFF, 0xED, 0xFF, 0xF2, 0xE7, 0xE7, 0xE7, 0xE7,
    0xE7, 0xDE, 0xDB, 0xD8, 0xD3, 0xD3, 0xD3, 0xD3, 0xCD, 0xCD, 0xCD, 0xCD, 0xCD, 0xD2, 0xD0, 0xD3,
    0xF5, 0x67, 0x67, 0x67, 0x67, 0x67, 0x67, 0x7E, 0x67, 0x77, 0xFF, 0xFF, 0xFF, 0xE7, 0xE7, 0xE7,
    0xE7, 0xE7, 0xE7, 0xE7, 0xE7, 0xE7, 0xDE, 0xE6, 0xDB, 0xDB, 0xDB, 0xDB, 0xDB, 0xDB, 0xDB, 0xDB,
    0xDB, 0xDB, 0xDB, 0xDB, 0xDB, 0xDB, 0xDB, 0xDB, 0xDB, 0xDB, 0xDA, 0xD8, 0xDB, 0xD8, 0xD3, 0xD4,
    0xDB, 0xD4, 0xD5, 0xD6, 0xD3, 0xD3, 0xD3, 0xD3, 0xD3, 0xD3, 0xD3, 0xD3, 0xD3, 0xD3, 0xD3, 0xD3,
    0xD3, 0xD3, 0xD3, 0xD3, 0xD3, 0xD3, 0xD3, 0xDB, 0xD7, 0xD3, 0xD9, 0xD9, 0xDB, 0xDB, 0xE5, 0x63,
    0x52, 0x49, 0x40, 0x40, 0x42, 0x45, 0x42, 0x3D, 0x3A, 0x3A, 0x3B, 0x3E, 0x3F, 0x3F, 0x41, 0x45,
    0x45, 0x45, 0x47, 0x49, 0x49, 0x4C, 0x4D, 0x53, 0x59, 0x5B, 0x57, 0x5B, 0x5D, 0x67, 0x67, 0x74,
    0x67, 0xFF, 0xFF, 0xFF, 0xF8, 0xE7, 0xE7, 0xE7, 0xE7, 0xE7, 0xE7, 0xDC, 0xDB, 0xD6, 0xD3, 0xD3,
    0xD3, 0xD2, 0xCD, 0xCD, 0xCD, 0xCD, 0xCE, 0xE4, 0x6B, 0x5C, 0x67, 0x67, 0x67, 0x67, 0xFF, 0x71,
    0x67, 0xFF, 0xFF, 0xFF, 0xFF, 0xEC, 0xFF, 0xF1, 0xE7, 0xE4, 0xE1, 0xE7, 0xE7, 0xE7, 0xFF, 0xF0,
    0xE7, 0xE7, 0xDF, 0xE7, 0xE7, 0xE7, 0xDB, 0xDB, 0xDB, 0xE7, 0xDE, 0xDB, 0xDB, 0xDB, 0xDB, 0xDB,
    0xD4, 0xD3, 0xD9, 0xD3, 0xD3, 0xD3, 0xDB, 0xD7, 0xDB, 0xD3, 0xD9, 0xDB, 0xDB, 0xDB, 0xD3, 0xD3,
    0xD3, 0xDB, 0xD6, 0xDB, 0xD3, 0xDA, 0xDA, 0xD8, 0xD4, 0xD6, 0xD6, 0xDB, 0xD7, 0xDA, 0xDB, 0xDB,
    0xDB, 0xD3, 0xD3, 0xD4, 0xD7, 0xDA, 0xD6, 0xEC, 0x53, 0x44, 0x41, 0x42, 0x45, 0x45, 0x47, 0x49,
    0x49, 0x46, 0x3D, 0x3C, 0x3C, 0x3E, 0x3F, 0x41, 0x45, 0x47, 0x46, 0x45, 0x45, 0x49, 0x4D, 0x4D,
    0x53, 0x53, 0x53, 0x5B, 0x5B, 0x67, 0x5B, 0x63, 0x67, 0x67, 0x7B, 0xFF, 0xFF, 0xFF, 0xF2, 0xE7,
    0xDB, 0xE0, 0xE7, 0xE3, 0xDB, 0xDB, 0xD3, 0xD3, 0xD3, 0xD3, 0xD3, 0xCD, 0xCD, 0xCD, 0xCD, 0xD9,
    0x78, 0x67, 0x5C, 0x67, 0x67, 0xFF, 0xFF, 0xFF, 0xFF, 0xFF, 0xFF, 0xED, 0xEB, 0xFF, 0xEF, 0xE7,
    0xE7, 0xE7, 0xE7, 0xE7, 0xE7, 0xE7, 0xE7, 0xE7, 0xE7, 0xE7, 0xE7, 0xE1, 0xDB, 0xDB, 0xDB, 0xDB,
    0xDB, 0xE2, 0xDC, 0xE7, 0xDD, 0xDB, 0xDB, 0xD4, 0xD6, 0xD6, 0xD4, 0xDB, 0xDB, 0xD3, 0xD8, 0xDB,
    0xDB, 0xDB, 0xDB, 0xDB, 0xDB, 0xD5, 0xDB, 0xDB, 0xD8, 0xD9, 0xDB, 0xDB, 0xDB, 0xDB, 0xDB, 0xDB,
    0xDB, 0xDB, 0xDB, 0xD7, 0xDB, 0xDB, 0xD6, 0xDB, 0xDB, 0xDB, 0xDA, 0xD8, 0xDB, 0xDB, 0xE2, 0x78,
    0x53, 0x53, 0x49, 0x43, 0x41, 0x43, 0x45, 0x49, 0x49, 0x49, 0x49, 0x45, 0x3E, 0x3D, 0x3E, 0x41,
    0x43, 0x45, 0x49, 0x49, 0x49, 0x4B, 0x4D, 0x4D, 0x4D, 0x52, 0x53, 0x59, 0x5B, 0x5B, 0x64, 0x5D,
    0x67, 0x67, 0x67, 0x74, 0x68, 0xFF, 0xFF, 0xF9, 0xF1, 0xE8, 0xE7, 0xE7, 0xE7, 0xE7, 0xDD, 0xDB,
    0xDB, 0xDB, 0xD3, 0xD3, 0xD2, 0xCF, 0xCE, 0xD5, 0xE1, 0x67, 0x5E, 0x67, 0x67, 0x6F, 0xFF, 0x6B,
    0xFF, 0xFF, 0xFF, 0xFF, 0xFF, 0xEF, 0xE7, 0xF5, 0xE7, 0xE7, 0xE0, 0xDB, 0xE7, 0xE7, 0xE7, 0xE7,
    0xE7, 0xE7, 0xE7, 0xDD, 0xDB, 0xDB, 0xE7, 0xDB, 0xDB, 0xDB, 0xDB, 0xDB, 0xDB, 0xDB, 0xDB, 0xDB,
    0xD5, 0xD3, 0xD3, 0xD3, 0xD3, 0xD3, 0xD3, 0xD3, 0xD3, 0xD5, 0xD7, 0xD3, 0xD3, 0xD3, 0xD3, 0xD3,
    0xD3, 0xD3, 0xD3, 0xD3, 0xD3, 0xD3, 0xD3, 0xD3, 0xD3, 0xD3, 0xD3, 0xD3, 0xD3, 0xD3, 0xD3, 0xD7,
    0xDB, 0xDB, 0xDB, 0xDB, 0xDB, 0xDB, 0xEB, 0x5F, 0x5B, 0x53, 0x53, 0x4D, 0x44, 0x44, 0x45, 0x47,
    0x49, 0x4D, 0x4D, 0x4E, 0x4E, 0x43, 0x3E, 0x40, 0x41, 0x43, 0x48, 0x49, 0x49, 0x49, 0x4D, 0x49,
    0x4D, 0x4D, 0x51, 0x53, 0x53, 0x5A, 0x5D, 0x67, 0x67, 0x67, 0x67, 0x69, 0x6F, 0x7A, 0xFF, 0xFF,
    0xE7, 0xED, 0xEB, 0xE5, 0xDB, 0xDB, 0xDB, 0xDB, 0xDB, 0xDB, 0xDB, 0xD3, 0xD3, 0xD3, 0xD1, 0xD1,
    0xDC, 0x71, 0x67, 0x67, 0x67, 0x67, 0x6C, 0xFF, 0xFF, 0xFF, 0xFF, 0xFF, 0xEE, 0xE7, 0xFF, 0xEC,
    0xE7, 0xE7, 0xE7, 0xE7, 0xE7, 0xE7, 0xE7, 0xE7, 0xE7, 0xE7, 0xE7, 0xE7, 0xE7, 0xE7, 0xE7, 0xDD,
    0xDB, 0xDB, 0xE6, 0xE3, 0xE2, 0xE7, 0xDF, 0xE7, 0xE7, 0xE7, 0xE7, 0xE7, 0xE7, 0xDC, 0xE7, 0xE7,
    0xE7, 0xE7, 0xE7, 0xE2, 0xE3, 0xE7, 0xE7, 0xE7, 0xDD, 0xE7, 0xE7, 0xE7, 0xE7, 0xE7, 0xE7, 0xE7,
    0xE7, 0xE7, 0xE7, 0xE7, 0xE7, 0xE7, 0xE7, 0xE7, 0xE7, 0xE7, 0xE7, 0xE7, 0xE7, 0xE7, 0xE7, 0xE7,
    0xE7, 0xE7, 0xE7, 0xE7, 0xE7, 0xE7, 0xE7, 0xE7, 0xE7, 0xE7, 0xE7, 0xE7, 0xE7, 0xE7, 0xE7, 0xE7,
    0xE7, 0xE7, 0xE7, 0xE7, 0xE7, 0xE7, 0xE7, 0xE7, 0xE7, 0xE7, 0xE7, 0xE7, 0xE7, 0xE7, 0xE7, 0xE7,
    0xE7, 0xE7, 0xE7, 0xE7, 0xE7, 0xE7, 0xE7, 0xE7, 0xE7, 0xE7, 0xE7, 0xE7, 0xE7, 0xE7, 0xE7, 0xE7,
    0xE7, 0xE7, 0xE7, 0xE7, 0xE7, 0xE7, 0xE7, 0xE7, 0xE7, 0xE7, 0xE7, 0xE7, 0xE7, 0xE7, 0xE7, 0xE7,
    0xE7, 0xE7, 0xE7, 0xE7, 0xE7, 0xE7, 0xE7, 0xE7, 0xE7, 0xE7, 0xE7, 0xE7, 0xE7, 0xE7, 0xE7, 0xE7,
    0xE7, 0xE7, 0xE7, 0xE7, 0xE7, 0xE7, 0xE7, 0xE7, 0xE7, 0xE7, 0xE7, 0xE7, 0xE7, 0xE7, 0xE7, 0xE7,
    0xE7, 0xE7, 0xE7, 0xE7, 0xE7, 0xE7, 0xE7, 0xE7, 0xE7, 0xE7, 0xE7, 0xF7, 0xE7, 0xE7, 0xE7, 0xE7,
    0xE7, 0xFF, 0xF2, 0xE7, 0xE7, 0xE7, 0xFC, 0xEC, 0xEC, 0xE7, 0xE7, 0xE7, 0xE7, 0xE7, 0xE7, 0xE7,
    0xE7, 0xE7, 0xE7, 0xE7, 0xF8, 0xE7, 0xE7, 0xFF, 0xEC, 0xE7, 0xE7, 0xE7, 0xE7, 0xE7, 0xE7, 0xE7,
    0xE7, 0xE7, 0xE7, 0xE7, 0xEB, 0xFF, 0xE8, 0xFF, 0xEB, 0xFF, 0xFF, 0xFF, 0xF6, 0xF4, 0xFF, 0xFF,
    0xFF, 0xF9, 0xE7, 0xFD, 0xFF, 0xEC, 0xE7, 0xE7, 0xE7, 0xFF, 0xFF, 0xE8, 0xE7, 0xE7, 0xE7, 0xEF,
    0xFF, 0xF8, 0xE7, 0xE7, 0xED, 0xFF, 0xFF, 0xFF, 0xE9, 0xFF, 0xFF, 0xFF, 0xFF, 0xEB, 0xFF, 0xFF,
    0xFF, 0xFF, 0xFF, 0xFF, 0xFF, 0xFF, 0xFF, 0xFF, 0xFF, 0xFF, 0xFF, 0xFF, 0xFF, 0xFF, 0xFF, 0xFF,
    0xE8, 0xEC, 0xFF, 0xFF, 0xFF, 0xEA, 0xEB, 0xFF, 0xFF, 0xF4, 0xE7, 0xE9, 0xFF, 0xFF, 0xFF, 0xED,
    0xFF, 0xFF, 0xFF, 0xFF, 0xFF, 0xFF, 0xFF, 0xFF, 0xFF, 0xFF, 0xFF, 0xFF, 0xFF, 0xFF, 0xFF, 0xFF,
    0xFF, 0xFF, 0xFF, 0xFF, 0xFF, 0xFF, 0xFF, 0xFF, 0xFF, 0xFF, 0xFF, 0xFF, 0xFF, 0xFF, 0xFF, 0xFF,
    0xFF, 0xFF, 0xFF, 0xFF, 0xFF, 0xFF, 0xFF, 0xFF, 0xFF, 0xFF, 0xFF, 0x5D, 0x4D, 0x53, 0x53, 0x53,
    0x54, 0x5B, 0x5B, 0x5B, 0x5B, 0x5B, 0x5B, 0x5B, 0x67, 0x67, 0x67, 0xFF, 0xFF, 0xFF, 0xFF, 0xFF,
    0xFF, 0xFF, 0xFF, 0xE7, 0xE7, 0xE7, 0xE7, 0xE7, 0xE7, 0xE7, 0xE7, 0xE7, 0xE7, 0xE7, 0xE7, 0xE7,
    0xE3, 0xDB, 0xE7, 0xE7, 0xE7, 0xDC, 0xE7, 0xE7, 0xE7, 0xE7, 0xE7, 0xDB, 0xDB, 0xDB, 0xDB, 0xDB,
    0xDB, 0xDB, 0xDB, 0xDB, 0xDB, 0xDB, 0xE0, 0xDC, 0xE2, 0xDB, 0xE7, 0xEF, 0x5E, 0x52, 0x49, 0x3F,
    0x3E, 0x40, 0x41, 0x41, 0x45, 0x46, 0x49, 0x49, 0x4D, 0x4D, 0x4D, 0x4D, 0x52, 0x53, 0x53, 0x53,
    0x56, 0x5B, 0x59, 0x49, 0x45, 0x45, 0x48, 0x49, 0x4B, 0x4D, 0x4E, 0x4F, 0x53, 0x53, 0x53, 0x4D,
    0x4D, 0x4D, 0x53, 0x58, 0x5B, 0x5B, 0x63, 0x69, 0xFF, 0xFF, 0xF8, 0xE7, 0xE7, 0xE7, 0xE7, 0xE7,
    0xDF, 0xDB, 0xDB, 0xDB, 0xDB, 0xDB, 0xDB, 0xDB, 0xDB, 0xDB, 0xDB, 0xDB, 0xDB, 0xDB, 0xE4, 0xE4,
    0xE0, 0xFD, 0x59, 0x53, 0x53, 0x53, 0x53, 0x53, 0x58, 0x5B, 0x5E, 0x5E, 0x67, 0x67, 0x67, 0x67,
    0x67, 0x67, 0x67, 0x76, 0xFF, 0xFF, 0xFF, 0xF7, 0xE7, 0xE7, 0xE7, 0xE7, 0xE7, 0xE7, 0xE7, 0xE7,
    0xE7, 0xE7, 0xE7, 0xE7, 0xE7, 0xE7, 0xDC, 0xDB, 0xDB, 0xDB, 0xDB, 0xDB, 0xDB, 0xDB, 0xDB, 0xDB,
    0xDB, 0xDB, 0xDB, 0xDB, 0xDB, 0xDB, 0xDB, 0xDB, 0xDB, 0xDB, 0xDB, 0xDB, 0xDB, 0xDB, 0xDB, 0xDB,
    0xDB, 0xDB, 0xDB, 0xDB, 0xDD, 0xF3, 0x5B, 0x50, 0x47, 0x41, 0x41, 0x45, 0x45, 0x45, 0x49, 0x49,
    0x4D, 0x4D, 0x4D, 0x4D, 0x4D, 0x4D, 0x4E, 0x53, 0x53, 0x53, 0x53, 0x4A, 0x43, 0x45, 0x46, 0x49,
    0x49, 0x4D, 0x4D, 0x4D, 0x4F, 0x53, 0x53, 0x53, 0x53, 0x55, 0x56, 0x53, 0x56, 0x5B, 0x67, 0x67,
    0x7B, 0xFF, 0xED, 0xE7, 0xE1, 0xDB, 0xDB, 0xDB, 0xDB, 0xDB, 0xDB, 0xDB, 0xDB, 0xDB, 0xDB, 0xDB,
    0xDB, 0xDB, 0xDB, 0xDB, 0xDB, 0xDB, 0xE7, 0xE7, 0xDC, 0xED, 0x60, 0x53, 0x53, 0x53, 0x53, 0x58,
    0x5B, 0x5B, 0x5B, 0x5C, 0x67, 0x67, 0x67, 0x67, 0x67, 0xFF, 0xFF, 0xFF, 0xFF, 0xFF, 0xFF, 0xFF,
    0xFF, 0xFF, 0xEA, 0xE7, 0xE7, 0xE7, 0xE7, 0xE7, 0xDB, 0xDF, 0xE7, 0xE7, 0xDF, 0xDB, 0xDB, 0xDB,
    0xDB, 0xDB, 0xDB, 0xDB, 0xDB, 0xDB, 0xDB, 0xDB, 0xDB, 0xDB, 0xDB, 0xDB, 0xDB, 0xDB, 0xDB, 0xDB,
    0xDB, 0xDB, 0xDB, 0xDB, 0xDB, 0xDB, 0xDF, 0xDD, 0xDB, 0xDB, 0xDB, 0xE2, 0xDB, 0xDB, 0xE5, 0x6A,
    0x53, 0x4F, 0x4A, 0x41, 0x41, 0x45, 0x45, 0x49, 0x49, 0x49, 0x4D, 0x4D, 0x4D, 0x4D, 0x4D, 0x4D,
    0x4E, 0x53, 0x4D, 0x46, 0x41, 0x42, 0x45, 0x45, 0x49, 0x49, 0x4A, 0x4D, 0x4D, 0x53, 0x53, 0x53,
    0x53, 0x53, 0x5B, 0x5B, 0x5B, 0x5B, 0x5B, 0x66, 0x67, 0x75, 0xFF, 0xF0, 0xE7, 0xE4, 0xDB, 0xDB,
    0xD9, 0xD9, 0xDB, 0xDB, 0xDB, 0xDB, 0xDB, 0xD3, 0xD3, 0xD9, 0xDB, 0xD7, 0xDA, 0xDB, 0xDB, 0xDB,
    0xDB, 0xE4, 0xEC, 0x5F, 0x54, 0x56, 0x5B, 0x5B, 0x5B, 0x5B, 0x5D, 0x67, 0x67, 0x67, 0x67, 0x67,
    0x6E, 0xFF, 0xFF, 0xFF, 0xFF, 0xFF, 0xEC, 0xE9, 0xF0, 0xE7, 0xE7, 0xE7, 0xE7, 0xE7, 0xE7, 0xDB,
    0xDF, 0xDC, 0xDB, 0xDB, 0xDB, 0xDB, 0xDB, 0xDB, 0xDB, 0xDB, 0xDB, 0xDB, 0xDB, 0xDB, 0xDB, 0xDB,
    0xDB, 0xDB, 0xD3, 0xD3, 0xD4, 0xDB, 0xDB, 0xD3, 0xD3, 0xD3, 0xD3, 0xD9, 0xDB, 0xDB, 0xDB, 0xDB,
    0xDB, 0xDB, 0xDB, 0xDB, 0xDB, 0xDB, 0xDB, 0xDD, 0xF3, 0x5B, 0x56, 0x55, 0x4C, 0x45, 0x45, 0x45,
    0x45, 0x49, 0x4B, 0x4D, 0x53, 0x4F, 0x53, 0x53, 0x53, 0x53, 0x4C, 0x43, 0x41, 0x44, 0x45, 0x47,
    0x49, 0x49, 0x4B, 0x4D, 0x4D, 0x50, 0x53, 0x53, 0x53, 0x53, 0x53, 0x5A, 0x5B, 0x5B, 0x5B, 0x67,
    0x67, 0x67, 0x6F, 0xFF, 0xF7, 0xE7, 0xE7, 0xE7, 0xDD, 0xDB, 0xDB, 0xDB, 0xDB, 0xD6, 0xD3, 0xD3,
    0xD3, 0xD3, 0xD3, 0xDB, 0xD3, 0xD3, 0xD3, 0xD7, 0xDB, 0xDB, 0xDB, 0xFC, 0x62, 0x5B, 0x5B, 0x5B,
    0x5B, 0x5B, 0x61, 0x67, 0x67, 0x67, 0xFF, 0xFF, 0xFF, 0xFF, 0xFF, 0xFF, 0xE7, 0xE7, 0xE7, 0xE7,
    0xE7, 0xE7, 0xE7, 0xE7, 0xE1, 0xDB, 0xDB, 0xDB, 0xDB, 0xDB, 0xDB, 0xDB, 0xDB, 0xDB, 0xDB, 0xDB,
    0xDB, 0xDB, 0xDB, 0xDB, 0xDB, 0xDB, 0xDB, 0xDB, 0xDB, 0xDB, 0xD6, 0xDB, 0xDB, 0xD4, 0xD3, 0xD8,
    0xD3, 0xDB, 0xDB, 0xDB, 0xDB, 0xDB, 0xDB, 0xDB, 0xDB, 0xDB, 0xDB, 0xDB, 0xDB, 0xDB, 0xDB, 0xDB,
    0xDB, 0xDB, 0xE4, 0x73, 0x5B, 0x5B, 0x59, 0x4C, 0x45, 0x45, 0x45, 0x49, 0x49, 0x49, 0x4D, 0x4D,
    0x4D, 0x4A, 0x42, 0x3F, 0x41, 0x41, 0x45, 0x45, 0x46, 0x49, 0x49, 0x4A, 0x4D, 0x4D, 0x53, 0x53,
    0x53, 0x57, 0x5B, 0x5B, 0x62, 0x67, 0x67, 0x67, 0x67, 0x67, 0x67, 0xFF, 0xFF, 0xFD, 0xE7, 0xDD,
    0xDB, 0xDB, 0xDB, 0xD3, 0xD3, 0xD3, 0xD3, 0xD3, 0xD3, 0xD3, 0xD3, 0xD3, 0xD3, 0xD3, 0xD3, 0xD3,
    0xD3, 0xD3, 0xDB, 0xE4, 0x6B, 0x5B, 0x5B, 0x5B, 0x67, 0x67, 0x67, 0x67, 0x67, 0x6A, 0xFF, 0xFF,
    0xFF, 0xFF, 0xFF, 0xFF, 0xFF, 0xE7, 0xE7, 0xE7, 0xE7, 0xE7, 0xE7, 0xE7, 0xE7, 0xDB, 0xDB, 0xDB,
    0xDB, 0xDB, 0xDB, 0xDB, 0xDB, 0xDB, 0xDB, 0xDB, 0xDB, 0xDB, 0xDB, 0xDB, 0xDB, 0xDB, 0xDB, 0xD3,
    0xD3, 0xD3, 0xD3, 0xD3, 0xD3, 0xD3, 0xD3, 0xD3, 0xD3, 0xD3, 0xD3, 0xD3, 0xD3, 0xD3, 0xD3, 0xDB,
    0xDB, 0xDB, 0xDB, 0xDB, 0xDB, 0xDB, 0xDB, 0xDB, 0xDB, 0xDB, 0xDB, 0xE1, 0xFF, 0x5B, 0x5B, 0x5B,
    0x53, 0x4A, 0x45, 0x48, 0x49, 0x49, 0x4C, 0x4D, 0x4B, 0x42, 0x3E, 0x3E, 0x3F, 0x41, 0x41, 0x45,
    0x45, 0x49, 0x49, 0x4C, 0x4D, 0x4F, 0x53, 0x53, 0x53, 0x5B, 0x5B, 0x5B, 0x67, 0x67, 0x67, 0x67,
    0x67, 0x7E, 0xFF, 0xFF, 0xFF, 0xFF, 0xFF, 0xE7, 0xE7, 0xDB, 0xDB, 0xDB, 0xDB, 0xDB, 0xDB, 0xD3,
    0xD3, 0xD3, 0xD3, 0xD3, 0xD3, 0xD3, 0xD3, 0xD3, 0xD3, 0xD3, 0xD7, 0xDB, 0x79, 0x5F, 0x5B, 0x5B,
    0x62, 0x67, 0x67, 0x67, 0x67, 0x71, 0xFF, 0xFF, 0xFF, 0xFF, 0xFF, 0xFF, 0xFF, 0xED, 0xE7, 0xE7,
    0xE7, 0xE7, 0xE7, 0xE7, 0xE7, 0xE7, 0xE7, 0xDB, 0xDB, 0xDB, 0xDB, 0xDB, 0xDB, 0xDB, 0xDB, 0xDB,
    0xDB, 0xDB, 0xDB, 0xDB, 0xDB, 0xDB, 0xDB, 0xD3, 0xD3, 0xD3, 0xD3, 0xD3, 0xD3, 0xD3, 0xD3, 0xD3,
    0xD3, 0xD3, 0xD3, 0xD3, 0xD3, 0xD3, 0xD3, 0xD7, 0xDB, 0xDB, 0xDB, 0xDB, 0xDB, 0xDB, 0xDB, 0xDB,
    0xDB, 0xDB, 0xDB, 0xDB, 0xDB, 0xF2, 0x5B, 0x5B, 0x5B, 0x59, 0x4C, 0x45, 0x45, 0x45, 0x49, 0x49,
    0x46, 0x3E, 0x3E, 0x41, 0x41, 0x41, 0x45, 0x45, 0x45, 0x49, 0x49, 0x4D, 0x4D, 0x52, 0x53, 0x53,
    0x53, 0x56, 0x5B, 0x5B, 0x5F, 0x67, 0x67, 0x73, 0xFF, 0xFF, 0xFF, 0xFF, 0xFF, 0xFF, 0xFF, 0xEC,
    0xE7, 0xE7, 0xDD, 0xDB, 0xDB, 0xDB, 0xD3, 0xD3, 0xD3, 0xD3, 0xD3, 0xD3, 0xD3, 0xD3, 0xD3, 0xD3,
    0xD3, 0xD3, 0xD3, 0xD7, 0x77, 0x5B, 0x5B, 0x5B, 0x5C, 0x67, 0x67, 0x67, 0x67, 0xFF, 0xFF, 0xFF,
    0xFF, 0xFF, 0xFF, 0xFF, 0xFF, 0xFE, 0xE7, 0xE7, 0xE7, 0xE7, 0xE7, 0xE7, 0xE7, 0xE7, 0xE7, 0xDD,
    0xDB, 0xDB, 0xDB, 0xDB, 0xDB, 0xDB, 0xDB, 0xDB, 0xDB, 0xDB, 0xDB, 0xDB, 0xDB, 0xDB, 0xDB, 0xDB,
    0xDB, 0xDB, 0xD3, 0xD3, 0xD3, 0xD3, 0xD3, 0xD3, 0xD3, 0xD3, 0xD3, 0xD7, 0xDB, 0xDB, 0xDB, 0xDB,
    0xDB, 0xDB, 0xDB, 0xDB, 0xDB, 0xDB, 0xDB, 0xDB, 0xDB, 0xDB, 0xDB, 0xDB, 0xDB, 0xDD, 0x79, 0x5B,
    0x5B, 0x5B, 0x5A, 0x4F, 0x46, 0x45, 0x48, 0x45, 0x3E, 0x3C, 0x3E, 0x3E, 0x41, 0x41, 0x41, 0x45,
    0x45, 0x45, 0x49, 0x49, 0x49, 0x4D, 0x4D, 0x4E, 0x53, 0x53, 0x55, 0x5B, 0x5B, 0x5E, 0x67, 0x67,
    0x6E, 0xFF, 0xFF, 0xFF, 0xFF, 0xFF, 0xFF, 0xFF, 0xF0, 0xE7, 0xE7, 0xDE, 0xDB, 0xDB, 0xDB, 0xD3,
    0xD3, 0xD3, 0xD3, 0xD3, 0xD3, 0xD3, 0xD3, 0xD3, 0xD3, 0xD3, 0xD3, 0xD9, 0x7D, 0x60, 0x64, 0x5D,
    0x67, 0x67, 0x67, 0x67, 0xFF, 0xFF, 0xFF, 0xFF, 0xFF, 0xFF, 0xF4, 0xE7, 0xE7, 0xE7, 0xE7, 0xE7,
    0xE7, 0xE7, 0xE7, 0xE7, 0xE7, 0xE7, 0xE7, 0xE7, 0xE7, 0xDB, 0xDB, 0xDB, 0xDB, 0xDB, 0xDB, 0xDB,
    0xDB, 0xDB, 0xDB, 0xDB, 0xDB, 0xDB, 0xDB, 0xDB, 0xDB, 0xDB, 0xDB, 0xD5, 0xD3, 0xD3, 0xD3, 0xD3,
    0xD3, 0xD3, 0xD3, 0xD3, 0xD3, 0xD3, 0xD3, 0xDB, 0xDB, 0xDB, 0xDB, 0xDB, 0xDB, 0xDB, 0xDB, 0xDB,
    0xDB, 0xDB, 0xDB, 0xDB, 0xDB, 0xDB, 0xDC, 0xF8, 0x5D, 0x5B, 0x5B, 0x5B, 0x51, 0x4B, 0x45, 0x3E,
    0x3B, 0x3C, 0x3E, 0x3E, 0x41, 0x41, 0x42, 0x45, 0x45, 0x46, 0x49, 0x49, 0x4B, 0x4D, 0x4D, 0x4D,
    0x4D, 0x53, 0x53, 0x5B, 0x5B, 0x63, 0x67, 0x67, 0x67, 0xFF, 0xFF, 0xFF, 0xFF, 0xFF, 0xFF, 0xFF,
    0xFF, 0xF6, 0xE7, 0xE7, 0xE1, 0xDB, 0xDB, 0xDB, 0xDB, 0xD3, 0xD3, 0xD3, 0xD3, 0xD3, 0xD3, 0xCF,
    0xCD, 0xD3, 0xD3, 0xDC, 0xFD, 0x5D, 0x5B, 0x5B, 0x67, 0x67, 0x67, 0x67, 0x6F, 0xFF, 0xFF, 0xFF,
    0xFF, 0xFF, 0xFF, 0xFF, 0xFF, 0xE9, 0xE7, 0xE7, 0xE7, 0xE7, 0xE7, 0xE7, 0xE7, 0xE7, 0xE7, 0xE7,
    0xE7, 0xE7, 0xDD, 0xDB, 0xDB, 0xDB, 0xDB, 0xDB, 0xDB, 0xDB, 0xDB, 0xDB, 0xDB, 0xDB, 0xDB, 0xDB,
    0xDB, 0xDB, 0xDB, 0xD9, 0xD3, 0xD3, 0xD3, 0xD3, 0xD3, 0xD3, 0xD3, 0xD3, 0xD3, 0xD3, 0xD3, 0xD3,
    0xDB, 0xDB, 0xDB, 0xDB, 0xDB, 0xDB, 0xDB, 0xDB, 0xDB, 0xDB, 0xDB, 0xDB, 0xDB, 0xDB, 0xDB, 0xDB,
    0x72, 0x5B, 0x5B, 0x5B, 0x5B, 0x5B, 0x4A, 0x3D, 0x39, 0x3C, 0x3C, 0x3D, 0x3E, 0x41, 0x41, 0x45,
    0x45, 0x45, 0x49, 0x49, 0x49, 0x4D, 0x4D, 0x4D, 0x4D, 0x50, 0x53, 0x57, 0x5B, 0x5B, 0x60, 0x67,
    0x67, 0x74, 0xFF, 0xFF, 0xFF, 0xFF, 0xFF, 0xFF, 0xFF, 0xFF, 0xE7, 0xE7, 0xE7, 0xDB, 0xDB, 0xDB,
    0xDB, 0xD6, 0xD3, 0xD3, 0xD3, 0xD3, 0xD3, 0xD3, 0xD3, 0xD3, 0xD3, 0xD7, 0xF8, 0x67, 0x67, 0x67,
    0x67, 0x77, 0xFF, 0xFF, 0xFF, 0xFF, 0xFF, 0xFF, 0xFF, 0xFF, 0xFF, 0xFF, 0xFF, 0xFF, 0xFF, 0xFD,
    0xE7, 0xE7, 0xE7, 0xE7, 0xE7, 0xE7, 0xE7, 0xE7, 0xE7, 0xE7, 0xDB, 0xDB, 0xDB, 0xDB, 0xDB, 0xDB,
    0xDB, 0xDB, 0xDB, 0xDB, 0xDB, 0xDB, 0xDB, 0xDB, 0xDB, 0xDB, 0xDB, 0xDB, 0xDB, 0xDB, 0xDB, 0xDB,
    0xDB, 0xD4, 0xDB, 0xDB, 0xDB, 0xD8, 0xDA, 0xDB, 0xD7, 0xD3, 0xDB, 0xDB, 0xDB, 0xDB, 0xDB, 0xDB,
    0xDB, 0xDB, 0xDB, 0xDB, 0xDB, 0xDB, 0xDB, 0xDB, 0xDB, 0x7E, 0x5B, 0x55, 0x5B, 0x57, 0x4E, 0x43,
    0x3D, 0x3A, 0x3B, 0x3C, 0x3E, 0x3E, 0x41, 0x41, 0x44, 0x45, 0x45, 0x45, 0x49, 0x49, 0x4D, 0x4D,
    0x4D, 0x4D, 0x4F, 0x53, 0x5B, 0x5B, 0x67, 0x67, 0x67, 0x67, 0x6F, 0xFF, 0xFF, 0xFF, 0xFF, 0xFF,
    0xFF, 0xFF, 0xEF, 0xE7, 0xE7, 0xE7, 0xDB, 0xDB, 0xDB, 0xDB, 0xD7, 0xD3, 0xD3, 0xD3, 0xD3, 0xD3,
    0xD3, 0xD3, 0xD3, 0xD3, 0xE1, 0x6C, 0x67, 0x67, 0x67, 0x67, 0x67, 0x7D, 0xFF, 0xFF, 0xFF, 0xFF,
    0xFF, 0xF8, 0xE7, 0xE7, 0xE7, 0xE7, 0xE7, 0xE7, 0xE7, 0xE7, 0xE7, 0xE7, 0xE7, 0xE7, 0xE7, 0xE7,
    0xE7, 0xE7, 0xE7, 0xE7, 0xE7, 0xE7, 0xE5, 0xDB, 0xDB, 0xDB, 0xDB, 0xDB, 0xDB, 0xDB, 0xDB, 0xDB,
    0xDB, 0xDB, 0xDB, 0xDB, 0xD3, 0xD3, 0xD3, 0xD3, 0xD3, 0xD3, 0xD3, 0xD4, 0xD7, 0xD3, 0xDB, 0xDB,
    0xDB, 0xDB, 0xDB, 0xDB, 0xDB, 0xDB, 0xDB, 0xDB, 0xDB, 0xDB, 0xDB, 0xDB, 0xDB, 0xDB, 0xDB, 0xDB,
    0xDB, 0xDF, 0xF9, 0x5A, 0x58, 0x54, 0x4B, 0x45, 0x45, 0x44, 0x3D, 0x3B, 0x3C, 0x3C, 0x3E, 0x40,
    0x42, 0x45, 0x45, 0x49, 0x49, 0x49, 0x49, 0x4C, 0x4D, 0x4D, 0x4D, 0x4D, 0x50, 0x53, 0x5B, 0x5B,
    0x5C, 0x67, 0x67, 0x67, 0x74, 0xFF, 0xFF, 0xFF, 0xFF, 0xFF, 0xFF, 0xF5, 0xE7, 0xE7, 0xE7, 0xDD,
    0xDB, 0xDB, 0xD4, 0xD3, 0xD3, 0xD3, 0xD3, 0xD3, 0xD2, 0xD0, 0xD3, 0xD3, 0xD9, 0x7B, 0x5F, 0x65,
    0x67, 0x67, 0x67, 0x67, 0x77, 0xFF, 0xFF, 0xFF, 0xFF, 0xFF, 0xFF, 0xF2, 0xE7, 0xE7, 0xE7, 0xE7,
    0xE7, 0xE7, 0xE7, 0xE7, 0xE7, 0xE7, 0xE7, 0xE7, 0xE7, 0xE7, 0xE7, 0xE0, 0xDB, 0xDD, 0xE7, 0xDC,
    0xDB, 0xDB, 0xDB, 0xDB, 0xDB, 0xDB, 0xDB, 0xDB, 0xDB, 0xDB, 0xDB, 0xDB, 0xDB, 0xDB, 0xDB, 0xDB,
    0xDB, 0xDB, 0xDB, 0xDB, 0xDB, 0xDB, 0xDB, 0xDB, 0xDB, 0xDB, 0xDA, 0xD8, 0xDB, 0xDB, 0xDB, 0xDB,
    0xDB, 0xDB, 0xDB, 0xDB, 0xDB, 0xDB, 0xDB, 0xDB, 0xDB, 0xDB, 0xDB, 0xE1, 0x67, 0x55, 0x4A, 0x45,
    0x45, 0x45, 0x49, 0x49, 0x41, 0x3C, 0x3E, 0x3F, 0x41, 0x45, 0x45, 0x45, 0x49, 0x49, 0x49, 0x49,
    0x4C, 0x4D, 0x4D, 0x51, 0x53, 0x57, 0x5B, 0x5B, 0x5B, 0x66, 0x67, 0x67, 0x67, 0x6E, 0xFF, 0xFF,
    0xFF, 0xFF, 0xF4, 0xE7, 0xE7, 0xE7, 0xE7, 0xE7, 0xE7, 0xDB, 0xDB, 0xDB, 0xD3, 0xD3, 0xD3, 0xD3,
    0xD3, 0xD3, 0xD3, 0xD3, 0xEA, 0x6E, 0x67, 0x67, 0x67, 0x68, 0xFF, 0xFF, 0xFF, 0xFF, 0xFF, 0xFF,
    0xFF, 0xFF, 0xFF, 0xEA, 0xE7, 0xE7, 0xE7, 0xE7, 0xE7, 0xE7, 0xE7, 0xE7, 0xE7, 0xE7, 0xE7, 0xE7,
    0xE7, 0xE7, 0xE7, 0xE7, 0xE7, 0xE7, 0xE7, 0xE7, 0xE7, 0xDB, 0xDB, 0xDB, 0xDB, 0xDB, 0xDB, 0xDB,
    0xDB, 0xDB, 0xDB, 0xDB, 0xD3, 0xD3, 0xD3, 0xD3, 0xD3, 0xD5, 0xDB, 0xDB, 0xDB, 0xDB, 0xDB, 0xDB,
    0xDB, 0xDB, 0xDB, 0xD3, 0xD3, 0xD3, 0xDB, 0xDB, 0xDB, 0xD3, 0xD3, 0xD3, 0xDB, 0xDB, 0xDB, 0xDB,
    0xDB, 0xDB, 0xDB, 0xDC, 0xF9, 0x50, 0x45, 0x45, 0x45, 0x47, 0x49, 0x4A, 0x4D, 0x4D, 0x48, 0x3F,
    0x3E, 0x3F, 0x41, 0x45, 0x45, 0x49, 0x49, 0x49, 0x49, 0x4B, 0x4D, 0x4D, 0x4D, 0x52, 0x55, 0x5B,
    0x5B, 0x5B, 0x5B, 0x5C, 0x67, 0x67, 0x67, 0x67, 0xFF, 0xFF, 0xFF, 0xFA, 0xE7, 0xE7, 0xE7, 0xE7,
    0xE7, 0xE7, 0xDD, 0xDB, 0xDB, 0xDB, 0xD9, 0xD3, 0xD3, 0xD3, 0xD3, 0xD3, 0xDD, 0xFE, 0x67, 0x67,
    0x67, 0x6F, 0xFF, 0xFF, 0xFF, 0xFF, 0xFF, 0xFF, 0xFF, 0xFF, 0xFF, 0xFF, 0xED, 0xE7, 0xE7, 0xE7,
    0xE7, 0xE7, 0xE7, 0xE7, 0xE7, 0xE7, 0xE7, 0xE7, 0xE7, 0xE7, 0xE7, 0xE7, 0xE7, 0xE7, 0xE7, 0xE7,
    0xE4, 0xDB, 0xDB, 0xDB, 0xDB, 0xDB, 0xDB, 0xDB, 0xDB, 0xDB, 0xDB, 0xDB, 0xDB, 0xDB, 0xDB, 0xDB,
    0xDB, 0xDB, 0xDB, 0xDB, 0xDB, 0xDB, 0xDB, 0xDB, 0xDB, 0xDB, 0xDB, 0xDB, 0xDB, 0xDB, 0xDB, 0xDB,
    0xD6, 0xDB, 0xDB, 0xDB, 0xDB, 0xDB, 0xDB, 0xDB, 0xDB, 0xDB, 0xDB, 0xDF, 0x6C, 0x5B, 0x57, 0x4A,
    0x45, 0x45, 0x49, 0x49, 0x4D, 0x4D, 0x4D, 0x4D, 0x46, 0x3F, 0x3F, 0x41, 0x41, 0x45, 0x45, 0x49,
    0x49, 0x49, 0x4D, 0x4D, 0x4D, 0x4F, 0x53, 0x54, 0x5B, 0x5B, 0x5D, 0x67, 0x67, 0x67, 0x67, 0xFF,
    0xFF, 0xFF, 0xFF, 0xFF, 0xFF, 0xF4, 0xE7, 0xE7, 0xE7, 0xE7, 0xE7, 0xDE, 0xDB, 0xDB, 0xDB, 0xDB,
    0xD7, 0xD3, 0xD3, 0xD3, 0xD4, 0xED, 0x6B, 0x67, 0x67, 0x67, 0x6C, 0xFF, 0xFF, 0xFF, 0xFF, 0xFF,
    0xFF, 0xFF, 0xFF, 0xFF, 0xE7, 0xE7, 0xE7, 0xE7, 0xE7, 0xE7, 0xE7, 0xE7, 0xE7, 0xE7, 0xE7, 0xE7,
    0xE7, 0xE7, 0xE7, 0xE7, 0xDB, 0xDB, 0xDB, 0xDB, 0xDB, 0xDB, 0xDB, 0xDB, 0xDB, 0xDB, 0xDB, 0xDB,
    0xDB, 0xDB, 0xDB, 0xDB, 0xDB, 0xDB, 0xDB, 0xDB, 0xDB, 0xDB, 0xDB, 0xDB, 0xDB, 0xDB, 0xDB, 0xDB,
    0xDB, 0xDB, 0xDB, 0xD5, 0xDB, 0xDB, 0xDB, 0xDB, 0xD6, 0xDB, 0xDB, 0xDB, 0xDB, 0xDB, 0xDB, 0xDB,
    0xDB, 0xDB, 0xDB, 0xE5, 0x63, 0x5B, 0x5B, 0x5B, 0x4F, 0x49, 0x49, 0x49, 0x49, 0x4C, 0x4D, 0x4F,
    0x53, 0x4D, 0x45, 0x41, 0x43, 0x45, 0x46, 0x49, 0x49, 0x49, 0x4C, 0x4D, 0x4D, 0x4D, 0x4E, 0x53,
    0x53, 0x5B, 0x5B, 0x5B, 0x67, 0x67, 0x67, 0x67, 0x67, 0x67, 0x73, 0xFF, 0xFF, 0xFF, 0xE7, 0xE7,
    0xE7, 0xE7, 0xDE, 0xDB, 0xDB, 0xDB, 0xDB, 0xDB, 0xDB, 0xD3, 0xD3, 0xD3, 0xD3, 0xE1, 0x78, 0x67,
    0x67, 0x67, 0x67, 0xFF, 0xFF, 0xFF, 0xFF, 0xFF, 0xFF, 0xFF, 0xFF, 0xE7, 0xE7, 0xE7, 0xE7, 0xE7,
    0xE7, 0xE7, 0xE7, 0xFF, 0xFF, 0xFF, 0xE7, 0xE7, 0xE7, 0xE7, 0xE7, 0xE7, 0xE7, 0xE7, 0xE7, 0xE7,
    0xE7, 0xE7, 0xE7, 0xE7, 0xE7, 0xE7, 0xE7, 0xE7, 0xE7, 0xE7, 0xE7, 0xE7, 0xE7, 0xE7, 0xE7, 0xE7,
    0xE7, 0xE7, 0xE7, 0xE7, 0xE7, 0xE7, 0xE7, 0xE7, 0xE7, 0xE7, 0xE7, 0xE7, 0xE7, 0xE7, 0xE7, 0xE7,
    0xE7, 0xE7, 0xE7, 0xE7, 0xE7, 0xE7, 0xE7, 0xE7, 0xE7, 0xE7, 0xE7, 0xE7, 0xE7, 0xE7, 0xE7, 0xE7,
    0xE7, 0xE7, 0xE7, 0xE7, 0xE7, 0xE7, 0xE7, 0xE7, 0xE7, 0xE7, 0xE7, 0xE7, 0xE7, 0xE7, 0xE7, 0xE7,
    0xE7, 0xE7, 0xE7, 0xE7, 0xE7, 0xE7, 0xE7, 0xE7, 0xE7, 0xE7, 0xE7, 0xE7, 0xE7, 0xE7, 0xE7, 0xE7,
    0xE7, 0xE7, 0xE7, 0xE7, 0xE7, 0xE7, 0xE7, 0xE7, 0xE7, 0xE7, 0xE7, 0xE7, 0xE7, 0xE7, 0xE7, 0xE7,
    0xE7, 0xE7, 0xE7, 0xE7, 0xE7, 0xE7, 0xE7, 0xE7, 0xE7, 0xE7, 0xE7, 0xE7, 0xE7, 0xE7, 0xE7, 0xE7,
    0xE7, 0xE7, 0xE7, 0xE7, 0xE7, 0xE7, 0xE7, 0xE7, 0xE7, 0xE7, 0xE7, 0xE7, 0xE7, 0xE7, 0xE7, 0xE7,
    0xE7, 0xE7, 0xE7, 0xE7, 0xE7, 0xE7, 0xE7, 0xE7, 0xE7, 0xE7, 0xE7, 0xE7, 0xE7, 0xE7, 0xE7, 0xE7,
    0xE7, 0xE7, 0xE7, 0xE7, 0xE7, 0xE7, 0xE7, 0xE7, 0xE7, 0xE7, 0xE7, 0xE7, 0xE7, 0xE7, 0xE7, 0xE7,
    0xE7, 0xE7, 0xE7, 0xE7, 0xE7, 0xE7, 0xE7, 0xE7, 0xE7, 0xE7, 0xE7, 0xE7, 0xE7, 0xE7, 0xE7, 0xE7,
    0xE7, 0xE7, 0xE7, 0xE7, 0xE7, 0xE7, 0xE7, 0xE7, 0xE7, 0xE7, 0xE7, 0xE7, 0xE7, 0xE7, 0xE7, 0xE7,
    0xE7, 0xE7, 0xE7, 0xE7, 0xE7, 0xE7, 0xE7, 0xE7, 0xE7, 0xE8, 0xFF, 0xFF, 0xFF, 0xFF, 0xFF, 0xFF,
    0xFF, 0xFF, 0xFF, 0xFF, 0xFF, 0xFF, 0xFF, 0xFF, 0xFF, 0xFF, 0xFF, 0xFF, 0xFF, 0xFF, 0xFF, 0xFF,
    0xFF, 0xFF, 0xFF, 0xFF, 0xFF, 0xFF, 0xFF, 0xFF, 0xFF, 0xFF, 0xFF, 0xFF, 0xFF, 0xFF, 0xFF, 0xFF,
    0xFF, 0xFF, 0xFF, 0xFF, 0xFF, 0xFF, 0xFF, 0xFF, 0xFF, 0xFF, 0xFF, 0xFF, 0xFF, 0xEC, 0xE7, 0xE7,
    0xE7, 0xE7, 0xE7, 0xE7, 0xE7, 0xE7, 0xE9, 0xFF, 0xFF, 0xFF, 0xFF, 0xFF, 0xFF, 0xFF, 0xFF, 0xFF,
    0xFF, 0xFF, 0xFF, 0xFF, 0xFF, 0xFF, 0xFF, 0xFF, 0xFF, 0xFF, 0xFF, 0xFF, 0xFF, 0xFF, 0xE7, 0xF1,
    0xFF, 0xFF, 0xEC, 0xFF, 0xFF, 0xEA, 0xFF, 0xFF, 0xFF, 0xFF, 0xFF, 0xFF, 0xFF, 0xE9, 0xFF, 0xFF,
    0xE7, 0xFF, 0xFF, 0xFF, 0x6F, 0x67, 0x76, 0x67, 0x4D, 0x4D, 0x4A, 0x52, 0x40, 0x3E, 0x4B, 0x4B,
    0x46, 0x52, 0x72, 0xFF, 0xFF, 0x68, 0xD1, 0xCD, 0xCD, 0xC2, 0xEF, 0xDD, 0xBD, 0xF3, 0xDF, 0xF1,
    0x69, 0xC3, 0x3A, 0xDB, 0xB3, 0xB8, 0x55, 0x53, 0x43, 0x36, 0x39, 0x36, 0x35, 0x32, 0x34, 0x39,
    0x39, 0x35, 0x3A, 0x3E, 0x35, 0x37, 0x44, 0x47, 0x4F, 0x69, 0xFF, 0xE2, 0xD0, 0xD3, 0xC8, 0xBF,
    0xBE, 0xBC, 0xBE, 0xC5, 0xC3, 0xC5, 0xBE, 0xBE, 0xBF, 0xC1, 0xDB, 0x66, 0xEC, 0xD4, 0xD7, 0xF3,
    0x67, 0x73, 0xFF, 0xF8, 0x77, 0xCA, 0xCB, 0xCD, 0xD3, 0xD3, 0xCD, 0xCB, 0xC4, 0xC7, 0xC7, 0xC5,
    0xDB, 0x6C, 0xFA, 0xD7, 0xF3, 0xED, 0x5A, 0x53, 0x44, 0x41, 0x3E, 0x41, 0x3D, 0x39, 0x39, 0x38,
    0x38, 0x36, 0x34, 0x35, 0x3A, 0x38, 0x38, 0x36, 0x3A, 0x39, 0x3A, 0x38, 0x38, 0x38, 0x38, 0x36,
    0x39, 0x39, 0x37, 0x3C, 0x3C, 0x3E, 0x3E, 0x42, 0x45, 0x45, 0x46, 0x49, 0x4D, 0x4F, 0x4F, 0x4A,
    0x4F, 0x5A, 0x78, 0x71, 0xE8, 0xCC, 0xC9, 0xCD, 0xCC, 0xC6, 0xC1, 0xC0, 0xC1, 0xC0, 0xBD, 0xBA,
    0xB7, 0xB8, 0xB5, 0xBA, 0xB8, 0xB8, 0xB8, 0xBA, 0xBC, 0xB9, 0xB6, 0xB6, 0xB8, 0xB8, 0xB8, 0xBB,
    0xBC, 0xBC, 0xBD, 0xC0, 0xC2, 0xC5, 0xC2, 0xC1, 0xC1, 0xC5, 0xCB, 0xD1, 0xCD, 0xCB, 0xCD, 0xDB,
    0xDB, 0xD4, 0xED, 0xFF, 0xFB, 0xE7, 0x5E, 0x67, 0x67, 0x5B, 0x53, 0x53, 0x53, 0x53, 0x4E, 0x4D,
    0x50, 0x5B, 0x46, 0x3D, 0x3C, 0x38, 0x36, 0x36, 0x35, 0x39, 0x3A, 0x37, 0x37, 0x3A, 0x3A, 0x3A,
    0x3A, 0x3A, 0x3A, 0x37, 0x37, 0x3B, 0x3B, 0x38, 0x35, 0x34, 0x33, 0x34, 0x39, 0x3C, 0x3A, 0x3C,
    0x3A, 0x3E, 0x3C, 0x40, 0x41, 0x41, 0x41, 0x3E, 0x40, 0x46, 0x49, 0x4D, 0x56, 0x5B, 0x5C, 0x67,
    0x67, 0xF9, 0xE7, 0xDC, 0xDB, 0xD6, 0xD3, 0xD3, 0xCE, 0xC9, 0xC7, 0xC5, 0xC1, 0xBF, 0xBF, 0xC0,
    0xBE, 0xBD, 0xBE, 0xBB, 0xBA, 0xBC, 0xBB, 0xBD, 0xC1, 0xBD, 0xBC, 0xBE, 0xBE, 0xBC, 0xBF, 0xBF,
    0xBD, 0xBC, 0xBC, 0xBE, 0xBE, 0xBC, 0xBC, 0xBC, 0xBB, 0xBA, 0xBC, 0xBC, 0xBD, 0xBE, 0xBF, 0xC1,
    0xC1, 0xC5, 0xC5, 0xC1, 0xC1, 0xC5, 0xC5, 0xC8, 0xC9, 0xCB, 0xD1, 0xDB, 0xDB, 0xDB, 0xE3, 0xDB,
    0xDB, 0xE7, 0xF7, 0x7A, 0x5F, 0x5B, 0x59, 0x53, 0x53, 0x50, 0x4D, 0x4D, 0x4D, 0x4D, 0x4D, 0x4B,
    0x45, 0x40, 0x41, 0x3F, 0x41, 0x45, 0x44, 0x41, 0x3E, 0x3E, 0x44, 0x40, 0x3A, 0x35, 0x34, 0x32,
    0x2E, 0x2F, 0x2F, 0x33, 0x34, 0x34, 0x35, 0x38, 0x36, 0x35, 0x36, 0x37, 0x3A, 0x3C, 0x3C, 0x37,
    0x38, 0x36, 0x38, 0x3A, 0x3C, 0x3D, 0x3E, 0x41, 0x42, 0x48, 0x4D, 0x53, 0x53, 0x4E, 0x53, 0x5A,
    0x5B, 0x5B, 0x7C, 0xF4, 0xDE, 0xDB, 0xD8, 0xCE, 0xCA, 0xCB, 0xC6, 0xC3, 0xBE, 0xC1, 0xC1, 0xC1,
    0xBC, 0xBC, 0xBA, 0xBA, 0xBA, 0xBA, 0xBC, 0xBC, 0xBB, 0xBA, 0xB8, 0xB8, 0xB8, 0xBA, 0xBA, 0xBE,
    0xC1, 0xC1, 0xC5, 0xC5, 0xC2, 0xBE, 0xC0, 0xBF, 0xBF, 0xC1, 0xC1, 0xC3, 0xC5, 0xC5, 0xC1, 0xBF,
    0xBE, 0xC0, 0xC1, 0xC3, 0xC5, 0xC9, 0xC9, 0xCD, 0xCC, 0xCC, 0xCD, 0xCF, 0xDA, 0xDB, 0xD6, 0xDC,
    0xE7, 0xDD, 0xE7, 0xF0, 0xFF, 0x75, 0x74, 0xFD, 0x76, 0x64, 0x67, 0x5A, 0x4E, 0x4F, 0x59, 0x54,
    0x5B, 0x55, 0x5B, 0x57, 0x53, 0x51, 0x51, 0x52, 0x49, 0x49, 0x4C, 0x47, 0x45, 0x49, 0x49, 0x49,
    0x49, 0x4D, 0x48, 0x45, 0x45, 0x40, 0x3D, 0x3C, 0x3C, 0x39, 0x39, 0x3A, 0x3C, 0x3B, 0x3E, 0x3F,
    0x41, 0x45, 0x44, 0x44, 0x49, 0x49, 0x46, 0x40, 0x3B, 0x3C, 0x3C, 0x3C, 0x3D, 0x3F, 0x41, 0x42,
    0x4A, 0x4D, 0x56, 0x5B, 0x5C, 0x6F, 0x69, 0x63, 0x5B, 0x5B, 0x72, 0x67, 0xFB, 0xDF, 0xE6, 0xE7,
    0xDE, 0xDB, 0xD0, 0xD2, 0xCD, 0xCB, 0xC9, 0xCD, 0xCD, 0xCD, 0xCD, 0xCD, 0xC2, 0xC5, 0xC5, 0xC5,
    0xC8, 0xC9, 0xC9, 0xCD, 0xCD, 0xC9, 0xC9, 0xC8, 0xC8, 0xD5, 0xE0, 0xDB, 0xDB, 0xD6, 0xCD, 0xC9,
    0xCF, 0xDB, 0xDB, 0xD4, 0xD3, 0xD3, 0xD3, 0xCC, 0xC9, 0xCD, 0xD0, 0xDB, 0xCF, 0xD3, 0xDB, 0xD0,
    0xCD, 0xCE, 0xD3, 0xCE, 0xCC, 0xCC, 0xCD, 0xCD, 0xD2, 0xD3, 0xD3, 0xD3, 0xE7, 0xE7, 0xE7, 0xEF,
    0xFF, 0xFF, 0xFF, 0xE7, 0xED, 0x6B, 0x69, 0xFF, 0x69, 0x5F, 0x53, 0x53, 0x53, 0x59, 0x54, 0x5F,
    0x67, 0x63, 0x5B, 0x5C, 0x60, 0x64, 0x64, 0x5B, 0x5B, 0x75, 0x67, 0x7D, 0x6E, 0xFF, 0xFF, 0x65,
    0x5B, 0x53, 0x53, 0x53, 0x4A, 0x42, 0x46, 0x49, 0x49, 0x4B, 0x51, 0x53, 0x53, 0x4E, 0x48, 0x45,
    0x45, 0x45, 0x45, 0x45, 0x45, 0x49, 0x4E, 0x4F, 0x53, 0x5E, 0x67, 0x64, 0x5B, 0x5B, 0xF6, 0xE7,
    0xE7, 0xE7, 0xE7, 0xE4, 0xDB, 0xD4, 0xD3, 0xD3, 0xD4, 0xDB, 0xD5, 0xD2, 0xCB, 0xC6, 0xC9, 0xC9,
    0xCD, 0xCD, 0xCA, 0xC9, 0xC9, 0xC9, 0xC8, 0xCD, 0xC6, 0xC9, 0xCD, 0xCD, 0xCD, 0xCD, 0xCC, 0xC9,
    0xD6, 0xE7, 0xE7, 0xEC, 0xED, 0xDB, 0xDF, 0xE7, 0xDD, 0xE7, 0xE7, 0xDB, 0xE2, 0xDB, 0xDF, 0xE7,
    0xE7, 0xE7, 0xE7, 0xDE, 0xD3, 0xD4, 0xDF, 0xE7, 0xE4, 0xDB, 0xE7, 0xD3, 0xD9, 0xDB, 0xDB, 0xE5,
    0xEB, 0xED, 0xE7, 0xF3, 0xDD, 0xDE, 0xFF, 0x69, 0xF6, 0xDE, 0xE7, 0xE7, 0xF8, 0xE7, 0xE7, 0xFC,
    0xFF, 0xFF, 0xE8, 0xE9, 0xE4, 0xFF, 0xFF, 0xFF, 0x67, 0x67, 0x68, 0xFF, 0x6A, 0x5A, 0x53, 0x53,
    0x53, 0x59, 0x5A, 0x57, 0x5B, 0x59, 0x53, 0x53, 0x50, 0x47, 0x45, 0x45, 0x45, 0x3E, 0x3B, 0x38,
    0x3A, 0x3C, 0x3D, 0x3E, 0x3E, 0x3E, 0x3A, 0x36, 0x36, 0x36, 0x39, 0x3A, 0x3E, 0x3E, 0x43, 0x46,
    0x49, 0x49, 0x4D, 0x4D, 0x4A, 0x4F, 0x59, 0x5B, 0x5B, 0x54, 0x6B, 0x6D, 0x67, 0xF3, 0xE7, 0xE7,
    0xEF, 0xFF, 0xE3, 0xDB, 0xDB, 0xE1, 0xD5, 0xD5, 0xDB, 0xCE, 0xCD, 0xCB, 0xCD, 0xC9, 0xC9, 0xC9,
    0xC7, 0xC5, 0xC7, 0xC9, 0xC6, 0xC9, 0xC9, 0xC9, 0xCC, 0xDB, 0xE7, 0xDE, 0xDB, 0xD3, 0xD3, 0xCD,
    0xC9, 0xC9, 0xC8, 0xC2, 0xC5, 0xC3, 0xC5, 0xC1, 0xC1, 0xC1, 0xC1, 0xBF, 0xBE, 0xBF, 0xC1, 0xC1,
    0xC1, 0xC2, 0xC5, 0xC5, 0xC6, 0xC7, 0xC5, 0xC7, 0xCF, 0xC9, 0xC9, 0xCD, 0xCD, 0xCD, 0xD3, 0xD9,
    0xD9, 0xDB, 0xD7, 0xDB, 0xDB, 0xDB, 0xDB, 0xD9, 0xD3, 0xD4, 0xDB, 0xD4, 0xDB, 0xE1, 0xE7, 0xDE,
    0xF7, 0xFF, 0xFF, 0xFF, 0x67, 0x67, 0x67, 0x61, 0x5B, 0x67, 0x5F, 0x66, 0x59, 0x5E, 0x5B, 0x53,
    0x53, 0x53, 0x4F, 0x4A, 0x45, 0x45, 0x45, 0x3E, 0x3D, 0x3E, 0x3D, 0x3E, 0x3E, 0x3A, 0x38, 0x38,
    0x38, 0x3A, 0x3C, 0x3C, 0x3E, 0x3E, 0x3D, 0x3F, 0x45, 0x45, 0x45, 0x49, 0x48, 0x45, 0x46, 0x49,
    0x49, 0x4A, 0x4D, 0x49, 0x4B, 0x52, 0x53, 0x53, 0x4E, 0x4D, 0x51, 0x53, 0x53, 0x5A, 0x64, 0x60,
    0x67, 0xFF, 0xEC, 0xDC, 0xE0, 0xDB, 0xD2, 0xCD, 0xCD, 0xC9, 0xC7, 0xC1, 0xC1, 0xC1, 0xC2, 0xC0,
    0xC1, 0xCB, 0xCD, 0xCD, 0xCB, 0xC9, 0xC8, 0xC5, 0xC9, 0xC5, 0xC5, 0xC9, 0xC7, 0xC5, 0xC1, 0xC1,
    0xC2, 0xC5, 0xC9, 0xC5, 0xC3, 0xC5, 0xC5, 0xC8, 0xC6, 0xCB, 0xCD, 0xCD, 0xCD, 0xCD, 0xCD, 0xCD,
    0xD3, 0xD3, 0xD3, 0xDB, 0xDB, 0xDB, 0xDB, 0xE3, 0xE9, 0xEF, 0xE7, 0xEB, 0xFF, 0xFF, 0x72, 0x67,
    0x67, 0x67, 0x67, 0x5B, 0x5B, 0x5B, 0x5B, 0x5B, 0x5B, 0x57, 0x53, 0x56, 0x5B, 0x5C, 0x67, 0x67,
    0x67, 0x67, 0x7D, 0x6C, 0xFF, 0xE7, 0xE7, 0xE7, 0xE4, 0xDB, 0xDB, 0xED, 0x6B, 0x67, 0x6F, 0x69,
    0x63, 0x51, 0x53, 0x53, 0x4B, 0x45, 0x41, 0x45, 0x49, 0x49, 0x49, 0x49, 0x4D, 0x4E, 0x4F, 0x4D,
    0x53, 0x59, 0x54, 0x5B, 0x5B, 0x5A, 0x53, 0x5B, 0x5E, 0x5E, 0x67, 0x67, 0x67, 0x67, 0x67, 0x67,
    0x5E, 0x67, 0x67, 0x67, 0x67, 0x67, 0x72, 0x67, 0x61, 0x63, 0x65, 0x5F, 0x67, 0x63, 0x61, 0x7E,
    0x67, 0x67, 0x67, 0x67, 0x67, 0x67, 0xF4, 0xE7, 0xFA, 0x56, 0x53, 0x53, 0x53, 0x59, 0x59, 0xFF,
    0xFF, 0xFF, 0xF8, 0xE7, 0xE7, 0xE2, 0xDB, 0xDB, 0xDB, 0xD5, 0xD3, 0xD3, 0xCD, 0xD0, 0xCD, 0xD2,
    0xCD, 0xCD, 0xCD, 0xCD, 0xC9, 0xC9, 0xC9, 0xC9, 0xC8, 0xC9, 0xC9, 0xC9, 0xC9, 0xC9, 0xC9, 0xC6,
    0xCC, 0xCA, 0xC9, 0xC9, 0xC9, 0xC9, 0xCD, 0xCD, 0xCB, 0xC9, 0xCB, 0xCD, 0xCD, 0xCD, 0xCD, 0xCE,
    0xD3, 0xD3, 0xD3, 0xD3, 0xD4, 0xDB, 0xDB, 0xD3, 0xD8, 0xDB, 0xDB, 0xDB, 0xDB, 0xD7, 0xD3, 0xD3,
    0xD9, 0xD4, 0xDB, 0xDB, 0x74, 0x5B, 0x5B, 0x5B, 0x5B, 0x53, 0x4C, 0x43, 0x3C, 0x3C, 0x3C, 0x3D,
    0x3E, 0x42, 0x45, 0x45, 0x45, 0x48, 0x46, 0x47, 0x4C, 0x4D, 0x49, 0x4D, 0x51, 0x4D, 0x4D, 0x53,
    0x53, 0x5B, 0x5F, 0x67, 0x67, 0x67, 0x67, 0x61, 0x63, 0x67, 0x5F, 0x5B, 0x5B, 0x5B, 0x66, 0x5B,
    0x5B, 0x67, 0x67, 0x67, 0x67, 0x67, 0x67, 0x67, 0x67, 0xFF, 0xFF, 0xFF, 0xFF, 0xEC, 0xFF, 0xFF,
    0x69, 0x59, 0x4F, 0x4D, 0x4D, 0x51, 0x53, 0x57, 0x54, 0x5D, 0x5E, 0x5B, 0x67, 0x77, 0xFF, 0xFF,
    0xE9, 0xE7, 0xDE, 0xE7, 0xE1, 0xDB, 0xDB, 0xD7, 0xD3, 0xD6, 0xD6, 0xD3, 0xD3, 0xD3, 0xD2, 0xCD,
    0xCD, 0xCD, 0xCD, 0xCD, 0xCD, 0xCD, 0xCD, 0xCC, 0xCD, 0xCC, 0xC9, 0xCA, 0xCD, 0xCA, 0xC9, 0xC9,
    0xC9, 0xC9, 0xC9, 0xC9, 0xC7, 0xC5, 0xC5, 0xC5, 0xC9, 0xC9, 0xC9, 0xC9, 0xC9, 0xC9, 0xCD, 0xCD,
    0xD3, 0xD0, 0xD2, 0xD3, 0xD8, 0xDB, 0xDE, 0xDE, 0xDB, 0xDB, 0xDB, 0xDD, 0xF2, 0x5C, 0x59, 0x59,
    0x53, 0x53, 0x53, 0x47, 0x3D, 0x3A, 0x3B, 0x3E, 0x3E, 0x3D, 0x41, 0x44, 0x41, 0x41, 0x45, 0x45,
    0x45, 0x45, 0x49, 0x49, 0x49, 0x49, 0x49, 0x4D, 0x52, 0x50, 0x53, 0x4F, 0x53, 0x5B, 0x5B, 0x64,
    0x67, 0x67, 0x67, 0x6C, 0x6C, 0x67, 0x67, 0x7A, 0xFF, 0xFF, 0xFF, 0xFF, 0xEB, 0xE7, 0xE7, 0xE7,
    0xE7, 0xDE, 0xDB, 0xDB, 0xDB, 0xDB, 0xE0, 0xE7, 0xF1, 0x5E, 0x54, 0x58, 0x5A, 0x5B, 0x60, 0x67,
    0x67, 0x67, 0xFD, 0xE7, 0xF9, 0xF9, 0xE7, 0xE7, 0xE2, 0xDB, 0xDB, 0xDB, 0xDB, 0xD3, 0xD3, 0xD3,
    0xD3, 0xD3, 0xD3, 0xCD, 0xD2, 0xD3, 0xD3, 0xD3, 0xD3, 0xD3, 0xD2, 0xCF, 0xD3, 0xCD, 0xD1, 0xD3,
    0xD3, 0xD3, 0xD3, 0xD3, 0xD3, 0xD6, 0xD6, 0xD4, 0xDB, 0xD5, 0xD3, 0xD3, 0xD3, 0xD9, 0xD3, 0xD3,
    0xD3, 0xD3, 0xD3, 0xD8, 0xDB, 0xD9, 0xD3, 0xDB, 0xDB, 0xDB, 0xE7, 0xDE, 0xDB, 0xE7, 0xE7, 0xE7,
    0xE7, 0xE7, 0xE7, 0xE7, 0xE7, 0x72, 0x5D, 0x52, 0x4F, 0x53, 0x51, 0x4B, 0x41, 0x3E, 0x3B, 0x3C,
    0x3E, 0x41, 0x41, 0x44, 0x46, 0x49, 0x49, 0x49, 0x4C, 0x4D, 0x53, 0x53, 0x54, 0x5B, 0x55, 0x5B,
    0x5B, 0x5B, 0x67, 0x67, 0x67, 0x67, 0x67, 0x67, 0x73, 0xFF, 0xFF, 0xFF, 0xFB, 0xE7, 0xFC, 0xFF,
    0xFF, 0xFE, 0xE7, 0xDD, 0xDB, 0xDB, 0xDB, 0xD9, 0xD3, 0xDB, 0xD3, 0xCE, 0xD3, 0xD3, 0xD3, 0xD3,
    0xD3, 0xE8, 0x70, 0x67, 0x6A, 0xFF, 0xFF, 0xFF, 0xFF, 0xFC, 0xE7, 0xFA, 0xFF, 0xFF, 0xE7, 0xE7,
    0xE7, 0xE7, 0xE7, 0xE7, 0xE7, 0xE7, 0xE7, 0xE7, 0xE7, 0xFF, 0xEF, 0xFC, 0xFF, 0xFF, 0xFF, 0xFF,
    0xFF, 0xFF, 0xFF, 0x68, 0x6C, 0xFF, 0xFF, 0xFF, 0x6A, 0x67, 0x67, 0x7D, 0x67, 0x67, 0x67, 0x67,
    0x7A, 0x77, 0x72, 0xFF, 0xFF, 0xFF, 0xE7, 0xE7, 0xE7, 0xE7, 0xE7, 0xDB, 0xDB, 0xDB, 0xDB, 0xDB,
    0xD4, 0xDB, 0xD6, 0xD3, 0xD3, 0xD3, 0xD3, 0xCF, 0xCD, 0xD1, 0xCD, 0xCD, 0xCD, 0xCD, 0xCE, 0xDD,
    0xFD, 0xFF, 0xFF, 0x5B, 0x58, 0x53, 0x52, 0x49, 0x45, 0x49, 0x49, 0x4A, 0x4D, 0x4D, 0x53, 0x58,
    0x5B, 0x56, 0x5B, 0x5B, 0x5B, 0x65, 0x67, 0x67, 0x67, 0x67, 0x67, 0xFF, 0xFF, 0xFF, 0xFF, 0xFF,
    0xFF, 0xFF, 0xFF, 0x79, 0x67, 0x7D, 0x67, 0x67, 0x67, 0x67, 0x79, 0xFF, 0xFF, 0xFF, 0xF4, 0xF6,
    0xE7, 0xE7, 0xE7, 0xE7, 0xDE, 0xDB, 0xDE, 0xDD, 0xDC, 0x7E, 0x5C, 0x5B, 0x5B, 0x67, 0x67, 0x67,
    0x67, 0x67, 0x67, 0x67, 0x67, 0x67, 0x67, 0x67, 0x67, 0x70, 0x68, 0x67, 0x67, 0x67, 0x67, 0x67,
    0x67, 0x71, 0xFF, 0x6C, 0xFF, 0xFF, 0xFF, 0xFF, 0xFF, 0xFF, 0xFF, 0xFF, 0xFF, 0xFF, 0xEF, 0xE7,
    0xE3, 0xDB, 0xDB, 0xDB, 0xDB, 0xDB, 0xDB, 0xDB, 0xDB, 0xD6, 0xD3, 0xD3, 0xD3, 0xD5, 0xD7, 0xD3,
    0xD3, 0xD3, 0xD3, 0xD3, 0xD3, 0xD3, 0xD3, 0xD3, 0xD3, 0xD3, 0xD3, 0xD3, 0xD3, 0xD3, 0xD3, 0xD3,
    0xD3, 0xD3, 0xD3, 0xD3, 0xD3, 0xD3, 0xD3, 0xD3, 0xDE, 0xF7, 0x5A, 0x53, 0x4E, 0x4D, 0x4D, 0x53,
    0x4E, 0x43, 0x41, 0x44, 0x45, 0x45, 0x48, 0x49, 0x4B, 0x4D, 0x4D, 0x4D, 0x4D, 0x4D, 0x4D, 0x4D,
    0x4F, 0x53, 0x53, 0x58, 0x5B, 0x5B, 0x5B, 0x67, 0x67, 0x67, 0x67, 0x72, 0xFF, 0xFF, 0xFF, 0xFF,
    0xEF, 0xE7, 0xFF, 0xED, 0xE7, 0xE7, 0xE7, 0xDB, 0xDB, 0xD4, 0xD3, 0xD3, 0xD3, 0xD3, 0xCE, 0xCE,
    0xD8, 0xE6, 0xFF, 0xFF, 0xFF, 0xF1, 0xE7, 0xE7, 0xE7, 0xE7, 0xE7, 0xE7, 0xE7, 0xE7, 0xE7, 0xE7,
    0xF2, 0xFF, 0xF4, 0xE7, 0xFF, 0xFF, 0xFF, 0xFF, 0xFF, 0xFF, 0xFF, 0xFF, 0xFF, 0xFF, 0xFF, 0xFF,
    0xFF, 0xFF, 0xFF, 0xFF, 0xFF, 0xFF, 0xFF, 0xFF, 0xFF, 0xFF, 0xFF, 0xFF, 0xE7, 0xE7, 0xE7, 0xE7,
    0xE7, 0xE7, 0xE7, 0xE7, 0xE7, 0xE7, 0xE7, 0xE7, 0xE7, 0xE7, 0xE0, 0xDB, 0xDB, 0xDB, 0xDB, 0xDB,
    0xDB, 0xDB, 0xDB, 0xDB, 0xDB, 0xD6, 0xD3, 0xD7, 0xD5, 0xD3, 0xD3, 0xD3, 0xD3, 0xD3, 0xD3, 0xD3,
    0xD3, 0xED, 0x5A, 0x4E, 0x4F, 0x53, 0x53, 0x57, 0x5B, 0x5B, 0x57, 0x4E, 0x48, 0x48, 0x49, 0x4B,
    0x4D, 0x4D, 0x4D, 0x53, 0x53, 0x4E, 0x53, 0x53, 0x53, 0x55, 0x5B, 0x5B, 0x5B, 0x5B, 0x67, 0x67,
    0x67, 0x67, 0x74, 0xFF, 0xFF, 0xFF, 0xFF, 0xFF, 0xFF, 0xFF, 0xFF, 0xFD, 0xE7, 0xE7, 0xE7, 0xE7,
    0xDC, 0xDB, 0xDB, 0xDB, 0xDB, 0xDB, 0xDA, 0xD3, 0xD3, 0xE3, 0x6B, 0x67, 0x67, 0x67, 0x6B, 0xFF,
    0xFF, 0xFF, 0xFF, 0xFF, 0xFF, 0xFF, 0xFF, 0xFF, 0xFF, 0xFF, 0xEB, 0xE7, 0xE7, 0xE7, 0xEC, 0xEC,
    0xE7, 0xE7, 0xE7, 0xE7, 0xE7, 0xE7, 0xE7, 0xE7, 0xE7, 0xE7, 0xE7, 0xE7, 0xE7, 0xE7, 0xDB, 0xDB,
    0xDB, 0xDB, 0xDB, 0xDB, 0xDB, 0xDB, 0xDB, 0xDB, 0xDB, 0xDB, 0xDB, 0xDB, 0xDB, 0xDB, 0xDB, 0xDB,
    0xDB, 0xDB, 0xDB, 0xDB, 0xDB, 0xDB, 0xDB, 0xDB, 0xDB, 0xDB, 0xDB, 0xDB, 0xDB, 0xDB, 0xDB, 0xDB,
    0xDB, 0xDB, 0xDB, 0xDB, 0xDB, 0xDB, 0xDB, 0xDB, 0xEB, 0x6D, 0x5B, 0x56, 0x4A, 0x49, 0x49, 0x4D,
    0x4D, 0x4D, 0x4D, 0x53, 0x4E, 0x45, 0x43, 0x45, 0x45, 0x48, 0x49, 0x4B, 0x4D, 0x4D, 0x4D, 0x4D,
    0x4F, 0x53, 0x53, 0x53, 0x5A, 0x5B, 0x5B, 0x66, 0x67, 0x67, 0x67, 0x67, 0x67, 0x6A, 0xFF, 0xFF,
    0xFF, 0xFF, 0xFC, 0xE7, 0xE7, 0xE7, 0xE7, 0xE7, 0xE7, 0xDD, 0xDB, 0xDB, 0xDB, 0xDB, 0xDB, 0xD3,
    0xD7, 0xDB, 0x7A, 0x67, 0x67, 0x67, 0x67, 0xFF, 0xFF, 0xFF, 0xFF, 0xFF, 0xFF, 0xFF, 0xFF, 0xFD,
    0xE7, 0xE7, 0xE7, 0xE7, 0xE7, 0xE7, 0xE7, 0xE7, 0xE7, 0xE7, 0xE7, 0xE7, 0xE7, 0xE7, 0xE7, 0xE7,
    0xE7, 0xE7, 0xE7, 0xE7, 0xDB, 0xDB, 0xDB, 0xDB, 0xDB, 0xDB, 0xDB, 0xDB, 0xDB, 0xDB, 0xDB, 0xDB,
    0xDB, 0xDB, 0xDB, 0xDB, 0xDB, 0xDB, 0xDB, 0xDB, 0xDB, 0xDB, 0xDB, 0xDB, 0xDB, 0xDB, 0xDB, 0xDB,
    0xDB, 0xDB, 0xDB, 0xDB, 0xDB, 0xDB, 0xDB, 0xDB, 0xDB, 0xDB, 0xDB, 0xDB, 0xDB, 0xDF, 0xDC, 0xDE,
    0xF4, 0x5B, 0x5B, 0x5B, 0x5A, 0x4F, 0x4A, 0x4B, 0x4D, 0x4D, 0x4F, 0x53, 0x53, 0x53, 0x4E, 0x48,
    0x45, 0x45, 0x47, 0x49, 0x4A, 0x4D, 0x4D, 0x4D, 0x51, 0x53, 0x53, 0x53, 0x55, 0x5B, 0x5B, 0x5E,
    0x67, 0x67, 0x67, 0x67, 0x67, 0x67, 0x67, 0xFF, 0xFF, 0xFF, 0xFF, 0xFF, 0xF6, 0xE7, 0xE7, 0xE7,
    0xE7, 0xE7, 0xDF, 0xDB, 0xDB, 0xDB, 0xDB, 0xDB, 0xD5, 0xD5, 0xEA, 0x68, 0x67, 0x67, 0x69, 0xFF,
    0xFF, 0xFF, 0xFF, 0xFF, 0xFF, 0xFF, 0xFF, 0xFF, 0xE9, 0xE7, 0xE7, 0xE7, 0xE7, 0xE7, 0xE7, 0xF0,
    0xFF, 0xFF, 0xFF, 0xE7, 0xE7, 0xE7, 0xE7, 0xE7, 0xE7, 0xE7, 0xE7, 0xE7, 0xE7, 0xE7, 0xE7, 0xE7,
    0xE7, 0xE7, 0xE7, 0xE7, 0xE7, 0xE7, 0xE7, 0xE7, 0xE7, 0xE7, 0xE7, 0xE7, 0xE7, 0xE7, 0xE7, 0xE7,
    0xE7, 0xE7, 0xE7, 0xE7, 0xE7, 0xE7, 0xE7, 0xE7, 0xE7, 0xE7, 0xE7, 0xE7, 0xE7, 0xE7, 0xE7, 0xE7,
    0xE7, 0xE7, 0xE7, 0xE7, 0xE7, 0xE7, 0xE7, 0xE7, 0xE7, 0xE7, 0xE7, 0xE7, 0xE7, 0xE7, 0xE7, 0xE7,
    0xE7, 0xE7, 0xE7, 0xE7, 0xE7, 0xE7, 0xE7, 0xE7, 0xE7, 0xE7, 0xE7, 0xE7, 0xE7, 0xE7, 0xE7, 0xE7,
    0xE7, 0xE7, 0xE7, 0xE7, 0xE7, 0xE7, 0xE7, 0xE7, 0xE7, 0xE7, 0xE7, 0xE7, 0xE7, 0xE7, 0xE7, 0xE7,
    0xE7, 0xE7, 0xE7, 0xE7, 0xE7, 0xE7, 0xE7, 0xE7, 0xE7, 0xE7, 0xE7, 0xE7, 0xE7, 0xE7, 0xE7, 0xE7,
    0xE7, 0xE7, 0xE7, 0xE7, 0xE7, 0xE7, 0xE7, 0xE7, 0xE7, 0xE7, 0xE7, 0xE7, 0xE7, 0xE7, 0xE7, 0xE7,
    0xE7, 0xE7, 0xE7, 0xE7, 0xE7, 0xE7, 0xE7, 0xE7, 0xE7, 0xE7, 0xE7, 0xE7, 0xE7, 0xE7, 0xE7, 0xE7,
    0xE7, 0xE7, 0xE7, 0xE7, 0xE7, 0xE7, 0xE7, 0xE7, 0xE7, 0xE7, 0xE7, 0xE7, 0xE7, 0xE7, 0xE7, 0xE7,
    0xE7, 0xE7, 0xE7, 0xE7, 0xE7, 0xE7, 0xE7, 0xE7, 0xE7, 0xE7, 0xE7, 0xE7, 0xE7, 0xE7, 0xE7, 0xE7,
    0xE7, 0xE7, 0xE7, 0xE7, 0xE7, 0xE7, 0xE7, 0xE7, 0xE7, 0xFA, 0xFF, 0xFF, 0xFF, 0xFF, 0xFF, 0xFF,
    0xFF, 0xFF, 0xFF, 0xFF, 0xFF, 0xFF, 0xFF, 0xFF, 0xFF, 0xFF, 0xFF, 0xFF, 0xFF, 0xFF, 0xFF, 0xFF,
    0xFF, 0xFF, 0xFF, 0xFF, 0xFF, 0xFF, 0xFF, 0xFF, 0xFF, 0xFF, 0xFF, 0xFF, 0xFF, 0xFF, 0xFF, 0xFF,
    0xFF, 0xFF, 0xFF, 0xFF, 0xFF, 0xFF, 0xFF, 0xFF, 0xFF, 0xFF, 0xFF, 0xFF, 0xFF, 0xFF, 0xFF, 0xFF,
    0xFF, 0xFF, 0xFF, 0xFF, 0xFF, 0xFF, 0xFF, 0xFF, 0xFF, 0xFF, 0xFF, 0xFF, 0xFF, 0xFF, 0xFF, 0xFF,
    0xFF, 0xFF, 0xFF, 0xEA, 0xE7, 0xE7, 0xE7, 0xE7, 0xE7, 0xE7, 0xE7, 0xE7, 0xE7, 0xE7, 0xE7, 0xE7,
    0xE7, 0xE7, 0xEF, 0xFF, 0xFF, 0xFF, 0xFF, 0xFF, 0xFF, 0xFF, 0xFF, 0xFF, 0xFF, 0xFF, 0xFF, 0xFF,
    0xFF, 0xFF, 0xFF, 0xFF, 0xFF, 0xFF, 0xFF, 0xFF, 0xFF, 0xFF, 0xFF, 0xFF, 0xFF, 0xFF, 0xFF, 0xFF,
    0xFF, 0xFF, 0xFF, 0xFF, 0xED, 0xFF, 0x69, 0xFF, 0xE9, 0xFF, 0xFF, 0x67, 0xFF, 0xFF, 0xFF, 0xFF,
    0xE9, 0xFF, 0xED, 0xE8, 0x71, 0x57, 0x4F, 0x5B, 0x5B, 0x5B, 0xDB, 0x66, 0x65, 0x6A, 0x6A, 0x59,
    0x5A, 0xFE, 0xEA, 0xEA, 0x49, 0x39, 0xCB, 0xD3, 0xBD, 0xC0, 0xC8, 0xCE, 0xD3, 0x4E, 0x49, 0x4E,
    0x41, 0x3F, 0x4D, 0x4F, 0xE6, 0xC3, 0xCB, 0x59, 0x46, 0x5E, 0x51, 0x4E, 0x4D, 0x4D, 0x44, 0x46,
    0x5B, 0x58, 0x48, 0x48, 0x48, 0x64, 0x5C, 0x4D, 0x4B, 0xEA, 0x65, 0xD8, 0xD0, 0xD3, 0xD6, 0xD0,
    0xCE, 0xE7, 0xDE, 0xC5, 0xD8, 0xFE, 0x57, 0x46, 0x65, 0x4F, 0xF6, 0xEB, 0xE3, 0xE8, 0x5D, 0x59,
    0x67, 0x67, 0x55, 0x53, 0x4F, 0x46, 0xF7, 0x72, 0x64, 0x60, 0x7C, 0xE2, 0xCD, 0xC9, 0xCD, 0xCE,
    0xC6, 0xCC, 0xD3, 0xE2, 0xEC, 0xE7, 0xE7, 0xD6, 0x6B, 0xCF, 0xDB, 0xE7, 0x64, 0x53, 0x53, 0x4E,
    0x3E, 0x3A, 0x45, 0x3F, 0x47, 0xD9, 0xD0, 0xC7, 0xDE, 0xD4, 0x7C, 0x4C, 0x42, 0x3C, 0x3A, 0x3C,
    0x4B, 0xF4, 0xDA, 0xD2, 0x71, 0xEA, 0x6E, 0x7D, 0x6D, 0x4D, 0x54, 0x5F, 0x79, 0x64, 0x57, 0x5B,
    0x62, 0xFF, 0xF8, 0xD7, 0xCB, 0xCF, 0xC0, 0xCD, 0xCF, 0x6B, 0x55, 0x67, 0xD7, 0xDA, 0x6D, 0x68,
    0xEE, 0x6B, 0xE7, 0xDF, 0xD4, 0xD3, 0xD3, 0xDC, 0x5C, 0x53, 0x53, 0x4D, 0x5A, 0x68, 0xDD, 0xCC,
    0x53, 0x4B, 0x45, 0x45, 0x42, 0x4C, 0x3D, 0x55, 0x67, 0x67, 0x48, 0x4F, 0xDC, 0xCE, 0xEF, 0xDE,
    0xCB, 0x6F, 0x53, 0x65, 0xBE, 0xC2, 0xF3, 0x53, 0x53, 0x64, 0x57, 0x51, 0x53, 0x47, 0x40, 0x5C,
    0xD3, 0x5E, 0x4E, 0x45, 0x7D, 0x59, 0x44, 0x42, 0x4F, 0xCF, 0xD6, 0xFF, 0xE2, 0xC6, 0xC5, 0xC9,
    0xC3, 0xBD, 0xCB, 0xEF, 0xC6, 0xD3, 0xCE, 0xEF, 0x54, 0xE7, 0xE6, 0x55, 0xE3, 0xC4, 0xCA, 0xC7,
    0xC9, 0x54, 0xD8, 0xCE, 0x5E, 0x41, 0x37, 0x3A, 0x3B, 0x42, 0x4F, 0x4E, 0x66, 0x68, 0x42, 0x40,
    0x3C, 0x48, 0x3E, 0x3C, 0x48, 0x58, 0x67, 0x73, 0x5D, 0x69, 0xE8, 0xD4, 0xC8, 0xBE, 0xBA, 0xCA,
    0xDF, 0xCD, 0xCD, 0xE2, 0xD7, 0xCD, 0x7D, 0x5E, 0x67, 0xEA, 0x66, 0x4A, 0x44, 0x53, 0x7C, 0x5F,
    0x67, 0x5F, 0x4D, 0x53, 0x61, 0xE1, 0x67, 0xE3, 0x7B, 0x5D, 0x5A, 0x53, 0xFF, 0xD6, 0xDA, 0xD3,
    0xF5, 0x7C, 0xC5, 0xBE, 0xDF, 0x67, 0xF7, 0xDB, 0xD4, 0xDD, 0xD9, 0xD3, 0xCF, 0xD9, 0xDB, 0xE0,
    0x6A, 0x76, 0x5E, 0x66, 0x55, 0x41, 0x3D, 0x46, 0x4D, 0x4F, 0x54, 0x5B, 0x57, 0x73, 0xED, 0x5A,
    0x46, 0x74, 0xE7, 0x5A, 0x4C, 0x46, 0x5F, 0xFF, 0x67, 0xFB, 0xE6, 0x65, 0x5F, 0x5C, 0x57, 0xDF,
    0xC5, 0xC7, 0xD6, 0xC9, 0xC7, 0xBD, 0xB8, 0xBE, 0xC1, 0xBE, 0xBD, 0xBF, 0xCA, 0xDA, 0xE3, 0xE2,
    0x67, 0x60, 0x5B, 0x73, 0x4F, 0x63, 0xFE, 0xFC, 0x59, 0x4B, 0x4D, 0x50, 0x49, 0x4D, 0x4B, 0x42,
    0x43, 0x3A, 0x4E, 0x55, 0x6B, 0x4A, 0x47, 0x4C, 0x5E, 0xE7, 0xFB, 0x6B, 0xED, 0xD3, 0xCD, 0xC2,
    0xCB, 0xE9, 0x4F, 0xE5, 0xD1, 0xDB, 0xD8, 0x79, 0x5F, 0x6C, 0x7A, 0xDB, 0x6C, 0x56, 0xEB, 0x4C,
    0xF2, 0x52, 0x5B, 0x56, 0x4D, 0x4A, 0x50, 0x60, 0xFF, 0xFF, 0xFF, 0x73, 0x67, 0x59, 0xD3, 0xDA,
    0x6B, 0xE3, 0xDB, 0xC8, 0xC5, 0xC5, 0xC3, 0xC9, 0xC6, 0xC3, 0xCA, 0xCD, 0xCD, 0xDA, 0xE1, 0x68,
    0x72, 0xCF, 0xCE, 0x69, 0x5B, 0x52, 0x40, 0x41, 0x46, 0x3A, 0x3B, 0x3C, 0x3C, 0x47, 0x55, 0x67,
    0x61, 0x50, 0x5D, 0xEF, 0xDC, 0xDF, 0xE3, 0xFF, 0xED, 0xEB, 0xEE, 0x5B, 0x54, 0x55, 0x6C, 0xD3,
    0xD3, 0xD3, 0xC7, 0xE9, 0xEA, 0xDC, 0xCD, 0xD3, 0xDE, 0xD2, 0xC4, 0xD3, 0xE5, 0xD6, 0xE2, 0xE8,
    0xFF, 0xDE, 0xD5, 0x5F, 0x5B, 0x6C, 0x60, 0x49, 0x4D, 0x70, 0x7A, 0x5F, 0xCA, 0x5C, 0xD4, 0xFB,
    0xDB, 0x6F, 0xE7, 0xE7, 0x7E, 0xF9, 0x75, 0x5A, 0x5C, 0x7B, 0x5B, 0x5B, 0x53, 0x4F, 0x53, 0x5B,
    0x57, 0x53, 0x5B, 0x62, 0xFD, 0xE7, 0xDD, 0xD5, 0xE0, 0xE7, 0xE7, 0x5E, 0x7C, 0x67, 0xDF, 0x6B,
    0xE4, 0xFE, 0xFF, 0x6B, 0x69, 0x67, 0x4E, 0x49, 0x47, 0x45, 0x56, 0x63, 0x5F, 0xEF, 0x56, 0x4E,
    0x58, 0x68, 0xE7, 0xE7, 0xDA, 0xCF, 0xCD, 0xD7, 0xC8, 0xC6, 0xD0, 0xCA, 0xC5, 0xC5, 0xC5, 0xC8,
    0xE4, 0xDB, 0x76, 0xF4, 0xEE, 0x67, 0x67, 0x5C, 0xFF, 0x57, 0xFE, 0x56, 0x5E, 0x4B, 0x41, 0x3C,
    0x3F, 0x3F, 0x45, 0x46, 0x49, 0x58, 0x66, 0x53, 0x53, 0x5E, 0x4E, 0x76, 0x58, 0xE7, 0xDB, 0xDF,
    0xE7, 0xEA, 0xDE, 0xDB, 0xD1, 0xC8, 0xC6, 0xC8, 0xC1, 0xCA, 0x5D, 0x7B, 0x5B, 0x56, 0x5D, 0xF0,
    0xFA, 0xFF, 0xFF, 0x67, 0xFF, 0x6B, 0xF4, 0xDF, 0xFF, 0xFF, 0xFF, 0xE7, 0xEB, 0xCF, 0xE3, 0xCD,
    0xC9, 0xC9, 0xD3, 0xE7, 0xE1, 0xE4, 0x62, 0x58, 0x66, 0x58, 0xF3, 0xFB, 0xDF, 0x6D, 0x6D, 0xCE,
    0xF5, 0xD6, 0xD2, 0xF2, 0x47, 0x49, 0x49, 0x4A, 0x66, 0x66, 0x4C, 0x5A, 0x4B, 0x51, 0x53, 0x5D,
    0x5B, 0x4C, 0x49, 0x49, 0x49, 0x59, 0xFF, 0x6D, 0x68, 0xD8, 0xCE, 0xD8, 0xC7, 0xD1, 0xD8, 0xE7,
    0xE6, 0xD8, 0xE1, 0xF3, 0xE9, 0x68, 0xDE, 0x58, 0x5C, 0x7C, 0xDD, 0x6E, 0xDF, 0xD4, 0xE2, 0xFF,
    0xE6, 0xDB, 0xDB, 0xD9, 0xCD, 0xC9, 0xCD, 0xD1, 0xCE, 0xDF, 0xDC, 0x63, 0x61, 0x67, 0x6D, 0x6B,
    0xE5, 0xDB, 0xF9, 0x6E, 0xE7, 0x4E, 0x64, 0xFF, 0x4F, 0x48, 0x52, 0x4C, 0x47, 0x49, 0x49, 0x4D,
    0x55, 0x60, 0x7D, 0x74, 0x59, 0x68, 0xFF, 0xDE, 0xD3, 0xDD, 0xFE, 0xE7, 0xE7, 0xE5, 0xD7, 0xDA,
    0xD3, 0xDD, 0x5B, 0x4D, 0x77, 0xE9, 0xFF, 0xFF, 0x67, 0x67, 0xFD, 0xDF, 0x54, 0xFA, 0x7C, 0x5C,
    0x7B, 0x7D, 0xFB, 0xDB, 0xDB, 0xD3, 0xD3, 0xD3, 0xCF, 0xD3, 0xDB, 0xD3, 0xDA, 0xFF, 0xEE, 0xE7,
    0xDE, 0xE7, 0xE6, 0xD7, 0xCB, 0xC9, 0xDB, 0xD3, 0xED, 0x6B, 0x65, 0x53, 0x4A, 0x41, 0x44, 0x41,
    0x47, 0x50, 0x58, 0x50, 0x5B, 0x48, 0x51, 0x5B, 0x5B, 0x55, 0x56, 0xEC, 0xFB, 0xE2, 0xE2, 0xDC,
    0xE7, 0xDD, 0xDB, 0xE1, 0xE7, 0xFF, 0x6C, 0x4D, 0x4F, 0x62, 0x5F, 0xE4, 0xE7, 0xED, 0xFF, 0xFF,
    0xFF, 0xE9, 0xDF, 0xE3, 0xCE, 0xD5, 0xCD, 0xE7, 0xF0, 0xFF, 0x6C, 0xDC, 0xD4, 0xE5, 0xEB, 0xE4,
    0xD7, 0xD3, 0xE7, 0x73, 0x6A, 0xDF, 0xF9, 0xE4, 0xD7, 0xDB, 0xD6, 0xDB, 0xD3, 0xCA, 0xD6, 0x5E,
    0x46, 0x45, 0x47, 0x47, 0x53, 0x4F, 0x46, 0x48, 0x48, 0x53, 0x5B, 0x5B, 0x67, 0x67, 0x7B, 0xD7,
    0xD6, 0xDB, 0xDB, 0xDB, 0xDD, 0xF0, 0xE9, 0x67, 0xF4, 0xDD, 0x60, 0x64, 0x67, 0x5A, 0x53, 0x66,
    0xF5, 0xFF, 0xDD, 0xCD, 0xEB, 0xFF, 0xFF, 0xFF, 0x6B, 0xDB, 0xD7, 0xDB, 0xDB, 0xD6, 0xDB, 0xE1,
    0xE3, 0xFB, 0xE7, 0xE7, 0xF8, 0x5B, 0x7D, 0x5E, 0x77, 0xCD, 0xD0, 0xCE, 0xCD, 0xCD, 0xC9, 0xCD,
    0xD3, 0xD6, 0x63, 0x4E, 0x4A, 0x44, 0x52, 0x48, 0x45, 0x45, 0x4A, 0x4D, 0x4D, 0x51, 0x54, 0x57,
    0x5A, 0xEB, 0x64, 0x53, 0xF3, 0xE7, 0xFB, 0xE7, 0xFB, 0xD9, 0xD8, 0xCD, 0xCD, 0xCE, 0xDF, 0x6F,
    0xFF, 0x76, 0x74, 0xDC, 0xEE, 0x6A, 0xFF, 0xFF, 0xE8, 0xEC, 0xE1, 0x67, 0xF5, 0xD5, 0xE1, 0x71,
    0xFF, 0x74, 0x75, 0xE7, 0xE7, 0xDD, 0xE7, 0xE7, 0xDC, 0xF6, 0xF0, 0xE9, 0xE0, 0xDA, 0xD6, 0xC9,
    0xCD, 0xD3, 0xD9, 0xE7, 0xE7, 0xE7, 0xEC, 0x62, 0x53, 0x5B, 0x64, 0x5F, 0x4D, 0x4D, 0x49, 0x4C,
    0x53, 0x53, 0x53, 0x55, 0x57, 0x4A, 0x6C, 0x6C, 0xFF, 0xFF, 0xEA, 0x78, 0x71, 0xE8, 0xE2, 0x6B,
    0x65, 0x6E, 0xE7, 0x5B, 0x61, 0xE8, 0xFF, 0x5F, 0xDB, 0x7E, 0xED, 0xD1, 0xCD, 0xDB, 0xE7, 0xE7,
    0xD5, 0xD7, 0xD3, 0xE7, 0xE7, 0xDC, 0xFF, 0xD2, 0xE7, 0xDB, 0xDB, 0xDE, 0xD8, 0xCE, 0xD3, 0xDA,
    0xE7, 0xE7, 0xDC, 0xCD, 0xD7, 0xDC, 0xEF, 0xFF, 0xE7, 0x6A, 0x53, 0x58, 0x53, 0x4C, 0x49, 0x52,
    0x53, 0x4C, 0x49, 0x44, 0x4F, 0x65, 0x53, 0x5A, 0x70, 0xE7, 0xE7, 0xEE, 0xEB, 0xDE, 0xEF, 0xE7,
    0xDE, 0xE7, 0xFB, 0xDF, 0xF9, 0xF9, 0xE7, 0xFD, 0x62, 0x5B, 0x5C, 0x60, 0x64, 0xE7, 0xE7, 0xDC,
    0xD6, 0xE3, 0x69, 0xFF, 0x69, 0xE7, 0xE7, 0xE7, 0xE1, 0xE3, 0x7A, 0xFE, 0xE7, 0xE0, 0xE3, 0xD4,
    0xE1, 0xD5, 0xD9, 0xCD, 0xF4, 0xD1, 0xD1, 0xC6, 0xCF, 0xD5, 0xD5, 0xE0, 0xFD, 0xE1, 0x61, 0x65,
    0x53, 0x4E, 0x4D, 0x4D, 0x65, 0x59, 0x49, 0x4A, 0x57, 0x4B, 0x46, 0x47, 0x49, 0x4C, 0x4C, 0x5D,
    0x6F, 0x55, 0x6B, 0xED, 0xE7, 0xE7, 0xD7, 0xD5, 0xE8, 0xD6, 0xD4, 0xFF, 0xE7, 0xE7, 0xE7, 0xEA,
    0x6E, 0x67, 0xF5, 0xDE, 0xD3, 0xCD, 0xDF, 0xD3, 0xDD, 0xDC, 0xED, 0xEC, 0xDD, 0xFF, 0xFF, 0x74,
    0xD2, 0xDB, 0xED, 0x6B, 0xFB, 0xE7, 0xFB, 0xD9, 0xE5, 0xDB, 0xD0, 0xCD, 0xD4, 0xDB, 0xDB, 0xEC,
    0xED, 0x7D, 0x5B, 0x71, 0x64, 0x53, 0x53, 0x59, 0x53, 0x54, 0x5B, 0x4F, 0x4E, 0x4F, 0x4D, 0x5E,
    0x4F, 0x4E, 0x6E, 0x6A, 0xDA, 0xD8, 0xE7, 0xF4, 0x70, 0x67, 0x67, 0x7A, 0xFF, 0xED, 0xDB, 0x58,
    0x59, 0x5B, 0x5B, 0x65, 0x67, 0x5E, 0x67, 0x72, 0x77, 0x75, 0x68, 0xE9, 0xE7, 0xDE, 0xCE, 0xD3,
    0xD3, 0xDA, 0xD3, 0xDB, 0xD6, 0xED, 0xDA, 0xCD, 0xD2, 0xD2, 0xD0, 0xD3, 0xD3, 0xD3, 0xD5, 0xE0,
    0xD5, 0xDD, 0xF2, 0xE7, 0xED, 0x6B, 0x5B, 0x6F, 0xFB, 0x6F, 0x56, 0x53, 0x4D, 0x4D, 0x4D, 0x47,
    0x4D, 0x4C, 0x4C, 0x67, 0x60, 0x64, 0x5A, 0x61, 0x5C, 0x61, 0x6C, 0x5C, 0x67, 0x79, 0xDA, 0xD3,
    0xD3, 0xCD, 0xD1, 0xE9, 0xFF, 0x5E, 0xF8, 0xF2, 0xFF, 0xED, 0xEC, 0xE9, 0xFF, 0xE9, 0xEB, 0xFF,
    0xE7, 0xE7, 0xE7, 0xE7, 0xDF, 0xF8, 0xDF, 0xD9, 0xE8, 0xF2, 0xE7, 0xEF, 0x60, 0xEA, 0xE7, 0xE7,
    0xE6, 0xD8, 0xDA, 0xD3, 0xD3, 0xD3, 0xD6, 0xDB, 0xEA, 0x6E, 0x6A, 0x5F, 0xFF, 0xFF, 0x53, 0x53,
    0x65, 0x57, 0x5A, 0x5B, 0x4E, 0x4D, 0x56, 0x55, 0x56, 0x67, 0x5B, 0x5D, 0x67, 0x7D, 0x56, 0x63,
    0xFF, 0x6F, 0xDE, 0xDB, 0xEC, 0x7D, 0x6E, 0x5F, 0x57, 0xFF, 0xFF, 0xEC, 0xFF, 0xFD, 0xE7, 0xF9,
    0xF9, 0xE7, 0xDC, 0xED, 0xFF, 0xE6, 0xDF, 0xE7, 0xFF, 0xEE, 0xDC, 0xDE, 0xD3, 0xE7, 0xDF, 0xCB,
    0xCE, 0xD8, 0xCD, 0xD2, 0xDB, 0xD3, 0xD3, 0xDB, 0xDB, 0xDB, 0xDC, 0xEE, 0x6A, 0x53, 0x53, 0x53,
    0x56, 0x6D, 0x65, 0x50, 0x4D, 0x4F, 0x5B, 0x7B, 0x68, 0x47, 0x4A, 0x4D, 0x52, 0x57, 0x67, 0x7E,
    0x67, 0xF0, 0xE7, 0xE7, 0xE7, 0xE7, 0xE7, 0xE7, 0xDA, 0xD1, 0xDD, 0x6F, 0x7B, 0x63, 0x5B, 0x67,
    0xF2, 0xD7, 0xD5, 0xDB, 0xE6, 0xEC, 0xED, 0xE6, 0xDF, 0xF9, 0xDE, 0x6E, 0x7D, 0x67, 0x5E, 0x67,
    0x67, 0x79, 0xFF, 0xFF, 0xFF, 0xD9, 0xD3, 0xDC, 0xE7, 0xDD, 0xD2, 0xCD, 0xD3, 0xD3, 0xD9, 0xD5,
    0xFF, 0x7B, 0xF7, 0xE7, 0xE7, 0xE1, 0xDB, 0xEE, 0x57, 0x5A, 0x56, 0x62, 0xFF, 0x6A, 0x4F, 0x4D,
    0x4D, 0x4D, 0x4F, 0x59, 0x53, 0x56, 0x5D, 0x5E, 0xFF, 0xFF, 0xE2, 0x60, 0x55, 0x7C, 0xD6, 0x63,
    0x5B, 0x5B, 0x6D, 0xFF, 0xE5, 0xDF, 0xE7, 0xDB, 0xDB, 0xE7, 0xDB, 0xDB, 0xE5, 0xDB, 0x6C, 0x67,
    0x73, 0xFF, 0xF2, 0xDD, 0xD5, 0xD7, 0xD3, 0xD3, 0xCF, 0xD4, 0xDF, 0xF9, 0xE7, 0xE7, 0xDC, 0xDE,
    0xE7, 0xE7, 0xEF, 0xEA, 0x6D, 0x53, 0x5B, 0x5B, 0x5B, 0x5B, 0x5B, 0x5B, 0x5F, 0x4F, 0x53, 0x6D,
    0xFF, 0x7A, 0x6F, 0x5D, 0x67, 0x67, 0x68, 0xDF, 0xE7, 0xDF, 0x67, 0x7C, 0xFF, 0xED, 0xFF, 0x71,
    0x67, 0x67, 0x70, 0x5C, 0x56, 0x62, 0x68, 0x70, 0x67, 0xF2, 0xD7, 0xFB, 0xE7, 0x71, 0x67, 0x67,
    0x67, 0xF8, 0xDF, 0xE7, 0xED, 0xEB, 0xD4, 0xE7, 0xFF, 0xF7, 0xE7, 0xFF, 0xDD, 0xD9, 0xDA, 0xD3,
    0xD3, 0xD3, 0xD3, 0xD3, 0xD3, 0xD3, 0xD5, 0xE0, 0xE7, 0x67, 0x67, 0x54, 0x5F, 0x5D, 0x67, 0x71,
    0xE8, 0x5E, 0x5F, 0x7C, 0x67, 0x67, 0xFF, 0xFF, 0x54, 0x4D, 0x48, 0x52, 0x4D, 0x4D, 0x55, 0x5B,
    0x5B, 0x63, 0xFF, 0xFF, 0xEF, 0xE7, 0xE7, 0x68, 0x53, 0x5B, 0x5B, 0xFF, 0xFF, 0xE9, 0xE7, 0xF4,
    0xE6, 0xDB, 0xE4, 0xE1, 0xD8, 0xE6, 0xE1, 0xFF, 0xE8, 0xFF, 0xDE, 0xE7, 0xE7, 0xE7, 0xDB, 0xDB,
    0xDB, 0xDB, 0xE5, 0xE3, 0xDB, 0xE7, 0xED, 0xEB, 0xE9, 0xFF, 0xE9, 0xF0, 0x5E, 0x53, 0x64, 0x6B,
    0xFF, 0xEF, 0xE7, 0xEC, 0xFF, 0x7D, 0x60, 0x5B, 0x6A, 0xFF, 0xDC, 0xEC, 0x6C, 0x67, 0x5C, 0x5A,
    0x67, 0x5F, 0x5B, 0x5B, 0x62, 0xF9, 0xDF, 0xE7, 0xFF, 0xFF, 0xE8, 0x66, 0x53, 0x4E, 0x57, 0x54,
    0x5F, 0xFF, 0xFF, 0xFF, 0xDF, 0xD4, 0xDB, 0xDB, 0xF6, 0xE7, 0xFF, 0xFF, 0xFF, 0xE5, 0xE0, 0xDC,
    0xDB, 0xDB, 0xDB, 0xDB, 0xDB, 0xEA, 0xFF, 0xE8, 0xE7, 0xDE, 0xDB, 0xDB, 0xCF, 0xCE, 0xCF, 0xD3,
    0xF5, 0x76, 0xFF, 0x6F, 0x67, 0x67, 0x67, 0x7E, 0x6D, 0xFF, 0x65, 0x57, 0x5A, 0x5B, 0x56, 0x53,
    0x58, 0x59, 0x51, 0x49, 0x4D, 0x4F, 0x59, 0x67, 0x67, 0x67, 0xF9, 0xE7, 0xDC, 0xDE, 0xE7, 0xFF,
    0x70, 0x67, 0x6A, 0xFF, 0xFF, 0x6C, 0xEC, 0xE7, 0xE0, 0xDB, 0xE7, 0xDE, 0xDB, 0xE7, 0xF7, 0xFF,
    0xEF, 0xE7, 0xE3, 0xE1, 0xFF, 0xE7, 0xE7, 0xE7, 0xE7, 0xE7, 0xE7, 0xE7, 0xE7, 0xE7, 0xE7, 0xDA,
    0xDC, 0xE7, 0xDE, 0xF5, 0x5C, 0x6E, 0xEA, 0x6A, 0xEE, 0xE7, 0xED, 0xEC, 0xDB, 0xE6, 0xFF, 0x70,
    0x61, 0x7E, 0x67, 0x76, 0xFF, 0xFF, 0xE9, 0x57, 0x50, 0x5B, 0x5B, 0x55, 0x5D, 0x6F, 0x67, 0x5D,
    0x67, 0x67, 0x79, 0xE7, 0x64, 0x5B, 0x5B, 0x56, 0x5B, 0x68, 0x71, 0x78, 0xF9, 0xE7, 0xE7, 0xE7,
    0xDE, 0xDB, 0xDB, 0xDB, 0xD3, 0xCF, 0xD3, 0xD6, 0xE3, 0xE7, 0xE7, 0xFA, 0xFF, 0xFF, 0xE7, 0xDE,
    0xE7, 0xE7, 0xDF, 0xDB, 0xDB, 0xE1, 0xE7, 0xEE, 0x6B, 0x5C, 0x67, 0x67, 0x60, 0xFF, 0xFE, 0xEE,
    0xEA, 0xDD, 0xDF, 0xD4, 0xF3, 0x67, 0x5B, 0x53, 0x4E, 0x5D, 0x67, 0x54, 0x4D, 0x4B, 0x4E, 0x5B,
    0x5B, 0x77, 0x72, 0xE7, 0xF3, 0xDD, 0xD3, 0xD7, 0xF7, 0x67, 0x67, 0x67, 0x63, 0xFF, 0xFF, 0x6F,
    0x7B, 0xF6, 0xE7, 0xFE, 0xE7, 0xF8, 0xFF, 0xEE, 0xFD, 0xF5, 0xF5, 0xFD, 0xEE, 0xEA, 0xDD, 0xE7,
    0xE7, 0xDE, 0xDE, 0xDB, 0xDB, 0xE5, 0xE4, 0xDB, 0xE7, 0xE2, 0xDB, 0x78, 0x67, 0xFF, 0x67, 0x72,
    0xFF, 0xE7, 0xF7, 0xE5, 0xD7, 0xDA, 0xDB, 0xD6, 0xE8, 0x67, 0x67, 0x64, 0x60, 0x5C, 0x60, 0xFF,
    0x65, 0x4D, 0x52, 0x55, 0x60, 0x67, 0x6C, 0xEC, 0xE7, 0xE7, 0x6C, 0x5F, 0x5D, 0x53, 0x59, 0x59,
    0x67, 0x67, 0x67, 0x67, 0x72, 0x67, 0xFF, 0xEB, 0xE7, 0xE7, 0xDC, 0xE0, 0xED, 0xE7, 0xDB, 0xDB,
    0xD5, 0xD7, 0xCE, 0xE3, 0xD6, 0xDB, 0xDB, 0xDB, 0xDB, 0xD7, 0xDB, 0xDB, 0xE2, 0xE6, 0xED, 0x5D,
    0x5B, 0x5B, 0x66, 0x5B, 0x5B, 0x5C, 0x6F, 0xEA, 0xDB, 0xE1, 0xE7, 0xE7, 0xE7, 0x7B, 0x67, 0x67,
    0x67, 0x67, 0x67, 0x67, 0x77, 0x63, 0x53, 0x53, 0x5B, 0x6C, 0xFE, 0xEE, 0xEB, 0xDB, 0xDB, 0xDB,
    0xF2, 0x67, 0x67, 0x67, 0x67, 0xFF, 0xFF, 0x68, 0x5B, 0x5B, 0x67, 0x6E, 0xFF, 0x78, 0x67, 0x7E,
    0xFF, 0xFF, 0xE7, 0xE7, 0xE7, 0xDB, 0xDB, 0xDB, 0xDE, 0xE7, 0xE7, 0xE7, 0xDC, 0xDB, 0xDB, 0xE7,
    0xE1, 0xDB, 0x6A, 0xFF, 0xFF, 0x67, 0x74, 0xFF, 0xF1, 0xF9, 0xFF, 0xEE, 0xE7, 0xE7, 0xF5, 0xE7,
    0xE7, 0xE7, 0x5B, 0x60, 0x67, 0xFF, 0x6C, 0xFC, 0xFD, 0x7A, 0x60, 0x58, 0x5B, 0x5B, 0x5B, 0x67,
    0x6F, 0xFF, 0xFF, 0xFF, 0x5B, 0x53, 0x6C, 0x65, 0x5B, 0x65, 0x63, 0x62, 0x67, 0x67, 0x78, 0xE7,
    0xDF, 0xDB, 0xDB, 0xDB, 0xDB, 0xD8, 0xCE, 0xCE, 0xD8, 0xE6, 0xE7, 0xE7, 0xFC, 0xE7, 0xE7, 0xF8,
    0xE7, 0xFE, 0xE7, 0xE7, 0xFF, 0x6F, 0x55, 0x55, 0x61, 0x67, 0x67, 0x77, 0x7A, 0x6F, 0xE9, 0xE7,
    0xDE, 0xDB, 0xDB, 0xDB, 0xDB, 0xDB, 0xFA, 0x62, 0x5B, 0x5B, 0x5F, 0x78, 0xF9, 0xE7, 0xE7, 0x6D,
    0x5B, 0x67, 0x67, 0x79, 0xE7, 0xE7, 0xE7, 0xE2, 0x60, 0x52, 0x4D, 0x4D, 0x53, 0x58, 0x67, 0x67,
    0x5D, 0x5C, 0x6F, 0xFF, 0xF7, 0xDE, 0xDC, 0xE7, 0xE7, 0xFF, 0xEF, 0xFC, 0xFF, 0xFF, 0xDB, 0xDB,
    0xDB, 0xDD, 0xE7, 0xE7, 0xE7, 0xE7, 0xDB, 0xDF, 0xE7, 0xDB, 0xDB, 0xE7, 0xDB, 0xE3, 0xE7, 0xE7,
    0xE7, 0xE4, 0xE1, 0xE7, 0xE7, 0xE7, 0xE7, 0xE7, 0xE7, 0xE7, 0xE7, 0xFF, 0xFF, 0xFF, 0xFF, 0xFF,
    0xFF, 0xF6, 0xE7, 0xE7, 0xDB, 0xD5, 0xDB, 0xE0, 0xE7, 0xEC, 0xFF, 0xE7, 0xE7, 0xF9, 0xFF, 0xFF,
    0xFF, 0xFF, 0xEC, 0xFF, 0xF0, 0xE7, 0xE7, 0xE7, 0xE7, 0xE2, 0xDB, 0xE7, 0xE7, 0xE7, 0xE7, 0xE7,
    0xE7, 0xED, 0xFF, 0xFB, 0xE7, 0xFB, 0xF6, 0xE7, 0xFF, 0xFF, 0xEB, 0xE7, 0xE7, 0xFC, 0xFF, 0x6C,
    0xFF, 0xF1, 0xDD, 0xE7, 0xE7, 0xE7, 0xE7, 0xE7, 0xFD, 0xE7, 0xE7, 0xF8, 0xE7, 0xE7, 0xF4, 0xDE,
    0xDC, 0xE7, 0xDD, 0xE7, 0xE7, 0xE7, 0xE7, 0xE7, 0xE7, 0xEF, 0xFF, 0xFF, 0xFF, 0xE7, 0xF2, 0xF8,
    0xE7, 0xE7, 0xFC, 0xF6, 0xE7, 0xE7, 0xE7, 0xE7, 0xEA, 0xFF, 0xFF, 0xFF, 0xFF, 0xE7, 0xE7, 0xE7,
    0xFF, 0xFF, 0xFF, 0xE7, 0xE7, 0xE7, 0xEF, 0xFF, 0xFF, 0xEE, 0xE7, 0xE7, 0xF7, 0xE7, 0xE7, 0xE7,
    0xE7, 0xF3, 0xE7, 0xE1, 0xE3, 0xE7, 0xE7, 0xE7, 0xE7, 0xE7, 0xFF, 0xFF, 0xFF, 0xFF, 0xFF, 0xFF,
    0x75, 0x67, 0xFD, 0xE7, 0xE7, 0xE7, 0xF1, 0xFF, 0xFF, 0xFF, 0xFC, 0xE7, 0xFA, 0xE7, 0xE7, 0xFE,
    0xFF, 0xEC, 0xE7, 0xE7, 0xE7, 0xE7, 0xE7, 0xFF, 0xED, 0xFF, 0xE9, 0xFF, 0x69, 0xFF, 0xFF, 0xE7,
    0xE7, 0xE7, 0xE7, 0xE7, 0xE7, 0xEC, 0xFF, 0xFF, 0xFF, 0xFF, 0xFF, 0xFF, 0xFF, 0xE7, 0xF5, 0xFF,
    0x70, 0x67, 0x67, 0x71, 0xFF, 0xF4, 0xF6, 0xFC, 0xEF, 0xFF, 0xFF, 0xFF, 0xFF, 0xFF, 0xEB, 0xE7,
    0xDF, 0xE5, 0xE7, 0xE7, 0xFF, 0xED, 0xEB, 0xE7, 0xE7, 0xFC, 0xFF, 0xFF, 0xFF, 0xFF, 0xFF, 0xE7,
    0xF1, 0xFF, 0xFF, 0xFF, 0xFF, 0xFF, 0xFF, 0xFF, 0xFF, 0xFF, 0xFF, 0xFF, 0xFF, 0xFF, 0xEA, 0xFF,
    0xFF, 0xFF, 0xFF, 0xFF, 0xFF, 0xEF, 0xE7, 0xEB, 0xFF, 0x7E, 0x6D, 0xFF, 0xFF, 0xFF, 0xFF, 0xFF,
    0xFF, 0xFE, 0xE7, 0xE7, 0xE7, 0xE7, 0xE7, 0xEC, 0xFF, 0xFF, 0xFF, 0xFF, 0xFF, 0xFF, 0xFF, 0xFF,
    0xFF, 0xFF, 0xFF, 0xFF, 0xFF, 0xFF, 0xFF, 0xFF, 0xFF, 0x7B, 0x6F, 0xFF, 0xFF, 0xFF, 0xFF, 0xFF,
    0xFF, 0xFF, 0xFF, 0xFF, 0xFF, 0xFF, 0xFF, 0xFF, 0xFF, 0xFF, 0xFF, 0xFF, 0xFF, 0xFF, 0xFF, 0xFF,
    0xFF, 0x73, 0x57, 0x53, 0x56, 0x56, 0x45, 0x47, 0x4D, 0x4D, 0x4D, 0x65, 0xFF, 0xFF, 0x7C, 0xF2,
    0xDB, 0xDA, 0xCF, 0xCD, 0xE1, 0xD0, 0xC4, 0x6F, 0xBF, 0x5B, 0xC2, 0x4D, 0x4C, 0xC8, 0xBB, 0xD5,
    0x4E, 0x5A, 0x44, 0x3B, 0x40, 0x3D, 0x3C, 0x3E, 0x3E, 0x41, 0x3E, 0x3D, 0x47, 0x44, 0x3C, 0x43,
    0x52, 0x51, 0x5B, 0xFF, 0xF0, 0xDD, 0xCE, 0xD8, 0xCE, 0xC9, 0xC9, 0xCA, 0xCD, 0xD2, 0xD3, 0xCF,
    0xC9, 0xC9, 0xC9, 0xCC, 0x7E, 0x5C, 0xE3, 0xE2, 0xDC, 0xE7, 0xE7, 0xE7, 0xE7, 0xE7, 0xD7, 0xCB,
    0xCD, 0xCF, 0xD3, 0xDA, 0xCF, 0xD3, 0xC7, 0xCF, 0xC6, 0xD3, 0xF4, 0x67, 0xF9, 0xE7, 0x6D, 0x60,
    0x53, 0x4F, 0x4A, 0x49, 0x49, 0x53, 0x48, 0x45, 0x3E, 0x3F, 0x3F, 0x3C, 0x3B, 0x3C, 0x3E, 0x3E,
    0x3E, 0x3D, 0x45, 0x41, 0x41, 0x3E, 0x3E, 0x3E, 0x3D, 0x3E, 0x3E, 0x3E, 0x3F, 0x45, 0x45, 0x45,
    0x46, 0x49, 0x4D, 0x4B, 0x4D, 0x53, 0x53, 0x5A, 0x53, 0x53, 0x5B, 0x67, 0x67, 0xFB, 0xDB, 0xD3,
    0xD3, 0xD3, 0xCD, 0xC9, 0xC6, 0xC9, 0xC7, 0xC5, 0xC1, 0xBE, 0xBE, 0xBE, 0xBE, 0xBF, 0xBF, 0xBE,
    0xBE, 0xC0, 0xC1, 0xBE, 0xBB, 0xBC, 0xBE, 0xBD, 0xBD, 0xC0, 0xC1, 0xC1, 0xC5, 0xC9, 0xC8, 0xC9,
    0xC8, 0xC8, 0xCD, 0xCD, 0xCD, 0xCD, 0xCD, 0xCD, 0xD6, 0xDB, 0xDA, 0xDC, 0xE7, 0xEB, 0xED, 0xE8,
    0x67, 0x77, 0x67, 0x5F, 0x5B, 0x59, 0x59, 0x5B, 0x53, 0x53, 0x53, 0x4F, 0x46, 0x41, 0x3F, 0x3C,
    0x3D, 0x3D, 0x3C, 0x3C, 0x3E, 0x3C, 0x3C, 0x3E, 0x3E, 0x41, 0x41, 0x41, 0x41, 0x40, 0x3E, 0x3F,
    0x43, 0x3F, 0x3B, 0x3C, 0x3C, 0x3C, 0x3E, 0x41, 0x41, 0x41, 0x41, 0x44, 0x45, 0x45, 0x49, 0x49,
    0x47, 0x45, 0x45, 0x48, 0x4E, 0x53, 0x53, 0x5D, 0x67, 0x67, 0x67, 0x75, 0xE9, 0xF0, 0xDD, 0xE4,
    0xDB, 0xDB, 0xD9, 0xD3, 0xD2, 0xCD, 0xCA, 0xC9, 0xC7, 0xC9, 0xC8, 0xC5, 0xC5, 0xC3, 0xC1, 0xC3,
    0xC8, 0xC9, 0xC9, 0xC9, 0xC2, 0xC5, 0xC5, 0xC5, 0xC5, 0xC9, 0xC8, 0xC5, 0xC2, 0xC5, 0xC5, 0xC5,
    0xC5, 0xC5, 0xC5, 0xC2, 0xC2, 0xC5, 0xC5, 0xC9, 0xC9, 0xCA, 0xCC, 0xCD, 0xCD, 0xCD, 0xC9, 0xCD,
    0xCD, 0xCE, 0xD3, 0xCE, 0xD3, 0xD8, 0xDB, 0xDB, 0xE4, 0xDB, 0xE0, 0xE7, 0xE7, 0xF4, 0x7D, 0x67,
    0x67, 0x5B, 0x5B, 0x5B, 0x53, 0x53, 0x53, 0x53, 0x53, 0x53, 0x4F, 0x4A, 0x45, 0x45, 0x49, 0x49,
    0x4D, 0x49, 0x49, 0x45, 0x48, 0x45, 0x3E, 0x3C, 0x3B, 0x38, 0x38, 0x38, 0x38, 0x3A, 0x3B, 0x3C,
    0x3C, 0x3E, 0x3E, 0x3C, 0x3C, 0x3C, 0x3F, 0x41, 0x41, 0x3E, 0x3C, 0x3E, 0x3E, 0x41, 0x42, 0x45,
    0x45, 0x49, 0x49, 0x4D, 0x4F, 0x5A, 0x5B, 0x56, 0x5B, 0x5E, 0x67, 0x67, 0x6F, 0xE9, 0xF7, 0xDE,
    0xDB, 0xD8, 0xCE, 0xD2, 0xCD, 0xCD, 0xC8, 0xC5, 0xC9, 0xC9, 0xC6, 0xC2, 0xC3, 0xC1, 0xC1, 0xC1,
    0xC2, 0xC5, 0xC5, 0xC1, 0xC0, 0xC1, 0xC0, 0xC0, 0xC2, 0xC7, 0xC9, 0xCC, 0xC8, 0xCD, 0xC9, 0xC7,
    0xC5, 0xC7, 0xC6, 0xC5, 0xC5, 0xC9, 0xCB, 0xCA, 0xC9, 0xC9, 0xC6, 0xC6, 0xC9, 0xC9, 0xCB, 0xCD,
    0xCD, 0xD0, 0xD3, 0xD3, 0xD3, 0xD3, 0xD7, 0xE4, 0xDB, 0xDB, 0xE6, 0xE2, 0xE2, 0xE8, 0xFF, 0xFF,
    0xFF, 0xFF, 0xFF, 0x74, 0x75, 0x67, 0x60, 0x5B, 0x5D, 0x67, 0x67, 0x61, 0x5B, 0x67, 0x5F, 0x5B,
    0x5B, 0x5B, 0x53, 0x50, 0x51, 0x52, 0x4D, 0x52, 0x53, 0x4F, 0x4D, 0x4F, 0x53, 0x4D, 0x4B, 0x49,
    0x45, 0x45, 0x45, 0x41, 0x41, 0x45, 0x45, 0x45, 0x47, 0x49, 0x4A, 0x4D, 0x4D, 0x4A, 0x4D, 0x4D,
    0x50, 0x48, 0x42, 0x45, 0x49, 0x45, 0x45, 0x49, 0x4C, 0x4C, 0x4E, 0x53, 0x53, 0x5B, 0x5B, 0x67,
    0x67, 0x67, 0x67, 0x67, 0x67, 0x75, 0x74, 0xE6, 0xDF, 0xE7, 0xE7, 0xDF, 0xDB, 0xD6, 0xDB, 0xDB,
    0xD3, 0xD3, 0xDB, 0xD7, 0xD3, 0xD3, 0xCF, 0xCD, 0xCD, 0xD2, 0xCE, 0xD3, 0xD3, 0xD3, 0xD3, 0xD3,
    0xD3, 0xDA, 0xD5, 0xDB, 0xE7, 0xE1, 0xE4, 0xE5, 0xD7, 0xD3, 0xD3, 0xDE, 0xE7, 0xE1, 0xDB, 0xDB,
    0xDB, 0xDB, 0xD1, 0xD1, 0xDB, 0xDF, 0xDD, 0xD5, 0xE0, 0xE7, 0xD9, 0xD3, 0xDB, 0xDB, 0xDB, 0xD5,
    0xDB, 0xDB, 0xDB, 0xE3, 0xDB, 0xDB, 0xE5, 0xF7, 0xF3, 0xFF, 0xFF, 0xFF, 0xFF, 0xEF, 0xE7, 0x76,
    0x67, 0xFF, 0x72, 0x67, 0x5A, 0x58, 0x5B, 0x5B, 0x5B, 0x5C, 0x67, 0x67, 0x64, 0x5B, 0x66, 0x67,
    0x67, 0x5B, 0x5B, 0x64, 0x67, 0x67, 0x67, 0x6D, 0xFF, 0x64, 0x53, 0x5A, 0x53, 0x4F, 0x4D, 0x4B,
    0x4D, 0x4D, 0x4D, 0x4D, 0x55, 0x5B, 0x5B, 0x58, 0x4E, 0x4A, 0x4D, 0x4D, 0x4F, 0x53, 0x53, 0x4F,
    0x5A, 0x5B, 0x5B, 0x66, 0x6C, 0xFF, 0x67, 0x67, 0x79, 0xE7, 0xE7, 0xE7, 0xE7, 0xE7, 0xDB, 0xDB,
    0xDB, 0xDB, 0xDB, 0xDB, 0xDB, 0xDB, 0xD2, 0xCD, 0xCD, 0xD1, 0xD0, 0xD3, 0xD3, 0xCE, 0xD3, 0xD3,
    0xCE, 0xD3, 0xCF, 0xCD, 0xCF, 0xD3, 0xD3, 0xD3, 0xD3, 0xD6, 0xE2, 0x68, 0xF1, 0xE7, 0xF9, 0xE7,
    0xE7, 0xEC, 0xEC, 0xFF, 0xFF, 0xEA, 0xE7, 0xE7, 0xE7, 0xE7, 0xE7, 0xE9, 0xFF, 0xFF, 0xE3, 0xDB,
    0xE7, 0xE7, 0xE7, 0xE7, 0xEF, 0xE9, 0xDE, 0xE7, 0xE7, 0xE7, 0xF8, 0xFF, 0xFF, 0xFF, 0xF6, 0xDE,
    0xFF, 0x71, 0x78, 0xF9, 0xE7, 0xFD, 0xFF, 0xFF, 0xE8, 0xFF, 0xFF, 0xFF, 0xFF, 0xFF, 0xF4, 0xF6,
    0xFF, 0xFF, 0xFF, 0xFF, 0xFF, 0xFF, 0xFF, 0x6B, 0x65, 0x5B, 0x65, 0x5D, 0x67, 0x67, 0x6D, 0x6B,
    0x65, 0x5B, 0x5B, 0x51, 0x4D, 0x4E, 0x4E, 0x46, 0x45, 0x41, 0x41, 0x45, 0x48, 0x49, 0x49, 0x46,
    0x41, 0x3F, 0x3E, 0x3F, 0x41, 0x45, 0x47, 0x49, 0x49, 0x4C, 0x4D, 0x53, 0x59, 0x5A, 0x53, 0x53,
    0x5B, 0x61, 0x67, 0x67, 0x67, 0xFF, 0xFF, 0xFF, 0xF6, 0xE7, 0xFF, 0xFF, 0xEB, 0xE7, 0xDF, 0xE6,
    0xD9, 0xD9, 0xDB, 0xD8, 0xD3, 0xD3, 0xD3, 0xD3, 0xCF, 0xD3, 0xD3, 0xCD, 0xCD, 0xCD, 0xCD, 0xCD,
    0xD3, 0xD3, 0xD5, 0xE7, 0xE7, 0xE7, 0xDE, 0xDB, 0xDB, 0xDB, 0xD3, 0xD3, 0xCE, 0xCC, 0xC9, 0xC9,
    0xCB, 0xCA, 0xC9, 0xC9, 0xC9, 0xC9, 0xC7, 0xC6, 0xC9, 0xC9, 0xC9, 0xC9, 0xC9, 0xCB, 0xCD, 0xCD,
    0xCD, 0xCD, 0xCE, 0xD3, 0xCE, 0xCF, 0xD3, 0xCE, 0xD7, 0xDB, 0xDB, 0xE1, 0xDB, 0xDB, 0xDB, 0xE7,
    0xE7, 0xDC, 0xDB, 0xDB, 0xDB, 0xE7, 0xE7, 0xE7, 0xF0, 0xE9, 0xFF, 0xFF, 0x7D, 0x6E, 0x6A, 0x67,
    0x67, 0x67, 0x5B, 0x62, 0x66, 0x5F, 0x67, 0x5B, 0x5B, 0x54, 0x53, 0x53, 0x4D, 0x4D, 0x4D, 0x49,
    0x47, 0x45, 0x43, 0x45, 0x45, 0x45, 0x42, 0x3E, 0x3E, 0x3E, 0x3E, 0x40, 0x42, 0x45, 0x45, 0x45,
    0x45, 0x49, 0x4D, 0x4D, 0x4D, 0x4D, 0x4D, 0x4D, 0x4D, 0x53, 0x53, 0x53, 0x55, 0x57, 0x53, 0x56,
    0x5B, 0x5B, 0x58, 0x53, 0x5B, 0x5B, 0x67, 0x67, 0x76, 0x69, 0xFF, 0xFF, 0xF7, 0xE7, 0xE7, 0xDB,
    0xDB, 0xDA, 0xD3, 0xD3, 0xD1, 0xCD, 0xCD, 0xCD, 0xCA, 0xCE, 0xD3, 0xDB, 0xDB, 0xDB, 0xD3, 0xD0,
    0xCD, 0xCD, 0xCD, 0xCD, 0xCD, 0xCD, 0xCD, 0xCD, 0xCA, 0xC9, 0xC9, 0xCD, 0xCD, 0xCD, 0xCA, 0xCC,
    0xCD, 0xCD, 0xCD, 0xCD, 0xD3, 0xD3, 0xD3, 0xD3, 0xD3, 0xD3, 0xD8, 0xDB, 0xDB, 0xDB, 0xE7, 0xDF,
    0xDB, 0xE7, 0xF4, 0xFF, 0xF2, 0xF8, 0xFF, 0xFF, 0xFF, 0x67, 0x67, 0x67, 0x67, 0x67, 0x5D, 0x67,
    0x67, 0x62, 0x5B, 0x5B, 0x5B, 0x5B, 0x67, 0x67, 0x67, 0x67, 0x67, 0x67, 0x6F, 0x69, 0xFF, 0xFF,
    0xE7, 0xE7, 0xE7, 0xE7, 0xEF, 0x69, 0x67, 0x67, 0x67, 0x61, 0x5B, 0x5B, 0x5B, 0x54, 0x4D, 0x4D,
    0x4D, 0x4D, 0x52, 0x53, 0x53, 0x53, 0x53, 0x53, 0x5B, 0x53, 0x5A, 0x5B, 0x5B, 0x5B, 0x5E, 0x5D,
    0x5B, 0x5B, 0x65, 0x67, 0x67, 0x67, 0x67, 0x67, 0x67, 0x67, 0x67, 0x67, 0x67, 0x67, 0x67, 0x67,
    0x69, 0xFF, 0x69, 0x67, 0x67, 0x67, 0x67, 0x67, 0x67, 0x70, 0x68, 0x67, 0x67, 0x68, 0xFF, 0x6A,
    0x6A, 0xFF, 0x68, 0x5B, 0x5B, 0x5B, 0x5B, 0x5B, 0x5D, 0x72, 0xFF, 0xFF, 0xFF, 0xFF, 0xEF, 0xE7,
    0xE7, 0xE7, 0xE7, 0xE1, 0xDB, 0xDB, 0xDB, 0xDB, 0xDB, 0xDB, 0xDB, 0xDB, 0xD5, 0xD3, 0xD3, 0xD3,
    0xD3, 0xD3, 0xCE, 0xD3, 0xD3, 0xD3, 0xD3, 0xD3, 0xD3, 0xCF, 0xD3, 0xD3, 0xD3, 0xD3, 0xD3, 0xD3,
    0xD3, 0xD3, 0xD3, 0xD3, 0xD3, 0xD5, 0xD6, 0xDB, 0xD3, 0xD9, 0xDB, 0xDB, 0xDB, 0xDB, 0xDB, 0xDC,
    0xE7, 0xE7, 0xE7, 0xE7, 0xE7, 0xE7, 0xE7, 0xE7, 0xE0, 0xE4, 0xE7, 0xE7, 0xE7, 0xEC, 0x6C, 0x67,
    0x67, 0x67, 0x5B, 0x57, 0x53, 0x4C, 0x47, 0x45, 0x47, 0x49, 0x49, 0x4C, 0x4D, 0x4D, 0x4D, 0x53,
    0x53, 0x53, 0x53, 0x58, 0x53, 0x53, 0x59, 0x5B, 0x5B, 0x5B, 0x67, 0x67, 0x67, 0x6E, 0x6A, 0x67,
    0x67, 0x7C, 0x67, 0x67, 0x67, 0x67, 0x67, 0x67, 0x71, 0x68, 0x67, 0x67, 0xFF, 0xFF, 0xFF, 0xFF,
    0xFF, 0xFF, 0xFF, 0xFF, 0xFF, 0xFF, 0xFF, 0xFF, 0xFF, 0x7E, 0x67, 0x5D, 0x5A, 0x57, 0x5B, 0x5B,
    0x5B, 0x5B, 0x67, 0x5D, 0x67, 0x67, 0x67, 0xFF, 0xFF, 0xFF, 0xFF, 0xFF, 0xF9, 0xE7, 0xE7, 0xE7,
    0xE7, 0xE7, 0xE7, 0xDD, 0xE4, 0xDB, 0xDB, 0xDB, 0xDB, 0xDB, 0xD3, 0xD3, 0xD3, 0xD3, 0xD3, 0xD8,
    0xD3, 0xD3, 0xD3, 0xD3, 0xD1, 0xD0, 0xD3, 0xD3, 0xCE, 0xCE, 0xCF, 0xCD, 0xCD, 0xCD, 0xCD, 0xCD,
    0xCD, 0xCD, 0xCD, 0xCD, 0xCD, 0xD1, 0xD3, 0xD3, 0xD3, 0xD3, 0xD8, 0xDB, 0xDB, 0xDB, 0xDB, 0xDF,
    0xE7, 0xE7, 0xDF, 0xDB, 0xDE, 0xE7, 0x7B, 0x5F, 0x5B, 0x63, 0x5B, 0x5B, 0x55, 0x4A, 0x45, 0x45,
    0x45, 0x46, 0x49, 0x49, 0x49, 0x4D, 0x4D, 0x4D, 0x4D, 0x51, 0x51, 0x53, 0x53, 0x53, 0x53, 0x53,
    0x53, 0x56, 0x5B, 0x5B, 0x5B, 0x5B, 0x5B, 0x61, 0x67, 0x67, 0x67, 0x67, 0x67, 0x67, 0xFF, 0xFF,
    0xFF, 0xFF, 0xFF, 0xFF, 0xFF, 0xFF, 0xFF, 0xED, 0xE7, 0xE7, 0xE7, 0xE5, 0xDB, 0xE6, 0xE7, 0xE7,
    0xE7, 0xEE, 0x6A, 0x5B, 0x5B, 0x5B, 0x5E, 0x67, 0x67, 0x67, 0x67, 0x6A, 0xFF, 0xE8, 0xFF, 0xFF,
    0xE7, 0xE7, 0xE7, 0xE7, 0xE7, 0xE7, 0xE7, 0xDD, 0xDB, 0xDB, 0xDB, 0xDB, 0xDB, 0xDB, 0xD7, 0xDB,
    0xDB, 0xDB, 0xDB, 0xDB, 0xDB, 0xDB, 0xD7, 0xDB, 0xDB, 0xDB, 0xDB, 0xDB, 0xDB, 0xDB, 0xDB, 0xDB,
    0xDB, 0xDB, 0xDB, 0xDB, 0xDB, 0xDB, 0xDB, 0xDB, 0xDB, 0xDB, 0xDB, 0xDB, 0xDB, 0xDB, 0xDB, 0xDB,
    0xDB, 0xDB, 0xDB, 0xE7, 0xE7, 0xE7, 0xE7, 0xE7, 0xE7, 0xE7, 0xE7, 0xE7, 0xE7, 0xE7, 0xF0, 0xFF,
    0x5B, 0x5B, 0x5B, 0x5B, 0x5B, 0x50, 0x47, 0x45, 0x45, 0x45, 0x49, 0x49, 0x4D, 0x4D, 0x50, 0x53,
    0x53, 0x53, 0x54, 0x5B, 0x5B, 0x5B, 0x5B, 0x5B, 0x61, 0x63, 0x67, 0x67, 0x67, 0x6B, 0xFF, 0x67,
    0xFF, 0xFF, 0xFF, 0xFF, 0xFF, 0xFF, 0xFF, 0xFF, 0xFF, 0xFF, 0xFF, 0xFF, 0xFF, 0xE7, 0xE7, 0xE7,
    0xE0, 0xDB, 0xDB, 0xE1, 0xDC, 0xDB, 0xDB, 0xDB, 0xDB, 0xDB, 0xDF, 0xFF, 0xFF, 0xFF, 0xFF, 0xFF,
    0xFF, 0xFF, 0xFF, 0xFF, 0xE7, 0xED, 0xFF, 0xFF, 0xFF, 0xE9, 0xE7, 0xE7, 0xFF, 0xF2, 0xE7, 0xFF,
    0xFF, 0xFF, 0xFF, 0xFF, 0xFF, 0xFF, 0xFF, 0xFF, 0xFF, 0xFF, 0xFF, 0xFF, 0xFF, 0xFF, 0xFF, 0xFF,
    0xFF, 0xFF, 0xFF, 0x6B, 0x67, 0x6F, 0x69, 0x67, 0x67, 0x67, 0x67, 0x77, 0x69, 0xFF, 0xFF, 0xFF,
    0xFF, 0xFE, 0xE7, 0xE7, 0xE7, 0xE7, 0xE7, 0xE7, 0xE7, 0xE6, 0xDB, 0xDB, 0xDB, 0xDB, 0xDB, 0xDB,
    0xDB, 0xD3, 0xD3, 0xD3, 0xD3, 0xD3, 0xD3, 0xD3, 0xD9, 0xE9, 0xFF, 0xFF, 0x67, 0x5E, 0x5B, 0x5B,
    0x55, 0x4D, 0x4D, 0x52, 0x53, 0x53, 0x53, 0x5B, 0x5B, 0x5C, 0x67, 0x5C, 0x67, 0x67, 0x67, 0x67,
    0x67, 0x67, 0x67, 0x7C, 0xFF, 0xFF, 0xFF, 0xFF, 0xFF, 0xFF, 0xFF, 0xFF, 0xFF, 0xFF, 0xFF, 0xFF,
    0x69, 0x67, 0x67, 0x7E, 0xFF, 0xFF, 0xFF, 0xFF, 0xFF, 0xFF, 0xFF, 0xE7, 0xE7, 0xE7, 0xE7, 0xE7,
    0xE7, 0xE7, 0xE7, 0x7D, 0x60, 0x64, 0x67, 0x67, 0x67, 0x67, 0x67, 0x67, 0x67, 0x67, 0x67, 0x67,
    0x67, 0x74, 0x67, 0x68, 0xFF, 0x6A, 0x78, 0x67, 0x67, 0x67, 0x67, 0x69, 0xFF, 0xFF, 0xFF, 0xFF,
    0xFF, 0xFF, 0xFF, 0xFF, 0xFF, 0xFF, 0xFF, 0xFF, 0xFF, 0xF2, 0xE7, 0xE7, 0xE7, 0xE7, 0xE7, 0xE7,
    0xE7, 0xE7, 0xE7, 0xDB, 0xDB, 0xDB, 0xDB, 0xDB, 0xDB, 0xDB, 0xDB, 0xDB, 0xDB, 0xDB, 0xDB, 0xDB,
    0xDB, 0xDB, 0xDB, 0xDB, 0xDB, 0xDB, 0xDB, 0xDB, 0xDB, 0xDB, 0xDB, 0xDB, 0xDB, 0xDB, 0xDB, 0xDB,
    0xDB, 0xE0, 0xFC, 0x75, 0x5E, 0x53, 0x57, 0x55, 0x5B, 0x57, 0x53, 0x4C, 0x49, 0x4D, 0x4D, 0x4D,
    0x4E, 0x53, 0x53, 0x53, 0x53, 0x53, 0x53, 0x53, 0x5B, 0x5B, 0x5B, 0x5B, 0x5B, 0x5B, 0x5F, 0x67,
    0x67, 0x67, 0x67, 0xFF, 0xFF, 0xFF, 0xFF, 0xFF, 0xFF, 0xFF, 0xFF, 0xFF, 0xFF, 0xFA, 0xE7, 0xE7,
    0xE7, 0xE7, 0xDB, 0xDB, 0xDB, 0xDB, 0xDB, 0xDB, 0xDB, 0xDB, 0xE9, 0xFF, 0xFF, 0xFF, 0xFF, 0xFF,
    0xF4, 0xE7, 0xE7, 0xE7, 0xE7, 0xF7, 0xE7, 0xE7, 0xE7, 0xE7, 0xE7, 0xE7, 0xE7, 0xEB, 0xFF, 0xFF,
    0xFF, 0xFF, 0xFF, 0xFF, 0xFF, 0xFF, 0xFF, 0xFF, 0xFF, 0xFF, 0xFF, 0xFF, 0xFF, 0xFF, 0xFF, 0xFF,
    0xFF, 0xFF, 0xFF, 0xFF, 0xFF, 0xFF, 0xFF, 0xFF, 0xFF, 0xFF, 0xE7, 0xE7, 0xE7, 0xE7, 0xE7, 0xE7,
    0xE7, 0xE7, 0xE7, 0xE7, 0xE7, 0xE7, 0xE7, 0xE7, 0xE7, 0xE7, 0xE7, 0xDE, 0xDB, 0xDB, 0xDB, 0xDB,
    0xDB, 0xDB, 0xDB, 0xDB, 0xDB, 0xDB, 0xDB, 0xDB, 0xDB, 0xDB, 0xDE, 0x71, 0x5B, 0x53, 0x5A, 0x5B,
    0x5B, 0x5B, 0x5B, 0x5B, 0x5A, 0x53, 0x4E, 0x4E, 0x53, 0x53, 0x53, 0x53, 0x5B, 0x5B, 0x5B, 0x5B,
    0x5B, 0x5B, 0x5B, 0x5B, 0x67, 0x67, 0x67, 0x67, 0x67, 0x67, 0x67, 0x78, 0xFF, 0xFF, 0xFF, 0xFF,
    0xFF, 0xFF, 0xFF, 0xFF, 0xFF, 0xEE, 0xE7, 0xE7, 0xE7, 0xE7, 0xE7, 0xE7, 0xE7, 0xE7, 0xE7, 0xDB,
    0xDB, 0xDB, 0xDF, 0xFB, 0x76, 0x67, 0xFF, 0xFF, 0xFF, 0xFF, 0xFF, 0xFF, 0xFF, 0xFF, 0xFF, 0xFF,
    0xFF, 0xFF, 0xFF, 0xFF, 0xE7, 0xE7, 0xE8, 0xFF, 0xFF, 0xFF, 0xFF, 0xFF, 0xFF, 0xEC, 0xE7, 0xE7,
    0xE7, 0xE7, 0xE7, 0xE7, 0xE7, 0xE7, 0xE7, 0xE7, 0xE7, 0xE7, 0xE7, 0xE7, 0xE7, 0xE7, 0xE7, 0xE7,
    0xE7, 0xE7, 0xE7, 0xE7, 0xE7, 0xE7, 0xE7, 0xE7, 0xE7, 0xE7, 0xE7, 0xE7, 0xE7, 0xE7, 0xE7, 0xE7,
    0xE7, 0xE7, 0xE7, 0xE7, 0xE7, 0xE7, 0xE7, 0xE7, 0xE7, 0xE7, 0xE7, 0xE7, 0xE7, 0xE7, 0xE7, 0xE7,
    0xE7, 0xE7, 0xF7, 0x67, 0x5F, 0x5B, 0x51, 0x50, 0x53, 0x53, 0x53, 0x5B, 0x5B, 0x5B, 0x57, 0x4D,
    0x4D, 0x4D, 0x4D, 0x53, 0x53, 0x53, 0x53, 0x53, 0x54, 0x5B, 0x5B, 0x5B, 0x5B, 0x5B, 0x67, 0x67,
    0x67, 0x67, 0x67, 0x67, 0x72, 0xFF, 0xFF, 0xFF, 0xFF, 0xFF, 0xFF, 0xFF, 0xFF, 0xFF, 0xF2, 0xE7,
    0xE7, 0xE7, 0xE7, 0xE7, 0xE7, 0xE7, 0xE7, 0xDD, 0xDB, 0xDB, 0xDB, 0xEC, 0xFF, 0x67, 0x6E, 0xFF,
    0xFF, 0xFF, 0xFF, 0xFF, 0xFF, 0xFF, 0xFF, 0xFF, 0xFF, 0xFF, 0xFF, 0xFF, 0xFF, 0xE7, 0xE7, 0xFB,
    0xFF, 0xFF, 0xFF, 0xFF, 0xFF, 0xE7, 0xE7, 0xE7, 0xE7, 0xE7, 0xE7, 0xE7, 0xE7, 0xE7, 0xE7, 0xE7,
    0xE7, 0xE7, 0xE7, 0xE7, 0xE7, 0xE7, 0xE7, 0xE7, 0xE7, 0xE7, 0xE7, 0xE7, 0xE7, 0xE7, 0xE7, 0xE7,
    0xE7, 0xE7, 0xE7, 0xE7, 0xE7, 0xE7, 0xE7, 0xE7, 0xE7, 0xE7, 0xE7, 0xE7, 0xE7, 0xE7, 0xE7, 0xE7,
    0xE7, 0xE7, 0xE7, 0xE7, 0xE7, 0xE7, 0xE7, 0xE7, 0xE7, 0xE7, 0x79, 0x67, 0x67, 0x67, 0x5E, 0x53,
    0x53, 0x53, 0x55, 0x5B, 0x5B, 0x5B, 0x5B, 0x5A, 0x53, 0x4E, 0x4D, 0x50, 0x53, 0x53, 0x53, 0x54,
    0x5B, 0x5B, 0x5B, 0x5B, 0x5B, 0x5B, 0x5B, 0x67, 0x67, 0x67, 0x67, 0x74, 0xFF, 0xFF, 0xFF, 0xFF,
    0xFF, 0xFF, 0xFF, 0xFF, 0xFF, 0xFF, 0xEA, 0xE7, 0xE7, 0xE7, 0xE7, 0xE7, 0xE7, 0xE7, 0xE7, 0xE7,
    0xE7, 0xDC, 0xDB, 0xE3, 0xFF, 0x6F, 0x7A, 0xFF, 0xFF, 0xFF, 0xFF, 0xFF, 0xFF, 0xFF, 0xFF, 0xFF,
    0xFF, 0xFF, 0xFF, 0xFF, 0xFF, 0xFF, 0xFF, 0xEC, 0xFF, 0xFF, 0xFF, 0xFF, 0xFF, 0xFF, 0xFF, 0xF5,
    0xE7, 0xE7, 0xE7, 0xE7, 0xE7, 0xE7, 0xE7, 0xE7, 0xE7, 0xE7, 0xE7, 0xE7, 0xE7, 0xE7, 0xE7, 0xE7,
    0xE7, 0xE7, 0xE7, 0xE7, 0xE7, 0xE7, 0xE7, 0xE7, 0xE7, 0xE7, 0xE7, 0xE7, 0xE7, 0xE7, 0xE7, 0xE7,
    0xE7, 0xE7, 0xE7, 0xE7, 0xE7, 0xE7, 0xE7, 0xE7, 0xE7, 0xE7, 0xE7, 0xE7, 0xE7, 0xE7, 0xE7, 0xE7,
    0xE7, 0xE7, 0xE7, 0xE7, 0xE7, 0xE7, 0xE7, 0xE7, 0xE7, 0xE7, 0xE7, 0xE7, 0xF3, 0xF7, 0xFF, 0xFF,
    0xFF, 0xFF, 0xFF, 0xFE, 0xE7, 0xF8, 0xFF, 0xFF, 0xFF, 0xFF, 0xFF, 0xFF, 0xFF, 0xFF, 0xFF, 0xFF,
    0xFF, 0xFF, 0xFF, 0xFF, 0xFF, 0xFF, 0xFF, 0xFF, 0xFF, 0xFF, 0xFF, 0xFF, 0xFF, 0xFF, 0xFF, 0xFF,
    0xFF, 0xFF, 0xFF, 0xFF, 0xFF, 0xFF, 0xFF, 0xFF, 0xFF, 0xFF, 0xFF, 0xFF, 0xFF, 0xFF, 0xFF, 0xFF,
    0xFF, 0xFF, 0xFF, 0xFF, 0xFF, 0xFF, 0xFF, 0xFF, 0xFF, 0xFF, 0xFF, 0xFF, 0xFF, 0xFF, 0xFF, 0xFF,
    0xFF, 0xFF, 0xFF, 0xFF, 0xFF, 0xFF, 0xFF, 0xFF, 0xFF, 0xFF, 0xFF, 0xFF, 0xFF, 0xFF, 0xFF, 0xFF,
    0xFF, 0xFF, 0xFF, 0xFF, 0xFF, 0xFF, 0xFF, 0xFF, 0xFF, 0xFF, 0xFF, 0xFF, 0xFF, 0xFF, 0xFF, 0xFF,
    0xFF, 0xFF, 0xFF, 0xFF, 0xFF, 0xFF, 0xFF, 0xFF, 0xFF, 0xFF, 0xFF, 0xFF, 0xFF, 0xFF, 0xFF, 0xFF,
    0xFF, 0xFF, 0xFF, 0xFF, 0xFF, 0xFF, 0xFF, 0xFF, 0xFF, 0xFF, 0xFF, 0xFF, 0xFF, 0xFF, 0xFF, 0xFF,
    0xFF, 0xFF, 0xFF, 0xFF, 0xFF, 0xFF, 0xFF, 0xFF, 0xFF, 0xFF, 0xFF, 0xFF, 0xFF, 0xFF, 0xFF, 0xFF,
    0xFF, 0xFF, 0xFF, 0xFF, 0xFF, 0xFF, 0xFF, 0xFF, 0xFF, 0xFF, 0xFF, 0xFF, 0xFF, 0xFF, 0xFF, 0xFF,
    0xFF, 0xFF, 0xFF, 0xFF, 0xFF, 0xFF, 0xFF, 0xFF, 0xFF, 0xFF, 0xFF, 0xFF, 0xFF, 0xFF, 0xFF, 0xFF,
    0xFF, 0xFF, 0xFF, 0xFF, 0xFF, 0xFF, 0xFF, 0xFF, 0xFF, 0xFF, 0xFF, 0xFF, 0xFF, 0xFF, 0xFF, 0xFF,
    0xFF, 0xFF, 0xFF, 0xFF, 0xFF, 0xFF, 0xFF, 0xFF, 0xFF, 0xFF, 0xFF, 0xFF, 0xFF, 0xFF, 0xFF, 0xFF,
    0xFF, 0xFF, 0xFF, 0xFF, 0xFF, 0xFF, 0xFF, 0xFF, 0xFF, 0xFF, 0xFF, 0xFF, 0xFF, 0xFF, 0xFF, 0xFF,
    0xFF, 0xFF, 0xFF, 0xFF, 0xFF, 0xFF, 0xFF, 0xFF, 0xFF, 0xFF, 0xFF, 0xFF, 0xFF, 0xFF, 0xFF, 0xFF,
    0xFF, 0xFF, 0xFF, 0xFF, 0xFF, 0xFF, 0xFF, 0xFF, 0xFF, 0xFF, 0xFF, 0xFF, 0xFF, 0xFF, 0x68, 0xFF,
    0xFF, 0x68, 0x70, 0x67, 0x5C, 0x4C, 0x4D, 0x5B, 0x55, 0x5B, 0x5B, 0x5B, 0x4D, 0x55, 0x53, 0x5B,
    0x55, 0x46, 0x46, 0xEB, 0xF5, 0xCD, 0xD4, 0xDF, 0xF8, 0xF3, 0x4B, 0x58, 0x4C, 0x47, 0x5C, 0x60,
    0x72, 0xE2, 0xCF, 0xD3, 0xDE, 0xE7, 0xD4, 0xE7, 0xF9, 0x67, 0x67, 0x4E, 0x6D, 0xDB, 0xD4, 0xDB,
    0xF5, 0xF0, 0xDB, 0xDB, 0x73, 0x76, 0xCF, 0xE7, 0xD5, 0xE7, 0xD9, 0xDB, 0xD3, 0xEC, 0x52, 0x4F,
    0x47, 0x3E, 0x3D, 0x3C, 0x3B, 0x44, 0x44, 0x5C, 0x67, 0x6C, 0x6C, 0x5B, 0x53, 0x53, 0x55, 0x57,
    0x4E, 0x43, 0x3C, 0x45, 0x43, 0x49, 0x4D, 0x50, 0x4D, 0x6D, 0x6B, 0x5B, 0x67, 0x69, 0x57, 0x4D,
    0x49, 0x47, 0x49, 0x55, 0x67, 0x7B, 0xCC, 0xD3, 0xD3, 0xCF, 0xD3, 0xDD, 0x7C, 0x4E, 0x52, 0x67,
    0x69, 0xD6, 0xC0, 0xBE, 0xC4, 0xDA, 0xD8, 0x5D, 0x49, 0x44, 0x3D, 0x3B, 0x3C, 0x49, 0x53, 0x59,
    0x52, 0x4D, 0x52, 0x57, 0x59, 0x53, 0x4F, 0x5F, 0xFB, 0xEF, 0xE9, 0xE0, 0x6D, 0x67, 0x61, 0x70,
    0xE0, 0xCD, 0xCA, 0xBD, 0xBE, 0xC2, 0xE5, 0xFF, 0x6A, 0xFF, 0x5C, 0x53, 0x5E, 0x5B, 0x65, 0xEA,
    0xF9, 0xE7, 0xFE, 0xED, 0xE3, 0xEA, 0x67, 0x67, 0x5F, 0xE4, 0x68, 0xD0, 0xD3, 0xD2, 0xD3, 0xF7,
    0x5F, 0x58, 0x53, 0x4A, 0xEA, 0xCC, 0xC1, 0xCC, 0xD6, 0xD6, 0x53, 0x49, 0x4D, 0x4D, 0x47, 0x42,
    0x49, 0x74, 0x59, 0x44, 0x3F, 0x43, 0x4C, 0x4A, 0x51, 0x4D, 0x3C, 0x3A, 0x4A, 0x56, 0x4C, 0x4D,
    0x56, 0x6B, 0x49, 0x3F, 0x3C, 0x41, 0x5A, 0x5B, 0xFB, 0xCC, 0xC2, 0xCC, 0xD3, 0xCF, 0xCF, 0x7D,
    0x72, 0xDB, 0xFA, 0xF0, 0x5D, 0x58, 0xE7, 0x5B, 0x65, 0xCA, 0xC9, 0xC9, 0xC6, 0xCE, 0xF3, 0xCD,
    0xD2, 0xF9, 0xEB, 0xFF, 0xFF, 0x4C, 0x49, 0x45, 0x47, 0x6B, 0xEB, 0xED, 0xFF, 0x69, 0x6F, 0x4C,
    0x49, 0x52, 0x55, 0x5B, 0x67, 0x5B, 0x5B, 0xE5, 0xDB, 0xE6, 0xCC, 0xCC, 0xD4, 0xD9, 0xCD, 0xCB,
    0xD8, 0xDB, 0xD3, 0xDE, 0xDB, 0xD0, 0xCA, 0xD8, 0x65, 0x5B, 0x5E, 0x5E, 0x6A, 0xE0, 0xD5, 0xD2,
    0xD0, 0xCE, 0xD4, 0x70, 0xDE, 0x5F, 0x65, 0x53, 0x58, 0x67, 0xF3, 0xE7, 0xE9, 0xFF, 0xD6, 0xC4,
    0xC7, 0xDC, 0x64, 0x53, 0x59, 0x49, 0x49, 0x5A, 0xE2, 0xDC, 0x71, 0x5D, 0x4D, 0x4C, 0x53, 0x5E,
    0x75, 0xEA, 0x67, 0x4F, 0x4D, 0x47, 0x3F, 0x43, 0x42, 0x45, 0x47, 0x4D, 0x4B, 0x4B, 0x53, 0x4E,
    0x46, 0x49, 0x49, 0x59, 0x6B, 0x5C, 0x68, 0xF8, 0x67, 0xFA, 0xDF, 0xD4, 0xC9, 0xCC, 0xD4, 0xF1,
    0xDD, 0xD7, 0xC3, 0xBB, 0xBD, 0xBC, 0xBF, 0xC3, 0xCC, 0xDD, 0xF2, 0x68, 0x62, 0x56, 0x4D, 0x4D,
    0x52, 0x47, 0x50, 0x53, 0x61, 0x55, 0x65, 0x5F, 0x55, 0x4C, 0x4C, 0x5B, 0x63, 0xFF, 0xF1, 0xDC,
    0xFC, 0xEC, 0x62, 0x5C, 0x79, 0xD0, 0xC5, 0xC5, 0xC5, 0xC9, 0xCC, 0xCD, 0xCD, 0xD8, 0x72, 0x60,
    0xDD, 0xD9, 0xDF, 0xDD, 0x70, 0x79, 0xF8, 0xDA, 0xDB, 0xE3, 0xE0, 0xD6, 0xE8, 0xDB, 0xEF, 0xD6,
    0xD3, 0xDE, 0xF7, 0x67, 0x6F, 0x69, 0x5D, 0xF6, 0xDB, 0xD3, 0xC8, 0xC3, 0xD8, 0x5D, 0x5B, 0x56,
    0x53, 0x4C, 0x49, 0x4E, 0x58, 0x7B, 0x62, 0x5B, 0x5B, 0x5B, 0x5B, 0x5B, 0x52, 0x46, 0x4C, 0x49,
    0x4A, 0x4F, 0x5A, 0x4D, 0x5A, 0x4D, 0x49, 0x46, 0x45, 0x47, 0x59, 0xDF, 0xD3, 0xD4, 0xEE, 0xEB,
    0xE7, 0xE7, 0x6A, 0x67, 0x67, 0x68, 0xF2, 0xE7, 0x73, 0x5B, 0x66, 0xED, 0xDB, 0xD3, 0xCE, 0xC6,
    0xD5, 0xD7, 0xCE, 0xD3, 0xCC, 0xC9, 0xC4, 0xC8, 0xE6, 0x56, 0x53, 0x50, 0x4D, 0x5E, 0xDB, 0xCE,
    0xEB, 0xED, 0xE7, 0x5A, 0x4A, 0x54, 0x5F, 0x55, 0x58, 0xFE, 0x69, 0xE4, 0xFF, 0xEA, 0xFF, 0xE8,
    0xD6, 0xE2, 0xDC, 0xEE, 0xFF, 0xE4, 0xDB, 0xCE, 0xC9, 0xCC, 0xCE, 0xDB, 0xDB, 0xEB, 0xFF, 0xE8,
    0xCF, 0xC7, 0xC1, 0xC1, 0xC8, 0xCE, 0xD8, 0xE7, 0x6D, 0x6B, 0x69, 0xFF, 0xFF, 0xE0, 0xFF, 0xFF,
    0x72, 0xEE, 0xE7, 0xDF, 0xDB, 0x75, 0x74, 0x67, 0x5C, 0x5A, 0x67, 0x5A, 0x46, 0x45, 0x45, 0x49,
    0x45, 0x49, 0x57, 0x67, 0xE8, 0xED, 0x5A, 0x53, 0x53, 0x53, 0x51, 0x4B, 0x49, 0x47, 0x4C, 0x4A,
    0x53, 0x4E, 0x4D, 0x4B, 0x53, 0x61, 0x70, 0x75, 0x5F, 0x5C, 0x4D, 0x51, 0x5C, 0xE1, 0xDB, 0xDD,
    0xF1, 0xFF, 0xF5, 0x73, 0x69, 0xD9, 0xD2, 0xCB, 0xC6, 0xCD, 0xCB, 0xD1, 0xCE, 0xDF, 0xFA, 0xE7,
    0xE7, 0xDC, 0xED, 0x6B, 0xFB, 0xEF, 0x5D, 0x5F, 0xFF, 0x7E, 0x67, 0x67, 0x67, 0x67, 0x7B, 0xE3,
    0xDB, 0xD4, 0xE7, 0xE7, 0x74, 0x57, 0x53, 0x61, 0xE2, 0xD3, 0xC9, 0xCD, 0xCA, 0xD0, 0xD3, 0xEC,
    0xFF, 0x7C, 0x67, 0x67, 0xFF, 0x6E, 0xE8, 0xED, 0xEC, 0xE7, 0xE7, 0xD6, 0xC7, 0xCD, 0xC5, 0xCF,
    0xD3, 0xCD, 0xC9, 0xCD, 0xC9, 0xC9, 0xD4, 0xFF, 0x5F, 0x57, 0xEF, 0xDC, 0xCD, 0xD1, 0xD4, 0xDF,
    0xF9, 0x67, 0x5F, 0x4E, 0x4C, 0x4F, 0x4E, 0x4E, 0x4D, 0x5A, 0x53, 0x53, 0x56, 0x5B, 0x53, 0x4A,
    0x49, 0x44, 0x46, 0x45, 0x47, 0x4F, 0x69, 0x67, 0x54, 0x53, 0x4F, 0x49, 0x4B, 0x5E, 0xF6, 0xD3,
    0xCD, 0xCD, 0xD1, 0xDC, 0xEE, 0x6A, 0x5D, 0x5B, 0x5B, 0x67, 0x67, 0xFF, 0xF1, 0xDD, 0xE7, 0xE7,
    0xD4, 0xD3, 0xD3, 0xCD, 0xCB, 0xD2, 0xD8, 0xCB, 0xC9, 0xCF, 0xD9, 0x78, 0x57, 0x4E, 0x4F, 0x61,
    0x67, 0xF3, 0xD7, 0xCD, 0xCD, 0xD2, 0xE0, 0x6D, 0x67, 0x5B, 0x5B, 0xFF, 0xFF, 0xE9, 0x6E, 0x56,
    0x5C, 0x6E, 0xEA, 0xDB, 0xDB, 0xDB, 0xDB, 0xDB, 0xDD, 0x7C, 0xD6, 0xD3, 0xD8, 0xD4, 0xED, 0xFF,
    0x7B, 0x6F, 0xDE, 0xD0, 0xC7, 0xC1, 0xC4, 0xC9, 0xCE, 0xD7, 0xF7, 0xE7, 0xE7, 0xE7, 0xDB, 0xDB,
    0xD3, 0xCF, 0xDA, 0xEE, 0xE2, 0xDB, 0xD7, 0xCF, 0xCF, 0xDB, 0xE6, 0xEC, 0xEC, 0xFD, 0xE7, 0x6D,
    0x61, 0x48, 0x3F, 0x40, 0x40, 0x46, 0x49, 0x4D, 0x5B, 0x56, 0x53, 0x4C, 0x49, 0x45, 0x47, 0x49,
    0x46, 0x49, 0x4D, 0x4C, 0x49, 0x4A, 0x4F, 0x5A, 0xF6, 0xE7, 0xDB, 0xDF, 0xF8, 0xFF, 0xEF, 0xE7,
    0xD7, 0xD6, 0xD3, 0xDA, 0xE7, 0x67, 0x5F, 0x66, 0xD6, 0xCD, 0xCD, 0xC9, 0xC9, 0xCA, 0xD0, 0xDB,
    0xF5, 0x76, 0xE9, 0xEF, 0xFB, 0x63, 0x5B, 0x5B, 0x56, 0x6F, 0xDB, 0xDB, 0xE5, 0xE7, 0xE7, 0xFF,
    0xF2, 0xDD, 0xDD, 0xDF, 0xE6, 0xF6, 0xF4, 0x7C, 0x5B, 0x5B, 0x6D, 0xDA, 0xC6, 0xC5, 0xC5, 0xCA,
    0xCF, 0xDA, 0xFF, 0x6E, 0x67, 0xFF, 0xEC, 0xE7, 0xEF, 0xFF, 0x67, 0x67, 0xDC, 0xD3, 0xCE, 0xC8,
    0xC5, 0xD1, 0xDB, 0xDB, 0xD3, 0xD0, 0xCA, 0xCD, 0xD0, 0xE4, 0xEC, 0x6C, 0xFE, 0xE7, 0xD7, 0xCD,
    0xCB, 0xCD, 0xE2, 0xED, 0x68, 0xFF, 0xFF, 0x5A, 0x58, 0x66, 0x5E, 0x53, 0x4D, 0x47, 0x46, 0x41,
    0x44, 0x45, 0x48, 0x4D, 0x45, 0x45, 0x49, 0x4E, 0x53, 0x53, 0x5B, 0x55, 0x49, 0x4B, 0x4D, 0x4E,
    0x5E, 0xE7, 0xDB, 0xDB, 0xDE, 0xFF, 0xFF, 0x67, 0x74, 0x5B, 0x5F, 0x67, 0xFF, 0xEE, 0xFD, 0xF5,
    0xE7, 0xE7, 0xE0, 0xD5, 0xD2, 0xCD, 0xD3, 0xD6, 0xE3, 0xCD, 0xC9, 0xCD, 0xCE, 0xDD, 0x5B, 0x4D,
    0x4A, 0x54, 0x5F, 0x7B, 0xDF, 0xD3, 0xE7, 0xE7, 0xF8, 0xFF, 0x6F, 0x7C, 0xFF, 0xED, 0x7D, 0x6E,
    0xFF, 0x79, 0x70, 0xFF, 0xED, 0xD6, 0xD2, 0xCB, 0xD2, 0xD5, 0xE1, 0xE7, 0xD9, 0xCF, 0xCD, 0xD3,
    0xE5, 0xF5, 0x61, 0x7E, 0xEC, 0xD5, 0xCD, 0xC7, 0xC9, 0xCD, 0xCD, 0xDC, 0xFF, 0x6B, 0x69, 0xFF,
    0xFF, 0xE3, 0xDB, 0xDC, 0xF2, 0xDD, 0xFA, 0xDB, 0xCE, 0xCC, 0xCC, 0xD4, 0xDB, 0xD5, 0xD2, 0xD0,
    0xD3, 0xE7, 0xF6, 0x5C, 0x5C, 0x4B, 0x45, 0x45, 0x45, 0x4F, 0x59, 0x52, 0x4D, 0x4A, 0x48, 0x48,
    0x49, 0x45, 0x45, 0x49, 0x4B, 0x4D, 0x49, 0x4C, 0x4D, 0x56, 0x55, 0x5E, 0xFF, 0xE9, 0xFF, 0x62,
    0x69, 0xD8, 0xD3, 0xDA, 0xD3, 0xDB, 0xDE, 0xF5, 0x69, 0xE0, 0xDB, 0xD2, 0xC9, 0xC9, 0xCC, 0xD3,
    0xD5, 0xE7, 0xFA, 0xE7, 0xF3, 0xFF, 0xED, 0x5F, 0x53, 0x57, 0x5B, 0x67, 0x67, 0xE7, 0xE7, 0xE7,
    0xEC, 0x6F, 0xE9, 0xE3, 0xDB, 0xD3, 0xD3, 0xE1, 0xFF, 0x6E, 0x5C, 0x66, 0xE7, 0xDB, 0xD0, 0xCD,
    0xCC, 0xDB, 0xD4, 0xDB, 0xDB, 0xFF, 0xFF, 0xFF, 0xF8, 0xE7, 0xE7, 0xE7, 0xF7, 0xFB, 0xE7, 0xE7,
    0xD7, 0xCD, 0xD3, 0xE7, 0xD7, 0xD3, 0xD8, 0xD4, 0xD3, 0xD3, 0xDC, 0xFF, 0xEB, 0x79, 0xFC, 0xDC,
    0xCC, 0xC9, 0xC9, 0xC7, 0xCD, 0xDB, 0xDB, 0xE6, 0xE7, 0xE7, 0x7C, 0x67, 0x5D, 0x52, 0x50, 0x5B,
    0x4B, 0x42, 0x45, 0x47, 0x4D, 0x45, 0x45, 0x45, 0x4B, 0x51, 0x54, 0x57, 0x5A, 0x59, 0x4F, 0x45,
    0x47, 0x50, 0x5D, 0x70, 0xDD, 0xE7, 0xDE, 0xE7, 0xEE, 0x6A, 0x5D, 0x5F, 0x5B, 0x67, 0x75, 0x68,
    0x70, 0x67, 0x6A, 0xEE, 0xE7, 0xDE, 0xD3, 0xD3, 0xD7, 0xDB, 0xD2, 0xCB, 0xC9, 0xCC, 0xC9, 0xCB,
    0xE7, 0x69, 0x6B, 0x6D, 0xE7, 0xE7, 0xDD, 0xDB, 0xE0, 0xFC, 0x6C, 0x6C, 0x5B, 0x58, 0x5A, 0x5E,
    0xFF, 0x68, 0x5E, 0x67, 0x5C, 0x67, 0x5D, 0xF9, 0xDF, 0xE6, 0xE7, 0xDE, 0xDB, 0xD3, 0xCE, 0xC9,
    0xC9, 0xCD, 0xDE, 0xDD, 0xE7, 0xDF, 0xD4, 0xCD, 0xCB, 0xC9, 0xC9, 0xCC, 0xCF, 0xDB, 0xE6, 0xD8,
    0xF4, 0xFE, 0xE7, 0xDD, 0x67, 0x70, 0xE9, 0xDB, 0xE2, 0x65, 0x6A, 0xD5, 0xE1, 0xCF, 0xCD, 0xCD,
    0xCD, 0xCE, 0xD7, 0xD5, 0xFA, 0x46, 0x45, 0x47, 0x4D, 0x5C, 0x5F, 0x54, 0x49, 0x4C, 0x53, 0x4C,
    0x49, 0x45, 0x45, 0x3D, 0x43, 0x4C, 0x4D, 0x4B, 0x47, 0x4B, 0x57, 0x53, 0x5E, 0x67, 0xE9, 0x67,
    0xE1, 0xE4, 0xDB, 0xD4, 0xD1, 0xCD, 0xDC, 0xE0, 0xF4, 0x5D, 0x5F, 0x5B, 0x67, 0xD2, 0xD9, 0xC8,
    0xC9, 0xCE, 0xD3, 0xE7, 0xE7, 0xE7, 0xE7, 0xE7, 0xFB, 0x5B, 0x4E, 0x67, 0x5B, 0x5B, 0x69, 0xEF,
    0xFC, 0xFF, 0xFF, 0xFE, 0xD9, 0xCD, 0xCD, 0xCD, 0xDA, 0xFF, 0x6C, 0x68, 0xFF, 0x6A, 0xD2, 0xCD,
    0xCD, 0xC9, 0xCC, 0xDD, 0x70, 0x5D, 0x55, 0x5B, 0x67, 0xF2, 0xCC, 0xCD, 0xCB, 0xD2, 0xD1, 0xF3,
    0xE7, 0xF3, 0x5B, 0x54, 0x5B, 0x78, 0xDB, 0xD1, 0xCA, 0xCD, 0xD2, 0xDE, 0x6E, 0x5C, 0x6C, 0xEC,
    0xD3, 0xCC, 0xC9, 0xC9, 0xCC, 0xCD, 0xD0, 0xDB, 0xDB, 0xD7, 0xDB, 0xCD, 0xD5, 0xDB, 0x67, 0x53,
    0x4E, 0x57, 0x54, 0x4C, 0x45, 0x41, 0x3E, 0x3E, 0x3F, 0x47, 0x4D, 0x51, 0x4D, 0x45, 0x40, 0x3E,
    0x3F, 0x4C, 0x4E, 0x65, 0xF4, 0xFF, 0x71, 0x67, 0x61, 0x53, 0x53, 0x4B, 0x56, 0xFF, 0xFF, 0xFF,
    0xE4, 0xD7, 0xDB, 0xED, 0xDA, 0xCE, 0xD7, 0xE5, 0xE9, 0xCB, 0xCD, 0xDE, 0xDD, 0xDC, 0xEF, 0x5D,
    0x5B, 0x5B, 0x4D, 0x4C, 0xFD, 0xD6, 0xE7, 0xFC, 0xEE, 0xDB, 0x7E, 0x5D, 0x5A, 0x5E, 0xDE, 0xDB,
    0xE7, 0xDE, 0xD3, 0xDA, 0xDD, 0xD0, 0xCC, 0xD3, 0xE2, 0xDB, 0xE6, 0xDF, 0xDD, 0xE4, 0xD2, 0xE6,
    0xF5, 0xE4, 0xEB, 0x67, 0xDF, 0xD9, 0xDD, 0xC5, 0xC7, 0xCC, 0xEE, 0x5B, 0x77, 0xFF, 0xED, 0xFE,
    0xE1, 0xCF, 0xD6, 0xE7, 0x6A, 0x65, 0x74, 0x67, 0x7A, 0xDD, 0xD3, 0xD8, 0xDB, 0xFF, 0xEC, 0xD3,
    0xCD, 0xC7, 0xC5, 0xCA, 0xDB, 0xEC, 0xD6, 0xCA, 0xCD, 0xD2, 0xD7, 0xF2, 0x5B, 0x53, 0x4E, 0x49,
    0x3F, 0x3C, 0x42, 0x40, 0x3C, 0x3F, 0x3F, 0x3C, 0x3D, 0x45, 0x4B, 0x4B, 0x53, 0x49, 0x4D, 0x4E,
    0x58, 0x66, 0xED, 0xDB, 0xE9, 0x67, 0x79, 0xF2, 0xE0, 0x69, 0xE2, 0xD6, 0xCD, 0xCF, 0xDA, 0xDA,
    0xD3, 0xD3, 0xDB, 0xD5, 0xD4, 0xD4, 0xD2, 0xDB, 0xDB, 0xD3, 0x72, 0x67, 0x65, 0x5B, 0x54, 0x55,
    0x5B, 0x67, 0x79, 0xF8, 0x79, 0x70, 0xFF, 0x62, 0x56, 0x4D, 0x4D, 0xF7, 0xDB, 0xDB, 0xCA, 0xCF,
    0xD9, 0xDC, 0xEF, 0xFF, 0xE0, 0xD3, 0xCE, 0xDB, 0xD6, 0xD3, 0xD0, 0xCD, 0xD9, 0xCD, 0xC9, 0xC9,
    0xCF, 0xD3, 0xD3, 0xDA, 0xD3, 0xD3, 0xD4, 0xDF, 0xF8, 0x54, 0x60, 0x55, 0x6C, 0xFF, 0xE6, 0xD7,
    0xDB, 0xDD, 0xF1, 0xE8, 0xE7, 0xF5, 0x69, 0xE0, 0xDB, 0xD5, 0xDB, 0xE7, 0xDB, 0xD0, 0xD3, 0xD3,
    0xCE, 0xD5, 0xDB, 0xE7, 0x6B, 0x55, 0x4E, 0x57, 0x65, 0x63, 0x56, 0x4D, 0x42, 0x44, 0x46, 0x4E,
    0x53, 0x51, 0x5B, 0x65, 0x4F, 0x53, 0x4A, 0x50, 0x4E, 0x4D, 0x4D, 0x4A, 0x4F, 0x53, 0x53, 0x58,
    0x66, 0x74, 0x75, 0x7C, 0x67, 0x5D, 0x6B, 0xE4, 0xCE, 0xC9, 0xC9, 0xCE, 0xD3, 0xD3, 0xDB, 0xD6,
    0xD3, 0xCD, 0xCD, 0xC9, 0xCB, 0xD2, 0xEC, 0x6D, 0x5B, 0x6D, 0xFF, 0x64, 0x60, 0x5C, 0x51, 0x51,
    0x53, 0x57, 0x72, 0xDB, 0xDB, 0xE6, 0x74, 0x67, 0xFF, 0xF0, 0xDD, 0xDA, 0xD3, 0xE6, 0xFF, 0x6B,
    0x5C, 0x6F, 0xFF, 0xE0, 0xD3, 0xD3, 0xD0, 0xCA, 0xD4, 0xDB, 0xDB, 0xD1, 0xCD, 0xCD, 0xCA, 0xC9,
    0xD5, 0xE0, 0xE7, 0xF6, 0xDE, 0xDB, 0xDF, 0xE7, 0x5B, 0x60, 0x67, 0xFF, 0xFF, 0xE6, 0xDB, 0xF4,
    0x64, 0xF6, 0x67, 0xDB, 0xDB, 0xCE, 0xD3, 0xD3, 0xDB, 0xE1, 0xE7, 0x6C, 0x5B, 0x5C, 0x67, 0x5C,
    0x5F, 0x6D, 0x5B, 0x53, 0x53, 0x5C, 0x5F, 0x54, 0x4D, 0x4D, 0x4D, 0x4C, 0x50, 0x55, 0x5B, 0x5B,
    0x51, 0x51, 0x4D, 0x4F, 0x5A, 0x6A, 0xFF, 0xE8, 0xEC, 0xFF, 0x67, 0x60, 0x5B, 0x53, 0x58, 0x67,
    0x5B, 0x6E, 0xE9, 0x6F, 0x67, 0xFF, 0xED, 0xDB, 0xDB, 0xDB, 0xD3, 0xD7, 0xE5, 0xD9, 0xD9, 0xDB,
    0xD7, 0xDB, 0xE7, 0xE7, 0xFC, 0xF6, 0xE7, 0xFD, 0xDD, 0xDA, 0xDD, 0xF1, 0x68, 0x5E, 0x59, 0x66,
    0x5F, 0x5D, 0x5D, 0x67, 0x67, 0xF4, 0x71, 0xE7, 0xE7, 0xE7, 0xE4, 0xE1, 0xE7, 0xE7, 0xF7, 0xF7,
    0xDF, 0xE7, 0xD5, 0xD6, 0xDB, 0xE7, 0xF8, 0xDA, 0xD3, 0xCE, 0xCC, 0xC9, 0xC9, 0xCB, 0xD8, 0xF9,
    0xE7, 0xE7, 0xF5, 0xF5, 0xDC, 0xE7, 0xE7, 0xFF, 0xEE, 0xDC, 0xDE, 0xDE, 0xE9, 0xFF, 0xFF, 0xF8,
    0xDF, 0xDB, 0xCD, 0xD1, 0xDD, 0x67, 0x54, 0x4D, 0x50, 0x53, 0x53, 0x53, 0x54, 0x5B, 0x5B, 0x59,
    0x53, 0x49, 0x45, 0x45, 0x53, 0x53, 0x64, 0x59, 0x4F, 0x54, 0x5F, 0x67, 0x6A, 0xFF, 0x5C, 0x4B,
    0x51, 0x55, 0x6E, 0xEA, 0x71, 0x57, 0x4E, 0x49, 0x4C, 0x54, 0x66, 0xFF, 0xE3, 0xD6, 0xD3, 0xCF,
    0xD3, 0xD4, 0xDF, 0xE7, 0xE7, 0xE7, 0xCE, 0xDA, 0xF8, 0x5A, 0x58, 0x66, 0x67, 0x67, 0xFC, 0xDF,
    0x6D, 0x67, 0x70, 0xE8, 0xE2, 0xD6, 0xDC, 0xEE, 0x6A, 0xFF, 0xEE, 0xE7, 0xE2, 0xDB, 0xDB, 0xD7,
    0xF5, 0x77, 0x67, 0x7E, 0xFF, 0xFF, 0xE7, 0xEF, 0xD6, 0xEF, 0x73, 0xFF, 0xDD, 0xD9, 0xE0, 0xD0,
    0xDB, 0xE7, 0xF4, 0xFF, 0xF2, 0xE7, 0xDA, 0xD3, 0xE5, 0xFF, 0xFF, 0xE6, 0xD8, 0xCE, 0xCA, 0xCD,
    0xCA, 0xCB, 0xD7, 0xD4, 0xDB, 0xDB, 0xEB, 0x64, 0x7D, 0xE7, 0xE7, 0xFF, 0xEF, 0xE7, 0x67, 0x5E,
    0x5B, 0x4F, 0x59, 0x4D, 0x4B, 0x52, 0x53, 0x53, 0x4D, 0x4D, 0x52, 0x5A, 0x53, 0x4E, 0x53, 0x59,
    0x67, 0x60, 0x55, 0x53, 0x53, 0x53, 0x4D, 0x4D, 0x5C, 0xF0, 0xFA, 0x55, 0x57, 0x5B, 0xF4, 0xDE,
    0xDC, 0xEF, 0x69, 0x5B, 0x61, 0x7E, 0xD8, 0xD9, 0xE9, 0x5F, 0x53, 0x5B, 0x5B, 0xFE, 0xE7, 0xDD,
    0xD3, 0xD3, 0xD3, 0xDE, 0xF4, 0x7D, 0x6E, 0x6A, 0x5B, 0x5B, 0x7A, 0x75, 0x5E, 0x5C, 0x67, 0x79,
    0xDB, 0xDB, 0xD4, 0xDB, 0xEE, 0xFF, 0xFF, 0xEA, 0xD8, 0xD5, 0xDB, 0xE3, 0x5F, 0x54, 0x67, 0xE9,
    0xD1, 0xD0, 0xD3, 0xD8, 0xD3, 0xDB, 0xE0, 0xFC, 0x67, 0x73, 0xE7, 0xE7, 0xE7, 0xFF, 0xEF, 0xE7,
    0xE2, 0xD6, 0xCD, 0xCF, 0xDA, 0xE7, 0xE7, 0xDC, 0xD3, 0xD3, 0xE9, 0xFF, 0xFF, 0xFF, 0xEE, 0xE7,
    0xE2, 0xD6, 0xCD, 0xC9, 0xC6, 0xCE, 0xE5, 0x67, 0x61, 0x5B, 0x54, 0x5B, 0x5B, 0x4F, 0x49, 0x4A,
    0x53, 0x59, 0x52, 0x50, 0x5B, 0x51, 0x4D, 0x54, 0x5B, 0x55, 0x4D, 0x49, 0x46, 0x4B, 0x51, 0x68,
    0x70, 0x67, 0x5D, 0x67, 0xE8, 0xED, 0xFF, 0x65, 0x5B, 0x54, 0x55, 0x5B, 0x67, 0xF3, 0xDD, 0xFB,
    0xDF, 0xDB, 0xD3, 0xCF, 0xD3, 0xDE, 0xF8, 0xFA, 0xE7, 0xE7, 0xE7, 0x67, 0x4D, 0x4D, 0x4D, 0x55,
    0x69, 0xE8, 0xDB, 0xDB, 0xDB, 0xDB, 0xE4, 0xEA, 0xFF, 0xFF, 0x74, 0x67, 0xFF, 0xFF, 0xFF, 0xF8,
    0xE7, 0xDC, 0xDB, 0xDB, 0xD3, 0xD7, 0xDB, 0xE7, 0xE7, 0xDB, 0xDE, 0xF7, 0x7A, 0x67, 0x67, 0x5B,
    0x6C, 0x68, 0xDD, 0xCE, 0xCE, 0xCF, 0xDA, 0xF2, 0x67, 0x68, 0xFF, 0xFF, 0xFF, 0xFF, 0xFF, 0x59,
    0x59, 0x68, 0xE9, 0xE5, 0xD8, 0xD0, 0xDB, 0xE7, 0xE7, 0xE6, 0xDB, 0xE5, 0x77, 0x5E, 0x67, 0x67,
    0x77, 0xFF, 0xEF, 0xE7, 0xE3, 0xD6, 0xD3, 0xCF, 0xDA, 0xEA, 0x66, 0x5B, 0xF6, 0xE7, 0xDC, 0xEE,
    0x6A, 0x5B, 0x60, 0x7C, 0xFF, 0xE1, 0x7C, 0x67, 0x67, 0x6E, 0xDF, 0xCE, 0xE2, 0x6C, 0x79, 0x57,
    0x62, 0xF8, 0xDF, 0xDB, 0xDB, 0xD5, 0xD3, 0xD3, 0xDA, 0xE3, 0xE1, 0xE8, 0x67, 0x77, 0xFA, 0xE7,
    0xFC, 0xFF, 0xFF, 0xE8, 0x71, 0x78, 0xFA, 0xF0, 0xFF, 0xE7, 0xE7, 0xE7, 0xEE, 0xFF, 0x78, 0x67,
    0x5C, 0x5B, 0x62, 0xFC, 0xE0, 0xD5, 0xD3, 0xD8, 0xFD, 0x6D, 0xFF, 0xE7, 0xE7, 0xDC, 0xDB, 0xE1,
    0xFF, 0x72, 0xEF, 0xE7, 0xE7, 0xE7, 0xEC, 0x6D, 0x67, 0x6D, 0xFF, 0xE7, 0xE7, 0xFC, 0x75, 0x67,
    0x67, 0x60, 0x72, 0xE7, 0xE7, 0xDC, 0xD6, 0xD1, 0xD5, 0xEE, 0x6A, 0x67, 0x5F, 0x66, 0xE7, 0xDE,
    0x7B, 0x67, 0x67, 0x67, 0x72, 0xE7, 0xE1, 0xE3, 0xE9, 0xFF, 0x5D, 0xE3, 0xDB, 0xDB, 0xF8, 0x67,
    0x67, 0x67, 0x67, 0xE3, 0xDB, 0xDC, 0xE1, 0xE4, 0xE7, 0xE7, 0xE7, 0xEC, 0x6C, 0x68, 0xFF, 0x6A,
    0xFF, 0x6E, 0x7D, 0x62, 0x5B, 0x5D, 0xFF, 0xFF, 0xE7, 0xE7, 0xFE, 0xF3, 0xDD, 0xE9, 0x6F, 0x7A,
    0x77, 0x5E, 0x67, 0x6D, 0xEB, 0xDB, 0xD7, 0xD3, 0xD6, 0xE2, 0xFE, 0xE7, 0xF8, 0xE7, 0xE7, 0xE7,
    0xF2, 0x67, 0x66, 0x5F, 0x67, 0xF3, 0xE0, 0xE7, 0x6D, 0x5B, 0x67, 0x7C, 0xE7, 0xDB, 0xEA, 0xFF,
    0x67, 0x67, 0x65, 0x5F, 0xEC, 0xF7, 0xE7, 0xDB, 0xE1, 0xDB, 0xE9, 0xFF, 0xFF, 0x67, 0x67, 0xE7,
    0xDB, 0xE4, 0x7A, 0x5F, 0x5B, 0x67, 0x74, 0xE6, 0xDF, 0xF9, 0xFF, 0xFF, 0xFF, 0xDB, 0xE2, 0xE8,
    0x70, 0x5D, 0x5A, 0x5D, 0x7D, 0xF4, 0xE7, 0xE7, 0xE0, 0xE5, 0xE7, 0xF2, 0xE7, 0x73, 0x67, 0x67,
    0x6F, 0xFF, 0xFF, 0xFF, 0x7E, 0x67, 0x67, 0x69, 0xEF, 0xE7, 0xEC, 0xFF, 0xE7, 0xE7, 0xF8, 0xFF,
    0xFF, 0xFF, 0x75, 0x67, 0x67, 0x6E, 0xEA, 0xE7, 0xDF, 0xDB, 0xDE, 0xF6, 0x5B, 0x53, 0x5A, 0x67,
    0x72, 0xFF, 0x5B, 0x5B, 0x67, 0x5F, 0x54, 0x67, 0x5E, 0x5B, 0x53, 0x4B, 0x70, 0xD7, 0xCB, 0xD0,
    0xE2, 0x7E, 0x67, 0x67, 0x57, 0xFF, 0x68, 0x56, 0x6D, 0xE6, 0xD8, 0xCE, 0xCD, 0xD4, 0xE6, 0xF5,
    0xDE, 0xE6, 0xDF, 0x6C, 0x60, 0x53, 0x7C, 0xF4, 0xE7, 0xDC, 0xFE, 0x7A, 0xF7, 0xE7, 0xDB, 0xD5,
    0xD1, 0xF7, 0xE7, 0x69, 0xFF, 0xFF, 0x7E, 0x5D, 0x59, 0x67, 0x5B, 0x53, 0x4D, 0x4B, 0x4A, 0x5B,
    0x64, 0x73, 0x5B, 0x5B, 0x5B, 0x56, 0x53, 0x57, 0x64, 0x52, 0x4B, 0x49, 0x4F, 0x5E, 0x5B, 0x57,
    0x53, 0x5D, 0x5E, 0x67, 0x61, 0x55, 0x6B, 0xE7, 0xDC, 0xE7, 0xE7, 0xFF, 0x6B, 0x63, 0x75, 0x71,
    0xD5, 0xD9, 0xD9, 0xE8, 0xFF, 0x6A, 0x67, 0x67, 0x7C, 0x75, 0x5E, 0xFD, 0xDC, 0xCB, 0xCB, 0xD3,
    0xD3, 0x74, 0x58, 0x49, 0x47, 0x51, 0x5B, 0x6A, 0xFF, 0xE7, 0xE7, 0xE7, 0xEF, 0xFF, 0x63, 0x51,
    0x53, 0x5E, 0x67, 0x69, 0xFF, 0xFF, 0x67, 0x73, 0xE7, 0xDF, 0xE7, 0xEA, 0xDE, 0xCE, 0xD3, 0xDE,
    0x68, 0xFF, 0x6A, 0xED, 0x5F, 0x66, 0xE2, 0xDB, 0xD3, 0xD3, 0xD3, 0xD5, 0xE1, 0xE7, 0xED, 0xEC,
    0xE9, 0x6F, 0x5C, 0x67, 0x67, 0xE8, 0xE7, 0xDD, 0xDD, 0x6F, 0x5C, 0x5F, 0xFF, 0xE7, 0xD3, 0xDA,
    0x70, 0x4F, 0x4A, 0x56, 0x56, 0x67, 0x6E, 0x6A, 0x5D, 0x5F, 0x7A, 0xDE, 0x73, 0x53, 0x4C, 0x4D,
    0x5D, 0x67, 0x54, 0x47, 0x3E, 0x42, 0x4F, 0x54, 0x5D, 0x5A, 0x5B, 0x61, 0x5B, 0x54, 0x5F, 0x7A,
    0x6F, 0xF3, 0x67, 0x5B, 0x63, 0xE7, 0xDF, 0xCE, 0xC9, 0xCC, 0xD4, 0xD5, 0xD8, 0xE7, 0xF0, 0xE8,
    0x72, 0xF5, 0x66, 0x65, 0xD8, 0xF9, 0xE7, 0xDC, 0x67, 0x69, 0xE6, 0xE6, 0xFF, 0x5A, 0x53, 0x53,
    0x53, 0x59, 0x53, 0x5B, 0xDF, 0xFF, 0xFF, 0x5B, 0x6D, 0xFF, 0x65, 0x5F, 0x67, 0x76, 0x73, 0xE7,
    0xDF, 0xF8, 0xE7, 0xE7, 0xE7, 0xDB, 0xDB, 0xE8, 0xF1, 0xF9, 0x79, 0x70, 0xE8, 0xD3, 0xCF, 0xD4,
    0xDF, 0x6D, 0x5A, 0x53, 0x66, 0xEC, 0xE3, 0xDB, 0xDB, 0xE5, 0xFF, 0xED, 0xDB, 0xDC, 0xDF, 0xD4,
    0xDF, 0xFB, 0x6B, 0xED, 0xFF, 0xF2, 0xE7, 0xE7, 0xF0, 0xDD, 0xE7, 0x74, 0x53, 0x50, 0x52, 0x5A,
    0x53, 0x5B, 0x5E, 0x67, 0x68, 0xFF, 0xEA, 0xE7, 0xDA, 0xDB, 0xED, 0x60, 0x49, 0x43, 0x4C, 0x5B,
    0x5B, 0x4E, 0x53, 0x4E, 0x4E, 0x57, 0x5B, 0x51, 0x55, 0x5B, 0x5B, 0x5B, 0x5B, 0x5F, 0x67, 0x63,
    0x56, 0x67, 0x6E, 0xEB, 0xDB, 0xDB, 0xD4, 0xD3, 0xCF, 0xCE, 0xD0, 0xCD, 0xCD, 0xCC, 0xCD, 0xD3,
    0xD3, 0xD3, 0xD3, 0xDA, 0xEB, 0xFF, 0x68, 0x58, 0x4E, 0x4D, 0x53, 0x5B, 0x5D, 0x67, 0x67, 0x61,
    0x4F, 0x4D, 0x4F, 0x4E, 0x57, 0x73, 0xE7, 0xDB, 0xF1, 0xF5, 0xE0, 0xE7, 0xE7, 0xDE, 0xDB, 0xDB,
    0xDB, 0xEA, 0xFF, 0x68, 0xDE, 0xD9, 0xCD, 0xD3, 0xF4, 0x67, 0xFA, 0xD4, 0xCD, 0xCD, 0xDD, 0x6F,
    0x67, 0x5D, 0x72, 0x67, 0x6D, 0xE0, 0xDB, 0xD3, 0xD2, 0xDB, 0xE1, 0x7E, 0x5E, 0x67, 0xFA, 0xE7,
    0xE7, 0xFF, 0x6D, 0x66, 0x5B, 0x71, 0xEA, 0x66, 0x4E, 0x56, 0x62, 0x68, 0xFF, 0x6A, 0x67, 0x67,
    0x67, 0x5B, 0x5B, 0x67, 0x60, 0x5B, 0x5B, 0x56, 0x66, 0x61, 0x5B, 0x5B, 0x5B, 0x65, 0x4E, 0x58,
    0x4D, 0x53, 0x53, 0x5B, 0x5F, 0x67, 0x63, 0x61, 0x5B, 0x78, 0xDD, 0xD3, 0xD8, 0xE6, 0xFF, 0x6C,
    0x68, 0xF1, 0xF9, 0x79, 0x71, 0xE8, 0xDE, 0xD3, 0xCD, 0xCC, 0xC9, 0xD3, 0xD3, 0xCE, 0xD1, 0xE3,
    0x67, 0x67, 0x5C, 0x5D, 0x72, 0xFF, 0x67, 0x57, 0x5B, 0x67, 0xFF, 0x6B, 0x6D, 0x5B, 0x50, 0x4A,
    0x4E, 0x57, 0x5B, 0xEA, 0xDE, 0xDB, 0xD7, 0xDB, 0xEA, 0xFF, 0xE8, 0xE7, 0xE7, 0xD4, 0xEE, 0xFF,
    0xEA, 0xFF, 0xE8, 0xDB, 0xD6, 0xDC, 0xE7, 0xDD, 0xDA, 0xD3, 0xD3, 0xDB, 0xDB, 0xDB, 0xDB, 0xDB,
    0xFF, 0xED, 0xFF, 0xF3, 0xE7, 0xD2, 0xD0, 0xD3, 0xE0, 0x6D, 0x67, 0x64, 0xEB, 0xFA, 0xF0, 0xFF,
    0x51, 0x51, 0x54, 0x58, 0x53, 0x52, 0x4D, 0x4D, 0x56, 0x5B, 0x67, 0x60, 0x5B, 0x52, 0x4B, 0x4D,
    0x56, 0x55, 0x69, 0x6F, 0x7A, 0xFF, 0xED, 0xFF, 0x5E, 0x5D, 0x54, 0x5B, 0x54, 0x51, 0x4D, 0x5B,
    0x5B, 0x70, 0x67, 0x67, 0x5C, 0x53, 0x59, 0x69, 0xE0, 0xD5, 0xD6, 0xF1, 0xFF, 0xDE, 0xF5, 0xFD,
    0xE0, 0xDB, 0xD3, 0xD8, 0xD4, 0xD3, 0xD3, 0xDC, 0xEF, 0xFF, 0xF8, 0xE7, 0xFF, 0x73, 0x5D, 0x67,
    0x67, 0x67, 0xEF, 0xE1, 0xE8, 0x61, 0x5B, 0x67, 0xFD, 0xE7, 0xE3, 0xE2, 0x7D, 0x67, 0x67, 0x6A,
    0xEE, 0xE7, 0xE2, 0xDB, 0xDB, 0xDF, 0xE7, 0xE7, 0xE7, 0xE7, 0xED, 0xEC, 0xE7, 0xEF, 0x5E, 0x67,
    0x67, 0x7E, 0xDE, 0xE7, 0xE7, 0xDF, 0xDB, 0xCF, 0xD6, 0xCD, 0xDB, 0xE3, 0xE7, 0xE7, 0xE7, 0xE7,
    0xDE, 0xE7, 0xE1, 0xDB, 0xDA, 0xD8, 0xDB, 0xF2, 0x67, 0x67, 0x60, 0x5B, 0x55, 0x5B, 0x54, 0x4D,
    0x51, 0x5B, 0x58, 0x5A, 0x5A, 0x58, 0x5B, 0x5E, 0x67, 0x64, 0x4F, 0x4D, 0x49, 0x4C, 0x4D, 0x59,
    0x77, 0xFB, 0x7E, 0x7B, 0xF7, 0xF3, 0x67, 0x6D, 0xFF, 0xFF, 0x6F, 0x67, 0x67, 0x67, 0x68, 0xFF,
    0xEA, 0xE7, 0x7B, 0x67, 0x67, 0xF3, 0xDC, 0xE0, 0xD5, 0xDD, 0xF2, 0xFF, 0x74, 0x75, 0xE6, 0xDB,
    0xDB, 0xD2, 0xD0, 0xDB, 0x73, 0x67, 0x5C, 0x67, 0x67, 0xE7, 0xE7, 0x7E, 0x67, 0x67, 0xFF, 0xEF,
    0xE7, 0xEC, 0xFF, 0xFF, 0xFF, 0xEB, 0xE7, 0xE7, 0xE7, 0x75, 0x67, 0xFF, 0xF1, 0xF9, 0xFF, 0xFF,
    0xFF, 0xE7, 0xDE, 0xDC, 0xE0, 0xDB, 0xEB, 0xFF, 0xE8, 0xF4, 0xE7, 0xE7, 0xDF, 0xDB, 0xDB, 0xE1,
    0xE7, 0xED, 0xEB, 0xE7, 0xE7, 0xE7, 0xDB, 0xDB, 0xFF, 0xF2, 0xE7, 0xDB, 0xDB, 0xE6, 0xE3, 0xE2,
    0xE7, 0xE0, 0xDB, 0xDD, 0xF1, 0x68, 0x67, 0x67, 0x66, 0x58, 0x4B, 0x4D, 0x4B, 0x4D, 0x51, 0x51,
    0x4D, 0x4B, 0x49, 0x4A, 0x50, 0x5B, 0x67, 0x5D, 0x5B, 0x57, 0x4E, 0x4D, 0x4D, 0x5B, 0x67, 0x77,
    0xFA, 0xF0, 0xE9, 0xEC, 0xFF, 0xFF, 0xFF, 0xEA, 0xE7, 0xDF, 0xFB, 0xE7, 0xF5, 0xFD, 0xE7, 0xE7,
    0xE7, 0xE7, 0xE7, 0xDB, 0xE3, 0xFC, 0xE7, 0xDD, 0xDD, 0xF2, 0xFF, 0x67, 0x67, 0x5C, 0x6F, 0xE9,
    0xDB, 0xDB, 0xDB, 0xED, 0xFF, 0xFF, 0xFF, 0xFF, 0xF6, 0xE7, 0xE8, 0xFF, 0xFF, 0x67, 0x70, 0xFF,
    0x6C, 0xFF, 0xE7, 0xE0, 0xDB, 0xDD, 0xE7, 0xE7, 0xFF, 0xFF, 0xFF, 0xFF, 0xEA, 0xE7, 0xF2, 0xE8,
    0xE2, 0xDB, 0xE7, 0xDF, 0xE5, 0xFF, 0xFF, 0xE7, 0xE7, 0xE7, 0xD3, 0xD7, 0xDB, 0xDB, 0xE2, 0xFF,
    0xFF, 0xEB, 0xE5, 0xD7, 0xD3, 0xDE, 0xE7, 0x7D, 0x67, 0x67, 0x67, 0x70, 0xFF, 0xE2, 0xE2, 0xE7,
    0xE0, 0xE4, 0xFF, 0x6E, 0x5C, 0x67, 0x67, 0x52, 0x4B, 0x49, 0x4A, 0x4D, 0x4D, 0x56, 0x55, 0x4D,
    0x4B, 0x4D, 0x53, 0x58, 0x5B, 0x5B, 0x5B, 0x54, 0x5B, 0x54, 0x56, 0x62, 0xFE, 0xE7, 0xDD, 0xDB,
    0xDB, 0xDB, 0xEC, 0xFF, 0xFD, 0xE7, 0xE7, 0xDB, 0xE0, 0xFD, 0xF4, 0xE7, 0xE7, 0xE0, 0xE5, 0xE4,
    0xDB, 0xDB, 0xDE, 0xE7, 0xE7, 0xEF, 0x5D, 0x5B, 0x5B, 0x5B, 0x5B, 0x63, 0x69, 0xFF, 0xE9, 0xDB,
    0xE2, 0xE7, 0xEE, 0xFF, 0x79, 0x70, 0xE9, 0xEC, 0xFF, 0xFF, 0xF1, 0xE7, 0x79, 0x71, 0x68, 0xF5,
    0xDE, 0xDB, 0xD7, 0xE5, 0xEB, 0xFF, 0x5C, 0x67, 0x76, 0xE6, 0xDB, 0xDB, 0xDF, 0xED, 0xE7, 0xE1,
    0xDB, 0xDA, 0xD3, 0xDA, 0xE3, 0xE1, 0xFF, 0x72, 0x67, 0xFF, 0xFF, 0xE9, 0xE7, 0xE7, 0xE7, 0xE0,
    0xDB, 0xE4, 0xDB, 0xE6, 0xE7, 0xF5, 0x67, 0x67, 0x67, 0x6A, 0xFF, 0xE8, 0xE7, 0xF6, 0x5B, 0x54,
    0x47, 0x4A, 0x50, 0x53, 0x67, 0x5D, 0x52, 0x4B, 0x4D, 0x4F, 0x61, 0x5B, 0x5B, 0x5B, 0x5C, 0x67,
    0x67, 0x5B, 0x5B, 0x5B, 0x5B, 0x55, 0x5B, 0x60, 0x67, 0xFF, 0xFF, 0xE6, 0xD8, 0xD3, 0xE7, 0xE7,
    0xE7, 0xE7, 0xE7, 0xDB, 0xD3, 0xDA, 0xDB, 0xDB, 0xDB, 0xDE, 0xE7, 0xE9, 0xFF, 0xE9, 0xDB, 0xDB,
    0xFF, 0x72, 0x5D, 0x54, 0x5B, 0x5B, 0x5D, 0x73, 0xFE, 0xE7, 0xE7, 0xE7, 0xE7, 0xE7, 0xFF, 0xFF,
    0xFF, 0x71, 0x78, 0xE7, 0xF1, 0x68, 0xF5, 0xE7, 0xDB, 0xDF, 0xE7, 0x78, 0x71, 0xE8, 0xDE, 0xD3,
    0xD3, 0xD7, 0xE5, 0x77, 0x67, 0x67, 0x6D, 0xFF, 0xE5, 0xD7, 0xD3, 0xD3, 0xD3, 0xDB, 0xE7, 0xE7,
    0xEA, 0xFF, 0xE9, 0xE7, 0xE7, 0xFE, 0xE7, 0xDD, 0xEA, 0xFF, 0xFF, 0xFF, 0xEC, 0xE7, 0xE7, 0xE7,
    0xF9, 0xE7, 0xE7, 0x74, 0x5E, 0x5B, 0x5F, 0x67, 0x58, 0x50, 0x53, 0x5B, 0x5B, 0x5A, 0x57, 0x5B,
    0x53, 0x53, 0x53, 0x53, 0x53, 0x5B, 0x5F, 0x67, 0x63, 0x56, 0x53, 0x57, 0x64, 0x79, 0x70, 0xFF,
    0x67, 0x67, 0x67, 0x67, 0x67, 0xFF, 0xFF, 0xE8, 0xE7, 0xE7, 0xE7, 0xEF, 0xEA, 0xE4, 0xDB, 0xDB,
    0xDB, 0xDB, 0xDC, 0xEF, 0xE9, 0xE3, 0xD6, 0xDB, 0xED, 0x6B, 0x67, 0x6F, 0xE9, 0xEB, 0xFF, 0x7E,
    0x67, 0x67, 0x65, 0x60, 0x67, 0xFF, 0xFF, 0xE6, 0xDB, 0xE4, 0xEA, 0x6E, 0x67, 0x6C, 0xEC, 0xDB,
    0xDB, 0xF4, 0x78, 0x67, 0x67, 0xF4, 0xE7, 0xDB, 0xDF, 0xDD, 0xDB, 0xDB, 0xE7, 0xFF, 0xEB, 0xFF,
    0xFF, 0xE9, 0xE7, 0xDE, 0xDB, 0xDB, 0xDB, 0xDB, 0xD7, 0xDB, 0xDB, 0xE2, 0xE8, 0xFF, 0xFF, 0xE7,
    0xDF, 0xE6, 0xDB, 0xED, 0xE8, 0x70, 0x50, 0x52, 0xFF, 0xDC, 0xCB, 0xD1, 0xDC, 0xFD, 0x5D, 0x4D,
    0x50, 0x4D, 0x48, 0x4B, 0x49, 0x4B, 0x52, 0x6B, 0x6D, 0x5B, 0x5E, 0x67, 0x5B, 0x5B, 0x5B, 0x63,
    0x56, 0x53, 0x5F, 0x78, 0xFF, 0x66, 0x5B, 0x5B, 0x5B, 0x68, 0xE9, 0xD5, 0xDB, 0xE0, 0xFD, 0x67,
    0x5E, 0x67, 0x6E, 0xEA, 0xD8, 0xD5, 0xDB, 0xDE, 0xF6, 0x6A, 0xE7, 0xE7, 0xDB, 0xD6, 0xD3, 0xDB,
    0xEF, 0x7A, 0x6F, 0xFF, 0x76, 0x5E, 0x5B, 0x64, 0xFF, 0xE7, 0xF0, 0x68, 0xFF, 0xFF, 0xE7, 0xEE,
    0x6A, 0xFF, 0xEE, 0xE7, 0xE2, 0xDB, 0xDB, 0xDF, 0xF9, 0xEE, 0x71, 0xE8, 0xD9, 0xD9, 0xDC, 0xEF,
    0xFF, 0x67, 0x67, 0x7E, 0x73, 0x67, 0xFB, 0xDB, 0xCE, 0xCE, 0xD8, 0xDB, 0xED, 0x6B, 0x5B, 0x5B,
    0x5B, 0x5D, 0xF5, 0xDB, 0xD3, 0xD3, 0xDB, 0xDB, 0xDB, 0xDE, 0xF5, 0xFD, 0xE0, 0xE4, 0xEA, 0xEE,
    0xE7, 0xE2, 0xDB, 0xDC, 0xE7, 0xE7, 0xDD, 0xDF, 0xDB, 0x73, 0x5D, 0x4D, 0x4B, 0x4D, 0x49, 0x47,
    0x45, 0x4F, 0x4E, 0x54, 0x5F, 0x67, 0x63, 0x56, 0x5B, 0x58, 0x53, 0x67, 0x67, 0x5C, 0x56, 0x56,
    0x68, 0x71, 0x78, 0x67, 0x67, 0x7D, 0xFF, 0x6C, 0x5C, 0x67, 0x79, 0x78, 0x67, 0x7D, 0xE7, 0xE7,
    0xE6, 0xD4, 0xD2, 0xD9, 0xD8, 0xCE, 0xCB, 0xD7, 0x67, 0x67, 0x7B, 0x76, 0x5E, 0x5B, 0x5B, 0x55,
    0x54, 0x5F, 0x67, 0x5E, 0x67, 0xE7, 0xDB, 0xE4, 0x67, 0x5F, 0x5B, 0x5E, 0x75, 0x67, 0x6E, 0xEA,
    0xDA, 0xD3, 0xD3, 0xD1, 0xD1, 0xD5, 0xE0, 0xDB, 0xF8, 0xE7, 0xE7, 0xFF, 0xEB, 0x7B, 0x6F, 0xDD,
    0xDB, 0xE1, 0xFF, 0x6B, 0x6F, 0xDB, 0xE0, 0xFC, 0xFF, 0xFF, 0x67, 0x5B, 0x64, 0x6A, 0xFF, 0xDD,
    0xDB, 0xD6, 0xDC, 0xE7, 0xE7, 0xFF, 0xFF, 0xE8, 0xDE, 0xE7, 0xE7, 0xEF, 0xFF, 0xE4, 0xD7, 0xD3,
    0xCF, 0xDF, 0x7B, 0x5F, 0x5B, 0x59, 0x53, 0x5B, 0x61, 0x55, 0x52, 0x4D, 0x4D, 0x49, 0x47, 0x4D,
    0x5A, 0x67, 0x67, 0x67, 0x5C, 0x51, 0x51, 0x5C, 0x67, 0x67, 0xED, 0x5F, 0x5B, 0x6C, 0xEC, 0xE7,
    0xEE, 0xEA, 0xEB, 0xFF, 0xFF, 0xE7, 0xF6, 0x67, 0x67, 0x7A, 0xFF, 0xFF, 0xFF, 0xE1, 0xDB, 0xDA,
    0xD3, 0xD3, 0xCE, 0xCF, 0xD3, 0xDE, 0xE7, 0x7A, 0x5F, 0x54, 0x5E, 0x67, 0x68, 0xF2, 0xF8, 0xFF,
    0xFF, 0xFF, 0x75, 0x74, 0x7D, 0x67, 0x5D, 0x5A, 0x58, 0x66, 0xFF, 0xFF, 0xE7, 0xE0, 0xE5, 0xE7,
    0xE7, 0xE7, 0xD9, 0xD3, 0xD4, 0xD7, 0xD3, 0xCE, 0xD3, 0xDB, 0xE7, 0xDD, 0xDA, 0xCF, 0xD3, 0xD3,
    0xD9, 0xDB, 0xE4, 0xFF, 0x64, 0x60, 0x67, 0x56, 0x62, 0x68, 0xFF, 0x6A, 0xF9, 0xF1, 0xFF, 0xFF,
    0xFF, 0xE8, 0xFF, 0xFF, 0xE0, 0xD3, 0xD3, 0xD6, 0xE3, 0xE9, 0xFF, 0xE9, 0x63, 0x56, 0x5B, 0x6D,
    0xFF, 0xE7, 0xEF, 0x5D, 0x4B, 0x45, 0x49, 0x4B, 0x4D, 0x53, 0x53, 0x5B, 0x5B, 0x62, 0x66, 0x58,
    0x5A, 0x5A, 0x5C, 0x67, 0x6C, 0xEC, 0x7C, 0x60, 0x5B, 0x5D, 0x71, 0x68, 0x67, 0x75, 0xFF, 0xFF,
    0xDE, 0xD5, 0xE1, 0xFE, 0xED, 0xFF, 0xFF, 0xFF, 0xE9, 0xD9, 0xD3, 0xC9, 0xCF, 0xD9, 0xEA, 0x6F,
    0x67, 0x67, 0x67, 0xFD, 0xDB, 0xDB, 0xE7, 0xF0, 0xFF, 0x67, 0x74, 0x67, 0x67, 0x67, 0xFF, 0xEE,
    0xFD, 0xE7, 0xE7, 0x7C, 0x67, 0x67, 0x67, 0x67, 0x67, 0xF4, 0xE7, 0xDA, 0xD3, 0xD3, 0xDF, 0x6D,
    0x67, 0x6D, 0xEB, 0xE5, 0xD7, 0xD3, 0xD9, 0xD3, 0xD3, 0xD7, 0xE4, 0xFA, 0xDF, 0xDB, 0xDE, 0xDE,
    0xE7, 0xE7, 0xF9, 0xFF, 0xFF, 0xFF, 0x5B, 0x62, 0x67, 0x67, 0x79, 0xF8, 0xDA, 0xE6, 0xE2, 0xEE,
    0xFC, 0xEF, 0xFF, 0x77, 0x67, 0x67, 0xFF, 0x6B, 0x65, 0x57, 0x53, 0x5B, 0x61, 0x67, 0x67, 0x5D,
    0x5B, 0x5B, 0x5B, 0x59, 0x53, 0x54, 0x5B, 0x5B, 0x5D, 0x70, 0xFF, 0xE7, 0xE7, 0xFF, 0xFF, 0xFF,
    0x6A, 0x6E, 0x67, 0x5B, 0x5B, 0x67, 0x6F, 0xFF, 0xFF, 0xFF, 0xFF, 0x61, 0x63, 0x67, 0x67, 0x7A,
    0xEB, 0xFF, 0xFF, 0xFF, 0xFF, 0xFF, 0xEF, 0xFC, 0xFF, 0xFF, 0xE7, 0xD8, 0xE0, 0xDD, 0xDF, 0xDB,
    0xDB, 0xE2, 0x7D, 0x67, 0x79, 0x6A, 0xEE, 0xFD, 0xFF, 0xFF, 0xE9, 0x70, 0x67, 0x5B, 0x61, 0x67,
    0x67, 0x67, 0xFF, 0xEF, 0xFB, 0xE7, 0xE7, 0xE7, 0xE1, 0xDB, 0xDB, 0xDB, 0xE5, 0xDF, 0xD9, 0xDB,
    0xDF, 0xE7, 0xFA, 0xE7, 0xE7, 0xE7, 0xE7, 0xE6, 0xDB, 0xDB, 0xDB, 0xE0, 0xFD, 0x73, 0xF5, 0x67,
    0x67, 0x79, 0xE7, 0xDF, 0xDB, 0xDB, 0xE3, 0xE7, 0xEF, 0xEA, 0xEB, 0xED, 0xE7, 0xE7, 0xF7, 0xFF,
    0x6F, 0x5C, 0x5B, 0x5B, 0x5B, 0x5B, 0x5B, 0x5C, 0x5F, 0x5B, 0x51, 0x4D, 0x4D, 0x4F, 0x53, 0x52,
    0x50, 0x5B, 0x6C, 0xFF, 0xDC, 0xE7, 0xE7, 0xE7, 0xF1, 0xFF, 0x6C, 0xFF, 0xFF, 0xFF, 0xFF, 0xFF,
    0xFF, 0x67, 0x73, 0x5D, 0x5B, 0x5B, 0x65, 0x6B, 0xFF, 0xFF, 0xFF, 0xFF, 0xFF, 0xFF, 0xFF, 0xEC,
    0xFF, 0x67, 0xF2, 0xDD, 0xDB, 0xE0, 0xE7, 0xEC, 0xFF, 0x7D, 0x6E, 0xFF, 0xFF, 0xFF, 0xFF, 0xE7,
    0xE7, 0xE7, 0xEF, 0xFF, 0x6A, 0xFF, 0xFF, 0xFF, 0xFF, 0xE7, 0xE7, 0xE7, 0xFF, 0x6D, 0x5B, 0x5E,
    0x67, 0xFB, 0xDF, 0xD4, 0xD3, 0xDE, 0xDC, 0xEE, 0xEB, 0xE5, 0xDB, 0xE6, 0xE7, 0xE7, 0xE7, 0xE7,
    0xE7, 0xFF, 0xEE, 0xE7, 0xE2, 0xE2, 0x7C, 0x6E, 0xFF, 0xE7, 0xE7, 0xE7, 0xE7, 0xF6, 0x69, 0xFF,
    0xFF, 0xE7, 0xDF, 0xD3, 0xD6, 0xEF, 0xFF, 0xFF, 0xFF, 0x76, 0x5E, 0x5B, 0x56, 0x5B, 0x65, 0x5B,
    0x65, 0x5B, 0x5B, 0x7D, 0x5D, 0x53, 0x53, 0x53, 0x5B, 0x5B, 0x5B, 0x5B, 0x5B, 0x5B, 0x67, 0x5F,
    0x5B, 0x6C, 0xFF, 0xFF, 0xFF, 0xEA, 0xE4, 0xDB, 0xDB, 0xFF, 0x6B, 0x69, 0xFF, 0xE9, 0xE7, 0xE7,
    0xE7, 0xFF, 0xFF, 0xFF, 0xFF, 0x69, 0xFF, 0x6D, 0x67, 0x67, 0x5D, 0x5A, 0x58, 0x66, 0xFF, 0xEC,
    0xDC, 0xE7, 0xE7, 0xFF, 0xFF, 0xFF, 0xE7, 0xE7, 0xFF, 0x70, 0x67, 0x6A, 0xFF, 0xFF, 0xE7, 0xE7,
    0xE7, 0xEF, 0xFF, 0xFF, 0xFF, 0x67, 0xFF, 0xFF, 0xFB, 0xEF, 0xFF, 0xFF, 0xFF, 0xFE, 0xE1, 0xDB,
    0xDB, 0xE0, 0xDC, 0xE7, 0xE7, 0xE7, 0xE7, 0xE7, 0xEA, 0xFF, 0xE8, 0xE7, 0xE7, 0xE7, 0xE7, 0xDD,
    0xDB, 0xE0, 0xFE, 0xFF, 0xFF, 0xFF, 0xFF, 0xFF, 0x77, 0x72, 0xFF, 0xF3, 0xE7, 0xE7, 0xEF, 0xFF,
    0xFF, 0xED, 0xE7, 0xED, 0xEB, 0x7A, 0x5F, 0x5B, 0x5B, 0x5B, 0x5C, 0x67, 0x67, 0x5D, 0x5F, 0x5B,
    0x53, 0x53, 0x5B, 0x5B, 0x5B, 0x5B, 0x5B, 0x5B, 0x56, 0x5B, 0x67, 0x6E, 0xEA, 0xF8, 0xE7, 0xE7,
    0xFF, 0xFF, 0xFF, 0xFF, 0xFF, 0xFF, 0xFF, 0xFF, 0xFF, 0xFF, 0xFF, 0xEF, 0xE7, 0xE3, 0xDB, 0xDB,
    0xDB, 0xDB, 0xEA, 0x6E, 0x5C, 0x5B, 0x5B, 0x5B, 0x5F, 0x78, 0x6A, 0xFF, 0xFF, 0xEC, 0xFF, 0xFF,
    0xF1, 0xE7, 0xE7, 0xE7, 0xFE, 0xFF, 0xFF, 0xFC, 0xE7, 0xE7, 0xE7, 0xE7, 0xFF, 0xED, 0xFF, 0xE7,
    0xE7, 0xE7, 0xFF, 0xFF, 0x7E, 0x67, 0x77, 0xFF, 0xFF, 0xE9, 0xE7, 0xE7, 0xE7, 0xE7, 0xE7, 0xF9,
    0xE7, 0xDC, 0xEC, 0xFF, 0xFF, 0xFF, 0xFF, 0xFF, 0xEE, 0xFD, 0xFF, 0xFF, 0xFF, 0xFF, 0xFF, 0xF8,
    0xE7, 0xE7, 0xE7, 0xF6, 0xFF, 0x6F, 0x7A, 0xFF, 0xFF, 0xE7, 0xE7, 0xE7, 0xE7, 0xE7, 0xE7, 0xE7,
    0xE7, 0xFF, 0xFF, 0xEB, 0xE7, 0xE7, 0xFC, 0xFF, 0xFF, 0xFD, 0xEE, 0xFF, 0xFF, 0xFF, 0xFF, 0xFF,
    0xFF, 0xFF, 0x70, 0x67, 0x67, 0x71, 0xFF, 0xFF, 0xFF, 0xE7, 0xEF, 0xFF, 0xE7, 0xE7, 0xE7, 0xE7,
    0xF7, 0x7A, 0x6F, 0xFF, 0xE7, 0xE7, 0xE8, 0xF2, 0xF8, 0x7A, 0x70, 0xFF, 0xFF, 0xED, 0xFF, 0xFF,
    0xFF, 0xFF, 0x6E, 0x7C, 0xFF, 0xFF, 0xE7, 0xE7, 0xE7, 0xFF, 0xFF, 0xFF, 0xE7, 0xE7, 0xE9, 0xFF,
    0xFF, 0x67, 0x72, 0xFF, 0xFF, 0xFF, 0xFF, 0xEF, 0xE7, 0xEB, 0x6D, 0xFF, 0xFF, 0xFF, 0xFF, 0xFF,
    0xFF, 0x76, 0x74, 0xFF, 0xF2, 0xE7, 0xE7, 0xE7, 0xE7, 0xFF, 0xEC, 0xE7, 0xE7, 0xE7, 0xEA, 0x6E,
    0x7D, 0xFF, 0xEC, 0xFF, 0xFF, 0xFF, 0xFF, 0xFF, 0xFF, 0xFF, 0xFF, 0x7B, 0x67, 0x67, 0x67, 0x67,
    0x67, 0x72, 0x77, 0xFF, 0xEF, 0xE7, 0xE7, 0xF4, 0xFE, 0xE7, 0xE7, 0xDD, 0xE7, 0xE7, 0xFF, 0xFF,
    0xFF, 0xFF, 0xFF, 0x79, 0x71, 0xFF, 0xFF, 0xFF, 0xFF, 0xFF, 0xFF, 0xFF, 0xFF, 0x68, 0x67, 0x67,
    0x69, 0xFF, 0xFF, 0xE3, 0xE1, 0xE7, 0xFF, 0xFF, 0xFF, 0xEF, 0xE7, 0xFF, 0xFF, 0xE7, 0xFF, 0xFF,
    0xFA, 0xF0, 0xFF, 0xFF, 0xFF, 0x68, 0xFF, 0xFF, 0xF9, 0xE7, 0xFD, 0xFF, 0x6C, 0x67, 0x67, 0x79,
    0xFF, 0xEE, 0xE7, 0xE2, 0xE3, 0xFF, 0xFF, 0xFF, 0xFF, 0xFF, 0x67, 0xFF, 0xFF, 0xFF, 0xEF, 0xE7,
    0xEB, 0xFF, 0x67, 0x67, 0x67, 0x67, 0x6F, 0xFF, 0xFF, 0xFF, 0xFF, 0x71, 0x67, 0x6A, 0xFF, 0xFF,
    0xE7, 0xE7, 0xDC, 0xE7, 0xF9, 0xF9, 0xE7, 0xE7, 0xE7, 0xF5, 0xFF, 0xFF, 0xFF, 0xFF, 0xFF, 0xFF,
    0xFF, 0xFF, 0x7B, 0x67, 0x5C, 0x67, 0x72, 0xFF, 0xFF, 0x6B, 0x7A, 0x67, 0x7B, 0x67, 0x73, 0xFE,
    0xE7, 0xDD, 0xE7, 0xE7, 0xE7, 0xF6, 0xE7, 0xFF, 0xFF, 0x6A, 0xF9, 0xE7, 0xE7, 0xFF, 0xFF, 0xFD,
    0xEE, 0xFF, 0x67, 0x67, 0x67, 0x6C, 0x6C, 0x67, 0x6F, 0x69, 0x67, 0x67, 0x67, 0x5E, 0x67, 0x67,
    0x6F, 0xE9, 0xE7, 0xE7, 0xE7, 0xE7, 0xE7, 0xFF, 0xFF, 0xE9, 0xE7, 0xE7, 0xDB, 0xE5, 0xDF, 0xE2,
    0xF9, 0xE6, 0x58, 0xF3, 0xDB, 0xE5, 0x58, 0x5A, 0x53, 0x4E, 0x56, 0x5B, 0x5B, 0x5B, 0x5B, 0x5B,
    0x52, 0x4D, 0x56, 0x63, 0x5B, 0x5B, 0x65, 0x5B, 0x5B, 0x67, 0xFF, 0xFF, 0xE7, 0xE7, 0xE7, 0xE7,
    0xE7, 0xE8, 0xF2, 0xF8, 0x79, 0x5F, 0x66, 0x6C, 0xFF, 0xE7, 0xE7, 0xF9, 0xE4, 0xDB, 0xDB, 0xE7,
    0xE7, 0xE7, 0xE0, 0xDB, 0xE4, 0xDB, 0xDB, 0xDB, 0xDB, 0xDB, 0xDB, 0xE5, 0xDB, 0xE1, 0xDB, 0xDB,
    0xE3, 0xE5, 0xDF, 0xE7, 0x63, 0x5B, 0x5B, 0x5B, 0x5B, 0x67, 0x5F, 0x66, 0x62, 0x5B, 0x53, 0x57,
    0x5B, 0x5B, 0x57, 0x53, 0x5B, 0x5B, 0x5B, 0x5F, 0x67, 0x67, 0x67, 0x67, 0x5B, 0x5B, 0x5B, 0x5B,
    0x5B, 0x5B, 0x56, 0x5B, 0x53, 0x59, 0x5B, 0x5F, 0x7B, 0xFF, 0xFF, 0xFF, 0xFF, 0xFF, 0xFF, 0xEF,
    0xE7, 0xFF, 0xFF, 0xE7, 0xE7, 0xE7, 0xDB, 0xDB, 0xDB, 0xDB, 0xE2, 0xE7, 0xE7, 0xE7, 0xE4, 0xDB,
    0xDB, 0xE7, 0x71, 0x67, 0x6E, 0xFF, 0xFF, 0xEE, 0xE7, 0xED, 0xEC, 0xE7, 0xE7, 0xE7, 0xE7, 0xE7,
    0xFF, 0xFF, 0xEB, 0xFB, 0xE7, 0xDC, 0xDB, 0xDB, 0xDB, 0xDF, 0xE7, 0xFF, 0xFF, 0xFF, 0xEC, 0x6C,
    0x68, 0xFF, 0x6A, 0x67, 0x67, 0x7D, 0xFF, 0xFF, 0x7C, 0x67, 0x67, 0xFF, 0xFF, 0xFF, 0xFF, 0xFF,
    0x7B, 0x67, 0x7A, 0xFF, 0xFF, 0xFF, 0xE7, 0xF7, 0xFF, 0x6F, 0x67, 0x67, 0x67, 0x67, 0x61, 0x55,
    0x5B, 0x5B, 0x54, 0x5B, 0x5B, 0x5B, 0x5B, 0x5B, 0x53, 0x58, 0x5B, 0x5B, 0x62, 0x5B, 0x5B, 0x5B,
    0x64, 0x60, 0x67, 0x6C, 0xFF, 0xFF, 0xFF, 0xFF, 0xFF, 0xFF, 0xFF, 0x73, 0x67, 0x67, 0x67, 0x67,
    0x6B, 0xFF, 0xFF, 0xF3, 0xE7, 0xE7, 0xE7, 0xFC, 0xFF, 0xFF, 0xE7, 0xE7, 0xE7, 0xE7, 0xDF, 0xDB,
    0xDB, 0xDB, 0xDB, 0xDB, 0xDB, 0xDD, 0xE7, 0xE7, 0xE2, 0xDB, 0xDB, 0xDF, 0xE7, 0xFF, 0x6E, 0x67,
    0x6D, 0xFF, 0xFF, 0xFF, 0xFF, 0xFF, 0xFF, 0xFF, 0xFF, 0xEB, 0xE7, 0xE7, 0xE7, 0xE7, 0xDE, 0xDB,
    0xDB, 0xDB, 0xDB, 0xDB, 0xE6, 0xE7, 0xE7, 0xE7, 0xEE, 0xFF, 0xFF, 0xFF, 0xFF, 0x74, 0x75, 0xFF,
    0xFF, 0xFF, 0xF8, 0xE7, 0xE7, 0xFF, 0xFF, 0x7B, 0x6F, 0x69, 0x67, 0x67, 0x7E, 0xFF, 0xFF, 0xFF,
    0xFF, 0xFF, 0x67, 0x67, 0x67, 0x67, 0x67, 0x67, 0x67, 0x5C, 0x59, 0x53, 0x53, 0x53, 0x53, 0x53,
    0x53, 0x53, 0x5B, 0x5B, 0x5B, 0x5B, 0x5B, 0x5B, 0x5B, 0x5B, 0x5B, 0x5B, 0x68, 0xFF, 0xFF, 0xFF,
    0xFF, 0xFF, 0x73, 0x67, 0x67, 0x5F, 0x5B, 0x5D, 0x67, 0x67, 0x67, 0x67, 0xFF, 0xFF, 0xFF, 0xF6,
    0xE7, 0xE7, 0xE7, 0xE7, 0xE7, 0xE7, 0xE7, 0xE7, 0xE7, 0xE8, 0xF1, 0xE7, 0xE4, 0xDB, 0xDB, 0xDB,
    0xE2, 0xE7, 0xE7, 0xE7, 0xE7, 0xF2, 0xFF, 0x73, 0x67, 0xFF, 0x6F, 0x67, 0xFF, 0xFF, 0xFF, 0xFF,
    0xFF, 0xFB, 0xE7, 0xE7, 0xE7, 0xDE, 0xE7, 0xE7, 0xE7, 0xE7, 0xDF, 0xDB, 0xD6, 0xDB, 0xDB, 0xDB,
    0xDB, 0xE7, 0xF1, 0xE8, 0xE7, 0xF5, 0xFF, 0xFF, 0xFF, 0xF8, 0xE7, 0xE7, 0xE7, 0xE7, 0xE7, 0xE7,
    0xE7, 0xE7, 0xE7, 0xE7, 0xFF, 0xFF, 0xFF, 0xFF, 0xFF, 0xFF, 0xFF, 0xE7, 0xFF, 0x6B, 0x69, 0xFF,
    0xFF, 0xFF, 0x6D, 0x66, 0x5B, 0x55, 0x52, 0x4D, 0x53, 0x53, 0x59, 0x5C, 0x67, 0x67, 0x67, 0x67,
    0x67, 0x67, 0x67, 0x67, 0x67, 0x67, 0xFF, 0xFF, 0xFF, 0xE7, 0xE7, 0xFF, 0xFF, 0x69, 0x67, 0x67,
    0x67, 0x72, 0x67, 0x67, 0x67, 0x67, 0x67, 0x67, 0xFF, 0xFF, 0xFF, 0xFF, 0xFF, 0xFF, 0xE7, 0xE7,
    0xE7, 0xEE, 0xFF, 0xFF, 0xFF, 0xE8, 0xE7, 0xE7, 0xE7, 0xE7, 0xE7, 0xEB, 0xFF, 0xFF, 0xE7, 0xF6,
    0xFF, 0xFF, 0x69, 0x5B, 0x56, 0x5B, 0x5E, 0x67, 0x67, 0x6F, 0x69, 0xFF, 0xFF, 0xE7, 0xE7, 0xF8,
    0xFF, 0xFF, 0xFF, 0xE7, 0xE7, 0xE7, 0xE7, 0xE7, 0xDB, 0xDB, 0xE6, 0x6C, 0xFF, 0xFF, 0xFF, 0xFF,
    0xFF, 0xFF, 0xFF, 0xFF, 0xFF, 0xFC, 0xE7, 0xE7, 0xE7, 0xE7, 0xE7, 0xDB, 0xE3, 0xDC, 0xE7, 0xFB,
    0xE7, 0xE7, 0xE7, 0xE7, 0xE7, 0xE7, 0xE7, 0xE7, 0xFF, 0xFF, 0xFF, 0xF2, 0xF8, 0x79, 0x67, 0x5C,
    0x53, 0x53, 0x5B, 0x5B, 0x64, 0x67, 0x67, 0x67, 0x67, 0x67, 0xFF, 0xFF, 0xFF, 0xFF, 0xFF, 0xFF,
    0xFF, 0xFF, 0xFF, 0xFF, 0xFF, 0xFF, 0xFF, 0xFF, 0x67, 0x67, 0x67, 0x67, 0x7B, 0xFF, 0x6D, 0x67,
    0x67, 0x77, 0xFF, 0xFF, 0xE9, 0xEC, 0xED, 0xE7, 0xE7, 0xE7, 0xE7, 0xE7, 0xE7, 0xE7, 0xE7, 0xE7,
    0xE7, 0xE7, 0xFF, 0xFF, 0xFF, 0xFF, 0xFF, 0xFF, 0xF0, 0xFA, 0x6B, 0xFF, 0x67, 0x58, 0x59, 0x5C,
    0x6F, 0xFF, 0xFF, 0x6D, 0xFF, 0xFF, 0xEB, 0xE7, 0xE7, 0xE7, 0xFF, 0xFF, 0xFF, 0xFF, 0xEB, 0xE7,
    0xE7, 0xE7, 0xEC, 0xEC, 0x7D, 0x6E, 0xFF, 0xFF, 0xFF, 0xFF, 0xFF, 0xFF, 0xFF, 0xFF, 0xFF, 0xE7,
    0xE7, 0xE7, 0xED, 0xEB, 0xE7, 0xE7, 0xE7, 0xEB, 0xED, 0xE7, 0xE7, 0xE7, 0xE7, 0xE7, 0xE7, 0xE7,
    0xE7, 0xFF, 0xFF, 0xFF, 0xFA, 0xE7, 0xE7, 0x75, 0x67, 0x66, 0x58, 0x5A, 0x5B, 0x60, 0x67, 0xFF,
    0x6C, 0x67, 0x6E, 0xFF, 0xFF, 0xFF, 0xFF, 0x6D, 0xFF, 0xFF, 0xFF, 0xFF, 0xE7, 0xE7, 0xE7, 0xFF,
    0x6B, 0x67, 0x67, 0x7B, 0xFF, 0xFF, 0x67, 0xFF, 0xFF, 0x67, 0x67, 0x7C, 0xFF, 0xFF, 0xE8, 0xFF,
    0xFF, 0xF9, 0xE7, 0xE7, 0xFF, 0xFF, 0xFF, 0xFF, 0xFF, 0xFF, 0xFF, 0xFF, 0xFF, 0xFF, 0x7C, 0x67,
    0x67, 0x6B, 0xFF, 0xFF, 0x67, 0x5D, 0x5B, 0x5B, 0x54, 0x5B, 0x5B, 0x67, 0x67, 0x67, 0x67, 0x6F,
    0xFF, 0xFF, 0xFF, 0xFF, 0xFF, 0xFF, 0xFF, 0xFF, 0xE8, 0xE7, 0xE7, 0xE7, 0xEE, 0xFF, 0x67, 0x71,
    0xFF, 0xFF, 0xFF, 0xFF, 0x70, 0x79, 0xFF, 0xFF, 0xFF, 0xF4, 0xE7, 0xE9, 0xFF, 0xE9, 0xE7, 0xE7,
    0xE7, 0xE7, 0xE7, 0xE7, 0xE7, 0xE7, 0xE7, 0xE7, 0xE7, 0xE7, 0xE7, 0xE7, 0xE7, 0xFC, 0xE7, 0xE7,
    0xE8, 0x71, 0x67, 0x67, 0x67, 0x67, 0x67, 0x75, 0xFF, 0xFF, 0xFF, 0xFF, 0xFF, 0xE8, 0xE7, 0xE7,
    0xE7, 0xE7, 0xE7, 0xE7, 0xE7, 0xE7, 0xE7, 0xE7, 0xE9, 0xFF, 0xFF, 0xFF, 0xFF, 0xFF, 0xFF, 0xFF,
    0xFF, 0xFF, 0x69, 0x6C, 0xFF, 0xFF, 0xF2, 0xE7, 0xE7, 0xE7, 0xE7, 0xE7, 0xE7, 0xE7, 0xEE, 0xFF,
    0xFF, 0xFF, 0xFF, 0xFF, 0xEC, 0xE9, 0xFF, 0xFF, 0x67, 0x67, 0x67, 0x6D, 0xFF, 0x7B, 0x67, 0x5C,
    0x5B, 0x5B, 0x5B, 0x5B, 0x5B, 0x67, 0x67, 0x67, 0x67, 0x73, 0xFF, 0xFF, 0xFF, 0x67, 0x67, 0x67,
    0x75, 0x74, 0xFF, 0xFF, 0xEA, 0xEA, 0xFF, 0x68, 0x67, 0x67, 0x68, 0x70, 0x79, 0xFF, 0xFF, 0xFF,
    0x73, 0x76, 0xFF, 0xFF, 0xFF, 0xFF, 0xFF, 0xFF, 0xE7, 0xE7, 0xE9, 0xFF, 0xFF, 0xFF, 0xFF, 0xFF,
    0xFF, 0xFF, 0xE7, 0xE7, 0xE7, 0xFF, 0xFF, 0xFF, 0xF1, 0xF9, 0xFF, 0x6E, 0x67, 0x67, 0x67, 0x7C,
    0x67, 0x79, 0xFF, 0xFF, 0xFF, 0xFF, 0xEC, 0xE7, 0xE7, 0xE7, 0xE7, 0xE7, 0xE7, 0xE7, 0xE7, 0xE7,
    0xE7, 0xE7, 0xE7, 0xE7, 0xFF, 0xFF, 0xFF, 0xFA, 0xF0, 0xFF, 0xFF, 0xFF, 0xFF, 0xFF, 0xEB, 0xE7,
    0xE7, 0xE7, 0xE7, 0xE7, 0xE7, 0xE7, 0xE7, 0xEA, 0xFF, 0xFF, 0xFF, 0xFF, 0xFF, 0xFF, 0xFF, 0xFF,
    0xFF, 0xFF, 0xFF, 0xFF, 0xFF, 0xFF, 0xFF, 0x67, 0x67, 0x5B, 0x5B, 0x5B, 0x67, 0x67, 0x67, 0x67,
    0x73, 0xFF, 0xFF, 0xFF, 0xFF, 0xFF, 0xFF, 0x75, 0x67, 0xFF, 0xFF, 0xFF, 0xE7, 0xE7, 0xE7, 0xEC,
    0xFF, 0xFF, 0xFF, 0xFF, 0xFF, 0xFF, 0xFF, 0xFF, 0xFF, 0xFF, 0xFF, 0xFF, 0xFF, 0xED, 0xE7, 0xE7,
    0xE7, 0xE7, 0xE7, 0xE7, 0xEB, 0xFF, 0xFF, 0xFF, 0xFF, 0xFA, 0xE7, 0xE7, 0xE7, 0xE7, 0xFF, 0xFF,
    0xFF, 0xFF, 0x6E, 0x67, 0x67, 0x67, 0x67, 0x67, 0x67, 0x67, 0x67, 0x67, 0x67, 0x67, 0x69, 0xFF,
    0xFF, 0xFF, 0xFF, 0xFF, 0x67, 0x67, 0x67, 0x6F, 0xFF, 0xFF, 0xFF, 0xFF, 0xED, 0x6B, 0x67, 0x6F,
    0xFF, 0xFF, 0xFF, 0xFF, 0xFF, 0xFF, 0xFF, 0xFF, 0xFF, 0xE7, 0xE7, 0xE7, 0xE7, 0xE7, 0xE7, 0xE7,
    0xE7, 0xE7, 0xE7, 0xE7, 0xE7, 0xFA, 0xFF, 0xEE, 0xE7, 0xE7, 0xE7, 0xE7, 0xE7, 0xE7, 0xFF, 0xFF,
    0xFF, 0xFF, 0x6B, 0x67, 0x67, 0x67, 0x6B, 0xFF, 0xFF, 0xFF, 0xFF, 0xFF, 0xFF, 0xFF, 0xFF, 0xFF,
    0xFF, 0xFF, 0xFF, 0xFF, 0xFF, 0xFF, 0xFF, 0xFF, 0xE8, 0xFF, 0x6A, 0x6A, 0xFF, 0xFF, 0xFF, 0xFF,
    0xFF, 0xFF, 0xFF, 0xFF, 0xFF, 0xFF, 0xE7, 0xE7, 0xE7, 0xE7, 0xE7, 0xE7, 0xE7, 0xE7, 0xEE, 0xFF,
    0xFF, 0xFF, 0xFF, 0xFF, 0xFF, 0xFE, 0xE7, 0xF8, 0xFF, 0xFF, 0xFF, 0x6C, 0xFF, 0xFF, 0x70, 0x67,
    0x67, 0x67, 0x67, 0x67, 0x75, 0x7C, 0x6F, 0xFF, 0xFF, 0xFF, 0xFF, 0xFF, 0xFF, 0xFF, 0xFF, 0x69,
    0x67, 0x73, 0xFF, 0xFF, 0xFF, 0xFF, 0x6F, 0x67, 0x67, 0x67, 0xFF, 0xFF, 0xFF, 0x79, 0x67, 0x67,
    0xFF, 0xFF, 0xFF, 0xFF, 0xFF, 0xFF, 0xEE, 0xE7, 0xE7, 0xE7, 0xE7, 0xEF, 0xFF, 0xFF, 0xFF, 0xFF,
    0xFF, 0xEC, 0xE7, 0xE7, 0xE7, 0xFF, 0xFF, 0xFF, 0x67, 0x77, 0xFF, 0xFF, 0xFF, 0x67, 0x67, 0x67,
    0xFF, 0xFF, 0x7A, 0x70, 0xFF, 0xFF, 0xFF, 0xFF, 0xFF, 0xFF, 0xFF, 0xFF, 0xFF, 0xFF, 0xFF, 0xFD,
    0xE7, 0xE7, 0xEB, 0xFF, 0xFF, 0xFF, 0xFF, 0xFF, 0xFF, 0xFF, 0xFF, 0xFF, 0xFF, 0xFF, 0xFF, 0xE7,
    0xE7, 0xE7, 0xE7, 0xE7, 0xE7, 0xE7, 0xE7, 0xE7, 0xE7, 0xFC, 0xFF, 0xFF, 0xFF, 0xFF, 0xFF, 0xE7,
    0xE7, 0xFD, 0xFF, 0xFF, 0x68, 0xFF, 0xFF, 0xFF, 0xFF, 0x68, 0x67, 0x67, 0x67, 0x6E, 0xFF, 0xFF,
    0xFF, 0x67, 0x67, 0x76, 0xFF, 0xFF, 0xFF, 0xFF, 0xFF, 0xFF, 0x72, 0x77, 0xFF, 0xFF, 0xFF, 0xFF,
    0x6D, 0x67, 0x67, 0x78, 0xFF, 0xFF, 0xFF, 0xFF, 0xFF, 0xFF, 0x71, 0x78, 0xFF, 0xEE, 0xE7, 0xE7,
    0xE7, 0xE7, 0xE7, 0xE7, 0xEB, 0xFF, 0xFF, 0xFF, 0xFF, 0xFF, 0xFF, 0xFF, 0xF7, 0xE7, 0xFF, 0xFF,
    0x6B, 0x67, 0x6F, 0xFF, 0xFF, 0xFF, 0xFF, 0x72, 0x67, 0x67, 0x70, 0xFF, 0xFF, 0xFF, 0xFF, 0xFF,
    0xFF, 0xFF, 0xFF, 0xFF, 0xFF, 0xFF, 0xFF, 0xFF, 0xFF, 0xFF, 0xFF, 0xE8, 0xFF, 0xFF, 0xFF, 0xFF,
    0xFF, 0xFF, 0xFF, 0xFF, 0xFF, 0xFF, 0xFF, 0xFF, 0xFF, 0xFF, 0xED, 0xE7, 0xE7, 0xE7, 0xE7, 0xE7,
    0xE7, 0xE7, 0xE7, 0xE8, 0xFF, 0xFF, 0xFF, 0xFF, 0xFF, 0xF5, 0xE7, 0xE8, 0xFF, 0xFF, 0x67, 0x71,
    0xFF, 0xFF, 0xFF, 0xFF, 0x70, 0x67, 0x67, 0x67, 0x7E, 0xFF, 0xFF, 0xFF, 0xFF, 0xFF, 0xFF, 0xFF,
    0xFF, 0xFF, 0xFF, 0xFF, 0xFF, 0xFF, 0xFF, 0xFF, 0xFF, 0xFF, 0xFF, 0xFF, 0xFF, 0xFF, 0xFF, 0xFF,
    0xFF, 0xFF, 0xFF, 0xFF, 0xFF, 0xFF, 0xFF, 0xEC, 0xE7, 0xE7, 0xE7, 0xE7, 0xE7, 0xE7, 0xFF, 0xFF,
    0xFC, 0xEF, 0xFF, 0xFF, 0xFF, 0xFF, 0xFF, 0xFF, 0xE9, 0xFF, 0xFF, 0xFF, 0xFF, 0xFF, 0xFF, 0xFF,
    0xFF, 0xFF, 0x69, 0x67, 0x67, 0xFF, 0xFF, 0xFF, 0xFF, 0xFF, 0xFF, 0xFF, 0xFF, 0xFF, 0xFF, 0xFF,
    0xFF, 0xFF, 0xFF, 0xFF, 0xFF, 0xFF, 0xFF, 0xFF, 0x77, 0x72, 0xFF, 0xFF, 0xFF, 0xFF, 0xFF, 0xFF,
    0xFF, 0xFF, 0xFF, 0xFF, 0xFF, 0xFA, 0xE7, 0xE7, 0xE7, 0xF4, 0xFF, 0xFF, 0xFF, 0xFF, 0xFF, 0xFF,
    0xFF, 0xFF, 0xFF, 0xFF, 0xFF, 0xFF, 0x6E, 0x7D, 0xFF, 0xFF, 0xFF, 0xFF, 0xFF, 0xFF, 0xFF, 0xFF,
    0x67, 0x67, 0xFF, 0xFF, 0xFF, 0xE7, 0xF3, 0xFF, 0xFF, 0xFF, 0xFF, 0xFF, 0xFF, 0xFF, 0xFF, 0xFF,
    0xFF, 0xFF, 0xFF, 0xFF, 0xFF, 0xFF, 0xFF, 0xFF, 0xFF, 0xFF, 0xFF, 0xFF, 0xFF, 0xFF, 0xFF, 0xFF,
    0xFF, 0xFF, 0xE7, 0xE7, 0xE7, 0xE7, 0xE7, 0xE7, 0xE7, 0xFA, 0xFF, 0xFF, 0xFF, 0xFF, 0xFF, 0xFF,
    0xFF, 0xFF, 0xFF, 0xFF, 0xFF, 0xFF, 0xFF, 0xFF, 0xFF, 0xFF, 0xFF, 0xFF, 0xFF, 0x71, 0x67, 0xFF,
    0xFF, 0xFF, 0xFF, 0xFF, 0xFF, 0xFF, 0xFF, 0xFF, 0xFF, 0xFF, 0xFF, 0xFF, 0xFF, 0xFF, 0xFF, 0x67,
    0x67, 0x7E, 0xFF, 0xFF, 0xFF, 0x6F, 0x7A, 0xFF, 0xFF, 0xFF, 0xFF, 0xFF, 0xFF, 0xFF, 0xFF, 0xFF,
    0xED, 0xE7, 0xE7, 0xE7, 0xFF, 0xFF, 0xFF, 0xFF, 0xFF, 0xFF, 0xFF, 0xFF, 0xFF, 0xFF, 0xFF, 0x6C,
    0xFF, 0xFF, 0xFF, 0xFF, 0xFF, 0xFF, 0xFF, 0xFF, 0xFF, 0xFF, 0xFF, 0xFF, 0xFF, 0xFF, 0xFF, 0xF3,
    0xF7, 0xFF, 0xFF, 0xFF, 0xFF, 0xFF, 0xFF, 0xFF, 0xFF, 0xFF, 0xFF, 0xFF, 0x75, 0x67, 0xFF, 0xFF,
    0xFF, 0xFF, 0xFF, 0xFF, 0xFF, 0xFF, 0xFF, 0xFF, 0xFF, 0xFF, 0xFF, 0xFF, 0xFF, 0xEC, 0xE7, 0xE7,
    0xE7, 0xEB, 0xFF, 0xFF, 0xFF, 0xFF, 0xFF, 0xFF, 0xFF, 0xFF, 0xFF, 0x67, 0x67, 0x77, 0xFF, 0xFF,
    0xFF, 0xFF, 0xFF, 0xFF, 0xFF, 0xFF, 0xFF, 0xFF, 0xFF, 0xFF, 0xFF, 0xFF, 0xFF, 0xFF, 0xFF, 0xFF,
    0xFF, 0xFF, 0xFF, 0xFF, 0xFF, 0xFF, 0xFF, 0xFF, 0xFF, 0x67, 0x67, 0xFF, 0xFF, 0xFF, 0xFF, 0xFF,
    0xFF, 0xFF, 0xFF, 0xFF, 0xFF, 0xFF, 0xFF, 0xFF, 0xFF, 0xFF, 0xEB, 0xE7, 0xE7, 0xE7, 0xEC, 0xFF,
    0xFF, 0xFF, 0xFF, 0xFF, 0xEE, 0xE7, 0xFF, 0xFF, 0x67, 0x6E, 0xFF, 0xFF, 0xFF, 0xFF, 0xFF, 0xFF,
    0xFF, 0xFF, 0xFF, 0xFF, 0xFF, 0xFF, 0xFF, 0xFF, 0xFF, 0xFF, 0xFF, 0xFF, 0xFF, 0xFF, 0xFF, 0xFF,
    0x69, 0xFF, 0xFF, 0xFF, 0xFF, 0x7D, 0x67, 0x67, 0x6A, 0xFF, 0xFF, 0xFF, 0xFF, 0xFF, 0xFF, 0xFF,
    0xFF, 0xFF, 0xFF, 0xED, 0xFF, 0xFF, 0xFF, 0xFF, 0xF8, 0xE7, 0xE7, 0xE7, 0xF7, 0xFF, 0xFF, 0xFF,
    0xFF, 0xED, 0xE7, 0xFF, 0xFF, 0x69, 0xFF, 0xFF, 0xFF, 0xFF, 0xFF, 0xFF, 0xFF, 0xFF, 0xFF, 0xFF,
    0xFF, 0xFF, 0xFF, 0xFF, 0xFF, 0xFF, 0xFF, 0xFF, 0xFF, 0xFF, 0xFF, 0xFF, 0xFF, 0xFF, 0xFF, 0xFF,
    0xFF, 0xFF, 0x7B, 0x67, 0x67, 0xFF, 0xFF, 0xFF, 0xFF, 0xFF, 0xFF, 0xFF, 0xFF, 0xFF, 0xFF, 0xFF,
    0xFF, 0xFF, 0xFF, 0xFF, 0xFF, 0xFF, 0xFF, 0xFF, 0xFF, 0xFF, 0xFF, 0xFF, 0xFF, 0xFF, 0xFF, 0xFF,
    0xFF, 0xFF, 0xFF, 0xFF, 0xFF, 0xFF, 0xFF, 0xFF, 0xFF, 0xFF, 0xFF, 0xFF, 0xFF, 0xFF, 0xFF, 0xFF,
    0xFF, 0xFF, 0xFF, 0xFF, 0xFF, 0xFF, 0xFF, 0xFF, 0xFF, 0xFF, 0xFF, 0xFF, 0xFF, 0xFF, 0xFF, 0x79,
    0x67, 0x67, 0xFF, 0xFF, 0xFF, 0xFF, 0xFF, 0xFF, 0xFF, 0xFF, 0xFF, 0xFF, 0xFF, 0xFF, 0xFF, 0xFF,
    0xFF, 0xFF, 0xFF, 0xFF, 0xE7, 0xEF, 0xFF, 0xFF, 0xFF, 0xFF, 0xFF, 0xFF, 0xFF, 0xFF, 0xFF, 0xFF,
    0xFF, 0xFF, 0xFF, 0xFF, 0xFF, 0xFF, 0xFF, 0xFF, 0xFF, 0xFF, 0xFF, 0xFF, 0xFF, 0xFF, 0xFF, 0xFF,
    0xFF, 0xFF, 0xFF, 0xFF, 0xFF, 0xFF, 0xFF, 0xFF, 0xFF, 0xFF, 0xFF, 0xFF, 0x77, 0x67, 0x67, 0x6D,
    0xFF, 0xFF, 0xFF, 0xFF, 0xFF, 0xFF, 0xFF, 0xFF, 0xFF, 0xFF, 0xFF, 0xFF, 0xFF, 0xFF, 0xFF, 0xFF,
    0xFF, 0xFF, 0xFF, 0xFF, 0xFF, 0xFF, 0xFF, 0xFF, 0xFF, 0xFF, 0xFF, 0xFF, 0xFF, 0xFF, 0xFF, 0xFF,
    0xFF, 0xFF, 0xFF, 0xFF, 0xFF, 0xFF, 0xFF, 0xFF, 0xFF, 0xFF, 0xFF, 0xFF, 0xFF, 0xFF, 0xFF, 0xFF,
    0xFF, 0xFF, 0xFF, 0xFF, 0xFF, 0xFF, 0xFF, 0xFF, 0xFF, 0xFF, 0x6C, 0x67, 0x6E, 0xFF, 0xFF, 0xFF,
    0xFF, 0xFF, 0xFF, 0xFF, 0xFF, 0xFF, 0xFF, 0xFF, 0xFF, 0xFF, 0xFF, 0xFF, 0xFF, 0xFF, 0xFF, 0xFF,
    0xFF, 0xFF, 0xFF, 0xFF, 0xFF, 0xFF, 0xFF, 0xFF, 0xFF, 0xFF, 0xFF, 0xFF, 0xFF, 0xFF, 0xFF, 0xFF,
    0xFF, 0xFF, 0xFF, 0xFF, 0xFF, 0xFF, 0xFF, 0xFF, 0xFF, 0xFF, 0xFF, 0xFF, 0xFF, 0xFF, 0xFF, 0xFF,
    0xFF, 0xFF, 0xFF, 0xFF, 0xFF, 0xFF, 0xFF, 0xFF, 0xFF, 0xFF, 0xFF, 0xFF, 0xFF, 0xFF, 0xFF, 0xFF,
    0xFF, 0xFF, 0xFF, 0xFF, 0xFF, 0xFF, 0xFF, 0xFF, 0xFF, 0xFF, 0xFF, 0xFF, 0xFF, 0xFF, 0xFF, 0xFF,
    0xFF, 0xFF, 0xFF, 0xFF, 0xFF, 0xFF, 0xFF, 0xFF, 0xFF, 0xFF, 0xFF, 0xFF, 0xFF, 0xFF, 0xFF, 0xFF,
    0xFF, 0xFF, 0xFF, 0xFF, 0xFF, 0xFF, 0xFF, 0xFF, 0xFF, 0xFF, 0xFF, 0xFF, 0xFF, 0xFF, 0xFF, 0xFF,
    0xFF, 0xFF, 0xFF, 0xFF, 0xFF, 0xFF, 0xFF, 0xFF, 0xFF, 0xFF, 0xFF, 0xFF, 0xFF, 0xFF, 0xFF, 0xFF,
    0xFF, 0xFF, 0xFF, 0xFF, 0xFF, 0xFF, 0xFF, 0xFF, 0xFF, 0xFF, 0xFF, 0xFF, 0xFF, 0xFF, 0xFF, 0xFF,
    0xFF, 0xFF, 0xFF, 0xFF, 0xFF, 0xFF, 0xFF, 0xFF, 0xFF, 0xFF, 0xFF, 0xFF, 0xFF, 0xFF, 0xFF, 0xFF,
    0xFF, 0xFF, 0xFF, 0xFF, 0xFF, 0xFF, 0xFF, 0xFF, 0xFF, 0xFF, 0xFF, 0xFF, 0xFF, 0xFF, 0xFF, 0xFF,
    0xFF, 0xFF, 0xFF, 0xFF, 0xFF, 0xFF, 0xFF, 0xFF, 0xFF, 0xFF, 0xFF, 0xFF, 0xFF, 0xFF, 0xFF, 0xFF,
    0xFF, 0xFF, 0xFF, 0xFF, 0xFF, 0xFF, 0xFF, 0xFF, 0xFF, 0xFF, 0xFF, 0xFF, 0xFF, 0xFF, 0xFF, 0xFF,
    0xFF, 0xFF, 0xFF, 0xFF, 0xFF, 0xFF, 0xFF, 0xFF, 0xFF, 0xFF, 0xFF, 0xFF, 0xFF, 0xFF, 0xFF, 0xFF,
    0xFF, 0xFF, 0xFF, 0xFF, 0xFF, 0xFF, 0xFF, 0xFF, 0xFF, 0xFF, 0xFF, 0xFF, 0xFF, 0xFF, 0xFF, 0xFF,
    0xFF, 0xFF, 0xFF, 0xFF, 0xFF, 0xFF, 0xFF, 0xFF, 0xFF, 0xFF, 0xFF, 0xFF, 0xFF, 0xFF, 0xFF, 0xFF,
    0xFF, 0xFF, 0xFF, 0xFF, 0xFF, 0xFF, 0xFF, 0xFF, 0xFF, 0xFF, 0xFF, 0xFF, 0xFF, 0xFF, 0xFF, 0xFF,
    0xFF, 0xFF, 0xFF, 0xFF, 0xFF, 0xFF, 0xFF, 0xFF, 0xFF, 0xFF, 0xFF, 0xFF, 0xFF, 0xFF, 0xFF, 0xFF,
    0xFF, 0xFF, 0xFF, 0xFF, 0xFF, 0xFF, 0xFF, 0xFF, 0xFF, 0xFF, 0xFF, 0xFF, 0xFF, 0xFF, 0xFF, 0xFF,
    0xFF, 0xFF, 0xFF, 0xFF, 0xFF, 0xFF, 0xFF, 0xFF, 0xFF, 0xFF, 0xFF, 0xFF, 0xFF, 0xFF, 0xFF, 0xFF,
    0xFF, 0xFF, 0xFF, 0xFF, 0xFF, 0xFF, 0xFF, 0xFF, 0xFF, 0xFF, 0xFF, 0xFF, 0xFF, 0xFF, 0xFF, 0xFF,
    0xFF, 0xFF, 0xFF, 0xFF, 0xFF, 0xFF, 0xFF, 0xFF, 0xFF, 0xFF, 0xFF, 0xFF, 0xFF, 0xFF, 0xFF, 0xFF,
    0xFF, 0xFF, 0xFF, 0xFF, 0xFF, 0xFF, 0xFF, 0xFF, 0xFF, 0xFF, 0xFF, 0xFF, 0xFF, 0xFF, 0xFF, 0xFF,
    0xFF, 0xFF, 0xFF, 0xFF, 0xFF, 0xFF, 0xFF, 0xFF, 0xFF, 0xFF, 0xFF, 0xFF, 0xFF, 0xFF, 0xFF, 0xFF,
    0xFF, 0xFF, 0xFF, 0xFF, 0xFF, 0xFF, 0xFF, 0xFF, 0xFF, 0xFF, 0xFF, 0xFF, 0xFF, 0xFF, 0xFF, 0xFF,
    0xFF, 0xFF, 0xFF, 0xFF, 0xFF, 0xFF, 0xFF, 0xFF, 0xFF, 0xFF, 0xFF, 0xFF, 0xFF, 0xFF, 0xFF, 0xFF,
    0xFF, 0xFF, 0xFF, 0xFF, 0xFF, 0xFF, 0xFF, 0xFF, 0xFF, 0xFF, 0xFF, 0xFF, 0xFF, 0xFF, 0xFF, 0xFF,
    0xFF, 0xFF, 0xFF, 0xFF, 0xFF, 0xFF, 0xFF, 0xFF, 0xFF, 0xFF, 0xFF, 0xFF, 0xFF, 0xFF, 0xFF, 0xFF,
    0xFF, 0xFF, 0xFF, 0xFF, 0xFF, 0xFF, 0xFF, 0xFF, 0xFF, 0xFF, 0xFF, 0xFF, 0xFF, 0xFF, 0xFF, 0xFF,
    0xFF, 0xFF, 0xFF, 0xFF, 0xFF, 0xFF, 0xFF, 0xFF, 0xFF, 0xFF, 0xFF, 0xFF, 0xFF, 0xFF, 0xFF, 0xFF,
    0xFF, 0xFF, 0xFF, 0xFF, 0xFF, 0xFF, 0xFF, 0xFF, 0xFF, 0xFF, 0xFF, 0xFF, 0xFF, 0xFF, 0xFF, 0xFF,
    0xFF, 0xFF, 0xFF, 0xFF, 0xFF, 0xFF, 0xFF, 0xFF, 0xFF, 0xFF, 0xFF, 0xFF, 0xFF, 0xFF, 0xFF, 0xFF,
    0xFF, 0xFF, 0xFF, 0xFF, 0xFF, 0xFF, 0xFF, 0xFF, 0xFF, 0xFF, 0xFF, 0xFF, 0xFF, 0xFF, 0xFF, 0xFF,
    0xFF, 0xFF, 0xFF, 0xFF, 0xFF, 0xFF, 0xFF, 0xFF, 0xFF, 0xFF, 0xFF, 0xFF, 0xFF, 0xFF, 0xFF, 0xFF,
    0xFF, 0xFF, 0xFF, 0xFF, 0xFF, 0xFF, 0xFF, 0xFF, 0xFF, 0xFF, 0xFF, 0xFF, 0xFF, 0xFF, 0xFF, 0xFF,
    0xFF, 0xFF, 0xFF, 0xFF, 0xFF, 0xFF, 0xFF, 0xFF, 0xFF, 0xFF, 0xFF, 0xFF, 0xFF, 0xFF, 0xFF, 0xFF,
    0xFF, 0xFF, 0xFF, 0xFF, 0xFF, 0xFF, 0xFF, 0xFF, 0xFF, 0xFF, 0xFF, 0xFF, 0xFF, 0xFF, 0xFF, 0xFF,
    0xFF, 0xFF, 0xFF, 0xFF, 0xFF, 0xFF, 0xFF, 0xFF, 0xFF, 0xFF, 0xFF, 0xFF, 0xFF, 0xFF, 0xFF, 0xFF,
    0xFF, 0xFF, 0xFF, 0xFF, 0xFF, 0xFF, 0xFF, 0xFF, 0xFF, 0xFF, 0xFF, 0xFF, 0xFF, 0xFF, 0xFF, 0xFF,
    0xFF, 0xFF, 0xFF, 0xFF, 0xFF, 0xFF, 0xFF, 0xFF, 0xFF, 0xFF, 0xFF, 0xFF, 0xFF, 0xFF, 0xFF, 0xFF,
    0xFF, 0xFF, 0xFF, 0xFF, 0xFF, 0xFF, 0xFF, 0xFF, 0xFF, 0xFF, 0xFF, 0xFF, 0xFF, 0xFF, 0xFF, 0xFF,
    0xFF, 0xFF, 0xFF, 0xFF, 0xFF, 0xFF, 0xFF, 0xFF, 0xFF, 0xFF, 0xFF, 0xFF, 0xFF, 0xFF, 0xFF, 0xFF,
    0xFF, 0xFF, 0xFF, 0xFF, 0xFF, 0xFF, 0xFF, 0xFF, 0xFF, 0xFF, 0xFF, 0xFF, 0xFF, 0xFF, 0xFF, 0xFF,
    0xFF, 0xFF, 0xFF, 0xFF, 0xFF, 0xFF, 0xFF, 0xFF, 0xFF, 0xFF, 0xFF, 0xFF, 0xFF, 0xFF, 0xFF, 0xFF,
    0xFF, 0xFF, 0xFF, 0xFF, 0xFF, 0xFF, 0xFF, 0xFF, 0xFF, 0xFF,
};
static const unsigned int snd_win_len = 51258;

/* player_special.wav: 27481 bytes @ 8kHz u-law */
static const unsigned char snd_whisper[] = {
    0xFF, 0xFF, 0xFF, 0xFF, 0xFF, 0xFF, 0xFF, 0xFF, 0xFF, 0xFF, 0xFF, 0xFF, 0xFF, 0xFF, 0xFF, 0xFF,
    0xFF, 0xFF, 0xEA, 0xE7, 0xF1, 0xFF, 0x67, 0x75, 0xFD, 0xE7, 0xE7, 0xFF, 0x6E, 0x67, 0x6D, 0xFF,
    0xFF, 0xFF, 0xFF, 0xFF, 0xFF, 0xFF, 0xFF, 0xFF, 0xFF, 0xFF, 0xFF, 0xFF, 0xFF, 0xFF, 0x72, 0x67,
    0xFF, 0xEF, 0xE7, 0xE7, 0xF4, 0xFF, 0xFF, 0xFF, 0x67, 0x67, 0x67, 0xFF, 0xFF, 0xFF, 0xFF, 0xFF,
    0xFF, 0xFF, 0xFF, 0xF4, 0xE7, 0xFF, 0xFF, 0xFF, 0xEB, 0xFF, 0x67, 0x67, 0x67, 0xFF, 0xEF, 0xE7,
    0xDB, 0xE1, 0xE7, 0x72, 0x67, 0x67, 0x6F, 0xFF, 0xE7, 0xE7, 0xFF, 0xFF, 0x6A, 0x67, 0x70, 0xFF,
    0xE2, 0xDB, 0xE8, 0xFF, 0x6A, 0x6A, 0xFF, 0xFF, 0xFF, 0xFF, 0xFF, 0xFF, 0xFF, 0xE7, 0xE7, 0xFE,
    0x73, 0x67, 0xFF, 0xFF, 0xFF, 0xF7, 0xE7, 0xE7, 0x73, 0x67, 0x69, 0xFF, 0xFF, 0xFF, 0xFF, 0xE7,
    0xE7, 0xE7, 0xFF, 0x6E, 0x67, 0x5E, 0x67, 0xFF, 0xF1, 0xF9, 0xFF, 0xFF, 0xFF, 0xFF, 0xFF, 0xFF,
    0xFF, 0x6A, 0xFF, 0xFF, 0xE8, 0xED, 0xFF, 0x67, 0x67, 0x67, 0xFF, 0xED, 0xE7, 0xED, 0xFF, 0x69,
    0xFF, 0xFF, 0xFF, 0xED, 0xE7, 0xE7, 0xF8, 0xFF, 0x6F, 0x67, 0x67, 0x67, 0xE7, 0xE7, 0xE7, 0xFF,
    0xFF, 0xFF, 0xFF, 0x6C, 0x67, 0x6E, 0xFF, 0xFF, 0xFF, 0xFF, 0x67, 0x75, 0xFF, 0xFF, 0xFF, 0xE7,
    0xE7, 0xFE, 0x73, 0x67, 0x67, 0x67, 0x7A, 0xE7, 0xE7, 0xE7, 0x72, 0x67, 0x67, 0x6F, 0xFF, 0xF6,
    0xF4, 0xFF, 0x72, 0x67, 0x67, 0x67, 0x67, 0xFF, 0xFF, 0xFF, 0xFF, 0xFF, 0xFF, 0xFF, 0xFF, 0xFF,
    0xEC, 0xE7, 0xE7, 0xFA, 0xFF, 0xFF, 0x68, 0x61, 0x63, 0xFC, 0xE7, 0xE7, 0xEB, 0xFF, 0xFF, 0xFF,
    0xFF, 0xFF, 0xFF, 0xE9, 0xE7, 0xE7, 0xE8, 0xFF, 0x6B, 0x67, 0x70, 0xE9, 0xE3, 0xDB, 0xDB, 0xDB,
    0xE4, 0xEA, 0x6E, 0x67, 0x67, 0x75, 0xE7, 0xE0, 0xDB, 0xDD, 0xE7, 0xFE, 0xFF, 0xFF, 0xFC, 0xE7,
    0xE7, 0xE7, 0xE7, 0xFE, 0xFF, 0x6B, 0x67, 0x6F, 0xE9, 0xE7, 0xE7, 0xE7, 0x72, 0x67, 0x67, 0x67,
    0x7B, 0xF6, 0xDE, 0xDB, 0xDF, 0xF8, 0x67, 0x67, 0x67, 0xFF, 0xEC, 0xE7, 0xE7, 0xF9, 0x78, 0x67,
    0x67, 0x67, 0x75, 0xFF, 0xFF, 0xFF, 0xFF, 0xFF, 0x67, 0x67, 0x67, 0x69, 0xFF, 0xFF, 0xFF, 0xFF,
    0xFF, 0xFF, 0x6B, 0x67, 0x67, 0x67, 0xF6, 0xE7, 0xE8, 0x72, 0x67, 0x67, 0x67, 0x67, 0x67, 0x67,
    0xFF, 0xFF, 0xFF, 0xFF, 0xFF, 0xFF, 0xE7, 0xF5, 0x66, 0x5B, 0x64, 0x6A, 0xEE, 0xFE, 0xFF, 0xFF,
    0xFF, 0xFF, 0xEA, 0xFF, 0xFF, 0xE7, 0xE7, 0xE7, 0xFF, 0x6F, 0x5C, 0x5D, 0x73, 0xE7, 0xDF, 0xE7,
    0xFF, 0xFF, 0xFF, 0xE7, 0xF4, 0x7D, 0x67, 0x67, 0xFF, 0xFF, 0xFF, 0x62, 0x5B, 0x5B, 0x65, 0xEA,
    0xDB, 0xE0, 0xFE, 0xFF, 0xFF, 0x7C, 0x60, 0x65, 0x6B, 0xE4, 0xDB, 0xDE, 0xF7, 0x5B, 0x5B, 0x5B,
    0xF7, 0xDE, 0xD3, 0xD6, 0xF0, 0x67, 0x67, 0x67, 0x67, 0x67, 0x68, 0xF2, 0xDD, 0xDD, 0xF0, 0x68,
    0x5B, 0x5B, 0xFD, 0xDC, 0xD3, 0xDB, 0xE9, 0x68, 0x5B, 0x5B, 0x67, 0x6E, 0xEA, 0xE7, 0xDF, 0xDB,
    0xED, 0xFF, 0x67, 0x6F, 0xFF, 0xE7, 0xF3, 0xDB, 0xED, 0x6B, 0x5B, 0x5B, 0x65, 0xEF, 0xDB, 0xDB,
    0xDF, 0xE7, 0x7A, 0x67, 0x7C, 0xF6, 0xE7, 0xE7, 0xEE, 0xFF, 0x79, 0x70, 0xFF, 0xF5, 0xE7, 0xE6,
    0xDF, 0xF9, 0xF8, 0xF2, 0xE8, 0xE7, 0xE7, 0x7B, 0x6F, 0xFF, 0xF8, 0xE7, 0xE7, 0xFF, 0xFF, 0xE7,
    0xDF, 0xDB, 0xEB, 0x6D, 0x5B, 0x6D, 0xEB, 0xDB, 0xE0, 0xFC, 0x63, 0x5B, 0x68, 0xFF, 0xFF, 0xE7,
    0xE7, 0xE7, 0xF5, 0xF5, 0x67, 0x5C, 0x53, 0x5D, 0x71, 0xE8, 0xDB, 0xE3, 0x66, 0x58, 0x53, 0x5D,
    0x72, 0xE8, 0xFF, 0xFF, 0x67, 0x67, 0x7A, 0xF7, 0xF3, 0x67, 0x67, 0x67, 0x67, 0x67, 0x7B, 0x76,
    0x67, 0x67, 0x5F, 0x67, 0xE5, 0xDB, 0xE6, 0x6E, 0x5B, 0x5B, 0x5F, 0x67, 0x67, 0x71, 0xFF, 0xFF,
    0xEC, 0xE7, 0xE7, 0xE7, 0xFF, 0xFF, 0xFF, 0x73, 0x67, 0x69, 0xFF, 0xE9, 0xE7, 0xE7, 0xFF, 0xFF,
    0xFF, 0xE7, 0xE7, 0xE7, 0xFF, 0x6D, 0x67, 0x67, 0x67, 0x67, 0x5F, 0x66, 0xE7, 0xDE, 0xDB, 0xDF,
    0xF9, 0x67, 0x70, 0x68, 0x67, 0x5E, 0x5C, 0x6E, 0xEA, 0xDB, 0xE1, 0xFE, 0x67, 0x67, 0xFF, 0x6F,
    0x67, 0x67, 0x72, 0xE7, 0xE7, 0xF7, 0x67, 0x67, 0x67, 0xF7, 0xDE, 0xDB, 0xED, 0x6B, 0x67, 0x67,
    0x67, 0xFF, 0xED, 0xFF, 0xFF, 0xFF, 0xFF, 0xEE, 0xFD, 0xEC, 0xFF, 0xFF, 0xFF, 0xEA, 0xE7, 0xF1,
    0xFF, 0xFF, 0xFF, 0x67, 0x67, 0x79, 0xE4, 0xE1, 0xE7, 0xE3, 0xEC, 0x7B, 0x6F, 0xFF, 0x5D, 0x72,
    0xFF, 0xE1, 0xE3, 0xE7, 0x7E, 0x67, 0x63, 0x6C, 0xE7, 0xE1, 0xE4, 0xE7, 0xF0, 0xFF, 0xFF, 0xEC,
    0x7D, 0x67, 0x67, 0xF3, 0xD7, 0xD3, 0xDE, 0xF5, 0x66, 0x5F, 0x79, 0xFF, 0x6E, 0x67, 0xEC, 0xD0,
    0xCA, 0xD3, 0x6E, 0x51, 0x4D, 0x67, 0xE1, 0xDB, 0xDD, 0xFF, 0xFF, 0x67, 0x67, 0xFE, 0xE1, 0xDB,
    0xE7, 0xF0, 0x69, 0x62, 0x56, 0x53, 0x53, 0x61, 0xF4, 0xD7, 0xD3, 0xD8, 0xF5, 0x5B, 0x58, 0x53,
    0x6A, 0xEE, 0xDC, 0xED, 0x6C, 0x53, 0x53, 0x53, 0x6B, 0xEE, 0xD4, 0xD6, 0xDB, 0xE9, 0xFF, 0x69,
    0x51, 0x4D, 0x5B, 0xE5, 0xD9, 0xD4, 0xE8, 0xFF, 0xFF, 0x6D, 0x7E, 0x6E, 0xEB, 0xDB, 0xDB, 0xE6,
    0x6D, 0x5B, 0x5B, 0x65, 0xEA, 0xDB, 0xDB, 0xE6, 0xFF, 0x6C, 0xFC, 0xE0, 0xD5, 0xE7, 0x79, 0x5B,
    0x5E, 0x76, 0xE6, 0xDB, 0xF6, 0x77, 0x72, 0xE7, 0xDB, 0xDB, 0xE9, 0x6F, 0x67, 0x6B, 0xED, 0xE8,
    0xFF, 0xFF, 0xE7, 0x7C, 0x67, 0x5B, 0x6C, 0xDB, 0xD0, 0xD2, 0xDB, 0xE0, 0xFD, 0x51, 0x4D, 0x4E,
    0x5F, 0x79, 0xFF, 0xFF, 0xFF, 0xE7, 0xDE, 0xD4, 0xDF, 0xFA, 0x59, 0x53, 0x5B, 0x5E, 0x67, 0x7B,
    0x67, 0x67, 0x6B, 0xFF, 0xE7, 0xDE, 0xDD, 0xEA, 0x66, 0x5B, 0x50, 0x62, 0x5C, 0x6E, 0x6A, 0xFF,
    0x6E, 0xEA, 0xEC, 0xEC, 0x7D, 0x6E, 0xEA, 0xDF, 0x6E, 0x5C, 0x5B, 0x62, 0xFF, 0xFF, 0xFF, 0xE7,
    0xF2, 0xE8, 0xED, 0xE0, 0xE7, 0xE7, 0xFB, 0x77, 0x5E, 0x53, 0x67, 0xEF, 0xDC, 0xDF, 0xDB, 0xEC,
    0xFF, 0x5C, 0xF2, 0xE7, 0xDD, 0xF0, 0x68, 0x67, 0x74, 0xE7, 0xEE, 0x6A, 0x5B, 0x60, 0xE9, 0xCC,
    0xCC, 0xDD, 0x58, 0x4D, 0x57, 0xF9, 0xE7, 0xED, 0xFF, 0xF8, 0xDF, 0xFA, 0x6F, 0x5B, 0x5B, 0x76,
    0xE7, 0xE7, 0xE7, 0xE7, 0xEB, 0xFF, 0x67, 0x6D, 0xFF, 0xE5, 0xE8, 0x68, 0x5F, 0x59, 0x67, 0x7A,
    0xD7, 0xDB, 0xE0, 0x69, 0x6C, 0xFF, 0xE7, 0xE0, 0xDB, 0xEE, 0x5F, 0x5B, 0x62, 0xEC, 0xE7, 0xE7,
    0xFA, 0x67, 0x67, 0x7E, 0xDB, 0xD5, 0xDB, 0xD7, 0xE3, 0x76, 0x59, 0x53, 0x67, 0x77, 0xEA, 0xEF,
    0xDC, 0xDB, 0xDB, 0xDC, 0xFF, 0xFF, 0xFF, 0xEE, 0xE7, 0xDE, 0xE7, 0x7D, 0x67, 0x79, 0xFF, 0xEE,
    0xE7, 0xD9, 0xD9, 0xDC, 0xFD, 0x67, 0x78, 0x67, 0x67, 0x6D, 0xEC, 0xE5, 0xD7, 0xD3, 0xEF, 0x59,
    0x4D, 0x5C, 0xDF, 0xDB, 0xE8, 0x69, 0x5B, 0x5B, 0x67, 0x67, 0x67, 0x67, 0x70, 0xFF, 0xEC, 0xFF,
    0x68, 0xF1, 0xE7, 0xE7, 0xE7, 0xE7, 0xEC, 0x61, 0x53, 0x4C, 0x49, 0x4F, 0x6A, 0xDC, 0xD3, 0xD3,
    0xD3, 0xD7, 0xE5, 0x60, 0x4F, 0x4D, 0x5E, 0x76, 0xE9, 0xFF, 0xFF, 0x67, 0x67, 0xFD, 0xD0, 0xD2,
    0xD7, 0x66, 0x54, 0x4D, 0x51, 0x68, 0xEA, 0xDB, 0xDE, 0x6E, 0x67, 0x6C, 0xEC, 0xDB, 0xDF, 0xE7,
    0xFF, 0xFF, 0x68, 0x74, 0x5E, 0x5B, 0x5F, 0x7A, 0xE4, 0xDB, 0xE7, 0xFF, 0xFF, 0xFF, 0xEF, 0xFB,
    0x63, 0x5B, 0x53, 0x4D, 0x57, 0xFA, 0xDF, 0xD4, 0xD3, 0xDE, 0x7E, 0x60, 0x5B, 0x5B, 0x60, 0x7C,
    0xFF, 0x6C, 0x5C, 0x5C, 0x4E, 0x53, 0x58, 0xEA, 0xCD, 0xCB, 0xCE, 0xFC, 0x5D, 0x4D, 0x4D, 0x53,
    0x6D, 0xEC, 0xD3, 0xCF, 0xD3, 0xEF, 0x59, 0x53, 0x77, 0xD7, 0xCE, 0xD7, 0xF8, 0x59, 0x53, 0x5B,
    0x67, 0xEE, 0xF5, 0xD7, 0xDB, 0xE1, 0x62, 0x5B, 0x58, 0x6E, 0xE4, 0xD7, 0xDB, 0xD3, 0xD9, 0xE8,
    0x70, 0x67, 0x6A, 0xFF, 0xE8, 0xE7, 0xF6, 0x67, 0x67, 0x7A, 0xF0, 0xDB, 0xFE, 0xE7, 0xE7, 0xE5,
    0xDF, 0xE7, 0x6F, 0x5B, 0x5B, 0x6D, 0xEB, 0xEA, 0xFF, 0xFF, 0xE3, 0xDB, 0xE7, 0xDF, 0xDD, 0xDD,
    0xDF, 0xE6, 0xEC, 0x6C, 0x68, 0xF1, 0xDD, 0xDA, 0xD8, 0xE6, 0x62, 0x6E, 0xE4, 0xD0, 0xCD, 0xCF,
    0xEA, 0x5C, 0x58, 0x59, 0x69, 0xE8, 0xCE, 0xD3, 0xCF, 0xD3, 0xD9, 0x63, 0x51, 0x4B, 0x62, 0xDF,
    0xD3, 0xE9, 0x58, 0x4E, 0x57, 0xE6, 0xD4, 0xD1, 0xD1, 0xD4, 0xE5, 0x5E, 0x4D, 0x51, 0x5B, 0x6C,
    0xFF, 0xDA, 0xCC, 0xCD, 0xFA, 0x4D, 0x49, 0x54, 0xDC, 0xCD, 0xC9, 0x75, 0x4B, 0x45, 0x53, 0x6D,
    0xEB, 0xFF, 0xEF, 0xDC, 0xDD, 0xF3, 0x67, 0x5B, 0x70, 0xDA, 0xD8, 0x6B, 0x4F, 0x47, 0x4E, 0x5F,
    0xE1, 0xD5, 0xDB, 0xDB, 0xFF, 0x61, 0x5C, 0x67, 0x79, 0x78, 0x67, 0x67, 0x5E, 0x67, 0x52, 0x49,
    0x4D, 0x74, 0xD7, 0xD3, 0xDF, 0x5D, 0x63, 0x5B, 0x67, 0x6B, 0xFF, 0x67, 0x5B, 0x5B, 0x5B, 0x57,
    0x53, 0x5D, 0xE8, 0xD4, 0xDB, 0xE4, 0x5A, 0x4D, 0x49, 0x56, 0x5B, 0xFD, 0xEE, 0xFF, 0x67, 0x67,
    0x7D, 0xD6, 0xE3, 0x5B, 0x53, 0x5A, 0xFF, 0xEE, 0x68, 0x56, 0x4A, 0x4F, 0xE8, 0xCE, 0xD7, 0x69,
    0x53, 0x56, 0x6F, 0xD3, 0xD3, 0xD3, 0xF9, 0x51, 0x4D, 0x52, 0x64, 0xF5, 0xD7, 0xD3, 0xD3, 0xDE,
    0xE8, 0x69, 0x5B, 0x52, 0x59, 0xE9, 0xCB, 0xCB, 0xDD, 0x5C, 0x5A, 0xF8, 0xDA, 0xD3, 0xED, 0xFF,
    0x69, 0xF0, 0xFA, 0xE7, 0xF3, 0x67, 0x5E, 0x67, 0xEF, 0xC9, 0xC5, 0xCE, 0x68, 0x4D, 0x52, 0x70,
    0xE7, 0xE7, 0xFC, 0x60, 0xED, 0xD3, 0xCF, 0xDA, 0x79, 0x70, 0x68, 0x75, 0x5E, 0x68, 0xF1, 0xD6,
    0xCD, 0xCC, 0xE5, 0x51, 0x51, 0x6D, 0xCC, 0xC9, 0xCC, 0xF9, 0x54, 0x4B, 0x4B, 0x69, 0xE0, 0xCE,
    0xDB, 0xEB, 0x67, 0xE7, 0xE7, 0xEC, 0x5F, 0x65, 0x60, 0xED, 0xFF, 0xFF, 0x5F, 0xFA, 0xDB, 0xC6,
    0xCC, 0xD3, 0xE7, 0xE7, 0x6D, 0x67, 0x5A, 0x79, 0xFF, 0xDA, 0xD3, 0xCE, 0xC9, 0xD2, 0xDA, 0x5C,
    0x4B, 0x4E, 0xED, 0xC2, 0xC1, 0xCD, 0x5F, 0x49, 0x4C, 0x6B, 0xD9, 0xC9, 0xC9, 0xC7, 0xC7, 0xD4,
    0x78, 0x4F, 0x49, 0x4E, 0x76, 0xD7, 0xCD, 0xD4, 0x63, 0x4B, 0x4F, 0x69, 0xD5, 0xCC, 0xD9, 0xEA,
    0x60, 0x55, 0x49, 0x4E, 0x4E, 0x5E, 0x76, 0xE6, 0xDB, 0xDB, 0xF5, 0x56, 0x53, 0x5E, 0xEF, 0xFB,
    0xFF, 0x5C, 0x63, 0x61, 0xE7, 0xFF, 0xEB, 0x65, 0x5B, 0x65, 0x6C, 0xED, 0x66, 0x5B, 0x55, 0x6D,
    0xDB, 0xDB, 0xFC, 0x5B, 0x68, 0xE2, 0xCE, 0xDF, 0x5D, 0x4E, 0x4F, 0x5F, 0xDB, 0xDB, 0xDB, 0xE7,
    0xF2, 0x67, 0x5E, 0x67, 0x5D, 0xEF, 0x6B, 0xF7, 0xF3, 0xE7, 0x65, 0x5F, 0x5A, 0x60, 0xFF, 0xE3,
    0xDB, 0xDC, 0x64, 0x48, 0x3F, 0x4A, 0x77, 0xDB, 0xED, 0x5B, 0x50, 0x4D, 0x56, 0xFB, 0xDC, 0xDE,
    0x5D, 0x4A, 0x50, 0x5F, 0xE7, 0xE7, 0xFE, 0x61, 0x5B, 0x54, 0x5F, 0x67, 0x59, 0x53, 0x53, 0x5B,
    0x5B, 0x5A, 0x57, 0x5B, 0x67, 0xF6, 0xDB, 0xD7, 0xE4, 0x62, 0x4D, 0x49, 0x4F, 0x67, 0xE7, 0xDB,
    0xE4, 0xE7, 0xE7, 0xE7, 0xEC, 0xFF, 0x5A, 0x4F, 0x6F, 0xE7, 0xDF, 0xFC, 0xE2, 0xDB, 0xD4, 0xDF,
    0xE7, 0xE7, 0xF2, 0xFF, 0xE7, 0xF7, 0x73, 0x4F, 0x61, 0x77, 0xCE, 0xC5, 0xC5, 0xCC, 0x75, 0x53,
    0x4D, 0x58, 0x74, 0xDB, 0xCD, 0xCD, 0xD7, 0x6E, 0x67, 0x72, 0xDE, 0xDB, 0xD0, 0xDF, 0xF9, 0xF1,
    0xE8, 0xEC, 0xFF, 0x5B, 0x57, 0x74, 0xE0, 0xD8, 0xDB, 0xD6, 0xDB, 0xDA, 0xD3, 0xF2, 0x59, 0x4C,
    0x49, 0xF3, 0xD1, 0xCB, 0xCF, 0xF1, 0xF6, 0xDE, 0xCD, 0xD2, 0xD5, 0xDB, 0xD3, 0xDA, 0x5F, 0x4F,
    0x4A, 0x53, 0x61, 0xD0, 0xC3, 0xBB, 0xBF, 0xC7, 0x77, 0x50, 0x43, 0x46, 0x4C, 0xEA, 0xCC, 0xC7,
    0xCE, 0xD3, 0x71, 0x59, 0x4F, 0x5B, 0xEB, 0xDB, 0xDB, 0xD7, 0xE3, 0x6B, 0x4C, 0x5B, 0x5E, 0xE2,
    0xCD, 0xC9, 0xD2, 0xF1, 0x59, 0x54, 0x58, 0x5A, 0xF9, 0xDF, 0xE6, 0xF3, 0xF3, 0xDC, 0xF1, 0x6D,
    0x4E, 0x53, 0x5B, 0xFF, 0xFF, 0xFF, 0x70, 0xEC, 0xE7, 0xE7, 0x68, 0x67, 0x67, 0xE4, 0xDB, 0xDC,
    0xEF, 0x67, 0x53, 0x48, 0x57, 0x5E, 0xFF, 0xFF, 0xD3, 0xD3, 0xD4, 0x67, 0x57, 0x53, 0x4F, 0x5A,
    0x75, 0x58, 0x52, 0x4F, 0x64, 0xD8, 0xCD, 0xDB, 0xE7, 0x65, 0x6A, 0xE7, 0xFA, 0x4F, 0x48, 0x5B,
    0xD6, 0xCD, 0xDD, 0x6F, 0x55, 0x51, 0x72, 0xD3, 0xCE, 0xEF, 0x49, 0x47, 0x4D, 0x50, 0x61, 0xFE,
    0xDB, 0xD5, 0xCF, 0xE0, 0x5D, 0x46, 0x3E, 0x42, 0x55, 0x78, 0xDD, 0xF1, 0x68, 0x6C, 0xEC, 0x5A,
    0x4D, 0x4D, 0x67, 0xFA, 0xFE, 0x62, 0x63, 0x5A, 0x53, 0x5A, 0xD4, 0xC3, 0xC5, 0xDF, 0x51, 0x4D,
    0x4B, 0x61, 0x5D, 0xF6, 0xFF, 0xDD, 0xDA, 0xDB, 0xE0, 0xE7, 0xFF, 0xED, 0xD3, 0xC8, 0xD5, 0x57,
    0x47, 0x4D, 0xEA, 0xC4, 0xCA, 0xD2, 0x70, 0x67, 0x67, 0xDC, 0xDE, 0xDE, 0x64, 0x5B, 0xDF, 0xDB,
    0xF9, 0x4A, 0x54, 0xD0, 0xBF, 0xC7, 0x74, 0x49, 0x4C, 0x5B, 0xCF, 0xC5, 0xCF, 0x7D, 0x47, 0x46,
    0x53, 0xD3, 0xCB, 0xD2, 0xE5, 0xDB, 0xDB, 0xDA, 0x6C, 0x67, 0x67, 0x56, 0x55, 0x75, 0xD4, 0xCF,
    0xDF, 0xFC, 0xE7, 0x5F, 0x4D, 0x4C, 0x7B, 0xCD, 0xC5, 0xCE, 0xE7, 0x5E, 0x5F, 0x53, 0x7E, 0xE5,
    0xC5, 0xC6, 0xCD, 0xF4, 0x59, 0x4A, 0x49, 0x4E, 0xE6, 0xC8, 0xC4, 0xCD, 0xDE, 0xF4, 0x7D, 0x60,
    0x72, 0xF4, 0xD2, 0xF7, 0x62, 0x56, 0xFB, 0xD4, 0xDF, 0x6A, 0xDD, 0xC2, 0xBC, 0xC2, 0xDD, 0x5C,
    0x47, 0x47, 0x5A, 0xD4, 0xCD, 0xD1, 0xE5, 0xD7, 0xE3, 0xDD, 0x69, 0x5B, 0x6D, 0xD9, 0xD7, 0x66,
    0x54, 0x55, 0x62, 0xE7, 0xE1, 0xE4, 0xE7, 0x6D, 0x54, 0x75, 0x5E, 0x66, 0x5B, 0x73, 0xE7, 0xE7,
    0x69, 0x62, 0x56, 0x54, 0x54, 0x4D, 0xED, 0xCD, 0xC2, 0xDC, 0x4D, 0x52, 0x4D, 0x59, 0x5F, 0xD2,
    0xC9, 0xDC, 0x53, 0x45, 0x47, 0x60, 0xFF, 0xDC, 0xDC, 0xE7, 0x4F, 0x4F, 0x67, 0xDD, 0xD2, 0xE7,
    0xFF, 0xF1, 0xE7, 0xFF, 0x6E, 0xE9, 0xDE, 0xDE, 0x77, 0x57, 0xEF, 0xEB, 0x64, 0x4E, 0x4E, 0x6E,
    0xF9, 0xE7, 0x69, 0x6B, 0xED, 0x67, 0x76, 0xF7, 0xDC, 0x67, 0x53, 0x67, 0xF6, 0x7C, 0x46, 0x3F,
    0x48, 0x6F, 0xDD, 0xDE, 0xF4, 0x5A, 0x49, 0x56, 0x62, 0xCF, 0xCD, 0xDB, 0x61, 0x53, 0x52, 0x64,
    0x67, 0x67, 0xE9, 0xD6, 0xCD, 0xD3, 0xDB, 0xDD, 0x7B, 0x4D, 0x53, 0x68, 0xDD, 0xD3, 0xE7, 0x5C,
    0xF7, 0xE7, 0xC9, 0xD2, 0xF0, 0x59, 0x58, 0x7B, 0x5D, 0x59, 0x4A, 0x5F, 0x67, 0xD1, 0xC1, 0xB9,
    0xCE, 0x4C, 0x3A, 0x40, 0x5F, 0xD2, 0xD0, 0xE6, 0x6C, 0x6C, 0x68, 0x70, 0x79, 0xE7, 0xDF, 0xDB,
    0xCF, 0xCF, 0xD7, 0x54, 0x46, 0x4E, 0x65, 0xCD, 0xC7, 0xCF, 0xE2, 0x49, 0x45, 0x4B, 0xDA, 0xCD,
    0xC4, 0xD9, 0x5A, 0x53, 0x64, 0xCD, 0xDB, 0x66, 0x58, 0x6E, 0xD2, 0xCD, 0xCD, 0xEB, 0x4D, 0x45,
    0x47, 0xFA, 0xD2, 0xCB, 0xD3, 0xE7, 0xDE, 0xD4, 0xE6, 0x5E, 0x53, 0x53, 0xE8, 0xE3, 0x6B, 0x5C,
    0x67, 0x67, 0xFE, 0xCF, 0xD3, 0xD2, 0xF0, 0xFA, 0xF0, 0xFF, 0x5F, 0x59, 0x53, 0x5C, 0xD0, 0xC0,
    0xC2, 0xE3, 0x57, 0x48, 0x67, 0x6E, 0xD8, 0xDB, 0xD2, 0xDB, 0xD6, 0xEE, 0x5A, 0x4A, 0x42, 0x54,
    0xCB, 0xB7, 0xBF, 0x54, 0x36, 0x35, 0x4A, 0xC4, 0xBD, 0xD4, 0x4A, 0x3D, 0x49, 0xDB, 0xCD, 0xDC,
    0x4C, 0x41, 0x49, 0xDF, 0xC3, 0xD8, 0x4B, 0x3D, 0x51, 0xE3, 0xC4, 0xCE, 0x5C, 0x41, 0x49, 0x56,
    0xDF, 0xEA, 0x6E, 0x57, 0x50, 0x67, 0xD4, 0xCE, 0x69, 0x52, 0x53, 0xD2, 0xCF, 0xEB, 0x53, 0x45,
    0x53, 0xDF, 0xC5, 0xC1, 0xD0, 0xFC, 0x4D, 0x56, 0x70, 0xD3, 0xD8, 0xD4, 0xDB, 0xDB, 0x7D, 0x60,
    0x55, 0x55, 0x60, 0xDD, 0xC5, 0xC3, 0xC7, 0x6A, 0x4E, 0x45, 0x4F, 0x7C, 0xC8, 0xC6, 0xCE, 0xEE,
    0x5C, 0x50, 0x47, 0x49, 0x4E, 0xF8, 0xCD, 0xC9, 0xCD, 0x63, 0x42, 0x41, 0x4C, 0x63, 0xE3, 0xD8,
    0xE6, 0x55, 0x49, 0x5C, 0xDD, 0xDA, 0x64, 0x57, 0x5B, 0xD9, 0xD9, 0xD5, 0x55, 0x57, 0x4F, 0xE0,
    0xDB, 0xD1, 0xE4, 0x53, 0x50, 0x5F, 0xCB, 0xC1, 0xC9, 0x60, 0x48, 0x4A, 0x5F, 0xD7, 0xC8, 0xC3,
    0xCD, 0xED, 0xFF, 0xEC, 0x67, 0x4F, 0x4E, 0x73, 0xC9, 0xBA, 0xB9, 0xCB, 0x47, 0x3B, 0x46, 0xE7,
    0xC1, 0xBC, 0xC4, 0xD4, 0x4A, 0x45, 0x43, 0x57, 0x67, 0x7C, 0xCF, 0xCB, 0xC4, 0xDA, 0x67, 0x4C,
    0x5B, 0x5B, 0x65, 0xE0, 0xCF, 0xFE, 0x58, 0x53, 0x69, 0xE7, 0x6D, 0x55, 0x61, 0xFE, 0xD5, 0xCA,
    0xF2, 0x4B, 0x3F, 0x41, 0xF5, 0xC9, 0xC4, 0xCB, 0xEA, 0x5E, 0x53, 0x56, 0x56, 0x78, 0x5A, 0x79,
    0xDF, 0xD0, 0xFB, 0x62, 0x56, 0xF9, 0xDB, 0xDB, 0xEB, 0x5D, 0x4D, 0x4F, 0x6A, 0xE9, 0xFF, 0xFF,
    0x5D, 0x5E, 0x4D, 0xE5, 0xCE, 0xCD, 0xD8, 0x5E, 0x5F, 0x4F, 0x53, 0x4D, 0x6D, 0xEF, 0xCD, 0xD2,
    0xDB, 0x61, 0x54, 0x58, 0xF7, 0xD8, 0xCB, 0xE4, 0x59, 0x4F, 0x6B, 0xD4, 0xCA, 0xD1, 0x79, 0x54,
    0x4F, 0x59, 0xF8, 0xD7, 0xCE, 0xF6, 0x61, 0x5B, 0xFB, 0xD5, 0xCE, 0x7D, 0x4B, 0x50, 0x6C, 0xCD,
    0xD2, 0xDB, 0x70, 0x5C, 0xDD, 0xD1, 0xDB, 0x4A, 0x4D, 0x6A, 0xD2, 0xC9, 0xD9, 0x4F, 0x44, 0x4B,
    0xDC, 0xE2, 0x5B, 0x48, 0x5A, 0xDB, 0xCD, 0xD6, 0x60, 0x47, 0x47, 0x5A, 0xC6, 0xC5, 0xC8, 0x5F,
    0x4B, 0x4A, 0x4B, 0xF6, 0xE7, 0xD5, 0xF8, 0xD6, 0xF0, 0x69, 0x49, 0x53, 0x5C, 0xDB, 0xC3, 0xB9,
    0xCF, 0x43, 0x34, 0x3B, 0xF3, 0xC0, 0xBB, 0xC5, 0x60, 0x3D, 0x49, 0xE5, 0xD3, 0xD7, 0xE7, 0xEB,
    0xE4, 0xDB, 0xDB, 0x78, 0x4D, 0x4B, 0x52, 0xE7, 0xC8, 0xC9, 0xCC, 0x7D, 0x5A, 0x4F, 0x62, 0xD6,
    0xD1, 0xD5, 0x53, 0x53, 0x4F, 0x70, 0xFF, 0x62, 0x6D, 0xDA, 0xC6, 0xC8, 0xDC, 0x44, 0x3C, 0x53,
    0xD2, 0xBB, 0xBE, 0xCF, 0x4F, 0x45, 0x4D, 0xD0, 0xC5, 0xC8, 0x60, 0x4E, 0x4E, 0x58, 0x7E, 0xEB,
    0xCF, 0xD2, 0xCB, 0xC9, 0xD0, 0x6E, 0x49, 0x4E, 0xF5, 0xC9, 0xCC, 0xCD, 0x4D, 0x41, 0x46, 0xE8,
    0xBC, 0xBE, 0xE4, 0x47, 0x49, 0x68, 0xCE, 0xDB, 0x5F, 0x4D, 0x4C, 0x53, 0x5B, 0xDA, 0xC9, 0xC5,
    0xCC, 0xD3, 0xCF, 0xE6, 0x58, 0x4B, 0x55, 0x67, 0xEB, 0xDB, 0xD6, 0x7E, 0x5A, 0x41, 0x4E, 0x5C,
    0xD7, 0xD6, 0xE2, 0xFF, 0xDE, 0xCA, 0xED, 0x52, 0x3D, 0x40, 0x4B, 0xD9, 0xBD, 0xB8, 0xC7, 0x54,
    0x46, 0x47, 0x4F, 0x5D, 0xDC, 0xCB, 0xC2, 0xCF, 0x5C, 0x41, 0x3C, 0x59, 0xC8, 0xBD, 0xCA, 0x77,
    0x53, 0xEF, 0xCE, 0xCF, 0x66, 0x43, 0x41, 0x4C, 0xD2, 0xBD, 0xB9, 0xC5, 0x6D, 0x3F, 0x3C, 0x3E,
    0x4E, 0x5E, 0xD8, 0xCB, 0xBF, 0xC5, 0xE6, 0x43, 0x3F, 0x49, 0xD5, 0xC1, 0xC4, 0xF8, 0x4C, 0x4C,
    0x6C, 0xDF, 0xFA, 0x59, 0x64, 0xFF, 0xCD, 0xC8, 0x6B, 0x3E, 0x37, 0x4A, 0x7C, 0xC1, 0xBE, 0xC1,
    0xE8, 0x3E, 0x3C, 0x4B, 0xDE, 0xE9, 0x58, 0x5A, 0x5F, 0xDB, 0xD3, 0xD0, 0x7D, 0x52, 0x4B, 0x5F,
    0xF9, 0xDA, 0xE6, 0xFF, 0x5A, 0x55, 0x7D, 0xCF, 0xCF, 0xEB, 0x4E, 0x43, 0x4E, 0x75, 0xC7, 0xD7,
    0x6F, 0x4B, 0x49, 0x4F, 0xFD, 0xDA, 0xD3, 0xF5, 0xDB, 0xC4, 0xBF, 0xC8, 0x5D, 0x3D, 0x3B, 0x48,
    0xD8, 0xBD, 0xC3, 0x66, 0x40, 0x48, 0x5C, 0xDD, 0xEC, 0x56, 0x5B, 0x66, 0xD7, 0xDF, 0x58, 0x46,
    0x4F, 0xD6, 0xC5, 0xCD, 0x6E, 0x47, 0x44, 0x49, 0xD2, 0xC9, 0xC9, 0x57, 0x4D, 0x53, 0x71, 0xE9,
    0x4D, 0x51, 0x5D, 0x67, 0xDD, 0xE1, 0x5B, 0x49, 0x4D, 0x5A, 0xEF, 0xD3, 0xC6, 0xBC, 0xC5, 0x75,
    0x4C, 0x57, 0xD8, 0xCB, 0xC9, 0xD6, 0xD6, 0xDD, 0x5C, 0x47, 0x47, 0x68, 0xBF, 0xB9, 0xBC, 0xD7,
    0x4F, 0x3A, 0x3E, 0xEA, 0xBA, 0xB3, 0xC3, 0x57, 0x45, 0x51, 0xDA, 0xCC, 0xDC, 0x63, 0x60, 0xDA,
    0xCF, 0xD3, 0x59, 0x3F, 0x3D, 0xFC, 0xBD, 0xB6, 0xC7, 0x4F, 0x3E, 0x4B, 0xE0, 0xC4, 0xC1, 0xD4,
    0x5A, 0x4D, 0x4C, 0x5F, 0xF4, 0xD3, 0xF2, 0xD1, 0xD5, 0xC9, 0xD8, 0x53, 0x41, 0x42, 0x5F, 0xCA,
    0xC4, 0xCA, 0x50, 0x48, 0x4A, 0x78, 0xC6, 0xC8, 0xD1, 0x53, 0x4C, 0x50, 0x6D, 0xDA, 0xFA, 0x5E,
    0x5E, 0xFA, 0xDB, 0xE5, 0x4E, 0x3F, 0x45, 0x4E, 0xDE, 0xD4, 0xFD, 0x4B, 0x49, 0x4C, 0x7E, 0xCD,
    0xCD, 0xDE, 0x53, 0x46, 0x4D, 0x5B, 0x7D, 0x55, 0x69, 0xE5, 0xCD, 0xC9, 0xD6, 0x6C, 0x4D, 0x59,
    0xCA, 0xBB, 0xBB, 0xE0, 0x42, 0x3B, 0x43, 0xDD, 0xC7, 0xC4, 0xD9, 0xE7, 0xEC, 0xD0, 0xD6, 0x68,
    0x54, 0x4E, 0x6E, 0xCE, 0xBF, 0xD1, 0x4F, 0x3C, 0x3C, 0x48, 0xE1, 0xC6, 0xCF, 0xD9, 0xFA, 0xE7,
    0x56, 0x51, 0x4D, 0x54, 0x6B, 0xDD, 0xFA, 0x7C, 0x4E, 0x61, 0x6C, 0x69, 0xDC, 0xDA, 0xD6, 0x7A,
    0x54, 0x67, 0x5E, 0x59, 0x49, 0xF8, 0xD2, 0xD0, 0xFD, 0x5C, 0x6B, 0x57, 0xE7, 0xE7, 0xCD, 0xDA,
    0x5B, 0x50, 0x4D, 0x60, 0xD3, 0xCA, 0xD2, 0x5F, 0x4D, 0x4D, 0xE9, 0xC8, 0xC0, 0xD1, 0x54, 0x41,
    0x42, 0x75, 0xCF, 0xC4, 0xDD, 0x4E, 0x4F, 0x59, 0xDA, 0xCD, 0xCD, 0xF3, 0x5B, 0x5B, 0x76, 0xDF,
    0xFF, 0x58, 0x3F, 0x4D, 0x67, 0xE8, 0x5F, 0x4D, 0x5F, 0xD3, 0xCA, 0xDE, 0x49, 0x3F, 0x53, 0xC8,
    0xBF, 0xCE, 0x57, 0x3F, 0x3A, 0x3D, 0xFC, 0xC1, 0xBC, 0xDF, 0x4A, 0x5D, 0xCE, 0xBF, 0xCD, 0x5A,
    0x48, 0x44, 0x76, 0xC7, 0xBF, 0xCC, 0x51, 0x3C, 0x3F, 0xE4, 0xC2, 0xC7, 0x5A, 0x44, 0x6F, 0xDC,
    0xCB, 0xDD, 0x5B, 0x67, 0xDB, 0xC2, 0xCC, 0xE4, 0x4E, 0x4B, 0x5B, 0x64, 0xCB, 0xC3, 0xD0, 0x56,
    0x56, 0x6D, 0xCD, 0xC6, 0xBF, 0xD1, 0x5E, 0x4A, 0x56, 0xE1, 0xD3, 0xEC, 0x5B, 0xFF, 0xE4, 0xCE,
    0xCD, 0xF3, 0x5C, 0x7E, 0xC5, 0xBF, 0x7C, 0x41, 0x47, 0xC8, 0xBC, 0xBD, 0xCC, 0x4F, 0x3C, 0x42,
    0xE1, 0xBA, 0xBC, 0xDD, 0x4B, 0x4C, 0x67, 0xD3, 0xCF, 0x71, 0x4E, 0x62, 0xD5, 0xC7, 0xCC, 0xCF,
    0x58, 0x4A, 0x45, 0x62, 0xC2, 0xC9, 0xCA, 0x4D, 0x43, 0x45, 0xDE, 0xC1, 0xC5, 0xEF, 0x5B, 0x67,
    0xEF, 0xCE, 0xDD, 0xF3, 0x53, 0x47, 0x5C, 0x53, 0x5C, 0x55, 0x65, 0xDE, 0xDB, 0xD7, 0xE4, 0xEA,
    0xEE, 0xD5, 0xD6, 0xDB, 0x65, 0x57, 0x4C, 0x38, 0x3A, 0x45, 0xCB, 0xBA, 0xC2, 0xCD, 0xF0, 0x56,
    0x42, 0x3C, 0x4A, 0xD6, 0xC2, 0xCB, 0x62, 0x4A, 0x4B, 0x53, 0xFF, 0xFF, 0xEC, 0x6F, 0xDD, 0xE3,
    0xD6, 0xCE, 0xF3, 0x43, 0x39, 0x49, 0xEB, 0xC9, 0xDE, 0x5C, 0x5C, 0x53, 0xDD, 0x7A, 0x5C, 0x45,
    0x48, 0x55, 0xDD, 0xCD, 0xDF, 0x58, 0x42, 0x4C, 0x6A, 0xDC, 0xFE, 0x5C, 0xE3, 0xDB, 0xD3, 0x6F,
    0x53, 0x4C, 0x47, 0x51, 0x6F, 0xD9, 0xCD, 0xCD, 0xCD, 0xD2, 0xD8, 0x5D, 0x67, 0x4C, 0x4A, 0x51,
    0x50, 0xDD, 0xF1, 0xD5, 0xDB, 0xDB, 0xE8, 0x70, 0x5D, 0x6E, 0xDF, 0xDB, 0xDE, 0x67, 0x79, 0x57,
    0x47, 0x49, 0x6A, 0xDC, 0xCE, 0x77, 0x65, 0x57, 0x5A, 0xFF, 0xED, 0xDC, 0x5D, 0x6C, 0x5B, 0xFC,
    0xE6, 0xEA, 0xE7, 0x53, 0x4A, 0x5B, 0xE5, 0xCF, 0xCD, 0xCD, 0xEE, 0x49, 0x42, 0x41, 0x49, 0x4E,
    0xD6, 0xBA, 0xB4, 0xBF, 0xF8, 0x3E, 0x3C, 0x4D, 0xE9, 0xCF, 0xCC, 0xCC, 0x67, 0x76, 0xE3, 0xDB,
    0x67, 0x4C, 0x4F, 0x70, 0xCB, 0xC9, 0xCF, 0xF2, 0x54, 0x6D, 0xFF, 0x5D, 0x67, 0x5C, 0xFF, 0xEC,
    0xCA, 0xDE, 0x5E, 0x4D, 0x64, 0xC3, 0xC0, 0xCE, 0x53, 0x53, 0xEF, 0xCD, 0xC9, 0xF9, 0x51, 0x48,
    0x42, 0x4B, 0xF1, 0xC5, 0xC8, 0xD3, 0x58, 0x53, 0x5F, 0xCF, 0xC6, 0xC4, 0xC4, 0xD4, 0xF8, 0x51,
    0x3C, 0x3D, 0x3E, 0xE3, 0xBE, 0xB6, 0xBB, 0xDB, 0x56, 0x4A, 0x64, 0xED, 0xD0, 0xCD, 0xC9, 0xDE,
    0x49, 0x3C, 0x3E, 0x45, 0xD8, 0xBC, 0xB6, 0xBB, 0xD4, 0x4D, 0x41, 0x44, 0x4F, 0xF4, 0xD7, 0xF7,
    0x5B, 0x6B, 0xE7, 0xE4, 0x5F, 0x4F, 0x6F, 0xFF, 0xD8, 0x75, 0x5B, 0x49, 0x56, 0x5D, 0xE4, 0xF7,
    0xDC, 0x7C, 0x4A, 0x48, 0x45, 0x4D, 0x65, 0xCA, 0xC9, 0xCC, 0x4C, 0x3A, 0x31, 0x43, 0xEB, 0xC2,
    0xB8, 0xBB, 0xCA, 0x3A, 0x2D, 0x30, 0x4C, 0xC2, 0xBA, 0xBF, 0xEB, 0x57, 0x46, 0x4B, 0x3F, 0x46,
    0x58, 0xCB, 0xB7, 0xBF, 0x6F, 0x3D, 0x3A, 0x6E, 0xBB, 0xBA, 0xDB, 0x3B, 0x38, 0x5A, 0xBE, 0xB9,
    0xC8, 0x54, 0x42, 0x53, 0xCA, 0xBD, 0xD9, 0x51, 0x45, 0x5D, 0xC9, 0xBB, 0xBE, 0x5E, 0x3A, 0x3B,
    0x4F, 0xC5, 0xBF, 0xC4, 0xE8, 0x4C, 0x49, 0x6E, 0xE8, 0x56, 0x52, 0xD9, 0xBA, 0xB9, 0xD9, 0x45,
    0x36, 0x3A, 0x5C, 0xBA, 0xB5, 0xCB, 0x3A, 0x31, 0x3A, 0x73, 0xC1, 0xBE, 0xC9, 0xC6, 0xC5, 0xCF,
    0x5E, 0x3D, 0x37, 0x3A, 0x64, 0xBE, 0xB3, 0xC3, 0x40, 0x2E, 0x38, 0x68, 0xBE, 0xBC, 0xC8, 0xD4,
    0x6D, 0x66, 0x4E, 0x49, 0x3B, 0x3A, 0x4C, 0xC2, 0xB3, 0xB7, 0xE1, 0x3F, 0x3B, 0xED, 0xB3, 0xAC,
    0xB6, 0x5C, 0x32, 0x2F, 0x3F, 0xCB, 0xBB, 0xC7, 0xCF, 0xD2, 0xC9, 0xEC, 0x54, 0x3F, 0x49, 0xD4,
    0xB4, 0xAD, 0xBD, 0x46, 0x2F, 0x37, 0x54, 0xC3, 0xBE, 0xCC, 0x56, 0x46, 0x69, 0xD1, 0xC6, 0xDC,
    0x56, 0x6D, 0xD6, 0xB9, 0xB7, 0xBE, 0x62, 0x47, 0x50, 0xEA, 0xC9, 0xDA, 0x7E, 0x5B, 0xF6, 0xD0,
    0xCA, 0xE6, 0x56, 0x4A, 0x55, 0xC8, 0xBE, 0xC5, 0x5A, 0x3E, 0x47, 0xE6, 0xBE, 0xBF, 0xE0, 0x53,
    0x4D, 0x64, 0xD4, 0xC9, 0xC7, 0xD6, 0x74, 0x5B, 0x66, 0xFF, 0xEC, 0xE5, 0xD3, 0xDA, 0x6E, 0x53,
    0x4A, 0x73, 0xCF, 0xC9, 0xCF, 0x58, 0x40, 0x36, 0x3E, 0x6F, 0xBC, 0xB5, 0xC7, 0x52, 0x37, 0x3C,
    0x4D, 0xFB, 0xE3, 0xFF, 0x57, 0x46, 0x60, 0xE3, 0xC6, 0xD8, 0x52, 0x41, 0x46, 0x71, 0xC8, 0xCD,
    0x78, 0x4A, 0x49, 0x55, 0x60, 0xE9, 0xDE, 0xE7, 0xCD, 0xD3, 0xE5, 0x44, 0x3E, 0x3E, 0x6D, 0xCD,
    0xBF, 0xCB, 0xF6, 0x4C, 0x4A, 0x53, 0xEB, 0xCC, 0xD1, 0x57, 0x53, 0x5E, 0xC9, 0xCA, 0xF1, 0x46,
    0x43, 0x58, 0xC4, 0xBA, 0xC0, 0x79, 0x4A, 0x3F, 0x43, 0x4E, 0x4E, 0x66, 0xD8, 0xBC, 0xBD, 0xCF,
    0x4D, 0x44, 0x64, 0xCF, 0xBF, 0xC7, 0xFB, 0x48, 0x3C, 0x49, 0x53, 0xFC, 0xDB, 0xCC, 0xC3, 0xCC,
    0xDB, 0xFB, 0x53, 0x5D, 0x53, 0x65, 0x4F, 0x42, 0x4C, 0x72, 0xC5, 0xC5, 0xCD, 0xEA, 0x47, 0x3B,
    0x37, 0x4A, 0xD8, 0xBC, 0xC3, 0xD5, 0x45, 0x35, 0x3A, 0xF4, 0xB8, 0xB4, 0xCC, 0x4D, 0x39, 0x3A,
    0x54, 0xCB, 0xCF, 0xDF, 0xCF, 0xC0, 0xBF, 0xD3, 0x5D, 0x4B, 0x3E, 0x3D, 0x4C, 0xDB, 0xBF, 0xB9,
    0xC4, 0xE9, 0x4C, 0x46, 0x59, 0xCF, 0xC4, 0xBB, 0xBC, 0xBF, 0x7C, 0x40, 0x37, 0x3D, 0x65, 0xBC,
    0xAE, 0xAD, 0xBD, 0x47, 0x37, 0x35, 0x4A, 0xCF, 0xBC, 0xBA, 0xC3, 0x71, 0x53, 0x3D, 0x3D, 0x58,
    0xCD, 0xC9, 0xC6, 0xCF, 0xCA, 0xE6, 0x4C, 0x3B, 0x44, 0x72, 0xD7, 0xC8, 0xC5, 0xC8, 0x68, 0x53,
    0x5C, 0x7C, 0xF5, 0xD8, 0xC9, 0xCD, 0x55, 0x4B, 0x4F, 0x4A, 0x62, 0xDA, 0xC5, 0xCB, 0xF0, 0x56,
    0x49, 0x4D, 0xE5, 0xC1, 0xB9, 0xCF, 0x45, 0x3A, 0x36, 0x4D, 0xC7, 0xB1, 0xB6, 0xC2, 0xEF, 0x4F,
    0x44, 0x46, 0x79, 0xD7, 0xD6, 0xE7, 0xE7, 0xFF, 0xEC, 0x7D, 0x5C, 0x48, 0x43, 0x49, 0x5A, 0xD9,
    0xBF, 0xBD, 0xDC, 0x4B, 0x4D, 0x55, 0x5B, 0x4C, 0x4F, 0x5A, 0x5B, 0xD1, 0xD3, 0xD3, 0x54, 0x4B,
    0x4D, 0x4D, 0x57, 0xDE, 0xBF, 0xBE, 0xCA, 0x5F, 0x41, 0x32, 0x33, 0x4A, 0xC5, 0xB8, 0xBD, 0xC4,
    0xFF, 0x41, 0x3E, 0x49, 0x4D, 0x4D, 0xE1, 0xC0, 0xC1, 0xE4, 0x5B, 0x54, 0x3E, 0x37, 0x40, 0xF3,
    0xD3, 0xCC, 0xC3, 0xCD, 0x53, 0x40, 0x3F, 0x4D, 0x65, 0xC2, 0xB9, 0xBD, 0xD9, 0x4C, 0x4B, 0x3E,
    0x41, 0x49, 0x67, 0xC9, 0xBC, 0xBE, 0xD9, 0x4E, 0x3D, 0x43, 0x40, 0x5D, 0xCE, 0xC5, 0xDB, 0x5B,
    0x54, 0x56, 0x62, 0xFA, 0xDB, 0x5A, 0x49, 0x45, 0x5A, 0xEC, 0xCA, 0xCA, 0xDF, 0x56, 0x4E, 0x5D,
    0xDB, 0xCC, 0xC3, 0xCB, 0xDC, 0x3F, 0x30, 0x34, 0x3B, 0xE1, 0xCD, 0xC6, 0xD5, 0xFC, 0x4D, 0x56,
    0xDB, 0xDB, 0xF3, 0x73, 0x4A, 0x49, 0x4C, 0x5F, 0xD5, 0xD5, 0xC3, 0xC0, 0xC3, 0x6A, 0x53, 0x5F,
    0xFC, 0xFE, 0x67, 0xE6, 0x56, 0x4D, 0x4C, 0x7E, 0xCD, 0xCD, 0xD9, 0x59, 0x40, 0x3D, 0x69, 0xBF,
    0xBD, 0xC2, 0x74, 0x51, 0x45, 0x4A, 0xDF, 0xBC, 0xB4, 0xBF, 0xF4, 0x4A, 0x3C, 0x37, 0x62, 0xC5,
    0xBF, 0xCF, 0x55, 0x43, 0x58, 0xD8, 0xBF, 0xC0, 0xDA, 0x44, 0x45, 0x68, 0xD2, 0xCB, 0xEF, 0x4F,
    0x3E, 0x43, 0xDB, 0xBD, 0xB8, 0xC7, 0xE0, 0x4F, 0x40, 0x45, 0xFD, 0xD5, 0xCA, 0xCA, 0xD4, 0x56,
    0x3D, 0x3C, 0x6D, 0xBF, 0xB6, 0xB4, 0xBF, 0x5F, 0x3D, 0x43, 0x54, 0x5B, 0x74, 0xDD, 0xDA, 0xD3,
    0xF4, 0xD8, 0x7B, 0x6F, 0x69, 0xD6, 0xCC, 0xC9, 0xCB, 0xD5, 0xD2, 0x4D, 0x51, 0xE7, 0xD9, 0xDB,
    0xD8, 0xDA, 0x59, 0x4B, 0x59, 0xE3, 0xDB, 0xD1, 0xBC, 0xBC, 0xC0, 0xDD, 0x5C, 0x3C, 0x3B, 0x4F,
    0xC9, 0xBB, 0xCA, 0xF2, 0x54, 0x4C, 0x3F, 0x3D, 0x4B, 0xE3, 0xC0, 0xBB, 0xC9, 0x47, 0x36, 0x36,
    0x4D, 0xDE, 0xC8, 0xC5, 0xCA, 0x5D, 0x42, 0x49, 0x47, 0x4D, 0x4D, 0xE3, 0xBA, 0xBA, 0xC8, 0x42,
    0x35, 0x31, 0x43, 0xD3, 0xBA, 0xB6, 0xF9, 0x37, 0x2F, 0x32, 0x50, 0xCA, 0xB2, 0xAD, 0xBA, 0xFF,
    0x37, 0x2F, 0x2E, 0x3F, 0xBA, 0xA9, 0xA9, 0xBD, 0x3E, 0x2B, 0x29, 0x3B, 0xBF, 0xA9, 0xAC, 0xBB,
    0x5A, 0x3A, 0x38, 0x3B, 0x4F, 0x60, 0x7C, 0xC6, 0xBA, 0xB7, 0xC6, 0x4F, 0x31, 0x2E, 0x3F, 0xD7,
    0xB6, 0xB3, 0xCA, 0x46, 0x30, 0x34, 0x49, 0xD5, 0xBE, 0xC1, 0xC7, 0x65, 0x4B, 0x3C, 0x3C, 0x63,
    0xCE, 0xBD, 0xCA, 0xE4, 0x3D, 0x36, 0x39, 0x53, 0xBF, 0xBD, 0xCC, 0x50, 0x40, 0x43, 0x6B, 0xC8,
    0xC8, 0xD8, 0x6E, 0xE9, 0x67, 0x67, 0x5B, 0x54, 0x4A, 0x64, 0xCE, 0xBB, 0xD6, 0x62, 0x5B, 0x6E,
    0xDD, 0xDE, 0xBF, 0xBA, 0xC7, 0xEB, 0x53, 0x53, 0x40, 0x4D, 0xF7, 0xC9, 0xB6, 0xB1, 0xB1, 0xEB,
    0x3C, 0x36, 0x48, 0xD2, 0xB9, 0xB3, 0xB3, 0xD7, 0x3A, 0x2F, 0x32, 0x43, 0xCC, 0xAE, 0xAB, 0xB0,
    0xCC, 0x4D, 0x3F, 0x37, 0x3E, 0x4B, 0xD8, 0xCD, 0xBD, 0xBF, 0x65, 0x36, 0x3C, 0xE6, 0xBB, 0xB9,
    0xC9, 0x6D, 0x49, 0x54, 0x70, 0xDC, 0x62, 0x42, 0x3B, 0x4B, 0xC5, 0xB4, 0xB6, 0xC8, 0xD5, 0x62,
    0x52, 0x3F, 0x42, 0x52, 0x5D, 0xC7, 0xBC, 0xBC, 0xC6, 0xCF, 0xEF, 0x49, 0x4C, 0x7B, 0xC3, 0xC1,
    0xD3, 0xED, 0x47, 0x43, 0x3C, 0x49, 0x50, 0x67, 0xC7, 0xBA, 0xBA, 0x7C, 0x3C, 0x31, 0x39, 0x5E,
    0xC0, 0xBC, 0xBE, 0xE3, 0x4C, 0x38, 0x36, 0x3A, 0x48, 0xCA, 0xBB, 0xC2, 0x4D, 0x37, 0x3E, 0x7C,
    0xCD, 0xC9, 0xD3, 0x5E, 0x3C, 0x37, 0x48, 0xD8, 0xC5, 0xBC, 0xC1, 0x54, 0x32, 0x36, 0x5B, 0xC5,
    0xBC, 0xC6, 0x53, 0x35, 0x3A, 0xD2, 0xB8, 0xBC, 0xE4, 0x67, 0x54, 0xDE, 0xCD, 0xDE, 0x66, 0x4E,
    0x4E, 0xF4, 0xD2, 0xC7, 0xD7, 0xE0, 0x5F, 0xD5, 0xC9, 0xC9, 0xEB, 0x5F, 0x67, 0x78, 0xF9, 0xCA,
    0xBE, 0xC9, 0x4F, 0x3D, 0x4B, 0xE8, 0xD5, 0xD3, 0xD6, 0xDB, 0xCC, 0xBF, 0xCC, 0x49, 0x37, 0x3F,
    0x55, 0xE2, 0xD8, 0xC3, 0xCC, 0xE5, 0x4F, 0x4D, 0x44, 0x44, 0x5B, 0xC6, 0xBC, 0xC9, 0x64, 0x3E,
    0x35, 0x35, 0x55, 0xCE, 0xD3, 0x50, 0x52, 0xFF, 0xE8, 0xD5, 0xDA, 0xE4, 0x46, 0x49, 0x49, 0x52,
    0x53, 0xED, 0xCA, 0xD6, 0xD4, 0x68, 0x44, 0x3A, 0x3E, 0x57, 0xCF, 0xBC, 0xBB, 0xC7, 0x4C, 0x34,
    0x37, 0x3A, 0x5F, 0xCB, 0xBC, 0xBC, 0xDB, 0x4D, 0x54, 0x54, 0x4B, 0x57, 0xCB, 0xBB, 0xCE, 0x5E,
    0x41, 0x3C, 0x3C, 0x4B, 0xC4, 0xB8, 0xAF, 0xB7, 0xC4, 0x4D, 0x36, 0x35, 0x42, 0xD3, 0xBB, 0xB4,
    0xBE, 0x64, 0x3B, 0x46, 0xCE, 0xB8, 0xBA, 0xC7, 0xC7, 0xD5, 0x4F, 0x45, 0x49, 0x4A, 0x77, 0xC7,
    0xB8, 0xC7, 0xE6, 0x6A, 0x6E, 0xDF, 0xDB, 0xBF, 0xC2, 0xDB, 0xDB, 0xD4, 0xE6, 0x4E, 0x53, 0xFF,
    0x5F, 0x4E, 0xEF, 0xBE, 0xBE, 0xD6, 0x52, 0x3C, 0x3E, 0x68, 0xC7, 0xBF, 0xD3, 0x4B, 0x3E, 0x44,
    0xE7, 0xCF, 0xCA, 0xDA, 0xDE, 0xF5, 0x7C, 0x55, 0x46, 0x4A, 0x5E, 0xBF, 0xBB, 0xC2, 0x56, 0x3B,
    0x38, 0x46, 0xC4, 0xB5, 0xB1, 0xC8, 0x44, 0x38, 0x34, 0x47, 0xCD, 0xB7, 0xC0, 0xE4, 0x69, 0xE7,
    0xC3, 0xCC, 0xE7, 0x41, 0x37, 0x3C, 0x4B, 0xCF, 0xBB, 0xB4, 0xBA, 0xEE, 0x3C, 0x2F, 0x35, 0x4B,
    0xBC, 0xAB, 0xAA, 0xB9, 0x3E, 0x2F, 0x2D, 0x3A, 0x78, 0xBB, 0xAE, 0xB9, 0xC1, 0xD6, 0x4F, 0x3F,
    0x32, 0x3F, 0x4F, 0xCD, 0xAF, 0xAA, 0xB7, 0x45, 0x2C, 0x2C, 0x32, 0xCD, 0xAC, 0xA5, 0xB6, 0x49,
    0x38, 0x2F, 0x35, 0x47, 0xCB, 0xB9, 0xBF, 0xDA, 0x50, 0x3B, 0x36, 0x3B, 0x4C, 0x7B, 0xCC, 0xBF,
    0xCF, 0x58, 0x46, 0x57, 0x67, 0x5B, 0x55, 0x51, 0x4C, 0x45, 0x51, 0xF7, 0x68, 0x68, 0xE4, 0xDF,
    0xE6, 0x47, 0x49, 0x45, 0x56, 0x7D, 0x67, 0x50, 0x45, 0xEB, 0xD3, 0xD3, 0xE8, 0xFF, 0x5A, 0x3B,
    0x3E, 0x5E, 0xD4, 0x74, 0x4F, 0x6D, 0xD3, 0xE2, 0xFF, 0xFF, 0xE8, 0x6C, 0x4F, 0x4D, 0x49, 0x4D,
    0x6F, 0xC1, 0xB6, 0xBD, 0x65, 0x3A, 0x37, 0x43, 0xDC, 0xBB, 0xBF, 0x7D, 0x4B, 0x49, 0xD6, 0xC6,
    0xBE, 0xEE, 0x44, 0x36, 0x3E, 0xCA, 0xBB, 0xB8, 0xD0, 0x61, 0x40, 0x38, 0x3D, 0x6C, 0xBB, 0xAD,
    0xAE, 0xBC, 0x46, 0x34, 0x34, 0x3E, 0x6C, 0xC1, 0xB5, 0xB2, 0xBA, 0xD8, 0xFF, 0x47, 0x3A, 0x3D,
    0x4D, 0xC8, 0xBF, 0xB4, 0xBA, 0xCE, 0x3F, 0x33, 0x3F, 0xED, 0xBA, 0xB8, 0xBE, 0xDB, 0x45, 0x39,
    0x3D, 0x54, 0xC4, 0xB6, 0xB4, 0xBC, 0xD2, 0x56, 0x3B, 0x3C, 0x5C, 0xBD, 0xB6, 0xB9, 0xE2, 0x3E,
    0x38, 0x3F, 0xEF, 0xBE, 0xC6, 0xE7, 0xF8, 0xDC, 0xC1, 0xBD, 0xBF, 0xE7, 0x45, 0x3A, 0x3D, 0x55,
    0x73, 0xC3, 0xC0, 0xCE, 0x52, 0x49, 0x4D, 0xD7, 0xCE, 0xCA, 0xCB, 0xE3, 0x4F, 0x3C, 0x44, 0x48,
    0x64, 0xD4, 0xC9, 0xC9, 0xD5, 0xEF, 0x5D, 0x44, 0x46, 0xFF, 0xCD, 0xDE, 0x50, 0x41, 0x3D, 0x4F,
    0xDC, 0xC1, 0xC8, 0x68, 0x3D, 0x3B, 0x5F, 0xBE, 0xB8, 0xBF, 0x70, 0x3C, 0x3D, 0x44, 0xD7, 0xBE,
    0xBE, 0xD7, 0x48, 0x38, 0x31, 0x3A, 0x5A, 0xB9, 0xB0, 0xC4, 0x48, 0x30, 0x2E, 0x31, 0x5B, 0xC8,
    0xBE, 0xBF, 0xD0, 0x58, 0x37, 0x2E, 0x37, 0x63, 0xBC, 0xB1, 0xB4, 0xCA, 0x39, 0x38, 0x4A, 0x5F,
    0x78, 0xFF, 0xFF, 0xFF, 0xDC, 0xCD, 0xDD, 0x4F, 0x3D, 0x4A, 0xE5, 0x69, 0xCD, 0xCE, 0xEC, 0x5B,
    0xD9, 0xDB, 0x4D, 0x3B, 0x4D, 0xD8, 0xDC, 0xFF, 0x67, 0x4E, 0x48, 0x67, 0xD2, 0xD6, 0x5E, 0xFF,
    0x4F, 0xEE, 0xD1, 0xBA, 0xB9, 0xEC, 0x4B, 0x46, 0x73, 0xFC, 0xD5, 0xC2, 0xC7, 0xDD, 0x4C, 0x45,
    0x49, 0x5E, 0xC0, 0xB6, 0xB7, 0xF6, 0x3F, 0x36, 0x3A, 0x60, 0xB5, 0xB0, 0xBF, 0x64, 0x40, 0x3B,
    0x3A, 0x5A, 0xCD, 0xC5, 0xC1, 0xBD, 0xBD, 0xBD, 0xCA, 0x5E, 0x3D, 0x35, 0x3E, 0x59, 0xBD, 0xBA,
    0xBD, 0x6E, 0x58, 0xFF, 0xEE, 0xDC, 0xDB, 0xE2, 0x69, 0xDC, 0xEF, 0x5B, 0x4E, 0x4D, 0x6C, 0x55,
    0xD4, 0xD4, 0xC7, 0x70, 0xDE, 0xBF, 0xBD, 0xC9, 0x58, 0x45, 0x45, 0x42, 0xDD, 0xB8, 0xB1, 0xBA,
    0xCD, 0xD8, 0x4C, 0x65, 0xE7, 0xDC, 0x6C, 0x61, 0xC2, 0xCE, 0xDB, 0x5E, 0x77, 0x63, 0x4B, 0x5F,
    0xC6, 0xBC, 0xBB, 0xC4, 0xFA, 0x3B, 0x2F, 0x3B, 0x4C, 0xC9, 0xBE, 0xB6, 0xBB, 0x5E, 0x3D, 0x3A,
    0x42, 0xEB, 0xB8, 0xAE, 0xC3, 0x4F, 0x3A, 0x36, 0x3A, 0x44, 0xDA, 0xBB, 0xB7, 0xB6, 0xCA, 0x6B,
    0x43, 0x38, 0x2F, 0x32, 0x48, 0xC5, 0xB6, 0xB6, 0xC5, 0x54, 0x36, 0x34, 0x3F, 0xE6, 0xC7, 0xCD,
    0x6B, 0x3E, 0x37, 0x3D, 0x5D, 0xBE, 0xBA, 0xBA, 0xE5, 0x4F, 0x42, 0x4D, 0x3E, 0x3E, 0x4D, 0xC9,
    0xC5, 0xD3, 0xEF, 0x5B, 0x47, 0x45, 0x6D, 0xE8, 0xFF, 0x52, 0x45, 0x4C, 0x79, 0xBB, 0xBA, 0x5E,
    0x33, 0x2D, 0x4C, 0xC5, 0xB1, 0xAE, 0xBE, 0x54, 0x33, 0x37, 0x3F, 0x59, 0xD4, 0xC9, 0xB5, 0xB8,
    0xBA, 0x5E, 0x3B, 0x35, 0x42, 0x55, 0xCC, 0xB2, 0xB3, 0xCA, 0x59, 0x4C, 0x49, 0x48, 0x45, 0x44,
    0x3B, 0x44, 0xE9, 0xBF, 0xBB, 0xD2, 0x4E, 0x30, 0x32, 0x3A, 0xC4, 0xB3, 0xB7, 0xCD, 0x52, 0x45,
    0x38, 0x36, 0x49, 0xCF, 0xBA, 0xBD, 0xC8, 0x4F, 0x39, 0x3A, 0x54, 0xCC, 0xBA, 0xBB, 0xCB, 0x4D,
    0x41, 0x46, 0x73, 0xCF, 0x6D, 0x43, 0x35, 0x3A, 0x43, 0xD0, 0xB7, 0xB0, 0xBB, 0x5E, 0x53, 0x3B,
    0x42, 0x58, 0xC0, 0xC3, 0x76, 0x3F, 0x3A, 0x43, 0x73, 0xC5, 0xC5, 0xEC, 0xFF, 0xD3, 0xBF, 0xC6,
    0x6F, 0x3B, 0x2E, 0x30, 0xE8, 0xAD, 0xA7, 0xB0, 0xE3, 0x3A, 0x2C, 0x2B, 0x3E, 0xCD, 0xB0, 0xAC,
    0xAD, 0xCB, 0x35, 0x25, 0x2B, 0x59, 0xAD, 0xA6, 0xAE, 0xF3, 0x36, 0x36, 0x3F, 0x6C, 0xD3, 0xCE,
    0xC9, 0xBD, 0xB5, 0xB4, 0xCC, 0x41, 0x38, 0x3B, 0xE9, 0xC3, 0xBC, 0xC6, 0xD7, 0xC3, 0xD2, 0x43,
    0x33, 0x39, 0x4B, 0xC8, 0xB0, 0xAC, 0xB5, 0x4B, 0x37, 0x30, 0x3B, 0xE0, 0xB5, 0xB1, 0xC4, 0xC9,
    0xC9, 0xD3, 0x40, 0x34, 0x37, 0x4D, 0xC2, 0xAD, 0xAC, 0xC4, 0x3D, 0x33, 0x3B, 0x56, 0xCB, 0xBF,
    0xC9, 0xCE, 0xCF, 0xE2, 0x53, 0x47, 0x35, 0x39, 0x3D, 0xCF, 0xB8, 0xB5, 0xC7, 0x5E, 0x46, 0x4B,
    0xDB, 0xEC, 0x56, 0x47, 0x6D, 0xC6, 0xBC, 0xBC, 0xEC, 0x45, 0x35, 0x54, 0xD1, 0xBB, 0xC3, 0xCD,
    0xD5, 0xD8, 0xC7, 0xD0, 0x4C, 0x3C, 0x38, 0x63, 0xB8, 0xA9, 0xAB, 0x6C, 0x2C, 0x28, 0x35, 0xCF,
    0xBB, 0xB9, 0xEB, 0x51, 0x51, 0x68, 0x5B, 0x4D, 0x50, 0x49, 0x4D, 0x65, 0xC1, 0xC0, 0x5D, 0x4A,
    0x5A, 0xF1, 0x5C, 0x4C, 0x4F, 0x56, 0xE0, 0xC8, 0xB6, 0xC4, 0x5C, 0x38, 0x32, 0x38, 0x53, 0xC8,
    0xBD, 0xC7, 0xD3, 0xE4, 0x5F, 0x41, 0x31, 0x39, 0x47, 0xC6, 0xAE, 0xAC, 0xB3, 0x4B, 0x31, 0x2E,
    0x36, 0x4B, 0xD7, 0xB3, 0xAF, 0xB5, 0xD4, 0x3F, 0x36, 0x35, 0x6F, 0xC6, 0xBF, 0xC6, 0xCE, 0xDB,
    0xD9, 0xD9, 0x68, 0x37, 0x32, 0x3D, 0xDF, 0xBA, 0xC0, 0xCE, 0x52, 0x38, 0x37, 0x46, 0xE3, 0xC9,
    0xC5, 0xED, 0xD0, 0xEF, 0xDC, 0x4F, 0x53, 0x4D, 0x5C, 0xD7, 0xCC, 0xCC, 0x6B, 0x74, 0x5E, 0x65,
    0x57, 0xE2, 0xCA, 0xCD, 0xD3, 0xFF, 0x60, 0x4D, 0x49, 0x4D, 0x5B, 0xE7, 0xE7, 0xDB, 0xE3, 0x5A,
    0x53, 0x4E, 0x5B, 0x5B, 0xDB, 0xCA, 0xBF, 0xC9, 0x5F, 0x47, 0x39, 0x3D, 0xE4, 0xC0, 0xBD, 0xC0,
    0xD9, 0xFD, 0x4C, 0x54, 0x79, 0x5E, 0xD1, 0xC2, 0xBD, 0xD1, 0x4D, 0x37, 0x33, 0x3D, 0xEB, 0xB4,
    0xAE, 0xB2, 0xC7, 0x47, 0x30, 0x2F, 0x41, 0xCC, 0xBC, 0xBA, 0xBE, 0xD4, 0x55, 0x3D, 0x3C, 0x4E,
    0xDF, 0xC1, 0xB2, 0xB3, 0xD0, 0x3E, 0x37, 0x39, 0x4C, 0xF5, 0xBF, 0xBC, 0xBD, 0xCD, 0xFD, 0x4E,
    0x3C, 0x3F, 0x59, 0xBF, 0xB7, 0xBD, 0xD2, 0x48, 0x3C, 0x37, 0x45, 0x52, 0xF0, 0xFA, 0xCE, 0xBE,
    0xC1, 0xC2, 0x53, 0x36, 0x2F, 0x3F, 0xCD, 0xBE, 0xBA, 0xBE, 0xE9, 0x4B, 0x4A, 0x7E, 0xE6, 0xD0,
    0xCD, 0xC5, 0xC4, 0xD2, 0x4B, 0x2F, 0x2B, 0x3D, 0xC2, 0xAD, 0xB0, 0xCC, 0x3C, 0x30, 0x32, 0x76,
    0xB9, 0xB4, 0xBF, 0xFC, 0x5D, 0x4E, 0x5A, 0x53, 0xE1, 0xF7, 0xE5, 0xC9, 0xCB, 0xDE, 0x49, 0x4E,
    0xEC, 0xD0, 0xC4, 0x66, 0x55, 0x44, 0xDF, 0xBA, 0xB8, 0xC6, 0x41, 0x39, 0x3F, 0x65, 0xBD, 0xB7,
    0xC4, 0x42, 0x37, 0x3F, 0xF5, 0xCE, 0xCF, 0xEA, 0xFF, 0xE6, 0xCC, 0xCF, 0x4A, 0x34, 0x35, 0x58,
    0xBC, 0xBA, 0xBA, 0xEB, 0x3F, 0x3E, 0x58, 0xD1, 0xE8, 0xFF, 0x6B, 0x5B, 0x68, 0x68, 0x69, 0x47,
    0x3F, 0x50, 0xD2, 0xBE, 0xC5, 0x5E, 0x4B, 0x48, 0x55, 0xE9, 0xD5, 0xF8, 0xD1, 0xDB, 0x62, 0x50,
    0x3F, 0x49, 0x60, 0xD4, 0xC3, 0xCD, 0x4B, 0x3C, 0x47, 0xDF, 0xBA, 0xBE, 0xC3, 0x65, 0x3C, 0x3C,
    0x4A, 0xDB, 0xD3, 0xC4, 0xDE, 0x52, 0x44, 0x5A, 0xDD, 0xE7, 0xDC, 0xFF, 0xFF, 0x63, 0x4F, 0xE3,
    0xF9, 0xE7, 0x68, 0xFF, 0xE3, 0x52, 0x4B, 0x59, 0xE0, 0xCF, 0xCA, 0xCB, 0xF5, 0x48, 0x45, 0x46,
    0x77, 0xE1, 0xE7, 0x62, 0x3E, 0x45, 0x50, 0xCB, 0xCF, 0xD3, 0xE5, 0xBF, 0xBF, 0xC3, 0x60, 0x2E,
    0x29, 0x29, 0x3E, 0xB6, 0xA6, 0xA1, 0xAE, 0x4D, 0x2B, 0x26, 0x29, 0x3B, 0xC2, 0xA9, 0xA6, 0xAF,
    0x4B, 0x25, 0x1D, 0x27, 0xE3, 0xA5, 0x9E, 0xA6, 0xC8, 0x30, 0x26, 0x2A, 0x37, 0xD4, 0xBB, 0xB2,
    0xB2, 0xB7, 0xC7, 0x3F, 0x2E, 0x31, 0x48, 0xC5, 0xB7, 0xB0, 0xBC, 0xE6, 0x3F, 0x3C, 0x3A, 0x44,
    0xC9, 0xB1, 0xAA, 0xB7, 0xDA, 0x40, 0x3A, 0x43, 0xEA, 0xBA, 0xB7, 0xC4, 0x68, 0x48, 0x3E, 0x42,
    0x5B, 0xC1, 0xB5, 0xB4, 0xC2, 0x5D, 0x39, 0x33, 0x40, 0xD9, 0xBC, 0xBD, 0xC2, 0xDF, 0x46, 0x3F,
    0x4C, 0xEC, 0xD1, 0xC8, 0xCE, 0x69, 0x5B, 0x4E, 0x5C, 0x67, 0x4D, 0x3E, 0x3D, 0x5D, 0xBE, 0xB8,
    0xB9, 0xD2, 0x37, 0x2F, 0x38, 0xF2, 0xB6, 0xB4, 0xB9, 0x7E, 0x3E, 0x3F, 0x58, 0xDF, 0xF8, 0xCF,
    0xBC, 0xCA, 0x56, 0x39, 0x35, 0x3D, 0x5F, 0xBA, 0xBE, 0xDF, 0x3B, 0x3D, 0xE9, 0xB5, 0xAD, 0xB6,
    0x4A, 0x2E, 0x2E, 0x52, 0xBF, 0xBC, 0xC5, 0xF5, 0x5D, 0x5C, 0x6F, 0x69, 0x4C, 0x52, 0xD4, 0xB9,
    0xB9, 0xDB, 0x43, 0x34, 0x32, 0x4C, 0xCD, 0xC1, 0xC3, 0xCB, 0xD3, 0xF6, 0xD8, 0x67, 0x48, 0x32,
    0x36, 0x52, 0xB9, 0xB8, 0xCA, 0x55, 0x34, 0x39, 0xE6, 0xAD, 0xAB, 0xC0, 0x38, 0x25, 0x26, 0x3C,
    0xB6, 0xA6, 0xAA, 0xBE, 0x45, 0x36, 0x38, 0x41, 0x56, 0xD1, 0xC8, 0xC2, 0xEA, 0x51, 0x41, 0x43,
    0x4D, 0xD8, 0xC3, 0xC2, 0xD7, 0xE4, 0x74, 0x57, 0x4E, 0x67, 0x4C, 0x3A, 0x38, 0x6A, 0xB8, 0xAE,
    0xB2, 0xF2, 0x34, 0x2A, 0x3C, 0xC0, 0xAB, 0xAC, 0xBA, 0x51, 0x2D, 0x2C, 0x32, 0x51, 0xBF, 0xAC,
    0xA9, 0xBE, 0x3D, 0x2A, 0x29, 0x3A, 0xCA, 0xAD, 0xAE, 0xD5, 0x38, 0x33, 0x3F, 0xE1, 0xC2, 0xBC,
    0xDE, 0x43, 0x3B, 0x48, 0x75, 0xCA, 0xC9, 0x6F, 0x46, 0x55, 0xC9, 0xB5, 0xC0, 0x55, 0x38, 0x37,
    0x59, 0xBF, 0xB1, 0xBE, 0x4A, 0x3A, 0x47, 0xEB, 0xBD, 0xBE, 0xBE, 0xD8, 0x76, 0x53, 0x4A, 0x35,
    0x3C, 0x5C, 0xC4, 0xB8, 0xC4, 0x75, 0x3F, 0x46, 0xCB, 0xBC, 0xB3, 0xCA, 0x5B, 0x3C, 0x3C, 0xD8,
    0xBF, 0xBC, 0xE2, 0x47, 0x3C, 0x39, 0x52, 0xEA, 0xD8, 0xC6, 0xBB, 0xBD, 0xDF, 0x4B, 0x39, 0x38,
    0x4B, 0xC7, 0xB2, 0xB7, 0xC8, 0x55, 0x3D, 0x3C, 0x4B, 0xE8, 0xE6, 0xCE, 0xC3, 0xBF, 0xD9, 0x5D,
    0x47, 0x3E, 0x4A, 0x5A, 0xD9, 0xC6, 0xC7, 0xC9, 0x6D, 0x3F, 0x3A, 0x3C, 0x65, 0xBD, 0xAE, 0xB0,
    0xDD, 0x36, 0x29, 0x2A, 0x3C, 0xC7, 0xAC, 0xAB, 0xBB, 0x43, 0x2D, 0x31, 0x46, 0xBE, 0xB4, 0xBB,
    0xDB, 0x4A, 0x41, 0x44, 0x49, 0x5E, 0x67, 0xC9, 0xC0, 0xBB, 0xCC, 0x6C, 0x4E, 0x4B, 0x4D, 0x6C,
    0xCC, 0xBA, 0xB6, 0xC3, 0xDA, 0x3C, 0x2C, 0x2D, 0x44, 0xBF, 0xAD, 0xAA, 0xB0, 0xE8, 0x38, 0x2D,
    0x2F, 0x49, 0xC5, 0xAF, 0xB1, 0xC3, 0x52, 0x37, 0x38, 0x38, 0x4C, 0xDC, 0xBC, 0xB0, 0xB4, 0xCC,
    0x3D, 0x2F, 0x39, 0x5F, 0xC8, 0xC0, 0xDE, 0x67, 0x4C, 0x79, 0xF4, 0x5E, 0x67, 0x7C, 0xCC, 0xB9,
    0xC1, 0xFB, 0x48, 0x46, 0xFB, 0xD8, 0xCA, 0xCB, 0xC0, 0xD3, 0xD6, 0x51, 0x3C, 0x38, 0x3F, 0xCA,
    0xB1, 0xAA, 0xBB, 0x4A, 0x2E, 0x2F, 0x3F, 0xC7, 0xB4, 0xB7, 0xCA, 0x54, 0x4A, 0x4B, 0x49, 0x58,
    0x5E, 0xE8, 0x70, 0xCD, 0xB4, 0xB7, 0xCD, 0x3A, 0x2C, 0x2B, 0x3B, 0xB9, 0xA7, 0xAA, 0xDB, 0x30,
    0x27, 0x30, 0xDF, 0xAF, 0xA9, 0xB2, 0xDD, 0x3D, 0x30, 0x2E, 0x2E, 0x49, 0xC3, 0xAC, 0xA9, 0xB5,
    0x4A, 0x26, 0x24, 0x2E, 0xBD, 0xA6, 0xA6, 0xBC, 0x31, 0x26, 0x2A, 0x5E, 0xB6, 0xB0, 0xB6, 0xCF,
    0x50, 0x3A, 0x32, 0x3A, 0xE3, 0xBB, 0xB7, 0xC1, 0x5A, 0x3D, 0x37, 0x3B, 0xE3, 0xB2, 0xAF, 0xBC,
    0x64, 0x3D, 0x3A, 0x4A, 0x73, 0xC9, 0xC1, 0xBD, 0xC1, 0xD3, 0xDE, 0x53, 0x4F, 0x53, 0x6D, 0xC3,
    0xC1, 0xD0, 0x4A, 0x42, 0x49, 0x5E, 0xBF, 0xBC, 0xBC, 0xCF, 0x4E, 0x41, 0x3C, 0x47, 0x7E, 0xC7,
    0xB8, 0xBB, 0xC9, 0x41, 0x31, 0x34, 0x4D, 0xBC, 0xB1, 0xB6, 0xC9, 0x4A, 0x3C, 0x3B, 0x38, 0x3B,
    0x5E, 0xBD, 0xB0, 0xB3, 0xC7, 0x48, 0x35, 0x38, 0x40, 0xD9, 0xD1, 0xDD, 0x61, 0x53, 0xDE, 0xC1,
    0xC0, 0x55, 0x33, 0x30, 0x59, 0xB9, 0xAC, 0xB6, 0x5A, 0x34, 0x2D, 0x3B, 0xC0, 0xAD, 0xAF, 0xD5,
    0x3F, 0x35, 0x3E, 0x65, 0xDE, 0x5A, 0x45, 0x56, 0xDE, 0xBF, 0xBA, 0xCA, 0x55, 0x39, 0x40, 0x57,
    0xC9, 0xCF, 0xFC, 0x5B, 0x48, 0x4E, 0x6F, 0xEA, 0x63, 0x61, 0xDC, 0xC0, 0xC6, 0xDE, 0x4E, 0x39,
    0x37, 0x45, 0xC9, 0xBB, 0xCF, 0x57, 0x45, 0x5F, 0xC8, 0xBC, 0xD5, 0x46, 0x31, 0x3B, 0xD8, 0xB4,
    0xB9, 0xEE, 0x3E, 0x32, 0x40, 0xD9, 0xB9, 0xBA, 0xEC, 0x3F, 0x3D, 0x4C, 0xC7, 0xB9, 0xC1, 0x5D,
    0x36, 0x38, 0x43, 0xE1, 0xBF, 0xBF, 0xC4, 0xE7, 0xEB, 0xE3, 0xDB, 0x66, 0x3E, 0x3C, 0x4E, 0xC1,
    0xBA, 0xBC, 0xEE, 0x3D, 0x3E, 0x4E, 0xCF, 0xC1, 0xBD, 0xCA, 0x66, 0x3D, 0x37, 0x3E, 0x7A, 0xBE,
    0xB1, 0xB7, 0x63, 0x2F, 0x28, 0x33, 0xDE, 0xAE, 0xA9, 0xB2, 0x6B, 0x2F, 0x26, 0x2D, 0x5F, 0xB3,
    0xAE, 0xBD, 0xF8, 0x4B, 0x3D, 0x45, 0x42, 0x4D, 0x4F, 0xCD, 0xB4, 0xAE, 0xB5, 0x6E, 0x32, 0x28,
    0x2F, 0xFD, 0xAF, 0xAA, 0xB3, 0x79, 0x30, 0x2F, 0x42, 0xBC, 0xAE, 0xAF, 0xBF, 0x48, 0x36, 0x38,
    0x72, 0xCA, 0xBD, 0xCC, 0x70, 0x4D, 0x6F, 0xCE, 0xC0, 0xCA, 0x4F, 0x3F, 0x48, 0xE6, 0xBF, 0xBF,
    0xE6, 0x5B, 0x53, 0xD1, 0xBB, 0xC0, 0xEE, 0x3A, 0x34, 0x49, 0xB1, 0xAA, 0xB3, 0x47, 0x26, 0x25,
    0x33, 0xB9, 0xA8, 0xA8, 0xC3, 0x40, 0x2D, 0x2F, 0x39, 0x4C, 0xD0, 0xBC, 0xAF, 0xB3, 0xCD, 0x3C,
    0x29, 0x27, 0x34, 0xD6, 0xAF, 0xAD, 0xB5, 0xEA, 0x47, 0x3A, 0x3C, 0x3D, 0x3F, 0x5B, 0xE4, 0xC4,
    0xD3, 0x69, 0x45, 0x4D, 0x66, 0xD3, 0xCE, 0xDE, 0x57, 0x67, 0xCD, 0xC6, 0x61, 0x3E, 0x3D, 0x4B,
    0xF2, 0xC6, 0xBB, 0xC9, 0x7C, 0x47, 0x4F, 0xEF, 0xC4, 0xBC, 0x7D, 0x45, 0x3B, 0x56, 0xCC, 0xBD,
    0xBC, 0xD2, 0x5E, 0x4A, 0x4F, 0x60, 0xDA, 0xCB, 0xBF, 0xC5, 0xCE, 0x48, 0x35, 0x2E, 0x39, 0xCD,
    0xB3, 0xB0, 0xCD, 0x3F, 0x2D, 0x32, 0x5D, 0xB9, 0xB4, 0xDF, 0x43, 0x3E, 0x7C, 0xC7, 0xFD, 0x3A,
    0x32, 0x45, 0xBE, 0xAE, 0xAF, 0xC9, 0x32, 0x25, 0x27, 0x3D, 0xBC, 0xAC, 0xAE, 0xB8, 0xE8, 0x40,
    0x34, 0x31, 0x3B, 0xDE, 0xB6, 0xAD, 0xB9, 0x54, 0x32, 0x2F, 0x53, 0xC0, 0xB8, 0xD9, 0x47, 0x47,
    0xD7, 0xBB, 0xBA, 0xE1, 0x3F, 0x36, 0x48, 0xD0, 0xB2, 0xB8, 0xCF, 0x4E, 0x45, 0x49, 0x4D, 0x51,
    0x50, 0xD6, 0xBB, 0xB0, 0xBA, 0x4C, 0x33, 0x2F, 0x37, 0x5F, 0xBF, 0xB6, 0xBF, 0xD5, 0x52, 0x3F,
    0x3B, 0x36, 0x3E, 0xF4, 0xBD, 0xAE, 0xB4, 0xC9, 0x3B, 0x38, 0x41, 0x78, 0xD3, 0x67, 0x5F, 0x4E,
    0xEF, 0xBF, 0xB9, 0xDA, 0x3D, 0x32, 0x3B, 0xDB, 0xB6, 0xB0, 0xCF, 0x3D, 0x2F, 0x3C, 0xCA, 0xAE,
    0xAF, 0xD7, 0x38, 0x2E, 0x3F, 0xC7, 0xB6, 0xBE, 0xF3, 0x4C, 0x42, 0x63, 0xC8, 0xC4, 0xDE, 0x67,
    0x59, 0xF0, 0xE9, 0xE8, 0xD4, 0xC4, 0xC0, 0xCD, 0x77, 0x3F, 0x3D, 0x5C, 0xBE, 0xB8, 0xBE, 0xD4,
    0x52, 0x50, 0x55, 0x68, 0x55, 0x39, 0x39, 0x58, 0xB7, 0xAB, 0xAE, 0xE5, 0x34, 0x2E, 0x38, 0x59,
    0xBF, 0xC7, 0xD7, 0xF2, 0xD4, 0xD4, 0x5C, 0x41, 0x3B, 0x4A, 0xC5, 0xB8, 0xBA, 0x5E, 0x3A, 0x3B,
    0x53, 0xC1, 0xBA, 0xBF, 0x4D, 0x31, 0x33, 0x6F, 0xBC, 0xBC, 0xC8, 0xD1, 0x65, 0x48, 0x3C, 0x3A,
    0x3F, 0x71, 0xC1, 0xB8, 0xBD, 0xC5, 0xD7, 0x6E, 0x48, 0x3D, 0x3E, 0x43, 0x61, 0xBD, 0xB3, 0xC0,
    0x5A, 0x42, 0x48, 0x4D, 0x4F, 0xE0, 0xCA, 0xC1, 0xC4, 0xD3, 0x59, 0x38, 0x33, 0x3C, 0x5D, 0xBA,
    0xB0, 0xB5, 0xCE, 0x4A, 0x40, 0x40, 0x59, 0xFF, 0xE2, 0xD4, 0xE0, 0xCC, 0xCB, 0xBE, 0xD1, 0x3F,
    0x31, 0x34, 0x69, 0xB6, 0xAE, 0xBE, 0x47, 0x2C, 0x32, 0xEE, 0xAC, 0xAA, 0xC3, 0x3C, 0x2B, 0x3A,
    0xDB, 0xB4, 0xBC, 0xEE, 0x49, 0x3D, 0x46, 0x60, 0xE7, 0xEC, 0x5F, 0xDE, 0xBF, 0xBD, 0xD5, 0x5D,
    0x4B, 0x4D, 0x47, 0x59, 0xCC, 0xC4, 0xC6, 0xD2, 0x5F, 0x4D, 0x50, 0x7B, 0xDE, 0xC3, 0xCA, 0xD3,
    0x72, 0x49, 0x4E, 0x5B, 0xFF, 0x59, 0x5B, 0x5F, 0x7B, 0xD3, 0xC0, 0xCA, 0x52, 0x35, 0x3A, 0x73,
    0xBA, 0xB6, 0xC8, 0x3E, 0x2E, 0x37, 0xC8, 0xAB, 0xAB, 0xC5, 0x34, 0x29, 0x2E, 0x6E, 0xB6, 0xB8,
    0xBE, 0x67, 0x5F, 0x49, 0x4F, 0x5B, 0x56, 0x45, 0x45, 0x4C, 0xCA, 0xBC, 0xBB, 0xD4, 0x53, 0x3F,
    0x3A, 0x3D, 0x4E, 0xCD, 0xB1, 0xB2, 0xC9, 0x39, 0x2B, 0x2D, 0x48, 0xBB, 0xAB, 0xAC, 0xC2, 0x3F,
    0x35, 0x40, 0xD8, 0xC3, 0xD1, 0x5D, 0x3D, 0x46, 0x72, 0xBC, 0xB8, 0xC2, 0x5F, 0x46, 0x3C, 0x48,
    0xD8, 0xBF, 0xB7, 0xBD, 0xDC, 0x4E, 0x44, 0x47, 0xFF, 0xEF, 0xDC, 0xDD, 0xD9, 0xCD, 0xCD, 0xCC,
    0x60, 0x47, 0x41, 0x53, 0xCB, 0xB6, 0xB1, 0xBE, 0x4C, 0x34, 0x2E, 0x3B, 0x63, 0xC4, 0xB6, 0xB6,
    0xBC, 0xCF, 0x43, 0x35, 0x32, 0x41, 0xD4, 0xBA, 0xBB, 0xCE, 0x68, 0x40, 0x4E, 0x50, 0xDF, 0x6D,
    0x55, 0x61, 0xDB, 0xC5, 0xCA, 0xDC, 0x6E, 0x40, 0x3A, 0x3C, 0x55, 0xBF, 0xB3, 0xB0, 0xC5, 0x3E,
    0x2A, 0x2D, 0x44, 0xC0, 0xAF, 0xB0, 0xC0, 0x56, 0x3B, 0x2F, 0x33, 0x4C, 0xBE, 0xAF, 0xAD, 0xBC,
    0x43, 0x2D, 0x2D, 0x3C, 0xD5, 0xBC, 0xBA, 0xC5, 0xCF, 0xEB, 0x63, 0x3F, 0x31, 0x36, 0x47, 0xBC,
    0xAD, 0xAB, 0xBA, 0x4C, 0x2F, 0x28, 0x2E, 0x4C, 0xB4, 0xA8, 0xA9, 0xBF, 0x36, 0x25, 0x25, 0x39,
    0xBB, 0xAA, 0xAC, 0xBB, 0xF8, 0x3E, 0x3B, 0x42, 0x4D, 0x65, 0x59, 0xD3, 0xBD, 0xAF, 0xAD, 0xD1,
    0x30, 0x25, 0x2B, 0x4E, 0xB2, 0xA4, 0xA7, 0xC0, 0x3D, 0x2C, 0x32, 0x3D, 0xE5, 0xC6, 0xB7, 0xAF,
    0xB4, 0xC7, 0x3C, 0x2D, 0x2E, 0x4B, 0xBE, 0xAF, 0xB3, 0xD0, 0x45, 0x3C, 0x3D, 0x49, 0x62, 0xCA,
    0xBC, 0xBC, 0xDD, 0x3C, 0x35, 0x3D, 0xCF, 0xAF, 0xAD, 0xB9, 0x46, 0x2A, 0x26, 0x33, 0xCB, 0xAC,
    0xAB, 0xB9, 0x46, 0x2C, 0x2A, 0x3A, 0xD1, 0xB5, 0xB0, 0xC7, 0x57, 0x37, 0x39, 0x3A, 0x3C, 0x44,
    0xE4, 0xB8, 0xB1, 0xBC, 0x4F, 0x31, 0x28, 0x34, 0xE3, 0xB5, 0xB2, 0xD1, 0x49, 0x3C, 0x4D, 0x6D,
    0xD9, 0xDE, 0xFF, 0xDC, 0xCE, 0xDE, 0x53, 0x48, 0x60, 0xCE, 0xBE, 0xC1, 0xD7, 0x47, 0x3C, 0x3D,
    0xE4, 0xBC, 0xB9, 0xBE, 0x63, 0x40, 0x37, 0x3E, 0x5C, 0xCF, 0xBF, 0xBB, 0xB7, 0xC0, 0x5E, 0x3A,
    0x34, 0x2F, 0x3B, 0xCA, 0xAF, 0xAC, 0xB6, 0xCD, 0x3B, 0x2E, 0x31, 0x4E, 0xBB, 0xAF, 0xB8, 0xD9,
    0x44, 0x36, 0x38, 0x4A, 0x73, 0xC6, 0xBC, 0xB7, 0xC0, 0x52, 0x3C, 0x31, 0x38, 0x4A, 0xB9, 0xAA,
    0xAE, 0xD3, 0x2F, 0x25, 0x2A, 0xD6, 0xA7, 0x9F, 0xAC, 0x5B, 0x29, 0x27, 0x33, 0xE1, 0xB6, 0xB8,
    0xBA, 0xD1, 0xD5, 0x5F, 0x43, 0x36, 0x3C, 0xE4, 0xB6, 0xB3, 0xC3, 0x41, 0x33, 0x36, 0x50, 0xC1,
    0xBD, 0xBF, 0xCE, 0xE1, 0xD8, 0xFB, 0x4B, 0x3A, 0x37, 0x58, 0xBA, 0xAD, 0xBB, 0x4B, 0x35, 0x37,
    0xEC, 0xBB, 0xB3, 0xBF, 0x6C, 0x45, 0x4B, 0x51, 0x6D, 0xEF, 0x4B, 0x46, 0x58, 0xBA, 0xB5, 0xBB,
    0x5F, 0x35, 0x34, 0x3A, 0xE8, 0xC5, 0xC1, 0xDA, 0x6F, 0xDB, 0xD4, 0xDB, 0x50, 0x3C, 0x37, 0x50,
    0xBC, 0xB2, 0xBA, 0xDB, 0x4A, 0x49, 0x45, 0x49, 0x40, 0x48, 0xCE, 0xB9, 0xB4, 0xCB, 0x41, 0x39,
    0x43, 0xE5, 0xBE, 0xC0, 0xD0, 0xE9, 0xDF, 0xE4, 0x5D, 0x3C, 0x2D, 0x3B, 0xCB, 0xA8, 0xA3, 0xB4,
    0x35, 0x20, 0x22, 0x3F, 0xAD, 0xA0, 0xA5, 0xBB, 0x3A, 0x2A, 0x2A, 0x34, 0x52, 0xCB, 0xB1, 0xAE,
    0xAE, 0x72, 0x2B, 0x25, 0x2E, 0xC8, 0xAB, 0xA8, 0xCC, 0x2F, 0x27, 0x32, 0xD7, 0xB6, 0xB3, 0xCA,
    0x41, 0x3C, 0x58, 0xBE, 0xCB, 0x48, 0x3A, 0x47, 0xCF, 0xBA, 0xC1, 0xF8, 0x3F, 0x4B, 0xCC, 0xC2,
    0xD9, 0x49, 0x3C, 0x3C, 0x59, 0xC8, 0xBD, 0xDE, 0x6F, 0xDE, 0xBF, 0xBD, 0xDB, 0x39, 0x2A, 0x31,
    0xFF, 0xAC, 0xA6, 0xB1, 0x49, 0x2A, 0x28, 0x3E, 0xB1, 0xA4, 0xAA, 0xE5, 0x2E, 0x26, 0x32, 0xDC,
    0xAF, 0xAA, 0xB8, 0xE9, 0x46, 0x4D, 0x48, 0x46, 0x51, 0x7C, 0xD3, 0xC9, 0xCD, 0xC8, 0xD0, 0xE2,
    0x55, 0x3D, 0x38, 0x41, 0xC7, 0xB7, 0xBC, 0x77, 0x3B, 0x3C, 0x5E, 0xC0, 0xBC, 0xD8, 0x4F, 0x3E,
    0x4E, 0x5C, 0xE4, 0x68, 0x4F, 0xE5, 0xC3, 0xBB, 0xC2, 0xEE, 0x3B, 0x36, 0x47, 0xCB, 0xB7, 0xC4,
    0x5C, 0x3F, 0x55, 0xC5, 0xB6, 0xBD, 0x4F, 0x2D, 0x2B, 0x48, 0xB2, 0xA2, 0xA6, 0xBC, 0x37, 0x28,
    0x2A, 0x3A, 0xC3, 0xAF, 0xB0, 0xBE, 0x4D, 0x44, 0x41, 0x57, 0xEF, 0xD5, 0xC9, 0xC9, 0xC5, 0xCA,
    0x67, 0x41, 0x35, 0x3E, 0xE4, 0xB7, 0xB1, 0xC6, 0x4F, 0x32, 0x3C, 0xEB, 0xBE, 0xC0, 0x60, 0x3E,
    0x38, 0x50, 0xC2, 0xB3, 0xCC, 0x3B, 0x2D, 0x39, 0xBE, 0xAB, 0xAC, 0xCE, 0x2E, 0x24, 0x2F, 0xC0,
    0xA4, 0xA9, 0xCC, 0x32, 0x28, 0x2F, 0x5A, 0xB8, 0xB2, 0xBD, 0xD9, 0x52, 0x44, 0x3D, 0x3D, 0x48,
    0xDE, 0xBA, 0xB4, 0xC0, 0x41, 0x2C, 0x2E, 0x49, 0xB9, 0xAD, 0xAE, 0xC6, 0x3E, 0x2E, 0x34, 0x4A,
    0xD3, 0xC8, 0xD1, 0xC7, 0xD8, 0xE7, 0x4F, 0x40, 0x49, 0xFE, 0xBB, 0xBD, 0xD1, 0x40, 0x3B, 0x3B,
    0x54, 0xE5, 0xBD, 0xBD, 0xC1, 0xD9, 0x4B, 0x39, 0x2D, 0x34, 0x5F, 0xB5, 0xAB, 0xB0, 0xD2, 0x34,
    0x2C, 0x37, 0x5B, 0xBA, 0xB0, 0xBA, 0x56, 0x33, 0x33, 0x45, 0xC6, 0xB7, 0xBC, 0x7A, 0x3A, 0x3A,
    0x6F, 0xB8, 0xB2, 0xBE, 0x4F, 0x2C, 0x2B, 0x36, 0xC9, 0xAE, 0xAB, 0xB7, 0x5A, 0x32, 0x2F, 0x35,
    0x4F, 0xC8, 0xB5, 0xAE, 0xB6, 0xD0, 0x46, 0x2F, 0x2C, 0x30, 0x4D, 0xBB, 0xAE, 0xAA, 0xBB, 0x63,
    0x37, 0x2F, 0x35, 0x4F, 0xC5, 0xB7, 0xBC, 0xC4, 0xDC, 0x59, 0x4D, 0x45, 0x42, 0x42, 0x5A, 0xB6,
    0xAE, 0xB2, 0xD9, 0x37, 0x2F, 0x36, 0xFB, 0xB9, 0xB8, 0xC9, 0x5B, 0x57, 0x5B, 0x5A, 0x5D, 0xE8,
    0xD3, 0xC1, 0xB7, 0xBE, 0x5D, 0x2E, 0x2D, 0x38, 0xBD, 0xA7, 0xA7, 0xBC, 0x36, 0x2B, 0x2F, 0x4E,
    0xBE, 0xB6, 0xBA, 0xD5, 0x4F, 0x4D, 0x56, 0x66, 0x5F, 0xEE, 0xCD, 0xD5, 0x69, 0x40, 0x39, 0x47,
    0xD3, 0xAF, 0xAD, 0xC1, 0x39, 0x28, 0x2A, 0x42, 0xBA, 0xA7, 0xA7, 0xB4, 0x42, 0x2A, 0x25, 0x29,
    0x3F, 0xBA, 0xA7, 0xA6, 0xB3, 0x40, 0x27, 0x22, 0x36, 0xBB, 0xAA, 0xAF, 0xCA, 0x4A, 0x33, 0x33,
    0x3D, 0x61, 0xF8, 0xC1, 0xB4, 0xAF, 0xBE, 0x46, 0x2E, 0x2A, 0x36, 0xE6, 0xB1, 0xAB, 0xB8, 0xDA,
    0x3E, 0x36, 0x34, 0x3D, 0xEB, 0xBA, 0xAD, 0xAC, 0xBE, 0x41, 0x2A, 0x28, 0x36, 0xC9, 0xAA, 0xAB,
    0xBF, 0x40, 0x2E, 0x3B, 0xDD, 0xB5, 0xBA, 0xED, 0x3E, 0x3D, 0x4C, 0x72, 0xF9, 0xF1, 0xE8, 0xC7,
    0xBA, 0xBA, 0x5F, 0x2F, 0x2A, 0x3A, 0xBD, 0xA7, 0xA8, 0xBF, 0x38, 0x2A, 0x2E, 0x5B, 0xBB, 0xB8,
    0xC3, 0x4E, 0x4F, 0x4D, 0x76, 0x4A, 0x42, 0x4B, 0xED, 0xBC, 0xBD, 0xC9, 0x5D, 0x43, 0x45, 0x50,
    0xD8, 0xD0, 0x7B, 0x5C, 0x7B, 0xC0, 0xBB, 0xCC, 0x4A, 0x3A, 0x3D, 0xDE, 0xB8, 0xB6, 0xD0, 0x4A,
    0x3B, 0x4F, 0x79, 0xCA, 0x55, 0x3F, 0x44, 0xCE, 0xAD, 0xAD, 0xC8, 0x38, 0x2A, 0x33, 0x4F, 0xBD,
    0xB8, 0xC9, 0xE7, 0x6A, 0xD2, 0xE4, 0xED, 0x3A, 0x3A, 0x3D, 0xDA, 0xB3, 0xB6, 0xBF, 0x46, 0x34,
    0x38, 0xE8, 0xB5, 0xBC, 0x6C, 0x35, 0x35, 0x5B, 0xB7, 0xB1, 0xC8, 0x3C, 0x2B, 0x34, 0xD4, 0xAF,
    0xB2, 0xD7, 0x3B, 0x34, 0x4A, 0xCC, 0xBD, 0xE0, 0x53, 0x47, 0x5C, 0xDD, 0xCA, 0xD3, 0x70, 0x4B,
    0x4E, 0xE3, 0xCB, 0xD1, 0x59, 0x46, 0x49, 0xD7, 0xBE, 0xBA, 0xC6, 0x63, 0x39, 0x2F, 0x44, 0xD5,
    0xB4, 0xB7, 0xCB, 0x4B, 0x46, 0x45, 0x65, 0xDB, 0xE7, 0xDF, 0xCE, 0xC9, 0xCC, 0x7D, 0x49, 0x39,
    0x39, 0xDA, 0xB4, 0xAF, 0xC5, 0x48, 0x2E, 0x32, 0x59, 0xB5, 0xAE, 0xBD, 0x5F, 0x33, 0x36, 0x3D,
    0xCD, 0xBE, 0xBB, 0xED, 0x4B, 0x3E, 0x43, 0x6D, 0xD0, 0xC5, 0xDB, 0x53, 0x41, 0x3D, 0x57, 0xCF,
    0xBE, 0xCE, 0x7E, 0x4F, 0xDF, 0xD3, 0xDC, 0x48, 0x3C, 0x4A, 0xCD, 0xB9, 0xB6, 0xCD, 0x3C, 0x2F,
    0x30, 0x5A, 0xAF, 0xA4, 0xA9, 0x59, 0x28, 0x1F, 0x2C, 0xBF, 0xA6, 0xA2, 0xB2, 0x45, 0x2A, 0x29,
    0x36, 0x70, 0xB5, 0xAC, 0xAD, 0xB4, 0xD6, 0x3E, 0x2B, 0x27, 0x33, 0xDF, 0xAD, 0xA7, 0xAD, 0xEC,
    0x2D, 0x2A, 0x44, 0xBD, 0xA7, 0xAB, 0xCA, 0x35, 0x27, 0x2E, 0x55, 0xB4, 0xAC, 0xB2, 0xCE, 0x41,
    0x3A, 0x49, 0x67, 0xE2, 0xD3, 0xCF, 0xC9, 0x7B, 0x5F, 0x44, 0x3D, 0x46, 0xE8, 0xBC, 0xBB, 0xD5,
    0xEF, 0x4C, 0x43, 0x3D, 0x45, 0x56, 0xC4, 0xB5, 0xB2, 0xCA, 0x47, 0x2E, 0x2F, 0x3D, 0xDA, 0xB5,
    0xAE, 0xB8, 0xF7, 0x3A, 0x31, 0x39, 0x59, 0xC5, 0xC1, 0xC5, 0xEC, 0xFB, 0xCA, 0xCA, 0xCC, 0x4E,
    0x3E, 0x3A, 0x4B, 0xE0, 0x7B, 0x67, 0x5C, 0xC9, 0xB1, 0xAD, 0xC4, 0x3C, 0x2C, 0x2E, 0xEF, 0xB4,
    0xAE, 0xCF, 0x3D, 0x36, 0x50, 0xBF, 0xBE, 0xCE, 0x53, 0x3B, 0x4A, 0xCC, 0xB8, 0xCD, 0x4F, 0x40,
    0x57, 0xF2, 0xC8, 0xDD, 0xC9, 0xDB, 0xDC, 0xD4, 0x67, 0x5D, 0x3E, 0x55, 0xDC, 0xBD, 0xBE, 0xE9,
    0x47, 0x38, 0x42, 0xD2, 0xBF, 0xBA, 0xC6, 0xDD, 0x4E, 0x41, 0x46, 0x59, 0x51, 0x6C, 0xDB, 0xC6,
    0xBA, 0xED, 0x4C, 0x2F, 0x35, 0x4E, 0xBD, 0xAD, 0xBA, 0x47, 0x2C, 0x2B, 0x48, 0xBA, 0xAD, 0xB4,
    0x50, 0x33, 0x2E, 0x41, 0xD5, 0xBB, 0xC9, 0x57, 0x4A, 0x4D, 0x50, 0x4D, 0x51, 0xD7, 0xB5, 0xAE,
    0xBB, 0x3F, 0x25, 0x23, 0x35, 0xB6, 0xA1, 0xA4, 0xC8, 0x2D, 0x20, 0x29, 0xCF, 0xA3, 0x9D, 0xAB,
    0x45, 0x23, 0x1F, 0x28, 0x5F, 0xB3, 0xA3, 0xA1, 0xAB, 0x58, 0x27, 0x22, 0x2E, 0xC7, 0xA4, 0xA2,
    0xB2, 0x41, 0x27, 0x26, 0x2F, 0x62, 0xB4, 0xA7, 0xA4, 0xAF, 0xE4, 0x2D, 0x22, 0x26, 0x44, 0xAF,
    0xA4, 0xA8, 0xC7, 0x3A, 0x2A, 0x30, 0x4A, 0xBF, 0xB8, 0xB8, 0xBD, 0xDA, 0x50, 0x39, 0x32, 0x35,
    0x49, 0xC6, 0xB6, 0xB0, 0xB9, 0x5C, 0x3B, 0x2F, 0x30, 0x4D, 0xBF, 0xAF, 0xB4, 0xCA, 0x4A, 0x3D,
    0x46, 0x4E, 0x5B, 0x4F, 0x4C, 0xD2, 0xB9, 0xAE, 0xBF, 0x42, 0x2F, 0x2D, 0x43, 0x6D, 0xC1, 0xC3,
    0xC9, 0xCC, 0xC6, 0xC9, 0x63, 0x4C, 0x3E, 0x47, 0xF1, 0xC9, 0xC1, 0xCF, 0xEB, 0x51, 0x53, 0x7A,
    0xCA, 0xCB, 0xCA, 0x57, 0x43, 0x3C, 0x4A, 0xDE, 0xD0, 0xC7, 0xE7, 0xD5, 0xD8, 0xDE, 0x51, 0x3F,
    0x40, 0x48, 0xD2, 0xBF, 0xBC, 0xCE, 0x51, 0x3F, 0x3E, 0x47, 0x4A, 0x5B, 0x64, 0xD3, 0xBD, 0xB7,
    0xBB, 0x59, 0x35, 0x2C, 0x32, 0x6E, 0xBE, 0xBA, 0xEB, 0x4B, 0x45, 0xD3, 0xBF, 0xC9, 0x49, 0x3A,
    0x3B, 0xF4, 0xBE, 0xBA, 0xCF, 0x3E, 0x3E, 0x3F, 0xD2, 0xCC, 0xFF, 0x4E, 0x3D, 0x5D, 0xCE, 0xBD,
    0xCB, 0xDA, 0x4F, 0x43, 0x3D, 0x43, 0xE9, 0xCF, 0xBA, 0xBC, 0xC2, 0x4F, 0x33, 0x39, 0x41, 0xF7,
    0xD7, 0xC0, 0xBF, 0xC0, 0xDC, 0x57, 0x37, 0x33, 0x3D, 0xD4, 0xB6, 0xB5, 0xB1, 0xD7, 0x50, 0x3C,
    0x3A, 0x3A, 0x45, 0x63, 0xC4, 0xB2, 0xAE, 0xB8, 0x54, 0x2E, 0x28, 0x36, 0xB8, 0xA5, 0xA5, 0xC5,
    0x31, 0x24, 0x2C, 0x70, 0xB5, 0xAA, 0xB4, 0xCE, 0x47, 0x3A, 0x39, 0x36, 0x3F, 0xCF, 0xB6, 0xB1,
    0xC4, 0x5A, 0x3E, 0x4C, 0xC4, 0xC6, 0x6E, 0x36, 0x30, 0x44, 0xB8, 0xA8, 0xAD, 0xF7, 0x29, 0x24,
    0x2E, 0xC1, 0xA9, 0xA3, 0xB2, 0x3E, 0x29, 0x2B, 0x43, 0xC3, 0xB8, 0xBF, 0x5A, 0x48, 0xE8, 0xC1,
    0xBE, 0xDF, 0x4B, 0x3F, 0x4D, 0x6C, 0xD4, 0x72, 0xEE, 0xDF, 0xE5, 0xCA, 0xE7, 0x67, 0x4A, 0xF6,
    0xDB, 0xBC, 0xC1, 0xCD, 0x47, 0x3B, 0x3E, 0x4F, 0xC5, 0xBD, 0xBB, 0xC5, 0xD9, 0x3E, 0x41, 0x43,
    0xE8, 0xC7, 0xB7, 0xB6, 0xCB, 0x52, 0x34, 0x30, 0x37, 0x63, 0xBE, 0xAD, 0xB1, 0xBD, 0x60, 0x35,
    0x2E, 0x33, 0x58, 0xC0, 0xAF, 0xAF, 0xBC, 0x4C, 0x35, 0x30, 0x3C, 0xD7, 0xB5, 0xAE, 0xB5, 0xEE,
    0x42, 0x34, 0x37, 0x3B, 0x73, 0xBF, 0xB0, 0xB2, 0xBE, 0x52, 0x2F, 0x2D, 0x35, 0x74, 0xBD, 0xB8,
    0xB6, 0xD7, 0x48, 0x45, 0x4E, 0x55, 0x53, 0x4A, 0x4E, 0xFE, 0xBF, 0xBC, 0xC9, 0x49, 0x32, 0x32,
    0x3F, 0xCF, 0xBD, 0xBC, 0xD6, 0x4E, 0x47, 0x4A, 0xE8, 0xD9, 0xCD, 0x52, 0x46, 0x31, 0x38, 0x58,
    0xBD, 0xAF, 0xAD, 0xB7, 0x48, 0x2B, 0x24, 0x2C, 0x4F, 0xB6, 0xA8, 0xA9, 0xBC, 0x49, 0x32, 0x2A,
    0x2E, 0x43, 0xB7, 0xA8, 0xA7, 0xB2, 0x3C, 0x26, 0x20, 0x31, 0xBB, 0xA1, 0xA2, 0xBB, 0x37, 0x28,
    0x2A, 0x4F, 0xBD, 0xB2, 0xBD, 0xCA, 0xDB, 0x51, 0x3A, 0x36, 0x41, 0xC4, 0xAF, 0xAC, 0xBF, 0x38,
    0x2A, 0x2D, 0x54, 0xBC, 0xAB, 0xAE, 0xC0, 0x49, 0x33, 0x32, 0x42, 0xD8, 0xB9, 0xAF, 0xBA, 0xD8,
    0x3A, 0x34, 0x33, 0x5D, 0xBC, 0xB2, 0xB9, 0xD2, 0x53, 0x44, 0x5D, 0xFF, 0xEA, 0x59, 0x3B, 0x41,
    0x6F, 0xB4, 0xAA, 0xAF, 0x7C, 0x2E, 0x26, 0x36, 0xC5, 0xAA, 0xA8, 0xC6, 0x3B, 0x2A, 0x30, 0xF9,
    0xBA, 0xB1, 0xBF, 0x5E, 0x42, 0x48, 0xD9, 0xBE, 0xBF, 0x60, 0x3A, 0x34, 0x4B, 0xCB, 0xB6, 0xAF,
    0xC1, 0xE9, 0x36, 0x37, 0x41, 0xE1, 0xC8, 0xCC, 0xC1, 0xC5, 0xB7, 0xC4, 0xFD, 0x2D, 0x26, 0x2C,
    0xDB, 0xA4, 0x9F, 0xA7, 0x51, 0x26, 0x22, 0x29, 0xE1, 0xAE, 0xA8, 0xAA, 0xBD, 0x4E, 0x30, 0x26,
    0x27, 0x31, 0xC4, 0xA3, 0x9E, 0xA6, 0xF1, 0x2E, 0x20, 0x26, 0x38, 0xCB, 0xB2, 0xAB, 0xAC, 0xB5,
    0xE1, 0x2F, 0x25, 0x22, 0x3C, 0xB6, 0xA0, 0x9F, 0xB3, 0x49, 0x26, 0x27, 0x34, 0xC4, 0xAB, 0xAE,
    0xC2, 0x49, 0x36, 0x36, 0x3D, 0xF7, 0xBF, 0xB3, 0xB9, 0xC7, 0x49, 0x3B, 0x3C, 0x5F, 0xCA, 0xCE,
    0xCB, 0x5C, 0x67, 0x67, 0xF8, 0xF2, 0xFF, 0x59, 0xDC, 0xC9, 0xC5, 0x67, 0x3D, 0x3A, 0x49, 0xC2,
    0xB5, 0xBA, 0x5B, 0x37, 0x3B, 0x5F, 0xC5, 0xC1, 0xEE, 0x44, 0x42, 0xE3, 0xB4, 0xB7, 0xEF, 0x33,
    0x2D, 0x3C, 0xC7, 0xAD, 0xAE, 0xD0, 0x36, 0x2F, 0x3B, 0xD6, 0xC0, 0xD2, 0x4F, 0x47, 0x5E, 0xCE,
    0xC1, 0xC8, 0xDD, 0xFE, 0xD8, 0xD9, 0x55, 0x35, 0x2B, 0x31, 0xE0, 0xAE, 0xA9, 0xB5, 0x54, 0x3B,
    0x38, 0x46, 0x4C, 0x54, 0xF7, 0xC2, 0xB0, 0xB5, 0x67, 0x2C, 0x25, 0x2D, 0xCD, 0xAA, 0xA2, 0xB2,
    0x50, 0x2F, 0x2D, 0x3D, 0x55, 0xC9, 0xBC, 0xBB, 0xBC, 0x57, 0x3C, 0x31, 0x3D, 0xC7, 0xB2, 0xAF,
    0xCD, 0x33, 0x2F, 0x39, 0xC1, 0xB0, 0xC5, 0x3E, 0x28, 0x37, 0xC0, 0xAB, 0xAE, 0x6A, 0x3A, 0x3E,
    0xF2, 0xC3, 0x4B, 0x2C, 0x28, 0x4D, 0xA8, 0x9C, 0xA0, 0x4A, 0x20, 0x18, 0x24, 0xD9, 0xA9, 0xA3,
    0xAC, 0xBD, 0xE0, 0x51, 0x2F, 0x28, 0x28, 0x47, 0xB1, 0x9E, 0x9F, 0xB2, 0x33, 0x1F, 0x20, 0x33,
    0xB4, 0xA7, 0x9F, 0xAE, 0xCC, 0x3C, 0x2B, 0x29, 0x2C, 0xEB, 0xB2, 0xA5, 0xAC, 0xC9, 0x33, 0x29,
    0x2F, 0x5F, 0xAF, 0xAD, 0xB1, 0x70, 0x3F, 0x2E, 0x35, 0x36, 0x64, 0xC3, 0xB7, 0xAD, 0xB9, 0xD5,
    0x39, 0x30, 0x38, 0x47, 0xD3, 0xD3, 0xDC, 0x6A, 0xFC, 0xCA, 0xBD, 0xE5, 0x3F, 0x36, 0x4F, 0xC4,
    0xB5, 0xC3, 0x3F, 0x2A, 0x2F, 0x6F, 0xAE, 0xAB, 0xC8, 0x39, 0x2C, 0x46, 0xC0, 0xA7, 0xB5, 0x47,
    0x28, 0x2C, 0x4E, 0xB8, 0xAC, 0xBB, 0x52, 0x32, 0x49, 0xD9, 0xC0, 0xE0, 0xD7, 0xDA, 0xCB, 0xBF,
    0xD2, 0x43, 0x2D, 0x35, 0x6A, 0xB6, 0xAE, 0xB3, 0xD1, 0x3A, 0x33, 0x3F, 0xC8, 0xBF, 0xBC, 0xEC,
    0x50, 0x3D, 0x3B, 0x56, 0xDC, 0xBD, 0xC0, 0xC2, 0xCD, 0x60, 0x40, 0x3C, 0x3C, 0x46, 0xDE, 0xBB,
    0xB4, 0xBD, 0x6B, 0x40, 0x2F, 0x35, 0x46, 0xC4, 0xB2, 0xB4, 0xC2, 0x4A, 0x2D, 0x2A, 0x3C, 0xBC,
    0xA9, 0xAC, 0xCC, 0x2E, 0x23, 0x28, 0x54, 0xAE, 0xA6, 0xB0, 0xEC, 0x2E, 0x28, 0x2B, 0x4B, 0xBB,
    0xAA, 0xA3, 0xB0, 0x6E, 0x28, 0x21, 0x27, 0x5D, 0xAE, 0xA4, 0xAB, 0xB8, 0x3F, 0x2E, 0x2C, 0x2D,
    0x44, 0xC3, 0xA2, 0xA3, 0xAF, 0x3C, 0x23, 0x22, 0x32, 0xB7, 0xA5, 0xA4, 0xBF, 0x41, 0x2B, 0x33,
    0x47, 0xC3, 0xB5, 0xB8, 0xC7, 0x3F, 0x33, 0x33, 0x4E, 0xBD, 0xB1, 0xB7, 0xDF, 0x40, 0x34, 0x46,
    0xCD, 0xB9, 0xC2, 0xD2, 0x4A, 0x4E, 0x45, 0x44, 0x3C, 0x41, 0xD1, 0xAA, 0xA6, 0xAF, 0x35, 0x20,
    0x1E, 0x2F, 0xB7, 0x9D, 0x9F, 0xB3, 0x35, 0x29, 0x2F, 0x3F, 0xDE, 0xD3, 0xC3, 0xBF, 0xBD, 0xB3,
    0xDD, 0x3F, 0x2A, 0x28, 0x39, 0xD6, 0xA6, 0xA2, 0xA5, 0xCB, 0x2C, 0x20, 0x28, 0x41, 0xAF, 0xA9,
    0xAE, 0xD1, 0x3A, 0x38, 0x3C, 0xCF, 0xBE, 0xBD, 0xEE, 0x4B, 0x48, 0x4E, 0x71, 0xED, 0x5E, 0xFF,
    0xFF, 0xCB, 0xC8, 0xCD, 0xD3, 0xDB, 0xF4, 0x4C, 0x3B, 0x37, 0x49, 0xD5, 0xB8, 0xB4, 0xBF, 0x56,
    0x34, 0x33, 0x41, 0xD2, 0xB5, 0xB4, 0xCB, 0x35, 0x28, 0x33, 0xE5, 0xAE, 0xAC, 0xBB, 0x3C, 0x2A,
    0x2E, 0x62, 0xB6, 0xAC, 0xBC, 0x57, 0x36, 0x3E, 0xE7, 0xE0, 0xCF, 0x4D, 0x6F, 0xCE, 0xB8, 0xB8,
    0x5F, 0x38, 0x2F, 0x6E, 0xC1, 0xB5, 0xDE, 0x44, 0x39, 0x60, 0xB4, 0xAF, 0xBA, 0x4D, 0x33, 0x33,
    0x72, 0xC1, 0xBC, 0xE3, 0x4F, 0x4E, 0xD5, 0xBD, 0xD5, 0x58, 0x34, 0x52, 0xD3, 0xB2, 0xB1, 0xD4,
    0x3E, 0x2E, 0x3D, 0xD6, 0xBD, 0xB0, 0xC9, 0xF0, 0x44, 0x49, 0x4D, 0x51, 0x5B, 0xD4, 0xD0, 0xD1,
    0xEB, 0x6D, 0x41, 0x40, 0x60, 0xC5, 0xC3, 0xDE, 0x4E, 0x4F, 0x6A, 0xCA, 0xDB, 0x53, 0x3A, 0x36,
    0x4E, 0xC6, 0xAF, 0xBC, 0xD4, 0x40, 0x42, 0x4D, 0xC4, 0xD6, 0x4B, 0x35, 0x30, 0x47, 0xC3, 0xAB,
    0xA8, 0xB8, 0x4B, 0x29, 0x28, 0x2F, 0x54, 0xB5, 0xA9, 0xAC, 0xB5, 0x3B, 0x23, 0x1F, 0x2E, 0xB6,
    0xA2, 0x9F, 0xB9, 0x31, 0x24, 0x2E, 0xD0, 0xAE, 0xBF, 0x3D, 0x2C, 0x3D, 0xB6, 0xAD, 0xB4, 0x4B,
    0x36, 0x3A, 0xD0, 0xB6, 0xC5, 0x5A, 0x2E, 0x32, 0x55, 0xB4, 0xAF, 0xBC, 0x42, 0x36, 0x36, 0x7A,
    0xC9, 0xC6, 0xCE, 0x76, 0xDB, 0xCD, 0xDE, 0x44, 0x2D, 0x35, 0xD2, 0xA8, 0x9E, 0xAC, 0x49, 0x21,
    0x1C, 0x28, 0xD3, 0xA2, 0x9F, 0xA9, 0xF7, 0x2C, 0x28, 0x2F, 0x58, 0xBD, 0xAC, 0xAE, 0xB7, 0x53,
    0x32, 0x2C, 0x30, 0xFC, 0xB2, 0xAD, 0xB4, 0x5D, 0x3C, 0x36, 0x54, 0xCF, 0xC0, 0xC4, 0xD3, 0xDA,
    0x5C, 0x4D, 0x3A, 0x3D, 0x52, 0xC6, 0xB1, 0xB3, 0xBE, 0x64, 0x3F, 0x3A, 0x3F, 0x3F, 0xEE, 0xCC,
    0xB5, 0xB0, 0xC9, 0x3F, 0x2A, 0x2D, 0x58, 0xAD, 0xA5, 0xAC, 0x55, 0x30, 0x2B, 0x3F, 0xCA, 0xC4,
    0xC9, 0xDA, 0xC5, 0xB7, 0xC0, 0x5F, 0x2D, 0x2B, 0x3E, 0xBA, 0xA7, 0xAB, 0xBB, 0x44, 0x34, 0x34,
    0x3E, 0x58, 0xD1, 0xBD, 0xB3, 0xAF, 0xBD, 0x58, 0x31, 0x2D, 0x35, 0xC8, 0xB0, 0xB1, 0xC7, 0x3A,
    0x32, 0x3B, 0xDC, 0xB3, 0xBE, 0xCD, 0x3A, 0x39, 0x3B, 0xFE, 0xC5, 0xBC, 0xBD, 0xCB, 0xEE, 0x4D,
    0x42, 0x38, 0x3C, 0x69, 0xC4, 0xB2, 0xB7, 0xC7, 0x3C, 0x36, 0x2C, 0x55, 0xD2, 0xAE, 0xAF, 0xBE,
    0x44, 0x28, 0x29, 0x33, 0xBB, 0xAA, 0xAC, 0xC8, 0x3D, 0x30, 0x32, 0x54, 0x7D, 0xC1, 0xBB, 0xAF,
    0xB2, 0xCD, 0x34, 0x26, 0x23, 0x2D, 0xD3, 0xA9, 0x9D, 0xA6, 0xBB, 0x32, 0x23, 0x23, 0x35, 0xB8,
    0xA4, 0xA9, 0xCB, 0x2C, 0x24, 0x2B, 0xFC, 0xB1, 0xB1, 0xB9, 0xCF, 0xFA, 0x48, 0x39, 0x2F, 0x37,
    0x4E, 0xB4, 0xAB, 0xB1, 0x63, 0x29, 0x28, 0x2F, 0xB9, 0xAA, 0xAB, 0xCB, 0x3D, 0x2D, 0x33, 0xF2,
    0xC2, 0xBE, 0x74, 0x46, 0x38, 0x3F, 0x6B, 0xC6, 0xBB, 0xC0, 0xC9, 0x68, 0x46, 0x3A, 0x36, 0x3D,
    0xEA, 0xB8, 0xAF, 0xBB, 0x4A, 0x2F, 0x2D, 0x52, 0xC8, 0xAF, 0xB6, 0xC7, 0x4D, 0x3A, 0x3E, 0x4C,
    0x4E, 0x65, 0x68, 0xB4, 0xAD, 0xB2, 0xD5, 0x2F, 0x2B, 0x2C, 0x4F, 0xB7, 0xA8, 0xA9, 0xC5, 0x37,
    0x27, 0x2C, 0x52, 0xB2, 0xAB, 0xB6, 0xE9, 0x3B, 0x41, 0x4C, 0x4B, 0x60, 0x5B, 0xC4, 0xB8, 0xB7,
    0xDD, 0x42, 0x3E, 0x4D, 0xC5, 0xD1, 0x5B, 0x3C, 0x48, 0xC9, 0xB4, 0xB2, 0xC2, 0x43, 0x3B, 0x41,
    0x58, 0xC5, 0x56, 0x56, 0x3B, 0xCE, 0xB3, 0xAF, 0xBB, 0x3C, 0x29, 0x2C, 0x54, 0xB6, 0xA9, 0xB0,
    0xCF, 0x3F, 0x37, 0x3F, 0x49, 0x6C, 0x5B, 0xCD, 0xC4, 0xAC, 0xAE, 0xBF, 0x39, 0x25, 0x28, 0x3C,
    0xAD, 0xA7, 0xAA, 0x6A, 0x36, 0x2A, 0x3E, 0xE0, 0xBD, 0xBF, 0xD2, 0xD6, 0x69, 0xE2, 0x43, 0x47,
    0x3B, 0x5E, 0xCB, 0xBA, 0xB5, 0xBE, 0xCE, 0x5F, 0x42, 0x2F, 0x32, 0x3F, 0xC5, 0xA8, 0xA1, 0xB0,
    0x38, 0x1E, 0x1E, 0x33, 0xAB, 0x9D, 0x9D, 0xB9, 0x2A, 0x1D, 0x20, 0x40, 0xB2, 0xA7, 0xAC, 0xC2,
    0x59, 0x45, 0x3E, 0x42, 0x3A, 0x55, 0xDD, 0xBB, 0xBD, 0xCB, 0x4C, 0x3B, 0x48, 0xDC, 0xBF, 0xC8,
    0x54, 0x3D, 0x51, 0xD7, 0xB5, 0xC0, 0x3B, 0x30, 0x32, 0xC7, 0xB3, 0xAD, 0xCD, 0x32, 0x2B, 0x37,
    0xDF, 0xAF, 0xB4, 0xB8, 0xE0, 0x58, 0x49, 0x37, 0x2F, 0x2D, 0x3F, 0xBB, 0xA5, 0xA4, 0xB4, 0x3F,
    0x26, 0x22, 0x2E, 0xDB, 0xAF, 0xAB, 0xAF, 0xCA, 0x40, 0x35, 0x30, 0x3A, 0x62, 0xBC, 0xAE, 0xB1,
    0xC2, 0x3E, 0x2A, 0x29, 0x33, 0xC6, 0xAD, 0xA6, 0xB1, 0x6F, 0x2E, 0x25, 0x29, 0x39, 0xC9, 0xAD,
    0xA3, 0xAB, 0xD2, 0x29, 0x20, 0x23, 0x51, 0xA9, 0x9E, 0xA6, 0x76, 0x26, 0x23, 0x2E, 0xC9, 0xAC,
    0xA9, 0xBC, 0x50, 0x39, 0x3A, 0x3F, 0x5A, 0xD0, 0xBF, 0xB8, 0xC0, 0x60, 0x3A, 0x2B, 0x38, 0x58,
    0xA9, 0xA9, 0xA9, 0xCA, 0x39, 0x2C, 0x29, 0x3D, 0x55, 0xBF, 0xB5, 0xAE, 0xB3, 0xCC, 0x37, 0x2B,
    0x33, 0x5F, 0xB0, 0xAB, 0xBB, 0x6D, 0x36, 0x35, 0x3F, 0x76, 0xBE, 0xB3, 0xBC, 0xC9, 0x74, 0x58,
    0x3A, 0x47, 0xEC, 0xC2, 0xBC, 0xE6, 0x47, 0x30, 0x36, 0xD3, 0xAC, 0xAE, 0xC5, 0x36, 0x2F, 0x3D,
    0xC4, 0xAF, 0xCA, 0x42, 0x31, 0x4B, 0xC2, 0xAD, 0xBC, 0x53, 0x30, 0x32, 0xE8, 0xB2, 0xB3, 0xCA,
    0x49, 0x3D, 0x38, 0xFF, 0x69, 0xC5, 0xCB, 0xC0, 0xC4, 0xDA, 0x5C, 0x39, 0x38, 0x52, 0xC4, 0xB5,
    0xB9, 0x49, 0x38, 0x35, 0xDE, 0xB0, 0xAE, 0xB5, 0x4A, 0x34, 0x2E, 0x3D, 0xD3, 0xB9, 0xBA, 0xC8,
    0xDB, 0x7D, 0xDC, 0x6B, 0x6E, 0x3C, 0x43, 0x4D, 0xE8, 0xBF, 0xCF, 0xC1, 0x7E, 0xD1, 0x3F, 0x3C,
    0x4B, 0xE3, 0xB5, 0xB5, 0xBA, 0x46, 0x2F, 0x2E, 0x36, 0xD9, 0xB7, 0xAF, 0xBB, 0xF2, 0x3B, 0x3B,
    0x44, 0xE0, 0xBA, 0xBB, 0xC5, 0x4E, 0x40, 0x41, 0x40, 0x41, 0xEF, 0xCD, 0xB7, 0xB4, 0xBA, 0xD2,
    0x3D, 0x35, 0x2F, 0x34, 0x48, 0xCC, 0xB3, 0xAF, 0xB8, 0xF5, 0x32, 0x29, 0x34, 0x4B, 0xB2, 0xA9,
    0xAB, 0xC7, 0x3B, 0x2C, 0x2B, 0x35, 0xE5, 0xBC, 0xAD, 0xB7, 0x6C, 0x37, 0x2F, 0x3F, 0xE2, 0xB8,
    0xCD, 0x5D, 0x3E, 0x48, 0xD1, 0xC1, 0xC1, 0xDE, 0x44, 0x3D, 0x3E, 0x44, 0x68, 0xF0, 0xC9, 0xB8,
    0xB9, 0xBC, 0x42, 0x2A, 0x27, 0x35, 0xB7, 0xA2, 0xA4, 0xBB, 0x2E, 0x24, 0x28, 0x40, 0xC2, 0xAE,
    0xAE, 0xB1, 0xBF, 0xE9, 0x39, 0x2E, 0x2A, 0x2D, 0x57, 0xAC, 0x9E, 0xA1, 0xBF, 0x29, 0x1D, 0x25,
    0x6D, 0xAC, 0xA8, 0xB5, 0xEB, 0x5D, 0x66, 0x72, 0x3B, 0x2F, 0x34, 0xCC, 0xAA, 0xAB, 0xBC, 0x38,
    0x2D, 0x3B, 0xB9, 0xAC, 0xB9, 0x38, 0x2B, 0x2E, 0xBF, 0xA6, 0xA7, 0xCF, 0x2B, 0x26, 0x34, 0xC8,
    0xAF, 0xBF, 0x6B, 0x3B, 0x6F, 0xC4, 0xCE, 0x4C, 0x30, 0x4C, 0xC1, 0xAC, 0xB9, 0x44, 0x25, 0x28,
    0x42, 0xAF, 0xA5, 0xAE, 0xCA, 0x3C, 0x39, 0x36, 0x47, 0x4B, 0x6F, 0xFC, 0xB5, 0xB6, 0xBC, 0x54,
    0x2E, 0x31, 0x40, 0xBC, 0xB4, 0xBB, 0x79, 0x3F, 0x50, 0x7C, 0xCD, 0xCF, 0x50, 0x47, 0x4B, 0xD1,
    0xBF, 0xC8, 0x4F, 0x3A, 0x38, 0x54, 0xBC, 0xB1, 0xB6, 0x63, 0x34, 0x3C, 0x43, 0xCE, 0xD3, 0xCF,
    0xFF, 0xDF, 0xCA, 0xCF, 0x56, 0x34, 0x2F, 0x37, 0xDA, 0xB5, 0xA6, 0xAC, 0xBD, 0x39, 0x28, 0x22,
    0x2C, 0x71, 0xB7, 0xA7, 0xAF, 0xBC, 0x4C, 0x3B, 0x3C, 0x41, 0x57, 0x79, 0xCF, 0xBD, 0xD1, 0x6B,
    0x47, 0x3F, 0x5F, 0xE4, 0xC2, 0xC9, 0xD4, 0x63, 0x6F, 0x4F, 0x53, 0xDF, 0xC2, 0xBD, 0x61, 0x3A,
    0x30, 0x49, 0xB9, 0xA9, 0xAE, 0xE2, 0x2E, 0x2B, 0x3D, 0xCD, 0xB7, 0xCF, 0xCF, 0xD2, 0xBF, 0xCC,
    0x72, 0x3F, 0x3A, 0x48, 0xD8, 0xB8, 0xCD, 0x6E, 0x4C, 0xDA, 0xC2, 0xCA, 0x4F, 0x2D, 0x2C, 0x3E,
    0xAF, 0xA3, 0xA8, 0xF5, 0x2C, 0x27, 0x33, 0xCB, 0xB8, 0xB9, 0x5A, 0x41, 0x53, 0xCB, 0xB5, 0xBC,
    0x48, 0x2F, 0x2D, 0x3F, 0xBF, 0xBA, 0xBC, 0x6E, 0x4D, 0x6E, 0xD3, 0xD3, 0xF5, 0xE7, 0x61, 0x7C,
    0xF7, 0x43, 0x3D, 0x43, 0xE9, 0xBA, 0xBA, 0xC5, 0x73, 0x77, 0xE5, 0xE8, 0x4F, 0x3B, 0x36, 0x4A,
    0xBC, 0xAD, 0xAC, 0xEE, 0x36, 0x28, 0x36, 0xDE, 0xAA, 0xA9, 0xBC, 0x42, 0x2A, 0x2E, 0x4F, 0xB4,
    0xB1, 0xBD, 0x50, 0x3E, 0x41, 0xD8, 0xDC, 0x4D, 0x4A, 0x4C, 0xBE, 0xB0, 0xB2, 0x4E, 0x2C, 0x25,
    0x36, 0xBA, 0xA2, 0xA7, 0xCA, 0x31, 0x27, 0x31, 0x79, 0xBB, 0xC2, 0xFE, 0x4A, 0xDE, 0xC4, 0xC2,
    0x58, 0x3F, 0x3D, 0x52, 0xC6, 0xD0, 0xD8, 0x49, 0x51, 0xD5, 0xC1, 0xC1, 0xE1, 0x46, 0x45, 0x4D,
    0x72, 0xCE, 0x53, 0x7D, 0x5F, 0xC0, 0xBA, 0xC6, 0x42, 0x2B, 0x2F, 0x4C, 0xAD, 0xA5, 0xA9, 0x50,
    0x2A, 0x24, 0x3A, 0xBA, 0xAC, 0xAF, 0xD5, 0x46, 0x3E, 0xFA, 0xE3, 0x78, 0xE6, 0x6B, 0xC7, 0xCD,
    0xD7, 0x4F, 0x3C, 0x44, 0xD6, 0xBB, 0xBC, 0xC9, 0x60, 0xDC, 0xDC, 0xCE, 0x42, 0x30, 0x2B, 0x44,
    0xB0, 0xA5, 0xA6, 0xD3, 0x30, 0x23, 0x27, 0x4C, 0xB7, 0xA7, 0xAD, 0xBD, 0x62, 0x37, 0x2D, 0x2C,
    0x35, 0xCD, 0xAA, 0xA6, 0xB1, 0x42, 0x29, 0x2A, 0x37, 0xB9, 0xAB, 0xA7, 0xC6, 0x30, 0x2A, 0x2C,
    0x4E, 0xBF, 0xAD, 0xAF, 0xB5, 0xE1, 0x37, 0x2B, 0x27, 0x3F, 0xBA, 0xA3, 0xA9, 0xBE, 0x3E, 0x2A,
    0x2B, 0x3A, 0xBC, 0xB0, 0xAD, 0xCA, 0x6A, 0x3D, 0x3A, 0x3A, 0x47, 0xD4, 0xC0, 0xB2, 0xB9, 0xC5,
    0x43, 0x2F, 0x2D, 0x39, 0xC7, 0xB2, 0xAC, 0xBB, 0x4A, 0x33, 0x2C, 0x32, 0x5E, 0xB9, 0xAE, 0xAB,
    0xC5, 0x4B, 0x2D, 0x2B, 0x2F, 0x4C, 0xBB, 0xAD, 0xA8, 0xB2, 0x52, 0x2C, 0x25, 0x2B, 0x54, 0xAF,
    0xA9, 0xAA, 0xCB, 0x36, 0x29, 0x2B, 0x3A, 0xCC, 0xAE, 0xAC, 0xAF, 0xCB, 0x3F, 0x2D, 0x26, 0x2E,
    0x4F, 0xB2, 0xA8, 0xAB, 0xBE, 0x39, 0x2C, 0x2C, 0x50, 0xCB, 0xBB, 0xCC, 0xDE, 0xDB, 0xD7, 0x74,
    0x56, 0x3E, 0x3E, 0xEA, 0xB5, 0xAE, 0xC6, 0x3A, 0x2B, 0x39, 0xC1, 0xAC, 0xAC, 0xFE, 0x2D, 0x24,
    0x3E, 0xB4, 0xA2, 0xA7, 0x5E, 0x2C, 0x26, 0x38, 0xDA, 0xBB, 0xB6, 0xBF, 0xB4, 0xBD, 0xCF, 0x38,
    0x27, 0x29, 0x5C, 0xA9, 0x9E, 0xA5, 0xED, 0x25, 0x1E, 0x29, 0xD7, 0xA9, 0xA3, 0xAD, 0xC2, 0x49,
    0x30, 0x2C, 0x2B, 0x46, 0xC8, 0xA5, 0xA5, 0xB0, 0x3B, 0x23, 0x21, 0x35, 0xBD, 0xA7, 0xAA, 0xB4,
    0x4F, 0x36, 0x32, 0x31, 0x45, 0x52, 0xBC, 0xAF, 0xAF, 0xC3, 0x3E, 0x29, 0x2A, 0x3D, 0xBA, 0xA6,
    0xAC, 0xBD, 0x43, 0x2F, 0x2D, 0x34, 0x44, 0xDE, 0xAE, 0xA9, 0xAB, 0xC4, 0x2B, 0x22, 0x26, 0xF6,
    0xA9, 0xA1, 0xAF, 0x3F, 0x26, 0x2C, 0x4A, 0xB3, 0xAC, 0xB8, 0xE1, 0x3E, 0x3C, 0x3C, 0x42, 0x5F,
    0xC3, 0xAF, 0xAD, 0xB9, 0x65, 0x2E, 0x29, 0x37, 0xD1, 0xAA, 0xA7, 0xB3, 0xD7, 0x36, 0x2F, 0x32,
    0x45, 0x7A, 0xB3, 0xAB, 0xAB, 0xC4, 0x39, 0x26, 0x25, 0x3B, 0xB7, 0xA3, 0xA4, 0xBC, 0x39, 0x23,
    0x2A, 0x3E, 0xBA, 0xAD, 0xB1, 0xBB, 0xE6, 0x3C, 0x32, 0x2B, 0x35, 0x50, 0xAE, 0xA3, 0xA6, 0xE7,
    0x26, 0x1E, 0x29, 0xC4, 0xA4, 0xA4, 0xC4, 0x30, 0x2A, 0x32, 0x67, 0xBF, 0xC2, 0xD2, 0xE7, 0xC6,
    0xC0, 0xC9, 0x38, 0x2A, 0x2D, 0x4C, 0xB5, 0xB1, 0xBC, 0x67, 0x3E, 0x5E, 0xD4, 0xC1, 0x68, 0x3C,
    0x2E, 0x44, 0xDB, 0xB4, 0xC7, 0xE1, 0x3E, 0x4A, 0xEB, 0xC9, 0xD1, 0x3C, 0x38, 0x3F, 0xD0, 0xB3,
    0xBC, 0xE4, 0x3A, 0x34, 0x4D, 0xC5, 0xB5, 0xC4, 0x55, 0x37, 0x3F, 0xEC, 0xB8, 0xCB, 0x47, 0x31,
    0x38, 0xE9, 0xC1, 0xBA, 0xC7, 0xFE, 0xFF, 0x6F, 0x4B, 0x44, 0x3B, 0x49, 0x5E, 0xC6, 0xC1, 0xF1,
    0x47, 0x42, 0xC7, 0xB4, 0xB7, 0x5F, 0x33, 0x34, 0x47, 0xCC, 0xC7, 0xC8, 0x4A, 0x48, 0x6A, 0xBE,
    0xBC, 0xD6, 0x47, 0x32, 0x56, 0xC9, 0xB6, 0xC3, 0xE6, 0x3F, 0x40, 0x4B, 0xDC, 0xC3, 0xD3, 0xEF,
    0x4D, 0xE5, 0xC5, 0xC9, 0xF3, 0x3C, 0x35, 0x38, 0xC9, 0xBD, 0xAF, 0xBB, 0xD4, 0x4F, 0x3D, 0x3E,
    0x3B, 0x4A, 0xCC, 0xB0, 0xAA, 0xB0, 0x46, 0x25, 0x21, 0x31, 0xB9, 0xA3, 0xA4, 0xB4, 0x3C, 0x2B,
    0x2E, 0x40, 0xD8, 0xE7, 0xF3, 0xCE, 0xB8, 0xB4, 0xB8, 0x4F, 0x34, 0x2D, 0x3B, 0xD3, 0xB8, 0xB5,
    0xB6, 0xCC, 0x50, 0x3C, 0x36, 0x34, 0x3E, 0xCB, 0xB0, 0xA8, 0xB1, 0x74, 0x2D, 0x29, 0x39, 0xC0,
    0xAD, 0xBC, 0xF5, 0x3C, 0x5A, 0xCD, 0xC2, 0xE4, 0x36, 0x3F, 0xDD, 0xAA, 0xAB, 0xEC, 0x25, 0x1E,
    0x2C, 0xB1, 0x9D, 0xA1, 0xC4, 0x2C, 0x27, 0x30, 0x69, 0xCE, 0xCA, 0xD2, 0xB9, 0xAF, 0xB7, 0x53,
    0x27, 0x1F, 0x2A, 0xC1, 0xA0, 0x9F, 0xB1, 0x3A, 0x2A, 0x32, 0xDC, 0xB6, 0xBD, 0x61, 0x3A, 0x45,
    0x77, 0xC6, 0xC8, 0x70, 0x54, 0x6E, 0xCD, 0xC9, 0x6D, 0x3B, 0x3B, 0x50, 0xB7, 0xB0, 0xBA, 0x48,
    0x2F, 0x34, 0x4C, 0xBF, 0xB7, 0xC0, 0x67, 0x4A, 0x5B, 0xDB, 0xCA, 0x59, 0x4A, 0x43, 0xF7, 0xCD,
    0xC1, 0xF3, 0x5D, 0x5A, 0xCB, 0xC7, 0xDE, 0x4F, 0x3B, 0x53, 0x59, 0xDD, 0xCD, 0xCF, 0xC9, 0xCB,
    0xCB, 0x45, 0x40, 0x37, 0x4D, 0x49, 0xCA, 0xC7, 0xB9, 0xC3, 0x6A, 0x3E, 0x35, 0x3C, 0x4B, 0xC5,
    0xBA, 0xBC, 0xD1, 0x3C, 0x39, 0x48, 0xCF, 0xB7, 0xC1, 0x4F, 0x2D, 0x33, 0x57, 0xAD, 0xA9, 0xB9,
    0x37, 0x24, 0x28, 0x4C, 0xB1, 0xA8, 0xAF, 0xDD, 0x3C, 0x32, 0x39, 0x49, 0x6E, 0xCB, 0xBD, 0xB8,
    0xBF, 0x76, 0x3D, 0x3D, 0x3A, 0x52, 0xE9, 0xBC, 0xBB, 0xC2, 0xF2, 0x53, 0x4F, 0x52, 0xD5, 0x5B,
    0xCF, 0x4A, 0x76, 0xE2, 0xCF, 0xC8, 0xFC, 0xDF, 0x41, 0x53, 0x5F, 0xC9, 0xC5, 0xCD, 0xDB, 0x4D,
    0x5D, 0x6B, 0xDF, 0xF8, 0x6E, 0x58, 0xCE, 0xD0, 0xCD, 0x70, 0x53, 0x43, 0x5F, 0xE2, 0xCD, 0xCB,
    0xDF, 0x75, 0xCB, 0xD9, 0x68, 0x41, 0x37, 0x48, 0xCA, 0xB5, 0xBA, 0xC9, 0x5B, 0x39, 0x43, 0x5E,
    0xC2, 0xBC, 0xC1, 0xFB, 0x43, 0x3A, 0x36, 0x4B, 0xDF, 0xB5, 0xAE, 0xB3, 0xDA, 0x3C, 0x32, 0x37,
    0x5D, 0xC1, 0xBD, 0xCE, 0xEE, 0xFF, 0x67, 0x5B, 0x43, 0x3C, 0x48, 0xD8, 0xB6, 0xAE, 0xB8, 0x7E,
    0x3B, 0x36, 0x3C, 0x47, 0x7C, 0xE7, 0xD6, 0xC2, 0xB3, 0xB7, 0xF8, 0x34, 0x29, 0x32, 0xDA, 0xAF,
    0xAB, 0xBB, 0x48, 0x36, 0x3A, 0x56, 0xEC, 0xED, 0x5B, 0xE7, 0xBF, 0xB8, 0xC5, 0x39, 0x2D, 0x2E,
    0xEE, 0xB3, 0xAB, 0xB5, 0x53, 0x33, 0x2F, 0x3A, 0x54, 0xEA, 0xC4, 0xB9, 0xB1, 0xBA, 0xE9, 0x2E,
    0x26, 0x2E, 0xD6, 0xAB, 0xAA, 0xB4, 0x44, 0x32, 0x43, 0x6F, 0xC7, 0x62, 0x42, 0x3D, 0xD9, 0xB9,
    0xB9, 0xDA, 0x3A, 0x3F, 0xF5, 0xB0, 0xB8, 0x49, 0x2E, 0x2B, 0x73, 0xAC, 0xA6, 0xB7, 0x32, 0x27,
    0x2D, 0xD1, 0xA8, 0xAD, 0xC0, 0x36, 0x33, 0x42, 0xF4, 0xD2, 0x42, 0x4E, 0xDA, 0xB4, 0xAD, 0xC8,
    0x37, 0x29, 0x31, 0xD8, 0xB2, 0xAF, 0x77, 0x39, 0x3C, 0x70, 0xB7, 0xBF, 0xEF, 0x3F, 0x40, 0xCD,
    0xC8, 0xD1, 0x38, 0x33, 0x42, 0xBE, 0xAA, 0xAE, 0xD8, 0x31, 0x2B, 0x3F, 0xCF, 0xB3, 0xC4, 0xFB,
    0x4D, 0x66, 0xDB, 0xDB, 0x4D, 0x3A, 0x3D, 0xD4, 0xB2, 0xAE, 0xBA, 0x3E, 0x2D, 0x2D, 0x60, 0xB4,
    0xB5, 0xC4, 0x3C, 0x3C, 0x5F, 0xC2, 0xBA, 0xEB, 0x48, 0x41, 0xDD, 0xB8, 0xB8, 0xEE, 0x2E, 0x28,
    0x36, 0xBE, 0xAB, 0xAD, 0xD0, 0x4C, 0x44, 0x5E, 0xFD, 0x4F, 0x4C, 0x4C, 0xCE, 0xBD, 0xC6, 0x52,
    0x36, 0x36, 0x5E, 0xB6, 0xAC, 0xB7, 0x53, 0x2F, 0x2F, 0x3D, 0xC2, 0xB9, 0xBD, 0x5F, 0x47, 0x4E,
    0x53, 0x65, 0x72, 0xCC, 0xC8, 0xBD, 0xDC, 0x3C, 0x30, 0x32, 0x6C, 0xBA, 0xB3, 0xBF, 0x4F, 0x45,
    0x4D, 0xDC, 0xD6, 0x52, 0x3E, 0x3F, 0xCB, 0xB5, 0xB5, 0x66, 0x33, 0x2F, 0x47, 0xB4, 0xAC, 0xB2,
    0x4D, 0x33, 0x3C, 0xEA, 0xBE, 0xD8, 0x4F, 0x3B, 0x54, 0xBC, 0xB2, 0xBC, 0x5A, 0x3D, 0x41, 0xE3,
    0xC5, 0xC7, 0x5D, 0x49, 0x52, 0xCF, 0xC9, 0xCF, 0x61, 0x3C, 0x5B, 0xD7, 0xB7, 0xBF, 0x5C, 0x37,
    0x36, 0x6C, 0xBB, 0xB5, 0xEA, 0x39, 0x39, 0x5E, 0xBA, 0xB1, 0xC7, 0x44, 0x34, 0x37, 0xDA, 0xBD,
    0xBA, 0xF6, 0x46, 0x3B, 0x5A, 0x7C, 0xCF, 0x4E, 0x5C, 0x6E, 0xCB, 0xB9, 0xC3, 0x7A, 0x4E, 0x39,
    0x46, 0x4C, 0x5B, 0x4E, 0xCB, 0xBA, 0xAF, 0xB7, 0x56, 0x2B, 0x25, 0x2E, 0xD4, 0xA2, 0x9F, 0xB0,
    0x39, 0x22, 0x24, 0x38, 0xBB, 0xAA, 0xA9, 0xB7, 0x59, 0x3D, 0x2D, 0x2B, 0x2F, 0x72, 0xB1, 0xA2,
    0xA6, 0xBF, 0x2F, 0x23, 0x28, 0x48, 0xB9, 0xB1, 0xB4, 0xEF, 0x4D, 0x3A, 0x3F, 0x4E, 0x66, 0xC0,
    0xC9, 0xBC, 0x5F, 0x5D, 0x3B, 0x3E, 0x70, 0xD4, 0xBF, 0xD8, 0x59, 0x53, 0x61, 0x5D, 0x51, 0x4D,
    0xDB, 0xC9, 0xB6, 0xBE, 0x54, 0x32, 0x2C, 0x38, 0xCE, 0xAE, 0xAD, 0xB7, 0x5C, 0x35, 0x35, 0x4E,
    0xDD, 0xBD, 0xCF, 0xDF, 0x5D, 0x4D, 0x57, 0x4C, 0xED, 0xDF, 0xBA, 0xBB, 0xC1, 0x5A, 0x38, 0x34,
    0x4E, 0xBE, 0xAC, 0xB7, 0xDB, 0x30, 0x2E, 0x3C, 0x71, 0xBB, 0xBA, 0xBE, 0xCB, 0xDA, 0xE2, 0x48,
    0x38, 0x2F, 0x3C, 0xD9, 0xB5, 0xAF, 0xB8, 0xD5, 0x3F, 0x32, 0x38, 0x4F, 0xCD, 0xBB, 0xC3, 0xCD,
    0x42, 0x3C, 0x39, 0x5F, 0xC4, 0xB6, 0xBD, 0xD1, 0x48, 0x3C, 0x41, 0x3F, 0x59, 0xED, 0xC9, 0xC9,
    0xD0, 0x7D, 0x53, 0x4E, 0x43, 0x4C, 0xE3, 0xB7, 0xB8, 0xC9, 0x49, 0x2D, 0x31, 0x41, 0xB9, 0xAB,
    0xAB, 0xC2, 0x3D, 0x2C, 0x2C, 0x4F, 0xBD, 0xAA, 0xAF, 0xC8, 0x4E, 0x37, 0x34, 0x38, 0x5C, 0xC5,
    0xB1, 0xB2, 0xBF, 0x4C, 0x37, 0x36, 0x40, 0xE3, 0xBF, 0xBA, 0xCB, 0xEB, 0x4A, 0x50, 0x62, 0xE5,
    0xD7, 0xCB, 0xCF, 0x68, 0x4E, 0x41, 0x48, 0xDB, 0xC8, 0xBD, 0xCD, 0xE8, 0x3F, 0x4C, 0x55, 0xD2,
    0xC5, 0xC1, 0xE4, 0x5E, 0x49, 0x47, 0x4C, 0x50, 0xD6, 0xBF, 0xBF, 0xCF, 0xEA, 0x4A, 0x3F, 0x3E,
    0x4E, 0xDE, 0xBF, 0xB8, 0xC2, 0x7C, 0x38, 0x32, 0x3C, 0xCC, 0xAE, 0xAB, 0xAF, 0x56, 0x2F, 0x25,
    0x2A, 0x61, 0xB2, 0xA3, 0xA3, 0xBA, 0x39, 0x24, 0x26, 0x35, 0xBC, 0xAB, 0xA8, 0xB6, 0x46, 0x2F,
    0x2A, 0x3B, 0x65, 0xB7, 0xAC, 0xB3, 0xC3, 0x4F, 0x3B, 0x39, 0x46, 0xE6, 0xDA, 0xCD, 0xD2, 0x7D,
    0xDB, 0x66, 0x50, 0x49, 0x58, 0xCF, 0xBB, 0xB9, 0x67, 0x38, 0x32, 0x41, 0xD9, 0xCD, 0xD3, 0x54,
    0xE3, 0xCB, 0xBD, 0xCB, 0x4E, 0x37, 0x35, 0x44, 0x69, 0xC3, 0xC1, 0xC1, 0xE5, 0xE2, 0x5C, 0x54,
    0x3D, 0x43, 0x5E, 0xBA, 0xBD, 0xC8, 0x63, 0x3F, 0x3C, 0x49, 0x51, 0xC3, 0xD3, 0xBF, 0xC6, 0xCF,
    0x54, 0x48, 0x41, 0x5B, 0xF3, 0xD8, 0xD9, 0x5B, 0x67, 0x57, 0xF7, 0xD4, 0xFA, 0xCC, 0xD6, 0xE7,
    0xE7, 0x5B, 0x4E, 0x4D, 0x41, 0x6C, 0xCF, 0xB9, 0xB6, 0xCD, 0x42, 0x33, 0x3D, 0x7B, 0xBF, 0xBA,
    0xC9, 0x5E, 0x44, 0x4E, 0xE2, 0xCA, 0xC8, 0xE4, 0x67, 0x45, 0x43, 0xDA, 0xCC, 0xBD, 0xC5, 0xEF,
    0x41, 0x3C, 0x41, 0x6A, 0xBB, 0xBA, 0xCC, 0x51, 0x3E, 0x50, 0xC3, 0xC1, 0xD6, 0x38, 0x35, 0x43,
    0xBE, 0xAD, 0xB0, 0xCA, 0x3B, 0x31, 0x3E, 0x7B, 0xBB, 0xC3, 0xEA, 0x4B, 0x46, 0x79, 0xCF, 0xC4,
    0xD7, 0x50, 0x49, 0x3F, 0xD7, 0xC9, 0xB9, 0xCA, 0x4F, 0x3D, 0x3A, 0x3D, 0x4C, 0xCD, 0xBD, 0xB2,
    0xB6, 0xCC, 0x41, 0x30, 0x33, 0x47, 0xC7, 0xC1, 0xC1, 0xEB, 0x7C, 0x55, 0xDB, 0x5A, 0x4C, 0x3C,
    0x58, 0xC0, 0xAE, 0xB8, 0x4A, 0x2E, 0x2D, 0x3E, 0xC6, 0xB6, 0xC9, 0x6F, 0x43, 0xD8, 0xC7, 0xC9,
    0x48, 0x35, 0x3D, 0xD0, 0xAE, 0xB1, 0xD9, 0x39, 0x2E, 0x40, 0xC9, 0xB9, 0xBF, 0x53, 0x40, 0x4C,
    0xC8, 0xB7, 0xBF, 0xDB, 0x41, 0x42, 0x3F, 0x52, 0xE8, 0xD3, 0xCD, 0xBF, 0xBA, 0xCF, 0x46, 0x2E,
    0x2F, 0x44, 0xBA, 0xAC, 0xAD, 0xED, 0x2F, 0x2B, 0x3F, 0xC6, 0xB0, 0xBB, 0x62, 0x3D, 0x4D, 0xD4,
    0x6D, 0x4E, 0x3C, 0x6B, 0xBC, 0xAE, 0xB9, 0x4B, 0x2B, 0x2A, 0x49, 0xBB, 0xA9, 0xB4, 0xFD, 0x38,
    0x31, 0x3B, 0x54, 0xD5, 0xCD, 0xCB, 0xBE, 0xC3, 0x76, 0x3C, 0x38, 0x3C, 0xDC, 0xBD, 0xB6, 0xD0,
    0x4D, 0x3F, 0x4A, 0x6A, 0xD3, 0xD8, 0xD3, 0xD2, 0xD4, 0xD4, 0x5A, 0x47, 0x42, 0x54, 0xCE, 0xC3,
    0xBE, 0xD0, 0x6F, 0x42, 0x3F, 0x48, 0xF6, 0xCC, 0xCC, 0xE6, 0xF4, 0xF2, 0xD3, 0xDE, 0x56, 0x4B,
    0x4B, 0xCE, 0xC4, 0xBF, 0x62, 0x4B, 0x49, 0xDB, 0xCC, 0xDC, 0x49, 0x41, 0x56, 0xBC, 0xB8, 0xC7,
    0x4B, 0x2F, 0x3B, 0x5F, 0xBF, 0xBA, 0xDF, 0x48, 0x3A, 0x5E, 0xC4, 0xBE, 0x6F, 0x3E, 0x3B, 0xE4,
    0xBA, 0xB8, 0xE2, 0x39, 0x31, 0x3C, 0xDD, 0xBC, 0xB8, 0xC7, 0xEE, 0x48, 0x47, 0x3F, 0x49, 0xD7,
    0xC0, 0xBD, 0xCD, 0x60, 0x48, 0x4B, 0x54, 0xD7, 0xC6, 0xCF, 0x5A, 0x46, 0x4E, 0xCF, 0xB6, 0xB9,
    0xEA, 0x36, 0x2D, 0x38, 0xC6, 0xAF, 0xB0, 0xD1, 0x43, 0x3A, 0x4F, 0xCE, 0xC4, 0xDF, 0x5A, 0x4A,
    0x4C, 0x57, 0xE0, 0xCD, 0xCC, 0xCC, 0xCA, 0xCF, 0xDA, 0x3D, 0x38, 0x3D, 0xF5, 0xB9, 0xB0, 0xC2,
    0x50, 0x33, 0x36, 0x4F, 0xC4, 0xBB, 0xBE, 0xF6, 0x7A, 0x53, 0x68, 0x4D, 0x47, 0x50, 0xE8, 0xC9,
    0xC6, 0xD3, 0x51, 0x54, 0x66, 0xD0, 0xCA, 0x79, 0x46, 0x3F, 0x69, 0xBE, 0xBB, 0xCE, 0x49, 0x36,
    0x49, 0xD7, 0xBB, 0xC2, 0x57, 0x46, 0x42, 0xD4, 0xC9, 0xC0, 0x5B, 0x42, 0x45, 0x6F, 0xC9, 0xC9,
    0xD5, 0x5C, 0x5A, 0x4A, 0x4D, 0x4A, 0x5D, 0xCE, 0xB8, 0xB3, 0xCF, 0x39, 0x2C, 0x2D, 0x57, 0xB1,
    0xAB, 0xAE, 0xD3, 0x3A, 0x30, 0x30, 0x40, 0x7E, 0xC7, 0xB8, 0xBA, 0xB9, 0xD9, 0x3E, 0x31, 0x31,
    0x5E, 0xB9, 0xAE, 0xC0, 0x4C, 0x2E, 0x33, 0x4E, 0xBE, 0xB6, 0xBA, 0xD0, 0xFF, 0x4D, 0x41, 0x3F,
    0x3A, 0x61, 0xBF, 0xB2, 0xB2, 0xD9, 0x3E, 0x31, 0x39, 0x58, 0xCA, 0xC9, 0xEF, 0xE5, 0xD3, 0xC3,
    0xC2, 0x5B, 0x34, 0x30, 0x41, 0xBE, 0xAF, 0xAE, 0xE3, 0x3C, 0x37, 0x3F, 0x69, 0x74, 0xD8, 0xDB,
    0xBF, 0xC4, 0xD6, 0x4D, 0x3C, 0x3D, 0x7E, 0xC2, 0xB4, 0xBF, 0x6F, 0x3C, 0x34, 0x3F, 0x53, 0xC6,
    0xBE, 0xBE, 0xBB, 0xCB, 0x52, 0x37, 0x30, 0x38, 0xD5, 0xB2, 0xAE, 0xC0, 0x4A, 0x34, 0x3C, 0x4E,
    0xC5, 0xC1, 0xC9, 0x5A, 0x4D, 0x4D, 0xEC, 0xE8, 0x69, 0x55, 0x51, 0xDE, 0xBF, 0xBA, 0xC7, 0x47,
    0x35, 0x36, 0x5C, 0xB9, 0xAF, 0xBC, 0x58, 0x38, 0x3A, 0x4E, 0xE0, 0xD8, 0xCE, 0xD2, 0xDF, 0xD7,
    0x5B, 0x53, 0x4B, 0x5D, 0xCD, 0xC9, 0xE8, 0x4F, 0x3E, 0x5D, 0xC4, 0xB5, 0xB5, 0x5D, 0x39, 0x2D,
    0x3D, 0xC8, 0xB9, 0xB7, 0xD5, 0x59, 0x47, 0x5A, 0x63, 0xD4, 0x74, 0xE7, 0xD1, 0xC7, 0x7D, 0x49,
    0x39, 0x41, 0xDF, 0xB7, 0xB4, 0xCF, 0x3D, 0x32, 0x40, 0xDB, 0xB8, 0xC1, 0xD4, 0x41, 0x47, 0x4D,
    0xDC, 0xCE, 0xF9, 0x57, 0x4D, 0xD6, 0xBF, 0xC2, 0x6B, 0x41, 0x3A, 0x49, 0xCF, 0xC1, 0xBE, 0xF2,
    0x4F, 0x54, 0xF6, 0xCE, 0x71, 0x52, 0x4A, 0x4F, 0xD1, 0xC4, 0xBC, 0xD3, 0x3D, 0x37, 0x38, 0xDC,
    0xBA, 0xB5, 0xC6, 0x51, 0x3D, 0x3E, 0x54, 0xDA, 0xCA, 0xCE, 0xF4, 0x54, 0x67, 0x67, 0xD4, 0xDB,
    0xCF, 0xDE, 0x6E, 0x7C, 0x5E, 0x5E, 0x53, 0x5A, 0xED, 0xCB, 0xC1, 0xBF, 0x73, 0x49, 0x39, 0x3F,
    0x5E, 0xC9, 0xBE, 0xCD, 0xD1, 0x68, 0x63, 0x49, 0x48, 0x4F, 0x64, 0xC9, 0xC2, 0xC4, 0xE0, 0x4F,
    0x42, 0x44, 0x4F, 0xE6, 0xCC, 0xCD, 0xDD, 0xD6, 0xD3, 0x78, 0x4F, 0x46, 0x6C, 0xF9, 0xD0, 0xD6,
    0x69, 0x4C, 0x47, 0x55, 0xDD, 0xCA, 0xCC, 0xF8, 0x4E, 0x62, 0xD4, 0xCE, 0x68, 0x3C, 0x39, 0x42,
    0xD3, 0xB8, 0xB9, 0xC9, 0x4D, 0x3D, 0x46, 0x5E, 0xD4, 0xD8, 0xE0, 0xFA, 0x6D, 0x79, 0x6E, 0x6D,
    0xDD, 0x5F, 0xED, 0xE4, 0xDB, 0xDB, 0xEC, 0xFF, 0x66, 0x66, 0xFF, 0x67, 0x67, 0x5C, 0x5E, 0x76,
    0xD1, 0xC2, 0xBE, 0xEE, 0x46, 0x37, 0x43, 0xD5, 0xBF, 0xBD, 0xEC, 0x53, 0x48, 0x5B, 0x67, 0x67,
    0x6E, 0xCF, 0xBB, 0xBA, 0xD0, 0x3E, 0x2D, 0x30, 0x53, 0xB7, 0xAB, 0xAF, 0xC2, 0x3F, 0x2F, 0x2F,
    0x3E, 0xD2, 0xB5, 0xB4, 0xBC, 0xE1, 0x44, 0x39, 0x32, 0x3E, 0xE9, 0xB3, 0xAB, 0xAF, 0xDB, 0x34,
    0x29, 0x2E, 0x4E, 0xBB, 0xB2, 0xBA, 0xD0, 0x4F, 0x49, 0x3E, 0x4D, 0x65, 0xBD, 0xBA, 0xBC, 0xD7,
    0x3D, 0x31, 0x30, 0x57, 0xBD, 0xAF, 0xBC, 0xF5, 0x3E, 0x3A, 0x4A, 0xEC, 0xBC, 0xC6, 0xCC, 0x69,
    0x49, 0x3E, 0x40, 0x66, 0xC8, 0xB9, 0xBD, 0xCD, 0x4D, 0x3C, 0x37, 0x48, 0xEE, 0xBD, 0xB8, 0xBF,
    0x6A, 0x3B, 0x35, 0x3C, 0x58, 0xBE, 0xB1, 0xB5, 0xD3, 0x43, 0x36, 0x37, 0x3E, 0x5B, 0xD5, 0xBA,
    0xB4, 0xB7, 0xDC, 0x3B, 0x2D, 0x37, 0xEB, 0xB7, 0xB4, 0xCD, 0x43, 0x33, 0x3A, 0x64, 0xBF, 0xB3,
    0xBB, 0xCB, 0x57, 0x48, 0x3D, 0x49, 0x4C, 0xDF, 0xC9, 0xBF, 0xCC, 0x51, 0x3E, 0x3B, 0x4C, 0xCC,
    0xB3, 0xB0, 0xC6, 0x43, 0x31, 0x35, 0x48, 0xD0, 0xBE, 0xC1, 0xD1, 0x60, 0x79, 0x58, 0xF3, 0x57,
    0xEA, 0xD4, 0xCF, 0xCC, 0x58, 0x3F, 0x3C, 0x47, 0xE9, 0xC1, 0xBC, 0xBE, 0xC7, 0xE0, 0x48, 0x39,
    0x34, 0x3B, 0xEA, 0xBB, 0xAF, 0xB9, 0x73, 0x37, 0x33, 0x3B, 0x5B, 0xCF, 0xC7, 0xBD, 0xC5, 0xC4,
    0x6D, 0x3E, 0x37, 0x34, 0x4E, 0xCB, 0xB9, 0xB9, 0xC9, 0x62, 0x4B, 0x3F, 0x41, 0x44, 0x4D, 0xD4,
    0xBC, 0xB9, 0xCE, 0x49, 0x38, 0x35, 0x4A, 0xCC, 0xB7, 0xB8, 0xD5, 0x48, 0x3A, 0x40, 0x5C, 0xE0,
    0xD5, 0xDE, 0xEE, 0xDC, 0xE2, 0xE2, 0x78, 0x5A, 0x79, 0x6A, 0xFF, 0x54, 0x43, 0x48, 0xEE, 0xBE,
    0xB5, 0xC0, 0x4D, 0x33, 0x35, 0x4C, 0xBD, 0xB2, 0xBB, 0xE0, 0x40, 0x3B, 0x4E, 0x70, 0xD6, 0xDF,
    0xCB, 0xCC, 0xC7, 0xCE, 0x56, 0x3D, 0x3B, 0x44, 0xD8, 0xBB, 0xBB, 0xD6, 0x4D, 0x41, 0x53, 0xCC,
    0xBF, 0xBE, 0xDD, 0x4C, 0x3C, 0x3F, 0x51, 0xDB, 0xC2, 0xBE, 0xBF, 0xD7, 0x50, 0x3C, 0x38, 0x46,
    0xD3, 0xBC, 0xB5, 0xBC, 0xE8, 0x40, 0x39, 0x3C, 0x46, 0xED, 0xCB, 0xBE, 0xBA, 0xBE, 0xCE, 0x49,
    0x34, 0x2F, 0x3E, 0xE0, 0xB9, 0xBA, 0xCC, 0x57, 0x54, 0x5B, 0xEF, 0x60, 0x53, 0x4A, 0xE1, 0xD1,
    0xC5, 0xDA, 0x4F, 0x45, 0x54, 0xCA, 0xCC, 0xC9, 0x59, 0x4B, 0x42, 0x68, 0xD1, 0xC1, 0xC8, 0xEC,
    0x75, 0x5B, 0x66, 0x51, 0x51, 0x4E, 0xCA, 0xB9, 0xBA, 0xDB, 0x3C, 0x30, 0x39, 0xDF, 0xB9, 0xB5,
    0xC4, 0x65, 0x4A, 0x44, 0x5F, 0x5C, 0x60, 0x65, 0xCF, 0xC1, 0xBB, 0xDD, 0x3F, 0x2F, 0x35, 0x67,
    0xB8, 0xAF, 0xBD, 0xEC, 0x45, 0x43, 0x47, 0x45, 0x46, 0x53, 0xC9, 0xB6, 0xB4, 0xC9, 0x3D, 0x33,
    0x36, 0xEA, 0xB6, 0xB3, 0xC7, 0x46, 0x38, 0x38, 0xED, 0xC8, 0xBF, 0xD6, 0x6C, 0x4E, 0x58, 0x67,
    0xDE, 0xD3, 0xE7, 0xFE, 0x5C, 0x67, 0x59, 0x5B, 0x73, 0xEF, 0xC1, 0xC8, 0xCA, 0x50, 0x3C, 0x3F,
    0x6A, 0xBF, 0xBD, 0xC4, 0x59, 0x4D, 0x4D, 0x54, 0x6E, 0x6A, 0x55, 0xEA, 0xC6, 0xB8, 0xBF, 0x60,
    0x3B, 0x36, 0x49, 0xDF, 0xBF, 0xCA, 0xD9, 0xE7, 0xDC, 0xDA, 0x59, 0x4D, 0x49, 0x6A, 0xC3, 0xB9,
    0xC3, 0x46, 0x34, 0x38, 0x69, 0xBD, 0xB6, 0xBE, 0xE9, 0x4F, 0x44, 0x58, 0x5B, 0x5B, 0x4F, 0xE9,
    0xC7, 0xBF, 0xC7, 0x55, 0x3E, 0x3A, 0x51, 0xD0, 0xBA, 0xC4, 0xD6, 0x60, 0x4A, 0x4D, 0x4D, 0x53,
    0x53, 0x66, 0xD6, 0xC2, 0xBB, 0xCF, 0x49, 0x38, 0x36, 0x49, 0xC0, 0xB1, 0xB7, 0x6D, 0x3D, 0x36,
    0x3D, 0x54, 0xD5, 0xBC, 0xBB, 0xBB, 0xBE, 0x57, 0x3A, 0x2B, 0x31, 0x4D, 0xBD, 0xAD, 0xB4, 0xBE,
    0x4F, 0x3F, 0x40, 0x44, 0x4D, 0x56, 0xDC, 0xC9, 0xBE, 0xC4, 0x61, 0x40, 0x40, 0x5C, 0xC2, 0xC0,
    0xC8, 0x4E, 0x3C, 0x48, 0xF3, 0xBB, 0xBF, 0xDB, 0x3D, 0x34, 0x44, 0xD8, 0xB7, 0xB8, 0xC3, 0x57,
    0x3E, 0x45, 0x48, 0x52, 0x50, 0xE0, 0xC0, 0xB5, 0xB7, 0xEE, 0x31, 0x2E, 0x3B, 0xC2, 0xAE, 0xB5,
    0xD2, 0x3C, 0x3B, 0x41, 0xEA, 0xD1, 0x7B, 0x6F, 0xD6, 0xBE, 0xBF, 0xE8, 0x40, 0x34, 0x3E, 0xE5,
    0xBC, 0xBA, 0xCD, 0x5A, 0x43, 0x4F, 0x56, 0x70, 0x5C, 0xE4, 0xC8, 0xBE, 0xC4, 0x66, 0x3B, 0x33,
    0x3A, 0x7D, 0xB9, 0xB5, 0xBB, 0xE5, 0x41, 0x3E, 0x45, 0xFD, 0xDB, 0xCF, 0x68, 0x63, 0x6F, 0x7A,
    0xD3, 0x4F, 0xE3, 0xEF, 0xC9, 0xD1, 0xD8, 0x59, 0x41, 0x43, 0x4C, 0x6F, 0xCD, 0xBD, 0xBD, 0xCD,
    0x51, 0x3B, 0x38, 0x49, 0xCF, 0xB7, 0xB6, 0xC6, 0x48, 0x38, 0x35, 0x43, 0xCC, 0xB5, 0xB5, 0xC4,
    0x54, 0x38, 0x3A, 0x4E, 0xC3, 0xBE, 0xBD, 0xDD, 0x4F, 0x39, 0x3A, 0x4A, 0xD3, 0xBA, 0xBA, 0xBE,
    0xDB, 0x49, 0x37, 0x35, 0x3A, 0xF5, 0xBC, 0xB0, 0xB5, 0xDF, 0x46, 0x36, 0x3D, 0x5D, 0xCB, 0xBB,
    0xCB, 0xEC, 0x4E, 0x4C, 0x4C, 0x50, 0x43, 0x50, 0xCF, 0xB5, 0xAF, 0xBB, 0x44, 0x2D, 0x2A, 0x38,
    0xC2, 0xAE, 0xAD, 0xC7, 0x4B, 0x36, 0x3C, 0x50, 0xDB, 0xC9, 0xC5, 0xC3, 0xCF, 0x67, 0x3D, 0x38,
    0x3B, 0xEB, 0xB8, 0xAF, 0xB8, 0x5F, 0x35, 0x30, 0x3C, 0xD6, 0xB8, 0xB9, 0xCE, 0x64, 0x5B, 0x67,
    0x5B, 0x50, 0x54, 0xF1, 0xC4, 0xC1, 0xC9, 0x49, 0x38, 0x3B, 0x6A, 0xBB, 0xB3, 0xBE, 0x4A, 0x36,
    0x3A, 0x78, 0xBE, 0xBC, 0xCC, 0xFB, 0x62, 0x66, 0x50, 0x44, 0x3B, 0x4D, 0xCB, 0xB8, 0xB4, 0xC8,
    0x47, 0x36, 0x3B, 0x57, 0xC2, 0xBB, 0xC2, 0xEF, 0x46, 0x39, 0x45, 0x6E, 0xC6, 0xBD, 0xBE, 0xCF,
    0x5B, 0x46, 0x41, 0x46, 0x4E, 0xF9, 0xC6, 0xBE, 0xC2, 0xEF, 0x4A, 0x3C, 0x3F, 0x5C, 0xCD, 0xBD,
    0xCA, 0xDB, 0x62, 0x62, 0x53, 0x50, 0x3E, 0x48, 0x7B, 0xB9, 0xB4, 0xBB, 0x68, 0x37, 0x33, 0x3E,
    0xE7, 0xCA, 0xC3, 0xCE, 0xD3, 0xDB, 0xE7, 0x4A, 0x44, 0x45, 0xF6, 0xC1, 0xBF, 0xD4, 0x4C, 0x3E,
    0x43, 0x5C, 0xC9, 0xBB, 0xBB, 0xC8, 0x50, 0x38, 0x31, 0x39, 0x7B, 0xB9, 0xAE, 0xB4, 0xD7, 0x3E,
    0x2F, 0x33, 0x46, 0xCA, 0xB7, 0xB2, 0xBC, 0xD7, 0x4A, 0x3E, 0x3C, 0x3E, 0x4A, 0xE0, 0xBF, 0xB7,
    0xBB, 0xD4, 0x41, 0x39, 0x42, 0xDD, 0xB6, 0xBB, 0xE2, 0x3B, 0x36, 0x44, 0xC6, 0xB0, 0xB5, 0xDD,
    0x3D, 0x35, 0x3D, 0xD1, 0xC5, 0xC0, 0xCB, 0xF1, 0xF9, 0x53, 0x48, 0x3D, 0x4F, 0xCD, 0xB7, 0xBB,
    0xF4, 0x37, 0x32, 0x41, 0xC6, 0xB3, 0xBE, 0x5F, 0x36, 0x39, 0x45, 0xE6, 0xC1, 0xBF, 0xC4, 0xDC,
    0x5E, 0x46, 0x3C, 0x42, 0x50, 0xCB, 0xBC, 0xC0, 0xF1, 0x43, 0x3A, 0x47, 0xDB, 0xBC, 0xBC, 0xCD,
    0x55, 0x45, 0x48, 0x5E, 0xD8, 0xF0, 0x6D, 0x5D, 0xDC, 0xD0, 0xC5, 0xD7, 0x58, 0x40, 0x48, 0xFB,
    0xBE, 0xC7, 0xD6, 0x48, 0x45, 0x52, 0xD1, 0xC1, 0xCE, 0x71, 0x4A, 0x4F, 0x72, 0xD5, 0xE7, 0xDE,
    0x68, 0xE3, 0xD3, 0xDE, 0x55, 0x42, 0x45, 0x5D, 0xC5, 0xC2, 0xBE, 0xCE, 0xE3, 0x54, 0x3F, 0x3C,
    0x3F, 0x5A, 0xBF, 0xB1, 0xB6, 0xD3, 0x3F, 0x35, 0x39, 0x4D, 0xC9, 0xBC, 0xC1, 0xD4, 0x5C, 0x43,
    0x3D, 0x4C, 0xEC, 0xC3, 0xC3, 0xCE, 0xE2, 0x57, 0x48, 0x44, 0x4D, 0x58, 0xDD, 0xCD, 0xCC, 0xD1,
    0x6A, 0x65, 0x5B, 0xDB, 0xE3, 0xDE, 0x50, 0x49, 0x4B, 0xFE, 0xCA, 0xC7, 0xCD, 0x77, 0x4F, 0x49,
    0x67, 0xDB, 0xCD, 0xD5, 0xE7, 0x71, 0x57, 0x54, 0x49, 0x4F, 0x54, 0xF2, 0xD7, 0xC4, 0xC0, 0xC9,
    0x6A, 0x44, 0x3F, 0x4A, 0xDB, 0xC0, 0xC3, 0xF6, 0x48, 0x43, 0x4B, 0xEA, 0xCB, 0xC5, 0xC4, 0xCD,
    0x66, 0x49, 0x3C, 0x3D, 0x56, 0xC6, 0xBA, 0xBC, 0xDD, 0x4C, 0x46, 0x60, 0xD5, 0xD1, 0xE0, 0x53,
    0x56, 0x63, 0xDD, 0xF0, 0x55, 0x49, 0x59, 0xC5, 0xBC, 0xBE, 0xEC, 0x3F, 0x3C, 0x4A, 0xD5, 0xCA,
    0xD7, 0xF4, 0x5F, 0xE5, 0xDB, 0xE2, 0x5A, 0x4A, 0x5E, 0xC8, 0xBD, 0xBD, 0x69, 0x3F, 0x34, 0x3E,
    0xE7, 0xBA, 0xB8, 0xD7, 0x45, 0x43, 0x5A, 0xC8, 0xC4, 0xD1, 0x52, 0x43, 0x4E, 0xDD, 0xCB, 0xDA,
    0x52, 0x4D, 0xF8, 0xC6, 0xCA, 0xE3, 0x46, 0x44, 0x54, 0xD5, 0xBE, 0xC9, 0xE0, 0x44, 0x40, 0x47,
    0xEA, 0xC6, 0xBE, 0xBF, 0xE9, 0x5F, 0x40, 0x39, 0x3E, 0x4D, 0xCA, 0xBA, 0xB8, 0xD4, 0x4C, 0x3A,
    0x3E, 0x5D, 0xC9, 0xC5, 0xC7, 0xEA, 0x4B, 0x48, 0x48, 0xFC, 0xDB, 0xCC, 0xCB, 0xCF, 0xCD, 0xE7,
    0x72, 0x49, 0x43, 0x4C, 0xED, 0xCA, 0xC9, 0xDC, 0x4C, 0x42, 0x4F, 0xCD, 0xBC, 0xBC, 0xCD, 0x4F,
    0x3F, 0x3B, 0x48, 0x63, 0xD3, 0xC5, 0xCD, 0xCB, 0xD8, 0xF3, 0x49, 0x41, 0x47, 0x5E, 0xCD, 0xBF,
    0xC3, 0xD9, 0x4E, 0x3D, 0x40, 0x46, 0x6E, 0xC4, 0xBB, 0xC2, 0xF7, 0x4A, 0x3F, 0x4D, 0x6C, 0xDB,
    0xE5, 0x70, 0x56, 0x67, 0xED, 0xEB, 0xEB, 0x6F, 0xDD, 0x67, 0xF7, 0x53, 0x59, 0x5D, 0xDF, 0xCE,
    0xE4, 0x61, 0x44, 0x4E, 0xFD, 0xC5, 0xBF, 0xCC, 0x5E, 0x41, 0x3F, 0x47, 0xEB, 0xCB, 0xBF, 0xC8,
    0xD3, 0x5B, 0x48, 0x41, 0x45, 0x5E, 0xD0, 0xC9, 0xC6, 0xEE, 0x4D, 0x4A, 0x5B, 0xCC, 0xC8, 0xCA,
    0xFF, 0x49, 0x4C, 0xF2, 0xCD, 0xD2, 0x5D, 0x40, 0x41, 0x4F, 0xD2, 0xBE, 0xC0, 0xD1, 0x62, 0x56,
    0x4D, 0x4F, 0x53, 0xFF, 0xDE, 0xC6, 0xCF, 0x66, 0x48, 0x3D, 0x53, 0xD1, 0xBC, 0xBC, 0x7C, 0x3A,
    0x35, 0x45, 0xC3, 0xB8, 0xB9, 0xFC, 0x3C, 0x3C, 0x41, 0xEF, 0xCB, 0xC4, 0xD3, 0xE7, 0x72, 0x5D,
    0x4E, 0x4D, 0x52, 0xCE, 0xC3, 0xC2, 0xDA, 0x6E, 0x4E, 0x5C, 0x67, 0x62, 0x50, 0x5E, 0xCE, 0xBE,
    0xBC, 0xE1, 0x3B, 0x2F, 0x38, 0xDB, 0xB0, 0xAC, 0xBC, 0x48, 0x33, 0x34, 0x4A, 0xCD, 0xC1, 0xC8,
    0xEB, 0xFF, 0x7E, 0x6D, 0x59, 0x4D, 0x54, 0xDF, 0xC4, 0xC4, 0xEB, 0x40, 0x3C, 0x4A, 0xCA, 0xBB,
    0xBD, 0xEE, 0x3E, 0x3F, 0x54, 0xDA, 0xCF, 0xE5, 0xFF, 0xFF, 0xDA, 0xD3, 0x61, 0x45, 0x41, 0x64,
    0xC4, 0xBA, 0xC5, 0x4E, 0x3A, 0x40, 0xDE, 0xBE, 0xBF, 0xE3, 0x4C, 0x45, 0x59, 0xD7, 0xCB, 0xCE,
    0xEA, 0x57, 0x5D, 0x67, 0x67, 0x51, 0x56, 0xE5, 0xC8, 0xBF, 0xCD, 0x55, 0x42, 0x42, 0x5C, 0xDA,
    0xCD, 0xDA, 0xDF, 0x64, 0x66, 0x59, 0x5F, 0x5B, 0x6E, 0xDD, 0xD2, 0xCD, 0x68, 0x4A, 0x48, 0x57,
    0xDB, 0xCE, 0xD6, 0x59, 0x53, 0x78, 0xD1, 0xCB, 0xE0, 0x4B, 0x43, 0x4B, 0x6A, 0xC8, 0xC1, 0xCB,
    0xF4, 0x5C, 0x43, 0x40, 0x3F, 0x6A, 0xC2, 0xB6, 0xBB, 0xD9, 0x3E, 0x34, 0x39, 0x5D, 0xC1, 0xB8,
    0xBC, 0xDA, 0x4E, 0x3F, 0x4A, 0x4F, 0xF0, 0xDD, 0xCF, 0xC5, 0xC9, 0xD0, 0x59, 0x4B, 0x4D, 0xFC,
    0xCF, 0xCA, 0xE8, 0x4F, 0x45, 0x51, 0xCF, 0xC2, 0xC2, 0xE9, 0x55, 0x46, 0x46, 0x51, 0xDD, 0xD3,
    0xC9, 0xBF, 0xCB, 0x74, 0x3E, 0x39, 0x3C, 0xEB, 0xBB, 0xAF, 0xBA, 0x69, 0x38, 0x30, 0x3E, 0xDF,
    0xB9, 0xB7, 0xC2, 0x75, 0x46, 0x3C, 0x3F, 0x49, 0x7B, 0xC9, 0xC3, 0xBD, 0xE3, 0x49, 0x38, 0x3E,
    0x5D, 0xC7, 0xBE, 0xCC, 0x5F, 0x49, 0x5C, 0xF1, 0xE7, 0x56, 0x49, 0x4D, 0xDE, 0xC1, 0xBF, 0xDA,
    0x45, 0x3B, 0x4A, 0xD4, 0xBF, 0xC5, 0xE1, 0x4D, 0x58, 0xFF, 0xED, 0x7E, 0x67, 0x77, 0xD9, 0xD0,
    0xDB, 0x5F, 0x53, 0x67, 0xED, 0xCB, 0xC7, 0xDD, 0x55, 0x44, 0x4A, 0xFB, 0xCE, 0xC9, 0xD5, 0xF6,
    0x67, 0x67, 0x67, 0x76, 0x5E, 0xD7, 0xCF, 0xC5, 0xCD, 0x52, 0x3C, 0x3B, 0x56, 0xBE, 0xB0, 0xB8,
    0x67, 0x35, 0x2E, 0x3B, 0xDA, 0xBB, 0xBC, 0xC9, 0x66, 0x53, 0x4B, 0x47, 0x4D, 0x4D, 0xD7, 0xC3,
    0xBB, 0xD3, 0x43, 0x38, 0x3A, 0x5F, 0xBE, 0xB7, 0xBE, 0x5A, 0x3C, 0x3C, 0x4D, 0xD5, 0xCC, 0xC9,
    0xE9, 0xF0, 0xE7, 0xF5, 0x4C, 0x3E, 0x46, 0xE4, 0xBE, 0xBA, 0xCF, 0x4B, 0x3A, 0x3D, 0x70, 0xBD,
    0xB9, 0xC4, 0x51, 0x41, 0x47, 0xDB, 0xCC, 0xD0, 0x79, 0x67, 0xE9, 0xCC, 0xD4, 0x59, 0x40, 0x44,
    0xDF, 0xB9, 0xB6, 0xCC, 0x45, 0x37, 0x41, 0xE6, 0xC0, 0xC1, 0xE6, 0x5E, 0x57, 0x6B, 0xFF, 0x55,
    0x4B, 0x4F, 0xCD, 0xBB, 0xB6, 0xCA, 0x45, 0x35, 0x39, 0x4C, 0xD3, 0xC4, 0xC5, 0xD5, 0xE0, 0x6A,
    0x75, 0x58, 0x4D, 0x47, 0x5D, 0xCE, 0xBE, 0xC1, 0xFD, 0x42, 0x3D, 0x4F, 0xDA, 0xBC, 0xBE, 0xCD,
    0x50, 0x3D, 0x3F, 0x49, 0xE2, 0xD0, 0xC9, 0xC1, 0xC6, 0x6F, 0x3F, 0x34, 0x3A, 0x6D, 0xB9, 0xAE,
    0xB9, 0x67, 0x37, 0x32, 0x43, 0xDB, 0xBA, 0xBB, 0xD1, 0x4B, 0x40, 0x47, 0x52, 0xD6, 0xCD, 0xBE,
    0xC1, 0xD6, 0x4E, 0x3B, 0x36, 0x40, 0xE7, 0xBC, 0xB6, 0xB8, 0xD5, 0x48, 0x33, 0x31, 0x38, 0xE8,
    0xBB, 0xB1, 0xB0, 0xC7, 0x66, 0x3A, 0x34, 0x37, 0x4A, 0xC8, 0xB9, 0xB6, 0xBF, 0x53, 0x3C, 0x39,
    0x4B, 0xCF, 0xBF, 0xBF, 0xCE, 0xEE, 0x58, 0x4C, 0x41, 0x49, 0x6C, 0xC7, 0xBD, 0xC5, 0xEB, 0x44,
    0x40, 0x4D, 0xDE, 0xD9, 0xD4, 0xEF, 0x7A, 0xD3, 0xD3, 0xCD, 0x54, 0x42, 0x43, 0x5C, 0xCF, 0xC5,
    0xCD, 0xDC, 0x67, 0xEE, 0xEA, 0x66, 0x4E, 0x45, 0x4D, 0xDA, 0xBF, 0xBC, 0xCD, 0x50, 0x3D, 0x40,
    0x57, 0xCD, 0xCA, 0xCC, 0xEB, 0xFF, 0x5C, 0x61, 0x55, 0x4D, 0x4F, 0x5A, 0xD4, 0xC5, 0xC9, 0xDF,
    0x4D, 0x45, 0x49, 0xEF, 0xCF, 0xCC, 0xD4, 0xF8, 0x5D, 0x69, 0x66, 0x5B, 0x62, 0x5B, 0xDB, 0xCA,
    0xC9, 0xDE, 0x5E, 0x4A, 0x4F, 0x5E, 0xDB, 0xD4, 0xCA, 0xD5, 0xDB, 0x5D, 0x41, 0x3E, 0x4F, 0xDD,
    0xBC, 0xBE, 0xCF, 0x4E, 0x48, 0x57, 0xCC, 0xC5, 0xED, 0x3E, 0x36, 0x3D, 0xD7, 0xB4, 0xB0, 0xBE,
    0x4D, 0x37, 0x35, 0x46, 0xCE, 0xBA, 0xBC, 0xD6, 0x43, 0x43, 0x4B, 0xDA, 0xC8, 0xCC, 0x57, 0x45,
    0x3F, 0x56, 0xDA, 0xC1, 0xC1, 0xD0, 0x71, 0x4C, 0x41, 0x48, 0x48, 0xE2, 0xC8, 0xBD, 0xC8, 0xE5,
    0x49, 0x48, 0x51, 0xF6, 0xF0, 0x67, 0x6E, 0x7D, 0xD3, 0xD0, 0xD2, 0x79, 0x67, 0x55, 0x6C, 0xEC,
    0xFF, 0x69, 0x55, 0x5D, 0x67, 0x7D, 0xD6, 0xDB, 0xCE, 0xE4, 0x67, 0x56, 0x49, 0x4D, 0x5C, 0xDA,
    0xC4, 0xBC, 0xCB, 0x50, 0x38, 0x32, 0x3F, 0xD6, 0xB4, 0xB1, 0xBC, 0x53, 0x37, 0x33, 0x3F, 0x7A,
    0xC8, 0xBE, 0xC1, 0xCE, 0x59, 0x45, 0x41, 0x4F, 0xEC, 0xC7, 0xC1, 0xDB, 0x5B, 0x46, 0x4F, 0x5B,
    0xE4, 0xF6, 0xE9, 0xE7, 0xD2, 0xCF, 0xFD, 0x45, 0x38, 0x48, 0xD4, 0xBA, 0xBB, 0xD2, 0x46, 0x3C,
    0x47, 0x69, 0xC9, 0xCB, 0xCD, 0xFF, 0xE7, 0x6C, 0x4B, 0x40, 0x3F, 0x5F, 0xBF, 0xB8, 0xBD, 0xEE,
    0x41, 0x3D, 0x4A, 0xF5, 0xCC, 0xD6, 0xF1, 0x68, 0x6C, 0xFF, 0xFF, 0x61, 0x5A, 0xF8, 0xD5, 0xC6,
    0xCF, 0xEA, 0x45, 0x3F, 0x48, 0x7D, 0xCA, 0xC5, 0xCE, 0x76, 0x5C, 0x5F, 0x77, 0xDD, 0x75, 0x67,
    0x58, 0x59, 0x67, 0x70, 0xE9, 0xD6, 0xE2, 0xDC, 0x69, 0x5B, 0x55, 0x74, 0xD4, 0xCB, 0xD1, 0xEC,
    0x50, 0x52, 0x57, 0xE2, 0xE6, 0x74, 0x5E, 0x5E, 0xD0, 0xC9, 0xC7, 0xE8, 0x4E, 0x42, 0x49, 0xF3,
    0xC7, 0xC1, 0xD3, 0xE6, 0x49, 0x56, 0x5B, 0xF6, 0xDB, 0xD4, 0xD3, 0xD9, 0x7B, 0x50, 0x4A, 0x51,
    0xE6, 0xCE, 0xBE, 0xC6, 0xD6, 0x4D, 0x3C, 0x3C, 0x4F, 0xCE, 0xB8, 0xBC, 0xD7, 0x4A, 0x3E, 0x57,
    0xDB, 0xC6, 0xDA, 0x5D, 0x4D, 0x5B, 0xD0, 0xC6, 0xD7, 0x53, 0x41, 0x46, 0x60, 0xD3, 0xC3, 0xC9,
    0xDE, 0x66, 0x53, 0x53, 0x4F, 0x67, 0x67, 0xEE, 0xDB, 0xD3, 0xDA, 0xE7, 0x5F, 0x4D, 0x4D, 0x5B,
    0xE1, 0xCD, 0xCD, 0x74, 0x58, 0x4D, 0x66, 0xE7, 0xDE, 0xDF, 0x5F, 0x67, 0x6B, 0xE4, 0xE7, 0xDE,
    0x63, 0x65, 0x5B, 0x5B, 0xF7, 0xE7, 0xDB, 0xCF, 0xD3, 0x7C, 0x43, 0x41, 0x4A, 0xE2, 0xC1, 0xBE,
    0xCD, 0x6E, 0x4D, 0x4D, 0x5E, 0x75, 0xD4, 0xD8, 0xCB, 0xCF, 0xEA, 0x54, 0x40, 0x46, 0x50, 0xCE,
    0xC5, 0xC7, 0xDA, 0xFE, 0x5D, 0x5F, 0x59, 0x4F, 0x5A, 0x59, 0xD2, 0xC6, 0xD2, 0x66, 0x3F, 0x4C,
    0x64, 0xCB, 0xCD, 0xDC, 0x59, 0x52, 0x55, 0x69, 0x68, 0x56, 0x5B, 0xF7, 0xC6, 0xC1, 0xC5, 0x5B,
    0x3D, 0x39, 0x44, 0xCB, 0xB8, 0xBA, 0xDE, 0x45, 0x3C, 0x46, 0xE8, 0xC6, 0xCB, 0xEF, 0x51, 0x4D,
    0x67, 0xEB, 0xDB, 0xEC, 0xFE, 0xDC, 0xD9, 0xDE, 0x4D, 0x42, 0x41, 0xDC, 0xBD, 0xBA, 0xC7, 0x4B,
    0x38, 0x3D, 0xF1, 0xBC, 0xBC, 0xE0, 0x48, 0x45, 0x6E, 0xC6, 0xC8, 0xD5, 0x4C, 0x4D, 0x59, 0xDC,
    0xCF, 0xE0, 0x60, 0x47, 0x5A, 0x7E, 0xCA, 0xCE, 0xCE, 0xDF, 0xFF, 0x4F, 0x3E, 0x3E, 0x48, 0xCC,
    0xB5, 0xB0, 0xBF, 0x4D, 0x33, 0x31, 0x49, 0xC5, 0xB3, 0xBB, 0xD8, 0x4A, 0x47, 0x4E, 0xE9, 0xD5,
    0xEA, 0xFF, 0x68, 0xD9, 0xD3, 0xDC, 0x72, 0x65, 0x55, 0x61, 0x7E, 0x67, 0x5D, 0x6D, 0xD3, 0xC3,
    0xC0, 0xDC, 0x49, 0x38, 0x3B, 0x5A, 0xC3, 0xB5, 0xBC, 0xCC, 0x4D, 0x40, 0x3D, 0x49, 0xED, 0xCE,
    0xBD, 0xC6, 0xCE, 0x5A, 0x46, 0x45, 0x4A, 0xEB, 0xD6, 0xC8, 0xC6, 0xD3, 0xF5, 0x54, 0x41, 0x3E,
    0x4F, 0xD6, 0xBD, 0xC3, 0xD8, 0x4E, 0x49, 0x53, 0xEF, 0xD3, 0xEB, 0x5B, 0x5A, 0xE3, 0xD6, 0xD4,
    0x4D, 0x4C, 0x50, 0xD2, 0xBD, 0xC4, 0xF5, 0x3C, 0x3C, 0x4D, 0xCF, 0xC1, 0xC9, 0x69, 0x47, 0x54,
    0xEA, 0xC7, 0xD0, 0x6B, 0x4A, 0x49, 0x5F, 0xE3, 0xCF, 0xF1, 0x77, 0x5A, 0x67, 0x61, 0x6F, 0xE7,
    0xDB, 0xCE, 0xDD, 0xE7, 0x53, 0x44, 0x41, 0x59, 0xCF, 0xBD, 0xBD, 0xDB, 0x41, 0x39, 0x42, 0xD0,
    0xB8, 0xBC, 0xD7, 0x3F, 0x39, 0x3F, 0xEC, 0xC6, 0xCC, 0xDB, 0x67, 0x75, 0xE7, 0xEF, 0x50, 0x4A,
    0x55, 0xDC, 0xCB, 0xCD, 0xE0, 0x53, 0x63, 0x5D, 0xF7, 0x67, 0x5E, 0x67, 0x70, 0xCF, 0xCD, 0xE4,
    0x54, 0x3F, 0x4C, 0xF4, 0xC6, 0xBD, 0xCC, 0xEA, 0x4B, 0x42, 0x49, 0x4D, 0x6D, 0xD1, 0xBF, 0xBD,
    0xC6, 0x5F, 0x3B, 0x35, 0x3F, 0xD6, 0xB7, 0xB3, 0xBE, 0x68, 0x3A, 0x36, 0x40, 0xF0, 0xCA, 0xC7,
    0xC9, 0xC9, 0xC9, 0xD9, 0x4D, 0x3E, 0x3F, 0x56, 0xCA, 0xBB, 0xC2, 0x61, 0x43, 0x43, 0x5D, 0xD0,
    0xCD, 0xD0, 0xF1, 0xDC, 0xDE, 0x72, 0x48, 0x3C, 0x43, 0xF1, 0xBB, 0xB5, 0xC0, 0x53, 0x3A, 0x37,
    0x4A, 0xC9, 0xBB, 0xC1, 0xE4, 0x4F, 0x4D, 0x4B, 0x59, 0x5F, 0xE3, 0xC9, 0xC9, 0xCC, 0xE3, 0x4D,
    0x4D, 0x4E, 0x73, 0xDB, 0xDB, 0xF2, 0x6A, 0xFF, 0xE8, 0xDB, 0xDB, 0xFF, 0xFF, 0xFF, 0x72, 0x5B,
    0x5B, 0x4D, 0x57, 0xD9, 0xC4, 0xC1, 0xDE, 0x48, 0x39, 0x3C, 0x69, 0xBE, 0xB6, 0xBD, 0x64, 0x39,
    0x34, 0x3F, 0xEF, 0xC1, 0xBF, 0xC9, 0xCD, 0xD1, 0x65, 0x41, 0x34, 0x34, 0x4F, 0xBA, 0xAD, 0xAF,
    0xD8, 0x37, 0x2B, 0x2E, 0x50, 0xBC, 0xAE, 0xB2, 0xC8, 0x43, 0x37, 0x36, 0x4F, 0xCE, 0xBD, 0xC1,
    0x64, 0x4C, 0x3F, 0x53, 0xDD, 0xC2, 0xC2, 0xCC, 0x6D, 0x47, 0x45, 0x42, 0x4D, 0xFC, 0xC2, 0xB9,
    0xB9, 0xCC, 0x4F, 0x35, 0x34, 0x3F, 0xD7, 0xB6, 0xB4, 0xBA, 0x72, 0x3C, 0x32, 0x37, 0x69, 0xBB,
    0xAD, 0xB4, 0xD8, 0x38, 0x2E, 0x36, 0x55, 0xBF, 0xB1, 0xB6, 0xC5, 0x4D, 0x3B, 0x3B, 0x4D, 0xD7,
    0xCA, 0xCD, 0xDB, 0xE1, 0xD5, 0xEC, 0x57, 0x43, 0x40, 0x4D, 0xDA, 0xBF, 0xBE, 0xC8, 0x63, 0x46,
    0x43, 0x51, 0xFF, 0xE9, 0xE4, 0xE7, 0xE7, 0x5D, 0x4D, 0x4B, 0x6B, 0xCE, 0xBD, 0xC2, 0xED, 0x3F,
    0x38, 0x41, 0xDD, 0xBC, 0xBC, 0xCA, 0x51, 0x3C, 0x42, 0x5B, 0xD9, 0xCB, 0xC9, 0xD3, 0xD9, 0x7C,
    0x4E, 0x46, 0x3F, 0x4A, 0xDF, 0xC1, 0xB9, 0xC6, 0x5F, 0x3C, 0x3E, 0x5E, 0xC7, 0xBE, 0xCF, 0x52,
    0x48, 0x4C, 0x6A, 0xEE, 0xFE, 0x6C, 0xEC, 0xCC, 0xBE, 0xC0, 0x69, 0x38, 0x30, 0x3C, 0xD8, 0xB5,
    0xB1, 0xBD, 0x6E, 0x3F, 0x3C, 0x41, 0x4F, 0xD7, 0xBF, 0xB9, 0xBC, 0xD8, 0x3E, 0x32, 0x34, 0x56,
    0xBE, 0xB1, 0xBA, 0xEF, 0x41, 0x3D, 0x4A, 0xF2, 0xD7, 0xE6, 0x6C, 0xEC, 0xD9, 0xC9, 0xD8, 0x5C,
    0x45, 0x4D, 0xDB, 0xC2, 0xC0, 0x68, 0x3F, 0x3B, 0x4B, 0xD3, 0xBE, 0xC4, 0xDF, 0x5B, 0x74, 0xF6,
    0xDE, 0x7D, 0x5B, 0x64, 0x6F, 0xD7, 0xE5, 0x5F, 0x53, 0x55, 0xD9, 0xC4, 0xC4, 0xE4, 0x4A, 0x44,
    0x5F, 0xD1, 0xC5, 0xCF, 0x60, 0x53, 0x5B, 0xE7, 0xD3, 0x64, 0x4F, 0x4A, 0x5F, 0xCA, 0xBE, 0xC5,
    0x5F, 0x3E, 0x3D, 0x48, 0xF5, 0xCB, 0xC6, 0xCB, 0xD2, 0x75, 0x4D, 0x3B, 0x3E, 0x4C, 0xC8, 0xB7,
    0xB8, 0xDA, 0x3B, 0x31, 0x3A, 0xCF, 0xB6, 0xB5, 0xCF, 0x41, 0x36, 0x40, 0xF4, 0xC6, 0xC7, 0x69,
    0x47, 0x4A, 0xDB, 0xC2, 0xC3, 0x70, 0x40, 0x3D, 0x55, 0xC9, 0xBD, 0xC6, 0x5C, 0x46, 0x47, 0x60,
    0xE9, 0xD8, 0xF4, 0xDB, 0xCE, 0xC3, 0xCF, 0x59, 0x3D, 0x3C, 0x4C, 0xCC, 0xBF, 0xC8, 0x6B, 0x4B,
    0x52, 0xED, 0xC5, 0xC2, 0xD6, 0x58, 0x49, 0x4E, 0x66, 0x6D, 0xFF, 0xE4, 0xCE, 0xC6, 0xC5, 0x7B,
    0x41, 0x3D, 0x43, 0xEC, 0xC1, 0xBE, 0xCE, 0x5F, 0x45, 0x4A, 0xFB, 0xD1, 0xC9, 0xD2, 0x75, 0x53,
    0x4E, 0x5B, 0x64, 0xDA, 0xD3, 0xCE, 0xDB, 0x5B, 0x49, 0x49, 0x5E, 0xE1, 0xCD, 0xCD, 0xFF, 0x6B,
    0x6A, 0xE7, 0xFA, 0x56, 0x44, 0x49, 0xF0, 0xC2, 0xB9, 0xC7, 0x59, 0x40, 0x42, 0x54, 0xFF, 0xFF,
    0xE7, 0xD7, 0xC6, 0xD0, 0xFF, 0x45, 0x3F, 0x4E, 0xDC, 0xBD, 0xBA, 0xCE, 0x5D, 0x3E, 0x3D, 0x47,
    0x72, 0xD2, 0xCA, 0xC1, 0xCA, 0xDE, 0x51, 0x3F, 0x41, 0x49, 0xE9, 0xC9, 0xBF, 0xC7, 0xEF, 0x4B,
    0x40, 0x42, 0xFE, 0xCC, 0xBE, 0xC4, 0xDC, 0x5E, 0x44, 0x41, 0x4A, 0xF8, 0xCC, 0xBE, 0xC4, 0xF2,
    0x4A, 0x3F, 0x42, 0x5D, 0xD0, 0xC5, 0xC8, 0xDA, 0x62, 0x56, 0x4D, 0x4C, 0x49, 0x7A, 0xC8, 0xBD,
    0xBF, 0xED, 0x43, 0x38, 0x3F, 0xEC, 0xBC, 0xBA, 0xC5, 0x53, 0x3C, 0x3B, 0x4B, 0xD5, 0xBF, 0xBD,
    0xCC, 0x74, 0x48, 0x44, 0x51, 0x7A, 0xCD, 0xC2, 0xC7, 0xD7, 0x58, 0x49, 0x49, 0x6B, 0xD0, 0xC9,
    0xCD, 0xEF, 0x50, 0x49, 0x4D, 0x74, 0xD2, 0xC5, 0xC9, 0xD9, 0x60, 0x4D, 0x45, 0x4B, 0xF8, 0xC4,
    0xBE, 0xCB, 0x7E, 0x47, 0x42, 0x55, 0xE2, 0xCA, 0xD4, 0xE6, 0x57, 0x56, 0x68, 0xDD, 0xD3, 0xED,
    0x5A, 0x4A, 0x58, 0xF3, 0xD3, 0xCF, 0xEF, 0x5B, 0x5B, 0x5B, 0xE2, 0xD6, 0xDC, 0x72, 0x55, 0x53,
    0x5D, 0x7E, 0xD3, 0xD3, 0xDD, 0x5F, 0x53, 0x55, 0x6B, 0xFF, 0xF3, 0xF7, 0xE1, 0xCD, 0xCA, 0xDC,
    0x54, 0x45, 0x4E, 0x71, 0xDA, 0xDC, 0x6A, 0x56, 0xFE, 0xCD, 0xC3, 0xCF, 0x4F, 0x3F, 0x41, 0x61,
    0xD0, 0xC6, 0xCF, 0xF4, 0x64, 0x60, 0x67, 0x59, 0x5D, 0x4F, 0xE0, 0xCE, 0xC8, 0xE5, 0x53, 0x44,
    0x4D, 0xF7, 0xCF, 0xCD, 0xEB, 0x63, 0x4D, 0x55, 0x77, 0xFA, 0xE7, 0xE7, 0xD9, 0xD3, 0xDC, 0x76,
    0x4C, 0x49, 0x51, 0xDD, 0xCD, 0xCD, 0xEC, 0x50, 0x52, 0x64, 0xD2, 0xDB, 0xE7, 0x58, 0x4E, 0x6E,
    0xD6, 0xCA, 0xDF, 0x54, 0x48, 0x4E, 0xFB, 0xD7, 0xD2, 0x5F, 0x4F, 0x53, 0xE5, 0xCE, 0xDD, 0x6E,
    0x4B, 0x50, 0x62, 0xCD, 0xCF, 0xED, 0x5A, 0x53, 0x65, 0xE2, 0xDB, 0xE9, 0x60, 0x5B, 0x60, 0xDF,
    0xD4, 0xDE, 0x65, 0x5B, 0x50, 0x52, 0x5F, 0xE4, 0xCE, 0xCD, 0xD7, 0x5A, 0x49, 0x45, 0x63, 0xD4,
    0xC1, 0xCA, 0xEC, 0x48, 0x43, 0x51, 0xDD, 0xCB, 0xCE, 0xF9, 0x5D, 0x6C, 0xD6, 0xCD, 0xD2, 0x5E,
    0x41, 0x45, 0x5D, 0xCA, 0xBD, 0xBE, 0xD8, 0x49, 0x3F, 0x45, 0x5E, 0xCF, 0xC5, 0xC9, 0xD6, 0x79,
    0x53, 0x4F, 0x4D, 0x6F, 0xDE, 0xCA, 0xCE, 0xE3, 0x63, 0x53, 0x5A, 0x5F, 0xED, 0xFE, 0xE7, 0xE7,
    0xE7, 0xE7, 0xE7, 0xF1, 0x5E, 0x7D, 0x67, 0xEE, 0xE7, 0xDF, 0xE6, 0x75, 0x67, 0x68, 0xE9, 0xCF,
    0xCE, 0xE3, 0x4A, 0x40, 0x46, 0xEF, 0xC0, 0xBB, 0xC7, 0x60, 0x42, 0x3F, 0x4D, 0xE0, 0xC5, 0xC5,
    0xCD, 0x5F, 0x4D, 0x49, 0x56, 0xE3, 0xCD, 0xCD, 0xDE, 0x68, 0x4E, 0x5B, 0x64, 0xDB, 0xDB, 0xE6,
    0x75, 0xF4, 0xE7, 0xEE, 0xFF, 0x52, 0x50, 0x79, 0xCA, 0xC1, 0xCA, 0x6B, 0x40, 0x3D, 0x47, 0xE9,
    0xC1, 0xBE, 0xC8, 0x68, 0x44, 0x43, 0x4C, 0xDC, 0xCD, 0xCA, 0xCC, 0xEF, 0xFF, 0x4E, 0x58, 0x49,
    0x50, 0x67, 0xDE, 0xC5, 0xC9, 0xD5, 0x51, 0x3E, 0x3F, 0x5B, 0xCB, 0xBC, 0xC1, 0xFC, 0x3E, 0x39,
    0x42, 0xE8, 0xC3, 0xBE, 0xC9, 0x61, 0x4B, 0x54, 0x5F, 0x7A, 0x63, 0x5B, 0x67, 0xEC, 0xD5, 0xD4,
    0xE7, 0x5D, 0x4E, 0x58, 0x67, 0xE1, 0xDB, 0xE7, 0xE7, 0xE7, 0x6E, 0x51, 0x4A, 0x52, 0xE4, 0xC4,
    0xC0, 0xCD, 0x57, 0x40, 0x3D, 0x4E, 0xD9, 0xC5, 0xC6, 0xE4, 0x51, 0x4B, 0x4E, 0x6E, 0xEA, 0xD8,
    0xCD, 0xC6, 0xD1, 0x5E, 0x3C, 0x38, 0x3E, 0xDC, 0xB9, 0xB2, 0xC3, 0x4F, 0x3E, 0x46, 0xF0, 0xCD,
    0xDB, 0x5B, 0x49, 0x5C, 0xDA, 0xCF, 0xE3, 0xEC, 0xFF, 0xDB, 0xD7, 0xE4, 0x57, 0x4C, 0x5A, 0xD6,
    0xC3, 0xCF, 0x55, 0x3F, 0x41, 0xFB, 0xC6, 0xBA, 0xC3, 0xEC, 0x4C, 0x45, 0x4A, 0x55, 0x7E, 0xD5,
    0xC7, 0xC6, 0xCB, 0xF0, 0x46, 0x3C, 0x3D, 0x5E, 0xC6, 0xB8, 0xBB, 0xCC, 0x4A, 0x3A, 0x39, 0x4C,
    0xD3, 0xC0, 0xBE, 0xC9, 0xE6, 0x53, 0x45, 0x41, 0x4B, 0xDD, 0xC2, 0xB9, 0xC7, 0x57, 0x3E, 0x39,
    0x4A, 0xDA, 0xBF, 0xBC, 0xC7, 0xFE, 0x4C, 0x43, 0x41, 0x48, 0x6F, 0xC9, 0xC2, 0xBE, 0xD1, 0x53,
    0x3F, 0x3E, 0x50, 0xCD, 0xBE, 0xBE, 0xCD, 0x5A, 0x3F, 0x3B, 0x42, 0x57, 0xC5, 0xB8, 0xB8, 0xC9,
    0x56, 0x3A, 0x38, 0x3D, 0xEC, 0xBE, 0xB6, 0xB9, 0xD2, 0x45, 0x35, 0x36, 0x4B, 0xC9, 0xB9, 0xBA,
    0xCD, 0x52, 0x46, 0x46, 0x58, 0xEB, 0xE7, 0xE7, 0xFF, 0xFF, 0x6B, 0xFF, 0xFF, 0xDD, 0xE7, 0xE7,
    0x67, 0x60, 0x55, 0x6A, 0xEE, 0xE7, 0xEC, 0xFF, 0x5C, 0xF0, 0xDD, 0xD5, 0xEA, 0x54, 0x4F, 0x4C,
    0x6A, 0xE0, 0xD5, 0xD5, 0xE1, 0xE7, 0xFF, 0xFF, 0x5A, 0x4F, 0x52, 0x5F, 0xE3, 0xD3, 0xC9, 0xCD,
    0xDD, 0x65, 0x47, 0x43, 0x4B, 0xFA, 0xCA, 0xC2, 0xC8, 0xEB, 0x4E, 0x44, 0x44, 0x4E, 0xE2, 0xCB,
    0xC5, 0xCA, 0xD3, 0x6C, 0x4D, 0x45, 0x49, 0x6D, 0xD6, 0xC5, 0xC5, 0xD7, 0x4F, 0x3E, 0x3F, 0x4F,
    0xD3, 0xC3, 0xC2, 0xD8, 0x53, 0x4E, 0x5C, 0x7B, 0xEC, 0xFF, 0x67, 0x67, 0xEE, 0xD5, 0xE9, 0x68,
    0x51, 0x51, 0xE5, 0xD0, 0xCD, 0xD8, 0x65, 0x54, 0x50, 0x62, 0xFF, 0xF0, 0xE7, 0xE7, 0xE7, 0xE7,
    0xF5, 0x58, 0x54, 0x5F, 0xDF, 0xD3, 0xD3, 0xFF, 0x4E, 0x4F, 0x5E, 0xD7, 0xD2, 0xE4, 0x59, 0x53,
    0x5E, 0xDA, 0xCE, 0xD8, 0x5E, 0x4C, 0x4F, 0xE5, 0xCA, 0xCC, 0x6E, 0x4F, 0x53, 0xF7, 0xCF, 0xCE,
    0x77, 0x47, 0x43, 0x5F, 0xC6, 0xC1, 0xCA, 0x75, 0x4F, 0x52, 0x5D, 0x5E, 0x67, 0x5E, 0xDC, 0xC9,
    0xC7, 0xD1, 0x55, 0x47, 0x46, 0x60, 0xD1, 0xC6, 0xD0, 0x6C, 0x53, 0x59, 0xFF, 0xF2, 0xE7, 0xFF,
    0xEE, 0xD5, 0xCF, 0xDE, 0x59, 0x45, 0x45, 0x7E, 0xC4, 0xBB, 0xC4, 0x6E, 0x3E, 0x39, 0x43, 0xE5,
    0xC0, 0xBC, 0xC9, 0x68, 0x45, 0x43, 0x50, 0xEF, 0xD1, 0xC9, 0xCC, 0xD3, 0x71, 0x4B, 0x42, 0x44,
    0x58, 0xC9, 0xBA, 0xBA, 0xD2, 0x4C, 0x39, 0x3D, 0x51, 0xCD, 0xBE, 0xC0, 0xD3, 0x56, 0x4A, 0x4B,
    0x56, 0xFC, 0xD8, 0xCD, 0xCD, 0xDA, 0x5C, 0x4F, 0x46, 0x56, 0xE8, 0xCB, 0xCC, 0xEB, 0x53, 0x4C,
    0x59, 0xE3, 0xD7, 0xE5, 0x5F, 0x53, 0x5C, 0xEB, 0xD5, 0xDE, 0x66, 0x4E, 0x50, 0x6C, 0xD3, 0xD3,
    0xEE, 0x58, 0x4D, 0x5A, 0xE2, 0xDB, 0xE9, 0x67, 0x5D, 0x5B, 0x60, 0x67, 0x6C, 0xE0, 0xCD, 0xCB,
    0xE0, 0x4A, 0x3D, 0x3E, 0x6A, 0xC6, 0xBB, 0xC5, 0x59, 0x40, 0x42, 0x5C, 0xCD, 0xC2, 0xCB, 0xE0,
    0x56, 0x53, 0x53, 0x4E, 0x53, 0x60, 0xCF, 0xC3, 0xBF, 0xCF, 0x55, 0x41, 0x41, 0x4F, 0xDD, 0xC7,
    0xC9, 0xD3, 0x71, 0x5B, 0x5B, 0x5B, 0x53, 0x5D, 0x7E, 0xCF, 0xC7, 0xCB, 0xFD, 0x4B, 0x3E, 0x47,
    0xFF, 0xC7, 0xC0, 0xCB, 0x7D, 0x4B, 0x4C, 0x58, 0xE7, 0xE1, 0xDB, 0xE7, 0xDF, 0xFA, 0x67, 0x5E,
    0x5C, 0x6E, 0xDE, 0xD6, 0xE7, 0xFD, 0x51, 0x56, 0xFD, 0xDC, 0xD3, 0xDB, 0xF7, 0x54, 0x51, 0x57,
    0xF9, 0xD4, 0xCD, 0xD5, 0xE1, 0x5B, 0x53, 0x59, 0xFB, 0xDF, 0xD4, 0xE4, 0x5E, 0x5B, 0x5D, 0xDF,
    0xD3, 0xD3, 0xE4, 0x75, 0x5E, 0x5C, 0xF2, 0xE7, 0xFF, 0x6E, 0x67, 0x6C, 0xFF, 0xFD, 0xE0, 0xD5,
    0xD3, 0xDD, 0x68, 0x48, 0x45, 0x5D, 0xD4, 0xC6, 0xCA, 0xD5, 0x5C, 0x50, 0x47, 0x4E, 0x5B, 0xED,
    0xCC, 0xC7, 0xC6, 0xE0, 0x51, 0x3E, 0x40, 0x51, 0xD3, 0xC3, 0xC6, 0xD0, 0x61, 0x49, 0x49, 0x59,
    0xEE, 0xDB, 0xDC, 0x71, 0x79, 0x6D, 0xDF, 0xE6, 0xEC, 0x61, 0x5B, 0x5F, 0xEC, 0xD3, 0xDD, 0xE7,
    0x67, 0x67, 0x67, 0x5F, 0x65, 0xF7, 0xD9, 0xC9, 0xCC, 0xEB, 0x52, 0x4B, 0x59, 0xEF, 0xD6, 0xDC,
    0x72, 0x77, 0xE0, 0xCD, 0xD3, 0x5A, 0x41, 0x42, 0x70, 0xBF, 0xB7, 0xC3, 0x57, 0x39, 0x36, 0x43,
    0xDE, 0xBF, 0xBC, 0xBF, 0xC9, 0xF5, 0x46, 0x3C, 0x3A, 0x4A, 0xD0, 0xBA, 0xB6, 0xCC, 0x49, 0x38,
    0x3D, 0x57, 0xC9, 0xC0, 0xCA, 0xE0, 0x57, 0x53, 0x53, 0x5A, 0x65, 0xD9, 0xCE, 0xD3, 0xED, 0x4D,
    0x4D, 0x53, 0xDA, 0xC9, 0xCE, 0x78, 0x48, 0x46, 0x56, 0xCB, 0xC1, 0xCA, 0x60, 0x45, 0x49, 0x69,
    0xCA, 0xC9, 0xE8, 0x52, 0x4F, 0x7E, 0xD5, 0xD9, 0x5C, 0x49, 0x4C, 0xDF, 0xC1, 0xC2, 0xD8, 0x4E,
    0x45, 0x4E, 0x6E, 0xFF, 0x74, 0x60, 0xEA, 0xCB, 0xC3, 0xCA, 0x5A, 0x40, 0x40, 0x55, 0xCB, 0xBF,
    0xC7, 0x75, 0x4A, 0x42, 0x4C, 0x77, 0xD4, 0xCC, 0xC9, 0xCE, 0xEE, 0x4F, 0x40, 0x40, 0x5B, 0xCD,
    0xBE, 0xBF, 0xE0, 0x4B, 0x3E, 0x43, 0x69, 0xCA, 0xBF, 0xC7, 0xE1, 0x55, 0x4B, 0x4D, 0x54, 0x5F,
    0xEE, 0xCD, 0xC7, 0xC9, 0xEB, 0x4D, 0x45, 0x49, 0xE5, 0xCC, 0xC5, 0xDA, 0x5E, 0x4C, 0x4F, 0x6F,
    0xDE, 0xCF, 0xDB, 0xE7, 0xF3, 0xE7, 0x67, 0x5B, 0x4E, 0x4C, 0x7B, 0xD3, 0xC8, 0xCC, 0xEE, 0x53,
    0x4A, 0x50, 0x62, 0xE6, 0xD7, 0xDB, 0xDD, 0xF0, 0x5C, 0x51, 0x51, 0xFD, 0xD9, 0xC7, 0xCB, 0xDD,
    0x55, 0x48, 0x48, 0x4F, 0xE8, 0xD5, 0xCD, 0xD5, 0xE7, 0x5B, 0x4A, 0x4E, 0x5B, 0xEC, 0xD1, 0xCD,
    0xCD, 0xED, 0x5F, 0x4C, 0x47, 0x4D, 0x68, 0xD1, 0xC9, 0xC9, 0xD8, 0x62, 0x4B, 0x45, 0x4D, 0xFE,
    0xC9, 0xC0, 0xBE, 0xD9, 0x4E, 0x3D, 0x3E, 0x4A, 0xD1, 0xC0, 0xBD, 0xC5, 0xE3, 0x4E, 0x3E, 0x3F,
    0x4F, 0xDC, 0xC3, 0xBF, 0xC9, 0xFE, 0x4A, 0x45, 0x4B, 0x6F, 0xDC, 0xD9, 0xDE, 0xE7, 0xF8, 0x67,
    0x7A, 0x67, 0xEA, 0xDF, 0xCF, 0xDC, 0xFA, 0x57, 0x4A, 0x50, 0x65, 0xD6, 0xCD, 0xD3, 0xD7, 0xF4,
    0x5B, 0x57, 0x4E, 0x5E, 0xF1, 0xCD, 0xCD, 0xE0, 0x60, 0x4D, 0x45, 0x51, 0xF8, 0xC9, 0xC3, 0xCC,
    0xFF, 0x47, 0x3E, 0x4C, 0xE6, 0xC6, 0xC9, 0xD2, 0x5F, 0x53, 0x54, 0x64, 0xFF, 0xFA, 0xE7, 0xDC,
    0xD1, 0xD6, 0xEB, 0x4E, 0x49, 0x4B, 0x6B, 0xCA, 0xC3, 0xC6, 0x77, 0x4C, 0x3F, 0x49, 0x78, 0xCA,
    0xBF, 0xCA, 0xE0, 0x4C, 0x42, 0x46, 0x52, 0x7E, 0xCD, 0xC2, 0xBF, 0xCE, 0x58, 0x42, 0x3E, 0x4A,
    0xE7, 0xC4, 0xBF, 0xCE, 0x6B, 0x48, 0x48, 0x4E, 0xF6, 0xD5, 0xCD, 0xCD, 0xD3, 0xEB, 0x4D, 0x41,
    0x41, 0x56, 0xD3, 0xBE, 0xC1, 0xD6, 0x4C, 0x3F, 0x43, 0x50, 0xE0, 0xCD, 0xC5, 0xCC, 0xDF, 0x61,
    0x4D, 0x4A, 0x4B, 0x65, 0xE7, 0xCA, 0xC5, 0xCF, 0x5E, 0x43, 0x48, 0x5B, 0xCD, 0xC3, 0xCF, 0x69,
    0x45, 0x45, 0x53, 0xDD, 0xCD, 0xCF, 0xD3, 0xDD, 0xE7, 0x69, 0x49, 0x3E, 0x43, 0xEB, 0xBE, 0xB7,
    0xBE, 0x69, 0x40, 0x3A, 0x43, 0x66, 0xCF, 0xCA, 0xCD, 0xD3, 0xDB, 0xF0, 0x51, 0x47, 0x45, 0x5E,
    0xCE, 0xC2, 0xCC, 0x65, 0x49, 0x4A, 0x74, 0xCF, 0xCC, 0xDD, 0x59, 0x47, 0x4B, 0x5C, 0xDD, 0xCB,
    0xC8, 0xD5, 0x73, 0x55, 0x52, 0x4D, 0x53, 0x68, 0xD2, 0xC5, 0xC5, 0xD8, 0x52, 0x3F, 0x41, 0x52,
    0xCE, 0xBE, 0xC1, 0xDF, 0x57, 0x4B, 0x54, 0x6D, 0xFF, 0xFF, 0xE6, 0xCE, 0xD0, 0xED, 0x4D, 0x47,
    0x50, 0xD4, 0xBE, 0xBE, 0xDA, 0x45, 0x39, 0x45, 0xDD, 0xBC, 0xC0, 0xDA, 0x4D, 0x48, 0x4F, 0xE1,
    0xDA, 0xE7, 0xF2, 0xFF, 0xE7, 0xE7, 0x63, 0x4F, 0x52, 0x6F, 0xD4, 0xC5, 0xCE, 0x75, 0x52, 0x4F,
    0x5A, 0x70, 0xE7, 0xE7, 0xDB, 0xE4, 0xEA, 0x66, 0x54, 0x51, 0x56, 0xFB, 0xD8, 0xD3, 0xDE, 0x65,
    0x54, 0x59, 0xF2, 0xDB, 0xE6, 0x5E, 0x55, 0x61, 0xDC, 0xCD, 0xD7, 0x78, 0x50, 0x49, 0x59, 0xDC,
    0xCD, 0xD4, 0x6F, 0x52, 0x53, 0x78, 0xD9, 0xD9, 0xE8, 0x72, 0x78, 0x64, 0x60, 0x67, 0x6C, 0xEC,
    0xD3, 0xD3, 0xDA, 0x61, 0x53, 0x53, 0x7D, 0xD0, 0xD4, 0xE6, 0x6A, 0x6A, 0xFF, 0x68, 0x5B, 0x5B,
    0x6C, 0xD0, 0xC6, 0xCB, 0xE5, 0x4A, 0x43, 0x4E, 0xDF, 0xC5, 0xC5, 0xDC, 0x4F, 0x41, 0x49, 0x68,
    0xD9, 0xCB, 0xCD, 0xD6, 0xEC, 0x66, 0x4C, 0x42, 0x46, 0x59, 0xC7, 0xBD, 0xBD, 0xD7, 0x4A, 0x3D,
    0x41, 0x65, 0xCE, 0xCB, 0xD7, 0xEA, 0x6F, 0xEA, 0x70, 0x56, 0x46, 0x4E, 0xE8, 0xC4, 0xBE, 0xCF,
    0x59, 0x43, 0x45, 0x66, 0xCC, 0xCF, 0xE8, 0x4B, 0x4D, 0x7D, 0xCD, 0xC7, 0xE6, 0x51, 0x47, 0x51,
    0xD7, 0xCD, 0xCE, 0x5D, 0x4A, 0x4F, 0x75, 0xCE, 0xCD, 0xDC, 0x7C, 0x60, 0x5B, 0x64, 0x61, 0x7E,
    0x75, 0xD8, 0xD4, 0xDF, 0x6B, 0x51, 0x50, 0x5B, 0xDA, 0xCD, 0xCE, 0x7D, 0x4E, 0x55, 0x6C, 0xE7,
    0xEE, 0x6B, 0x5D, 0xEE, 0xCE, 0xCF, 0xF5, 0x4D, 0x47, 0x5D, 0xCB, 0xBF, 0xC9, 0x5C, 0x40, 0x3F,
    0x5D, 0xCC, 0xC1, 0xC8, 0xE5, 0x5E, 0x4F, 0x54, 0x5B, 0x65, 0xF8, 0xDA, 0xCD, 0xCF, 0xEB, 0x4C,
    0x45, 0x50, 0xD9, 0xBF, 0xBD, 0xD0, 0x55, 0x3E, 0x3D, 0x4C, 0xE5, 0xC6, 0xBF, 0xC5, 0xD0, 0x5F,
    0x49, 0x42, 0x4B, 0x5C, 0xD2, 0xC4, 0xC1, 0xCD, 0x6B, 0x4A, 0x40, 0x46, 0x5E, 0xD0, 0xC3, 0xC2,
    0xCF, 0xFE, 0x56, 0x4A, 0x4A, 0x57, 0x76, 0xDF, 0xCF, 0xCD, 0xCF, 0xEC, 0x51, 0x47, 0x45, 0x64,
    0xD9, 0xC1, 0xC6, 0xD8, 0x56, 0x43, 0x41, 0x52, 0xDE, 0xC5, 0xBF, 0xCB, 0xF7, 0x4B, 0x42, 0x45,
    0x64, 0xD2, 0xC8, 0xCC, 0xEE, 0x5A, 0x53, 0x59, 0xF1, 0xD4, 0xDF, 0x6C, 0x5B, 0x56, 0x5B, 0xF3,
    0xD7, 0xD4, 0xDF, 0x6B, 0x5B, 0x5B, 0x53, 0x64, 0xFF, 0xDA, 0xD8, 0xDB, 0xFB, 0x56, 0x53, 0x57,
    0x72, 0xFF, 0xEE, 0xDC, 0xD6, 0xCD, 0xDD, 0x55, 0x3F, 0x3D, 0x4D, 0xCE, 0xBB, 0xBA, 0xD0, 0x4C,
    0x3D, 0x3C, 0x4B, 0xE8, 0xC7, 0xC1, 0xC3, 0xDB, 0x56, 0x42, 0x3E, 0x46, 0x7D, 0xC5, 0xBE, 0xC0,
    0xDF, 0x55, 0x47, 0x4A, 0x5A, 0xEE, 0xD5, 0xDB, 0xDB, 0xE1, 0xFF, 0x67, 0x67, 0x67, 0x6A, 0xFF,
    0xFF, 0xF4, 0xF6, 0xE6, 0xE6, 0x6A, 0x60, 0x58, 0x7D, 0xD9, 0xCF, 0xCF, 0xEF, 0x56, 0x4A, 0x55,
    0x67, 0xDD, 0xCE, 0xD3, 0xE0, 0x56, 0x4E, 0x58, 0xFD, 0xD8, 0xD3, 0xDD, 0x7C, 0x55, 0x56, 0x62,
    0xE6, 0xD3, 0xDA, 0xEA, 0x65, 0x4E, 0x56, 0x6D, 0xD2, 0xC9, 0xCD, 0xF3, 0x4E, 0x46, 0x4C, 0x7B,
    0xC9, 0xC5, 0xD0, 0x70, 0x51, 0x49, 0x4F, 0x5F, 0xE3, 0xCF, 0xC6, 0xC9, 0xE6, 0x49, 0x3E, 0x47,
    0x77, 0xC7, 0xBF, 0xCA, 0xFF, 0x53, 0x49, 0x56, 0x67, 0x70, 0xFF, 0xDE, 0xD3, 0xD3, 0xE4, 0x56,
    0x4D, 0x55, 0xE9, 0xD9, 0xD3, 0x79, 0x5B, 0x5B, 0xF1, 0xD7, 0xDB, 0x5B, 0x47, 0x4F, 0xE8, 0xC3,
    0xBE, 0xD4, 0x4D, 0x3E, 0x3F, 0x59, 0xCD, 0xC2, 0xC9, 0xDE, 0x66, 0x50, 0x4D, 0x4E, 0x58, 0xEB,
    0xCB, 0xC5, 0xCA, 0xF7, 0x48, 0x44, 0x59, 0xDD, 0xCB, 0xD7, 0x63, 0x4C, 0x57, 0xDE, 0xC9, 0xCD,
    0xF7, 0x4C, 0x46, 0x57, 0xD8, 0xCD, 0xDA, 0x5B, 0x5E, 0xE3, 0xC6, 0xD4, 0x57, 0x3F, 0x3E, 0x5C,
    0xC4, 0xB9, 0xC9, 0x52, 0x3F, 0x45, 0x6D, 0xD3, 0xCF, 0xE1, 0x79, 0x70, 0xDC, 0x74, 0x58, 0x49,
    0x4F, 0xEF, 0xC7, 0xC2, 0xD2, 0x58, 0x44, 0x4A, 0x5F, 0xD7, 0xD7, 0xF2, 0x67, 0x76, 0xD7, 0xDC,
    0xFF, 0x55, 0x4E, 0x5D, 0xD3, 0xCB, 0xD8, 0x62, 0x4F, 0x52, 0x71, 0xD9, 0xD4, 0xEB, 0x57, 0x4E,
    0x5C, 0xDD, 0xCD, 0xD1, 0x65, 0x4E, 0x4D, 0x60, 0xDA, 0xCE, 0xD6, 0xEE, 0x5B, 0x53, 0x5A, 0x5F,
    0xEE, 0xDC, 0xD3, 0xD3, 0xE9, 0x5F, 0x4A, 0x4B, 0x5D, 0xE7, 0xD0, 0xD1, 0xEC, 0x5B, 0x4E, 0x60,
    0xE2, 0xD3, 0xDA, 0x6E, 0x5D, 0x70, 0xE9, 0xE7, 0xF5, 0x5B, 0x5B, 0x5B, 0xE1, 0xCF, 0xD3, 0xF4,
    0x52, 0x53, 0x57, 0x74, 0xDB, 0xDB, 0xDB, 0xED, 0xFF, 0x7B, 0x67, 0x5C, 0x5D, 0x67, 0xE7, 0xCD,
    0xCD, 0xDE, 0x57, 0x46, 0x4F, 0x6C, 0xD3, 0xCD, 0xD2, 0x62, 0x4D, 0x49, 0x60, 0xE2, 0xCD, 0xD2,
    0xE4, 0x61, 0x4F, 0x4D, 0x50, 0xFD, 0xCD, 0xC4, 0xCB, 0xF9, 0x4A, 0x45, 0x53, 0xDC, 0xCE, 0xDB,
    0x6C, 0x4E, 0x5D, 0xE8, 0xD0, 0xD7, 0x65, 0x57, 0x53, 0xEF, 0xD1, 0xCE, 0xF8, 0x5D, 0x54, 0x68,
    0xE9, 0xE3, 0xE2, 0xFE, 0xE7, 0xF8, 0x74, 0x57, 0x5B, 0x72, 0xD3, 0xCE, 0xD7, 0x70, 0x4D, 0x54,
    0x66, 0xD9, 0xD9, 0x7C, 0x60, 0x74, 0xDA, 0xD3, 0xFD, 0x4F, 0x49, 0x57, 0xD8, 0xCD, 0xCF, 0xFB,
    0x53, 0x56, 0x6F, 0xE7, 0xEF, 0x5D, 0x58, 0x73, 0xDB, 0xCB, 0xD2, 0x6F, 0x4D, 0x49, 0x58, 0xF4,
    0xDB, 0xDF, 0xE7, 0xE7, 0xE7, 0xFD, 0x56, 0x4B, 0x4E, 0x79, 0xCB, 0xBF, 0xCB, 0xFC, 0x4B, 0x45,
    0x55, 0xF1, 0xD5, 0xDD, 0xE7, 0xE7, 0xE1, 0xDB, 0x77, 0x53, 0x4D, 0x59, 0xDC, 0xC5, 0xC5, 0xDC,
    0x50, 0x45, 0x4D, 0x65, 0xD9, 0xDB, 0xDB, 0xDB, 0xD3, 0xD8, 0xFB, 0x4F, 0x49, 0x55, 0xDD, 0xC7,
    0xCF, 0xF6, 0x4A, 0x48, 0x57, 0xD1, 0xC5, 0xCC, 0x69, 0x49, 0x49, 0x5C, 0xE0, 0xCD, 0xD3, 0xF7,
    0x63, 0x5B, 0x67, 0x67, 0x67, 0xFA, 0xDB, 0xCE, 0xD2, 0x75, 0x53, 0x45, 0x4C, 0x6F, 0xD3, 0xCD,
    0xD8, 0xF5, 0x67, 0x67, 0x67, 0x5B, 0x60, 0x5C, 0xED, 0xD6, 0xCD, 0xD6, 0x5F, 0x50, 0x4C, 0x5B,
    0xDE, 0xCF, 0xCE, 0xDB, 0xFB, 0x63, 0x5B, 0x67, 0xFF, 0xFF, 0xE7, 0xE7, 0xDC, 0xDD, 0x75, 0x5B,
    0x4F, 0x6C, 0xD9, 0xCD, 0xDA, 0x69, 0x49, 0x4E, 0x65, 0xD8, 0xCD, 0xD4, 0xFB, 0x62, 0x62, 0x7C,
    0x67, 0x5D, 0x5F, 0xE5, 0xCE, 0xCC, 0xEA, 0x51, 0x45, 0x4C, 0xEC, 0xCD, 0xC9, 0xD4, 0x6F, 0x52,
    0x4F, 0x53, 0x6F, 0xD9, 0xDB, 0xDE, 0x6E, 0x5B, 0x5F, 0xEA, 0xE7, 0xE7, 0x66, 0x5B, 0x5B, 0x6A,
    0xE6, 0xDB, 0xEC, 0xFF, 0xFF, 0xF1, 0xE7, 0x72, 0x57, 0x4A, 0x4D, 0xFB, 0xCD, 0xC5, 0xCC, 0xF4,
    0x4E, 0x45, 0x48, 0x5D, 0xDA, 0xCA, 0xC5, 0xCB, 0xEF, 0x53, 0x45, 0x4B, 0x6B, 0xDB, 0xD3, 0xDB,
    0xE2, 0xFF, 0x72, 0x67, 0x5B, 0x60, 0x7C, 0xE2, 0xD6, 0xD4, 0xFB, 0x5D, 0x50, 0x4E, 0x65, 0xD6,
    0xCB, 0xCA, 0xDE, 0x57, 0x4D, 0x4E, 0x66, 0xD9, 0xD3, 0xDD, 0xFF, 0xFF, 0x5B, 0x5B, 0x5B, 0x6D,
    0xEB, 0xDA, 0xD7, 0xE5, 0x6F, 0x56, 0x53, 0x5A, 0xEE, 0xDA, 0xD3, 0xDB, 0xF1, 0x5E, 0x5B, 0x5B,
    0x72, 0xE7, 0xDF, 0xDB, 0xF5, 0xDE, 0x7C, 0x60, 0x55, 0x58, 0xEE, 0xD4, 0xCD, 0xD7, 0x63, 0x4A,
    0x49, 0x66, 0xCC, 0xC1, 0xCA, 0xFE, 0x4C, 0x47, 0x51, 0xEF, 0xD6, 0xCD, 0xD6, 0xDB, 0xEC, 0x5F,
    0x4E, 0x4C, 0x4F, 0x69, 0xCE, 0xC9, 0xCF, 0xF3, 0x4E, 0x4D, 0x56, 0xE5, 0xD0, 0xCD, 0xDE, 0x6E,
    0x5C, 0x53, 0x5F, 0x6A, 0xE0, 0xDB, 0xD5, 0xE1, 0xFE, 0x5E, 0x53, 0x5D, 0xE8, 0xCF, 0xCE, 0xDD,
    0x53, 0x4B, 0x51, 0x70, 0xD3, 0xD3, 0xE0, 0x62, 0x67, 0xFF, 0xEB, 0xEC, 0x5B, 0x53, 0x5A, 0xDB,
    0xCD, 0xCF, 0xEE, 0x53, 0x53, 0x65, 0xE7, 0xE7, 0x7C, 0x67, 0x79, 0xE4, 0xDB, 0xFD, 0x59, 0x4E,
    0x56, 0xE8, 0xCB, 0xC6, 0xD2, 0x67, 0x48, 0x48, 0x56, 0xDF, 0xCE, 0xDD, 0xF3, 0x67, 0x6D, 0xFF,
    0x7A, 0x67, 0x67, 0xEE, 0xD6, 0xD4, 0x76, 0x4C, 0x43, 0x4E, 0xD7, 0xC0, 0xC0, 0xD6, 0x4E, 0x42,
    0x44, 0x5E, 0xDC, 0xCC, 0xCC, 0xD4, 0xE6, 0x69, 0x51, 0x4D, 0x53, 0x5C, 0xE0, 0xCD, 0xCD, 0xE1,
    0x67, 0x5E, 0x5B, 0x6D, 0xFF, 0xE9, 0xEF, 0xFC, 0x6B, 0x6D, 0x5C, 0x67, 0x78, 0xD9, 0xCD, 0xCD,
    0xE6, 0x58, 0x49, 0x49, 0x5F, 0xD7, 0xC9, 0xCD, 0xE7, 0x5E, 0x5C, 0x6E, 0xEA, 0xEB, 0x6E, 0x67,
    0x67, 0xF0, 0xE7, 0xDF, 0xE5, 0xEB, 0x6D, 0x67, 0x67, 0x77, 0xFF, 0xFF, 0xE9, 0xF6, 0xDE, 0xE7,
    0xE7, 0x6E, 0x67, 0x5F, 0x66, 0xFF, 0xED, 0xE8, 0xFF, 0xEA, 0xE7, 0xE7, 0x69, 0x51, 0x4D, 0x5E,
    0xD4, 0xC7, 0xC9, 0x74, 0x42, 0x3F, 0x4D, 0xD8, 0xC2, 0xC4, 0xDB, 0x50, 0x45, 0x4B, 0x5D, 0xE5,
    0xDB, 0xDB, 0xD3, 0xD8, 0xE7, 0x6B, 0x55, 0x53, 0x60, 0xE9, 0xD1, 0xD1, 0xE7, 0x77, 0x55, 0x5D,
    0x67, 0xEA, 0xE7, 0xDE, 0x7D, 0x6E, 0x6A, 0x6D, 0xE7, 0xE7, 0xDE, 0xE7, 0xE9, 0x70, 0x67, 0x63,
    0x6A, 0xE8, 0xFF, 0xEB, 0x7B, 0x6F, 0xFF, 0xF7, 0xE7, 0xE7, 0xED, 0x5F, 0x5A, 0x57, 0x78, 0xDF,
    0xCF, 0xD4, 0xEE, 0x58, 0x4A, 0x50, 0x64, 0xD7, 0xCD, 0xCE, 0xEC, 0x56, 0x4D, 0x4C, 0x64, 0xDE,
    0xCF, 0xCE, 0xDF, 0xFA, 0x5A, 0x53, 0x4E, 0x4F, 0x5F, 0xDB, 0xD0, 0xCD, 0xD9, 0x63, 0x4D, 0x4F,
    0x59, 0x6B, 0xDF, 0xDB, 0xD3, 0xD8, 0xDC, 0x64, 0x4E, 0x4A, 0x58, 0xD6, 0xC8, 0xCB, 0xEA, 0x50,
    0x4A, 0x50, 0xFB, 0xD4, 0xCF, 0xD9, 0xE9, 0x67, 0x5D, 0x5D, 0x71, 0xFF, 0xE2, 0xE3, 0xE7, 0xEF,
    0x69, 0x67, 0x72, 0xE7, 0xE7, 0xF7, 0x67, 0x6F, 0xE9, 0xDB, 0xE1, 0x7E, 0x61, 0x5B, 0x69, 0xEF,
    0xDC, 0xDE, 0xF4, 0x66, 0x5B, 0x64, 0x6C, 0xDF, 0xE6, 0xDE, 0xF5, 0x7D, 0x67, 0x5D, 0x5B, 0x60,
    0xE9, 0xD3, 0xD3, 0xD5, 0x61, 0x4E, 0x4D, 0x5A, 0xDC, 0xCC, 0xC9, 0xDE, 0x58, 0x4A, 0x51, 0xF7,
    0xD3, 0xCF, 0xDF, 0x5A, 0x53, 0x64, 0xE7, 0xE7, 0xE8, 0xFF, 0xFF, 0xE7, 0xE7, 0xFC, 0x59, 0x53,
    0x5C, 0xEA, 0xCF, 0xD5, 0xE0, 0xFD, 0x67, 0x75, 0x67, 0x60, 0x5B, 0x5D, 0xF9, 0xD4, 0xD3, 0xD9,
    0x65, 0x57, 0x53, 0x6B, 0xED, 0xDB, 0xDB, 0xDB, 0xDC, 0xEF, 0x5D, 0x4D, 0x4D, 0x5C, 0xDA, 0xC7,
    0xCB, 0xE9, 0x4B, 0x43, 0x4D, 0xE5, 0xC8, 0xC5, 0xD9, 0x56, 0x46, 0x50, 0x6D, 0xCD, 0xCF, 0xE2,
    0x61, 0x53, 0x66, 0xE2, 0xDB, 0xE9, 0xFF, 0x69, 0x67, 0x67, 0x5B, 0x6D, 0xEB, 0xD9, 0xC9, 0xCD,
    0x6B, 0x47, 0x3E, 0x4C, 0xE6, 0xC0, 0xBF, 0xCC, 0x5A, 0x44, 0x42, 0x55, 0xE1, 0xCD, 0xCC, 0xDA,
    0xF2, 0x5E, 0x5B, 0x50, 0x52, 0x5D, 0xEC, 0xCE, 0xCD, 0xD7, 0x79, 0x54, 0x52, 0x6A, 0xE4, 0xDB,
    0xDE, 0x70, 0x67, 0x6F, 0xE9, 0xDB, 0xDB, 0xE7, 0x61, 0x55, 0x53, 0x5B, 0xEB, 0xD1, 0xCD, 0xD4,
    0x78, 0x4C, 0x46, 0x50, 0xEB, 0xCB, 0xC8, 0xD4, 0x76, 0x4F, 0x49, 0x4E, 0x5B, 0xDC, 0xCB, 0xCA,
    0xDB, 0x5F, 0x52, 0x50, 0x5B, 0x74, 0xDE, 0xDB, 0xD3, 0xDA, 0xEF, 0x5E, 0x4D, 0x4D, 0x51, 0x6F,
    0xCF, 0xCA, 0xCB, 0xDE, 0x5B, 0x49, 0x44, 0x4F, 0xE6, 0xC7, 0xBF, 0xC9, 0x64, 0x42, 0x3E, 0x48,
    0xF9, 0xC7, 0xC3, 0xCB, 0xEA, 0x54, 0x4D, 0x55, 0x60, 0xE9, 0xF4, 0xDE, 0xDB, 0xDF, 0xFA, 0x67,
    0x5E, 0x67, 0x6D, 0xFF, 0xFF, 0xFF, 0xFF, 0xFF, 0xFF, 0xFF, 0x72, 0x67, 0xFF, 0xFF, 0xE9, 0xE7,
    0xE7, 0x7E, 0x67, 0x5D, 0x6A, 0xEF, 0xE7, 0xE1, 0x6C, 0x67, 0x67, 0x67, 0xF9, 0xE7, 0xE7, 0xE7,
    0xE7, 0xEA, 0x60, 0x55, 0x57, 0xF9, 0xD4, 0xCF, 0xDF, 0x64, 0x53, 0x53, 0x6B, 0xED, 0xDB, 0xDE,
    0xF7, 0x7A, 0x6F, 0xE9, 0xE7, 0xE7, 0x7E, 0x61, 0x5B, 0x69, 0xFF, 0xE9, 0xDB, 0xDB, 0xE8, 0x71,
    0x67, 0x5B, 0x60, 0x7C, 0xE2, 0xDB, 0xDC, 0xEE, 0x6A, 0x5D, 0x71, 0xFF, 0xE7, 0xF6, 0x66, 0x5F,
    0x7A, 0xDA, 0xD3, 0xDB, 0xE9, 0x57, 0x53, 0x5B, 0xEB, 0xD9, 0xD8, 0xE7, 0x6B, 0x5B, 0x5C, 0x6F,
    0xE9, 0xE3, 0xDB, 0xDC, 0xEE, 0x5F, 0x4D, 0x49, 0x52, 0xDC, 0xC5, 0xBF, 0xCC, 0x5B, 0x40, 0x3E,
    0x4D, 0xED, 0xC8, 0xC6, 0xCF, 0xF0, 0x5B, 0x56, 0x53, 0x5E, 0x67, 0xE5, 0xD7, 0xD3, 0xD7, 0xF3,
    0x53, 0x4D, 0x4D, 0x56, 0xDF, 0xCE, 0xCB, 0xD6, 0xE8, 0x55, 0x4D, 0x4E, 0x61, 0xDD, 0xD1, 0xD6,
    0xE8, 0x69, 0x55, 0x55, 0x60, 0xE9, 0xDB, 0xE2, 0xEA, 0x67, 0x67, 0x67, 0x67, 0x67, 0x6D, 0xEC,
    0xE6, 0xDF, 0xE7, 0xEF, 0x5E, 0x5B, 0x56, 0x6F, 0xFB, 0xDF, 0xDB, 0xDD, 0xE7, 0x67, 0x58, 0x53,
    0x57, 0xE6, 0xCE, 0xCB, 0xD6, 0x7C, 0x55, 0x4A, 0x4F, 0xFC, 0xD4, 0xCF, 0xD9, 0x7C, 0x60, 0x55,
    0x67, 0x71, 0xE8, 0xE2, 0xD6, 0xDC, 0xFD, 0x56, 0x49, 0x4E, 0x7D, 0xCF, 0xC6, 0xCE, 0xEF, 0x55,
    0x4D, 0x50, 0xFF, 0xF3, 0xDD, 0xE7, 0xDF, 0xE6, 0xFF, 0x6D, 0x5C, 0x67, 0x78, 0xE7, 0xE7, 0xFC,
    0x62, 0x62, 0xFD, 0xE0, 0xDB, 0xE7, 0xF1, 0x68, 0x67, 0x5E, 0x67, 0x67, 0x79, 0xE0, 0xCF, 0xD3,
    0xE2, 0x5A, 0x4D, 0x53, 0x76, 0xD8, 0xD5, 0xE7, 0x61, 0x63, 0xF7, 0xD7, 0xD3, 0x6F, 0x56, 0x4E,
    0x64, 0xDF, 0xD3, 0xDC, 0xFC, 0x75, 0xF4, 0xE7, 0xEE, 0x5E, 0x4D, 0x4C, 0x64, 0xD4, 0xC7, 0xC6,
    0xDE, 0x57, 0x46, 0x4E, 0x7B, 0xD9, 0xD3, 0xDC, 0xFD, 0x5C, 0x5B, 0x5B, 0x67, 0xF3, 0xD7, 0xCD,
    0xCD, 0xE3, 0x55, 0x47, 0x49, 0x5D, 0xD9, 0xC9, 0xC8, 0xCD, 0x6E, 0x51, 0x49, 0x4B, 0x58, 0xE2,
    0xCF, 0xCA, 0xCD, 0xED, 0x52, 0x48, 0x49, 0x58, 0xDE, 0xCE, 0xC7, 0xCF, 0x76, 0x4E, 0x4D, 0x4F,
    0x6A, 0xE8, 0xDB, 0xD5, 0xDC, 0xEF, 0x69, 0x53, 0x53, 0x67, 0xF3, 0xDD, 0xE7, 0xEF, 0x69, 0x67,
    0x73, 0xFF, 0xFF, 0x6A, 0x6A, 0xFF, 0xE9, 0xEC, 0xFF, 0x7D, 0x67, 0x78, 0xEA, 0xEE, 0xFD, 0x62,
    0x62, 0x68, 0xE9, 0xDB, 0xDD, 0xF2, 0x68, 0x61, 0x5B, 0xFF, 0xFF, 0xE9, 0xE7, 0xE7, 0xE7, 0xFF,
    0xFF, 0x67, 0x67, 0x5C, 0x6B, 0xED, 0xDB, 0xD7, 0xF1, 0x62, 0x4F, 0x53, 0x60, 0xE2, 0xD3, 0xD7,
    0xE4, 0xFF, 0xFF, 0xFF, 0x6D, 0x5B, 0x5B, 0x65, 0xDE, 0xCD, 0xD0, 0xFB, 0x51, 0x4D, 0x55, 0xE9,
    0xCB, 0xCA, 0xDA, 0x5C, 0x50, 0x51, 0x6B, 0xE7, 0xDC, 0xE7, 0xE7, 0xFF, 0xFF, 0x6B, 0x5B, 0x5B,
    0x5B, 0xEE, 0xD6, 0xCE, 0xDA, 0x6E, 0x52, 0x4D, 0x53, 0x72, 0xD8, 0xCD, 0xCF, 0xE1, 0x61, 0x53,
    0x53, 0x59, 0xF2, 0xDB, 0xD0, 0xD2, 0xEB, 0x64, 0x5B, 0x5B, 0x5B, 0x69, 0xEF, 0xDC, 0xDB, 0xE1,
    0xFF, 0x67, 0x67, 0x67, 0xFE, 0xE7, 0xDE, 0xF4, 0x67, 0x5B, 0x64, 0xFF, 0xFF, 0xFF, 0xFF, 0xEC,
    0xDB, 0xDB, 0xE4, 0x5F, 0x49, 0x45, 0x5D, 0xCB, 0xBE, 0xC1, 0xDD, 0x4B, 0x3F, 0x45, 0x68, 0xD2,
    0xCD, 0xD3, 0xE5, 0x77, 0x67, 0x67, 0x5E, 0x67, 0xFB, 0xDF, 0xDB, 0xE0, 0x6D, 0x5B, 0x5E, 0x67,
    0xE5, 0xDB, 0xE6, 0x6E, 0x5B, 0x67, 0x79, 0xDD, 0xDB, 0xE0, 0xE7, 0x67, 0x67, 0x67, 0x6E, 0xFF,
    0x6A, 0xFF, 0xE8, 0xDB, 0xDB, 0xDD, 0x68, 0x5B, 0x5B, 0x61, 0x7E, 0xF3, 0xDD, 0xDC, 0xE7, 0xFB,
    0x77, 0x5E, 0x5B, 0x5E, 0x77, 0xE3, 0xD3, 0xDB, 0xEC, 0x6D, 0x5C, 0x60, 0x64, 0x67, 0x67, 0x7C,
    0xE2, 0xD6, 0xD4, 0xE5, 0x5E, 0x53, 0x53, 0x5B, 0xED, 0xD6, 0xD3, 0xD7, 0xE5, 0x71, 0x57, 0x53,
    0x56, 0x6E, 0xDB, 0xCE, 0xD1, 0xEB, 0x63, 0x53, 0x5E, 0x77, 0xE7, 0xEF, 0xFF, 0xFF, 0xED, 0xDB,
    0xDB, 0xE4, 0x5A, 0x4F, 0x53, 0x71, 0xD9, 0xC9, 0xCD, 0xE1, 0x61, 0x4F, 0x4D, 0x61, 0xE1, 0xD3,
    0xD7, 0xDB, 0x78, 0x67, 0x5C, 0x5B, 0x63, 0xF9, 0xD8, 0xD3, 0xD7, 0x78, 0x5B, 0x56, 0x63, 0xE5,
    0xDB, 0xE5, 0x6F, 0x5B, 0x67, 0xFF, 0xEB, 0xDD, 0xE7, 0xE7, 0xFF, 0xFF, 0x66, 0x5B, 0x5B, 0x6A,
    0xDE, 0xD3, 0xCF, 0xE8, 0x5B, 0x50, 0x52, 0xF2, 0xD7, 0xCE, 0xE7, 0x58, 0x4E, 0x5B, 0xEC, 0xD3,
    0xD8, 0xE7, 0x58, 0x4E, 0x5C, 0x7E, 0xD5, 0xD5, 0xE1, 0x67, 0x58, 0x53, 0x5D, 0xEF, 0xDC, 0xD9,
    0xD9, 0xE8, 0x61, 0x4F, 0x55, 0x60, 0xDD, 0xCF, 0xCF, 0xDC, 0x69, 0x4F, 0x4E, 0x58, 0xEA, 0xD3,
    0xD3, 0xD5, 0xFC, 0x56, 0x53, 0x5D, 0x7E, 0xE2, 0xDB, 0xE7, 0xEF, 0x69, 0x5D, 0x67, 0x67, 0xFF,
    0xEB, 0xDB, 0xDF, 0xFB, 0x59, 0x58, 0x68, 0xDD, 0xCE, 0xCF, 0xE8, 0x55, 0x4D, 0x56, 0xFC, 0xD5,
    0xD2, 0xDE, 0x6E, 0x67, 0x5E, 0x75, 0xFF, 0xF1, 0xE7, 0xDB, 0xDB, 0xE7, 0x6C, 0x50, 0x4D, 0x53,
    0xEE, 0xCD, 0xC7, 0xCD, 0x7C, 0x4F, 0x4A, 0x53, 0x77, 0xD9, 0xD3, 0xD4, 0xF8, 0x5D, 0x52, 0x54,
    0x78, 0xDD, 0xCD, 0xD4, 0xEB, 0x50, 0x4D, 0x54, 0x7A, 0xD1, 0xD1, 0xDC, 0x69, 0x55, 0x55, 0x60,
    0x7D, 0xE7, 0xF6, 0xFF, 0xFF, 0xEA, 0xE7, 0xF2, 0x67, 0x5B, 0x5B, 0x5D, 0xEF, 0xDC, 0xDB, 0xE1,
    0xFF, 0x67, 0x5D, 0x67, 0x67, 0x7B, 0xFF, 0xED, 0xDB, 0xD8, 0xDA, 0x79, 0x5B, 0x4E, 0x5A, 0xE2,
    0xCD, 0xCF, 0xEE, 0x58, 0x4D, 0x5A, 0xED, 0xD6, 0xDC, 0xFC, 0x5D, 0x6A, 0xFF, 0xE8, 0xDE, 0xF6,
    0x65, 0x57, 0x5A, 0x6B, 0xED, 0xE7, 0xDB, 0xDB, 0xE9, 0x67, 0x5B, 0x55, 0x61, 0xFE, 0xE1, 0xDB,
    0xEC, 0x5F, 0x5B, 0x5E, 0xF5, 0xDB, 0xDB, 0xE4, 0x61, 0x53, 0x53, 0x6C, 0xE1, 0xD4, 0xE5, 0x6A,
    0x5A, 0x58, 0x7C, 0xE7, 0xE7, 0xFF, 0xF0, 0xFA, 0xEB, 0x6D, 0x5B, 0x53, 0x5F, 0xE4, 0xCF, 0xCD,
    0xEF, 0x59, 0x4D, 0x51, 0x6F, 0xDA, 0xD3, 0xDB, 0xF1, 0x5E, 0x5C, 0x6E, 0xFF, 0xE7, 0xF0, 0xFF,
    0xFF, 0xFF, 0xFF, 0x71, 0x67, 0xF9, 0xDF, 0xDB, 0xEC, 0xFF, 0x67, 0x6E, 0xFF, 0xFF, 0x6E, 0x5B,
    0x67, 0xF0, 0xD3, 0xD3, 0xE3, 0x5F, 0x4F, 0x4D, 0x69, 0xDD, 0xCD, 0xCF, 0xE4, 0x6F, 0x56, 0x5B,
    0x5E, 0x77, 0xFA, 0xDF, 0xDB, 0xDE, 0xF4, 0x66, 0x5B, 0x5B, 0x6A, 0xEE, 0xDC, 0xEC, 0xFF, 0x7C,
    0x6E, 0xFF, 0xFF, 0x6E, 0x5C, 0x6C, 0xEC, 0xDB, 0xDF, 0xFA, 0x59, 0x53, 0x5B, 0x76, 0xDD, 0xDB,
    0xDB, 0xE5, 0x67, 0x5E, 0x5B, 0x5E, 0x77, 0xE5, 0xDB, 0xF9, 0x63, 0x5B, 0x68, 0xDD, 0xCE, 0xDD,
    0xF1, 0x5C, 0x56, 0x62, 0xFD, 0xE7, 0xF9, 0xFF, 0xFF, 0xFF, 0xE7, 0xE7, 0x7C, 0x67, 0x7A, 0xE4,
    0xDB, 0xE7, 0x6C, 0x55, 0x55, 0x7E, 0xD5, 0xCE, 0xDD, 0x7E, 0x58, 0x53, 0x5F, 0xDB, 0xD3, 0xDE,
    0x75, 0x67, 0x67, 0x78, 0xFF, 0xFF, 0x68, 0x67, 0x74, 0xE6, 0xD3, 0xD3, 0xDE, 0x65, 0x54, 0x4F,
    0x5E, 0xE6, 0xD4, 0xCD, 0xDF, 0x64, 0x4E, 0x4F, 0x5F, 0xE4, 0xD0, 0xCD, 0xDF, 0x63, 0x4D, 0x4F,
    0x5F, 0xE3, 0xCF, 0xCD, 0xDA, 0x63, 0x53, 0x56, 0x63, 0xE7, 0xE7, 0xE7, 0x62, 0x62, 0x68, 0xF1,
    0xE7, 0xE7, 0xF1, 0xFF, 0xFF, 0xFF, 0xFF, 0xFF, 0xFF, 0xFF, 0x6E, 0x7D, 0xFF, 0xFF, 0xFF, 0xFF,
    0xFF, 0xE4, 0xD7, 0xDB, 0xF6, 0x5D, 0x4E, 0x57, 0x77, 0xDF, 0xD3, 0xE7, 0x72, 0x5D, 0x5C, 0x6F,
    0xE9, 0xDB, 0xDB, 0xE8, 0x71, 0x67, 0x5B, 0x5B, 0x66, 0x7C, 0xD6, 0xD3, 0xD7, 0x70, 0x52, 0x4D,
    0x53, 0x74, 0xD8, 0xD3, 0xD7, 0xE5, 0x67, 0x5E, 0x53, 0x56, 0x63, 0xE4, 0xCF, 0xD2, 0xDF, 0x63,
    0x53, 0x56, 0x63, 0xFB, 0xDF, 0xDB, 0xDE, 0xF4, 0x67, 0x5B, 0x5B, 0x6A, 0xE6, 0xD4, 0xD8, 0xF4,
    0x5A, 0x4D, 0x58, 0xF3, 0xD2, 0xCD, 0xD6, 0xEE, 0x67, 0x67, 0x67, 0x78, 0x67, 0x67, 0x6D, 0xEC,
    0xDB, 0xD3, 0xDA, 0x70, 0x56, 0x53, 0x5E, 0xEF, 0xD2, 0xCF, 0xDA, 0x76, 0x5E, 0x53, 0x56, 0x63,
    0xFA, 0xDF, 0xD4, 0xD6, 0xE2, 0x66, 0x5B, 0x64, 0xF9, 0xDF, 0xE6, 0xFF, 0x6C, 0x67, 0x6E, 0xEA,
    0xE4, 0xDB, 0xE7, 0xE7, 0xF6, 0x67, 0x67, 0x5C, 0x67, 0xF8, 0xDC, 0xD6, 0xE3, 0x77, 0x5B, 0x5B,
    0x6B, 0xED, 0xDB, 0xD6, 0xE3, 0x65, 0x57, 0x53, 0x5D, 0xF5, 0xDB, 0xD3, 0xDA, 0xED, 0x5F, 0x54,
    0x56, 0x6D, 0xDB, 0xD7, 0xE4, 0x64, 0x57, 0x53, 0x6C, 0xEC, 0xDB, 0xDB, 0xE5, 0xEB, 0xFF, 0x67,
    0x5E, 0x53, 0x55, 0x6F, 0xDE, 0xD1, 0xD0, 0xE7, 0x6B, 0x5B, 0x54, 0x5B, 0x77, 0xDF, 0xCF, 0xD4,
    0xEA, 0x57, 0x4D, 0x50, 0x64, 0xDF, 0xCF, 0xCE, 0xE5, 0x5E, 0x52, 0x54, 0x7B, 0xE2, 0xDB, 0xDC,
    0xEE, 0x6A, 0x67, 0x67, 0x67, 0x67, 0x67, 0xFC, 0xE0, 0xDB, 0xDF, 0x6D, 0x5B, 0x53, 0x5F, 0xE5,
    0xD7, 0xDA, 0x76, 0x5E, 0x53, 0x6D, 0xDF, 0xD3, 0xD8, 0xF9, 0x59, 0x4F, 0x5C, 0x79, 0xD7, 0xD5,
    0xE0, 0xFD, 0x5B, 0x62, 0xFD, 0xE0, 0xDB, 0x78, 0x5F, 0x5B, 0xF4, 0xDE, 0xE9, 0x70, 0x67, 0x6B,
    0xEE, 0xDC, 0xED, 0x6B, 0x52, 0x53, 0x76, 0xD9, 0xD3, 0xDB, 0xF7, 0x67, 0x69, 0xFF, 0xFF, 0x63,
    0x56, 0x5C, 0xEA, 0xCF, 0xCD, 0xD8, 0x5D, 0x4D, 0x4D, 0x69, 0xDC, 0xD3, 0xDD, 0xF1, 0x68, 0x67,
    0x67, 0x5B, 0x58, 0x62, 0xF1, 0xD2, 0xCD, 0xD9, 0x70, 0x53, 0x57, 0x65, 0xE3, 0xDB, 0xE7, 0xFF,
    0x6B, 0xFF, 0xFF, 0xFF, 0x63, 0x5B, 0x68, 0xDD, 0xCE, 0xD6, 0x7D, 0x55, 0x56, 0x62, 0xE7, 0xD8,
    0xDA, 0xEA, 0x6E, 0x5C, 0x5E, 0x67, 0xFD, 0xE0, 0xDB, 0xD5, 0xEA, 0x68, 0x51, 0x51, 0x55, 0x7D,
    0xD6, 0xCD, 0xD0, 0xFD, 0x53, 0x49, 0x4F, 0xEF, 0xCE, 0xCA, 0xD5, 0x67, 0x50, 0x4D, 0x56, 0xFE,
    0xDC, 0xDB, 0xDB, 0xDC, 0xEE, 0x6A, 0x5B, 0x5B, 0x5B, 0x72, 0xDE, 0xD3, 0xDA, 0xF9, 0x5A, 0x58,
    0x66, 0xF4, 0xDE, 0xDC, 0xEF, 0xFF, 0x6B, 0xFF, 0x67, 0xFF, 0xFF, 0xDA, 0xD7, 0xD4, 0xEF, 0x59,
    0x4D, 0x4F, 0x6B, 0xD1, 0xC9, 0xCD, 0xF0, 0x54, 0x4D, 0x4F, 0x60, 0xE2, 0xD3, 0xD3, 0xD6, 0xED,
    0x65, 0x50, 0x4D, 0x56, 0xEC, 0xCE, 0xCB, 0xD7, 0x65, 0x50, 0x52, 0x5F, 0xE4, 0xDB, 0xDE, 0xF6,
    0x67, 0x67, 0x67, 0x67, 0x72, 0xE7, 0xDB, 0xE3, 0x7B, 0x67, 0x5C, 0x5D, 0x73, 0xE7, 0xE7, 0xF8,
    0x67, 0x5F, 0x66, 0xE7, 0xE7, 0xE8, 0x71, 0x67, 0x6A, 0xEE, 0xE7, 0xFF, 0x6C, 0x5C, 0x6E, 0xEA,
    0xD3, 0xDD, 0xFE, 0x59, 0x4F, 0x5D, 0xE1, 0xCE, 0xCF, 0xE1, 0x68, 0x50, 0x51, 0x5D, 0xEF, 0xDC,
    0xDB, 0xDB, 0xE7, 0x61, 0x5B, 0x5C, 0x6F, 0xE9, 0xDE, 0xE7, 0x7E, 0x67, 0x67, 0x67, 0x67, 0x67,
    0xFF, 0xEC, 0xE6, 0xDF, 0xF9, 0x64, 0x5B, 0x5B, 0x6C, 0xEC, 0xE6, 0xDB, 0xE5, 0x78, 0x5F, 0x67,
    0x6D, 0xEC, 0xE7, 0xEF, 0x69, 0x5B, 0x5B, 0x7E, 0xE7, 0xDD, 0xDC, 0xEF, 0xFF, 0xFF, 0xFF, 0x7E,
    0x67, 0x77, 0xFA, 0xDF, 0xE6, 0xFF, 0x6C, 0x5C, 0x6E, 0xEA, 0xDA, 0xD8, 0xFB, 0x59, 0x53, 0x5C,
    0xF1, 0xDD, 0xD3, 0xDD, 0xFE, 0x62, 0x63, 0x5B, 0x5F, 0x67, 0xF8, 0xDE, 0xD3, 0xCF, 0xEB, 0x63,
    0x4D, 0x4D, 0x57, 0xE9, 0xCD, 0xCD, 0xD8, 0x7A, 0x5B, 0x53, 0x5E, 0x67, 0xE7, 0xDB, 0xD5, 0xDD,
    0x7B, 0x5C, 0x4D, 0x56, 0x6A, 0xD4, 0xCD, 0xD5, 0xF6, 0x54, 0x4D, 0x57, 0xE6, 0xD4, 0xD2, 0xEE,
    0x5A, 0x53, 0x5E, 0x76, 0xDA, 0xD3, 0xDA, 0xEB, 0x63, 0x53, 0x53, 0x5F, 0xE5, 0xD3, 0xD3, 0xD8,
    0x75, 0x5B, 0x53, 0x5A, 0x6A, 0xEF, 0xE7, 0xE7, 0xE7, 0xFF, 0x71, 0x67, 0x67, 0x71, 0xFF, 0xE7,
    0xE7, 0xE7, 0xEF, 0xFF, 0x78, 0x5F, 0x5B, 0x5E, 0xF1, 0xDB, 0xD3, 0xDA, 0x77, 0x5E, 0x5B, 0x6D,
    0xEB, 0xDC, 0xE7, 0xFB, 0x67, 0x67, 0xFF, 0xFF, 0xFF, 0xFF, 0xFF, 0xFF, 0xDB, 0xDB, 0xE8, 0x71,
    0x5D, 0x5B, 0x69, 0xFF, 0xF5, 0xE7, 0x7C, 0x6E, 0xFF, 0xE7, 0xE7, 0xFE, 0x74, 0x67, 0xFF, 0xF0,
    0xE7, 0xFF, 0x6D, 0x67, 0xFF, 0xEB, 0xE7, 0xEF, 0xFF, 0x6B, 0xFF, 0xFF, 0xE7, 0xE7, 0xFF, 0xFF,
    0x69, 0x67, 0x67, 0x67, 0x6E, 0xDF, 0xD3, 0xD3, 0xE5, 0x62, 0x56, 0x5C, 0x6E, 0xEA, 0xE7, 0xE7,
    0xE7, 0xFF, 0xFF, 0x67, 0x67, 0x79, 0xE7, 0xE7, 0xE7, 0xF6, 0x5D, 0x53, 0x57, 0x76, 0xD7, 0xCD,
    0xD3, 0xF7, 0x5D, 0x53, 0x57, 0x65, 0xF6, 0xDE, 0xDB, 0xDB, 0xE4, 0x79, 0x5F, 0x54, 0x53, 0x5E,
    0xE6, 0xD0, 0xCD, 0xDD, 0x7B, 0x5C, 0x53, 0x59, 0x69, 0xE0, 0xD5, 0xDB, 0xE1, 0x68, 0x53, 0x59,
    0x6A, 0xDC, 0xD3, 0xD7, 0x77, 0x53, 0x4F, 0x59, 0xE5, 0xD7, 0xD3, 0xF0, 0x5E, 0x5B, 0x6D, 0xFF,
    0xEA, 0x6F, 0x67, 0x6C, 0xED, 0xD4, 0xE5, 0x5F, 0x53, 0x58, 0x7A, 0xD6, 0xCD, 0xDC, 0x69, 0x4F,
    0x4E, 0x5D, 0xE9, 0xD1, 0xCD, 0xCE, 0xEE, 0x5C, 0x4C, 0x4E, 0x66, 0xDE, 0xCC, 0xCE, 0xD7, 0x6D,
    0x51, 0x4B, 0x4D, 0x69, 0xD7, 0xCD, 0xCC, 0xDA, 0x6E, 0x56, 0x53, 0x5A, 0x78, 0xFA, 0xDF, 0xDB,
    0xDE, 0xF5, 0x66, 0x5B, 0x5B, 0x6A, 0xE5, 0xD4, 0xD6, 0xEE, 0x5A, 0x4D, 0x59, 0x6E, 0xDF, 0xD4,
    0xD9, 0xF6, 0x65, 0x5B, 0x5B, 0x5D, 0x72, 0xE7, 0xD8, 0xD3, 0xD5, 0x7E, 0x55, 0x4D, 0x50, 0xFE,
    0xDD, 0xD3, 0xDD, 0x7C, 0x5C, 0x56, 0x62, 0xFD, 0xDD, 0xD3, 0xDD, 0x7B, 0x54, 0x53, 0x59, 0xFA,
    0xD8, 0xD3, 0xD5, 0xEA, 0x68, 0x59, 0x59, 0x5C, 0x7D, 0xDD, 0xD5, 0xDB, 0xE7, 0x73, 0x67, 0x5B,
    0x5B, 0x65, 0xF7, 0xDE, 0xD3, 0xDA, 0xF8, 0x5A, 0x53, 0x53, 0x71, 0xD9, 0xD4, 0xDB, 0xF2, 0x64,
    0x60, 0x67, 0x6C, 0xFF, 0xE7, 0xE0, 0xE4, 0xEA, 0x6E, 0x5C, 0x59, 0x5F, 0xFC, 0xE0, 0xDB, 0xDD,
    0x78, 0x67, 0x5B, 0x63, 0xFB, 0xDF, 0xE5, 0xEB, 0x6D, 0x67, 0xFF, 0xEB, 0xE7, 0xEF, 0xFF, 0x63,
    0x5B, 0x5B, 0x6E, 0xEB, 0xE2, 0xD8, 0xE6, 0xF2, 0x5E, 0x5C, 0x6E, 0xEA, 0xDB, 0xDB, 0xE6, 0x67,
    0x5E, 0x5C, 0x6E, 0xFF, 0xDB, 0xDB, 0xDB, 0xED, 0x6B, 0x5B, 0x5B, 0x65, 0xF7, 0xDE, 0xDB, 0xED,
    0x6B, 0x5C, 0x67, 0x7B, 0xE7, 0xE7, 0xE8, 0xFF, 0xFF, 0x67, 0x67, 0x5C, 0x5E, 0x74, 0xE7, 0xDB,
    0xDB, 0xED, 0x5F, 0x5B, 0x5E, 0x75, 0xE6, 0xDB, 0xE4, 0x78, 0x67, 0x67, 0x67, 0x67, 0xFF, 0xFF,
    0xEA, 0xE7, 0xE7, 0xFE, 0x67, 0x76, 0xFF, 0xFF, 0xFF, 0xFF, 0x6D, 0x67, 0x67, 0x77, 0xE5, 0xDB,
    0xD4, 0xEC, 0x6D, 0x53, 0x57, 0x5B, 0x6C, 0xDF, 0xDB, 0xDB, 0xED, 0x7D, 0x60, 0x5B, 0x5D, 0xFA,
    0xDC, 0xDB, 0xE3, 0x64, 0x50, 0x52, 0x5F, 0xE4, 0xD4, 0xD6, 0xEF, 0x5A, 0x57, 0x65, 0xEF, 0xDB,
    0xE7, 0x72, 0x5D, 0x5C, 0x6F, 0xE9, 0xE7, 0xF4, 0xFF, 0xFF, 0xEB, 0xEA, 0xFF, 0xFF, 0x75, 0x74,
    0x67, 0x67, 0x67, 0xF9, 0xE7, 0xDC, 0xDB, 0xE2, 0x7C, 0x60, 0x5B, 0x5F, 0xE4, 0xDB, 0xDE, 0xF6,
    0x5B, 0x5F, 0x67, 0xE3, 0xDB, 0xDB, 0xED, 0x6B, 0x67, 0x67, 0x7B, 0xFF, 0xFF, 0xFF, 0xFF, 0xFF,
    0xFA, 0xE7, 0xE7, 0xEC, 0xFF, 0x67, 0x67, 0x78, 0xF9, 0xE7, 0xE7, 0xFF, 0x6C, 0x68, 0xFF, 0xEA,
    0xDB, 0xE0, 0xE7, 0x6C, 0x5B, 0x5B, 0x5F, 0x7A, 0xF8, 0xDF, 0xDB, 0xDE, 0xF7, 0x7B, 0x67, 0x67,
    0xFF, 0xED, 0xE7, 0xFF, 0xFF, 0x69, 0xFF, 0xFF, 0xF6, 0xE7, 0xFF, 0x71, 0x67, 0xFF, 0xFF, 0xE8,
    0xE7, 0xF5, 0x67, 0x67, 0x79, 0xFF, 0xFF, 0xFF, 0xFF, 0xFF, 0xFF, 0xF0, 0xFA, 0xFF, 0xFF, 0x67,
    0x67, 0x67, 0xFF, 0xFF, 0xFF, 0xFF, 0xED, 0xE7, 0xE7, 0xE7, 0xE9, 0x67, 0x5B, 0x5B, 0x6C, 0xE7,
    0xE1, 0xE4, 0x67, 0x5F, 0x66, 0xF6, 0xDE, 0xD4, 0xDF, 0xF9, 0x5A, 0x53, 0x53, 0x58, 0x75, 0xFA,
    0xD8, 0xD3, 0xD5, 0xEA, 0x54, 0x4D, 0x51, 0xF9, 0xD8, 0xCE, 0xDF, 0x64, 0x53, 0x56, 0x6F, 0xE5,
    0xDB, 0xDB, 0xEB, 0xFF, 0x67, 0x5E, 0x5D, 0x5C, 0x6F, 0xE9, 0xD9, 0xD9, 0xE8, 0x6A, 0x55, 0x55,
    0x60, 0xEA, 0xDB, 0xDB, 0xE8, 0x70, 0x5D, 0x5D, 0x71, 0xE8, 0xE7, 0xF6, 0xFC, 0xE7, 0xE7, 0xE7,
    0xF2, 0xFF, 0x67, 0x67, 0x67, 0x6F, 0xFF, 0xF7, 0xE7, 0xE7, 0xDB, 0xE3, 0x7A, 0x67, 0x67, 0x67,
    0x73, 0xFF, 0xF2, 0xE7, 0xEA, 0xFF, 0x68, 0x6C, 0xFF, 0xFD, 0xE7, 0xE7, 0x79, 0x67, 0x67, 0x6C,
    0xEC, 0xFC, 0xE7, 0xFA, 0x67, 0x67, 0x7E, 0xE2, 0xDB, 0xE9, 0x6F, 0x5C, 0x5D, 0x72, 0xFF, 0xE7,
    0xF7, 0xFF, 0xFF, 0xFF, 0xE7, 0xE7, 0xFF, 0xFF, 0x6B, 0x67, 0x67, 0x7C, 0xFF, 0xED, 0xE7, 0xEE,
    0xFF, 0x67, 0x67, 0x7C, 0xE2, 0xDB, 0xE8, 0x69, 0x55, 0x57, 0x71, 0xDC, 0xD3, 0xD9, 0xE9, 0x6F,
    0x67, 0x67, 0x67, 0x67, 0xF3, 0xDD, 0xD3, 0xD7, 0xF7, 0x57, 0x4B, 0x4D, 0xFA, 0xCC, 0xC6, 0xCE,
    0x6D, 0x4C, 0x49, 0x54, 0x79, 0xD7, 0xD3, 0xD8, 0xE6, 0x62, 0x5B, 0x5C, 0x6E, 0xDE, 0xDA, 0xD8,
    0xE6, 0x6D, 0x5B, 0x67, 0x6E, 0xEA, 0xE7, 0xE7, 0xFE, 0x67, 0x67, 0x69, 0xEF, 0xDC, 0xDD, 0xF3,
    0x67, 0x67, 0x67, 0x69, 0xFF, 0xFF, 0xE3, 0xDB, 0xDC, 0xF9, 0x5D, 0x5A, 0x58, 0x79, 0xE3, 0xDB,
    0xE8, 0xFF, 0xFF, 0xE4, 0xDB, 0xE6, 0x62, 0x56, 0x5C, 0xE9, 0xD5, 0xD7, 0x79, 0x5C, 0x56, 0x6E,
    0xDB, 0xD3, 0xE3, 0x70, 0x56, 0x5B, 0x6D, 0xEB, 0xDB, 0xDF, 0xFB, 0xFF, 0xFF, 0x7E, 0x67, 0x67,
    0x67, 0x6F, 0xE9, 0xE7, 0xE7, 0xFF, 0xFF, 0xEA, 0xEA, 0x6E, 0x5C, 0x53, 0x59, 0xE5, 0xCE, 0xC9,
    0xD8, 0x5D, 0x4E, 0x51, 0x6E, 0xDB, 0xD7, 0xE5, 0x63, 0x61, 0x7E, 0xE1, 0xE3, 0x7B, 0x5F, 0x5B,
    0xF7, 0xDE, 0xDB, 0xED, 0x5F, 0x54, 0x5F, 0xEB, 0xE3, 0xDB, 0xE8, 0x71, 0x5D, 0x67, 0x70, 0xFF,
    0x67, 0x67, 0xFD, 0xE0, 0xDB, 0xEA, 0x6E, 0x5C, 0x5E, 0x67, 0xFF, 0xFF, 0xFF, 0xE7, 0xE7, 0xE7,
    0x73, 0x5D, 0x5C, 0x6F, 0xE9, 0xD9, 0xD8, 0xE7, 0x6B, 0x55, 0x5C, 0x6F, 0xDD, 0xDD, 0xF4, 0x67,
    0x67, 0x77, 0xE5, 0xDB, 0xE6, 0x62, 0x56, 0x5C, 0x7A, 0xDD, 0xD5, 0xE0, 0xFD, 0x67, 0x67, 0x68,
    0xFF, 0xFF, 0xFF, 0xEE, 0xE7, 0xED, 0xFF, 0x7B, 0x67, 0x7A, 0xFF, 0xED, 0xE7, 0xF3, 0xE7, 0xFB,
    0xEF, 0x69, 0x5B, 0x5B, 0x67, 0xF2, 0xDD, 0xDB, 0xE0, 0x6A, 0x63, 0x5B, 0x68, 0xF2, 0xE7, 0xE7,
    0xE7, 0xE7, 0xEC, 0xFF, 0x66, 0x5B, 0x5B, 0x6D, 0xDF, 0xCE, 0xD1, 0xEE, 0x5B, 0x53, 0x5A, 0x6B,
    0xEE, 0xE7, 0xDB, 0xE3, 0xE9, 0x6F, 0x5C, 0x5D, 0x67, 0xE7, 0xE7, 0xE7, 0xFF, 0x6F, 0x67, 0xFF,
    0xED, 0xE7, 0xEE, 0x6A, 0x5B, 0x5B, 0x66, 0xE2, 0xD6, 0xD4, 0xE5, 0x5E, 0x53, 0x58, 0x66, 0xE2,
    0xDB, 0xDB, 0xDF, 0xFA, 0x67, 0x5F, 0x5B, 0x5E, 0x76, 0xE6, 0xDB, 0xE5, 0xEB, 0x6D, 0x67, 0x5E,
    0x77, 0xFB, 0xE7, 0xE7, 0xE7, 0xE7, 0x7E, 0x61, 0x55, 0x5B, 0x68, 0xDD, 0xD1, 0xCD, 0xE9, 0x5D,
    0x4E, 0x55, 0x69, 0xE8, 0xDE, 0xE7, 0xFF, 0xFF, 0xEA, 0xEA, 0xFF, 0x5C, 0x5B, 0x62, 0xFC, 0xE0,
    0xDB, 0xEB, 0xFF, 0x67, 0x6D, 0xFF, 0xFF, 0xFF, 0xFF, 0xFF, 0xFF, 0xFF, 0xFF, 0xFF, 0x67, 0x67,
    0x7B, 0xFF, 0xED, 0xE7, 0xE7, 0xF8, 0x67, 0x67, 0x5C, 0x6C, 0xFF, 0xE7, 0xE7, 0xF9, 0xFF, 0x6E,
    0x7D, 0xFF, 0xFF, 0x67, 0x60, 0x64, 0xF8, 0xDF, 0xDB, 0xE7, 0x70, 0x5B, 0x5B, 0x65, 0xE3, 0xDB,
    0xDB, 0xED, 0xFF, 0x67, 0x67, 0x67, 0x67, 0x67, 0x67, 0xEA, 0xD5, 0xD5, 0xE8, 0x5D, 0x51, 0x51,
    0x5C, 0xEA, 0xCF, 0xCE, 0xDC, 0xFD, 0x59, 0x53, 0x5C, 0x6E, 0xEA, 0xDA, 0xD8, 0xDB, 0x74, 0x67,
    0x5B, 0x5F, 0x67, 0xF7, 0xE7, 0xDB, 0xDE, 0xF7, 0x65, 0x5F, 0x7B, 0xE7, 0xDE, 0xDB, 0xEE, 0x6B,
    0x5B, 0x5B, 0x79, 0xE3, 0xDB, 0xDC, 0xEE, 0xFF, 0x67, 0x67, 0x67, 0x6C, 0xFF, 0xE7, 0xE0, 0xE4,
    0x78, 0x5F, 0x5B, 0x6C, 0xEC, 0xDB, 0xDB, 0xF5, 0x60, 0x53, 0x53, 0x63, 0xE0, 0xCD, 0xCB, 0xD9,
    0x6B, 0x4C, 0x49, 0x51, 0xF6, 0xD1, 0xC9, 0xD2, 0xF1, 0x59, 0x53, 0x57, 0x71, 0xE5, 0xDB, 0xDB,
    0xE7, 0xF5, 0x66, 0x5B, 0x5B, 0xF9, 0xDF, 0xDB, 0xDE, 0x72, 0x5B, 0x5B, 0x74, 0xE7, 0xE7, 0xE7,
    0xF4, 0xE7, 0xE7, 0xEF, 0x69, 0x59, 0x58, 0x67, 0xE1, 0xD5, 0xD4, 0xE8, 0x69, 0x63, 0x5B, 0x67,
    0xF2, 0xE7, 0xE7, 0xE7, 0xFC, 0x67, 0x67, 0x68, 0xF1, 0xDD, 0xDD, 0xF1, 0x68, 0x59, 0x59, 0xFD,
    0xDC, 0xD3, 0xDF, 0x64, 0x54, 0x5E, 0xF1, 0xDB, 0xDF, 0xFA, 0x63, 0x61, 0x7E, 0xE1, 0xE3, 0x77,
    0x5B, 0x65, 0xF7, 0xDE, 0xE7, 0x72, 0x57, 0x5C, 0xFD, 0xDC, 0xD6, 0xE2, 0x66, 0x5B, 0x64, 0xF9,
    0xE7, 0xFD, 0x67, 0x67, 0xFD, 0xE0, 0xD5, 0xDD, 0x7A, 0x54, 0x4F, 0x59, 0xF9, 0xD8, 0xD3, 0xDD,
    0xF2, 0x67, 0x67, 0x67, 0x69, 0xFF, 0xFF, 0xE7, 0xE7, 0xE7, 0x72, 0x67, 0x5B, 0x68, 0xE9, 0xD9,
    0xD9, 0xE8, 0x61, 0x55, 0x5D, 0x70, 0xDD, 0xDB, 0xE2, 0x7D, 0x60, 0x5B, 0x6A, 0xEE, 0xDC, 0xDE,
    0xF5, 0x7C, 0x67, 0x67, 0x67, 0x67, 0x7E, 0xF4, 0xDE, 0xDC, 0xE7, 0xFA, 0x63, 0x5B, 0x5B, 0x6D,
    0xEB, 0xDA, 0xD7, 0xE5, 0x76, 0x5E, 0x5B, 0x5E, 0x77, 0xFA, 0xE7, 0xE7, 0xE7, 0xF4, 0x67, 0x67,
    0x67, 0xFF, 0xEE, 0xE7, 0xFF, 0x6C, 0x5C, 0x6E, 0xFF, 0xE7, 0xE7, 0xFE, 0xED, 0xEC, 0xE9, 0x6F,
    0x67, 0x5D, 0x67, 0x7E, 0xE1, 0xDB, 0xE9, 0xFF, 0xFF, 0x6B, 0xFF, 0xFF, 0x72, 0x77, 0xFF, 0xFF,
    0xE9, 0xE7, 0xF4, 0xFF, 0xFF, 0xFF, 0xFF, 0xFF, 0xFF, 0xFF, 0xFF, 0xFF, 0xFF, 0x6A, 0x67, 0x67,
    0x7D, 0xE2, 0xDB, 0xDC, 0xFD, 0x5D, 0x5B, 0x6A, 0xFF, 0xE7, 0xF6, 0xFF, 0xFF, 0xFF, 0xFF, 0xFF,
    0xFF, 0x67, 0x67, 0x69, 0xEF, 0xDC, 0xE7, 0xF4, 0x67, 0x6D, 0xFF, 0xEA, 0xFF, 0x68, 0x67, 0x74,
    0xE7, 0xE7, 0xE7, 0xFF, 0xFF, 0x68, 0xFF, 0x6C, 0xFF, 0xFF, 0xEA, 0xDB, 0xDB, 0xE7, 0x62, 0x5B,
    0x5C, 0x7D, 0xDD, 0xDB, 0xE1, 0xFF, 0x67, 0x67, 0xFF, 0xFF, 0xFF, 0x67, 0x73, 0xFE, 0xE1, 0xDB,
    0xEA, 0x6F, 0x67, 0x67, 0x67, 0xFF, 0xFF, 0xEA, 0xEA, 0xFF, 0xFF, 0x75, 0x67, 0x67, 0x6E, 0xEA,
    0xE7, 0xE7, 0xFE, 0x67, 0x67, 0x68, 0xFF, 0xFF, 0x77, 0x67, 0x7E, 0xE1, 0xDB, 0xDC, 0xFF, 0x5C,
    0x53, 0x5D, 0xE7, 0xD8, 0xD9, 0xEC, 0x5F, 0x5B, 0x6B, 0xE2, 0xDC, 0xEE, 0x6A, 0x5B, 0x60, 0xEA,
    0xDB, 0xDB, 0x7D, 0x60, 0x5B, 0x5D, 0xFB, 0xE7, 0xDB, 0xE2, 0xFF, 0x70, 0x67, 0x67, 0x67, 0x67,
    0xFF, 0xEC, 0xE7, 0xE7, 0xE7, 0xFF, 0x6D, 0x67, 0x67, 0x77, 0xFF, 0xEF, 0xE7, 0xE7, 0xF4, 0x67,
    0x5B, 0x55, 0x5E, 0xE6, 0xD4, 0xD6, 0xE2, 0x66, 0x58, 0x53, 0x5D, 0x70, 0xE8, 0xE2, 0xDB, 0xDC,
    0xEE, 0x6A, 0x5A, 0x53, 0x5B, 0xEC, 0xD6, 0xD5, 0xFD, 0x5C, 0x53, 0x5D, 0x7E, 0xE7, 0xE7, 0xE7,
    0xE7, 0xE7, 0xEB, 0x6D, 0x5B, 0x5B, 0x63, 0xE5, 0xD7, 0xDB, 0xF1, 0x5E, 0x54, 0x64, 0xDF, 0xD3,
    0xDC, 0xFD, 0x62, 0x5B, 0xFD, 0xE7, 0xE7, 0x78, 0x67, 0x67, 0xF4, 0xE7, 0xE9, 0x70, 0x67, 0xFF,
    0xEE, 0xE7, 0xFF, 0x6B, 0x5C, 0x6F, 0xE9, 0xDB, 0xDB, 0xE7, 0x72, 0x5D, 0x5B, 0x68, 0xE9, 0xDB,
    0xE2, 0xE8, 0x72, 0x5D, 0x5B, 0x60, 0x7C, 0xDB, 0xD6, 0xDC, 0xFB, 0x56, 0x53, 0x58, 0x7B, 0xE2,
    0xDB, 0xDC, 0xEF, 0xFF, 0x67, 0x67, 0x67, 0x5E, 0x76, 0xFC, 0xE0, 0xE5, 0xEB, 0x6D, 0x67, 0x6D,
    0xFF, 0xE9, 0x6F, 0x67, 0x5D, 0x73, 0xDB, 0xDB, 0xE4, 0x65, 0x5B, 0x5B, 0x6C, 0xED, 0xE7, 0xE7,
    0xE7, 0xE7, 0xE7, 0xFD, 0x62, 0x5B, 0x5C, 0x6E, 0xDE, 0xDB, 0xE1, 0x68, 0x5B, 0x62, 0xFC, 0xE0,
    0xDB, 0xDF, 0x6D, 0x5B, 0x5B, 0x6F, 0xE7, 0xDF, 0xDB, 0xEB, 0xFF, 0x7E, 0x67, 0x67, 0x69, 0xFF,
    0xE9, 0xDB, 0xE2, 0x7D, 0x67, 0x67, 0xFA, 0xDF, 0xDB, 0xEC, 0x6C, 0x5B, 0x5B, 0x64, 0xF9, 0xDF,
    0xDB, 0xDE, 0xE7, 0x7C, 0x60, 0x55, 0x5D, 0x72, 0xDC, 0xD3, 0xD3, 0xEB, 0x5F, 0x54, 0x55, 0x6B,
    0xE7, 0xE1, 0xE3, 0xFF, 0xFF, 0xFF, 0x76, 0x5E, 0x67, 0xF2, 0xDD, 0xDD, 0xF0, 0x5D, 0x5B, 0x62,
    0xE6, 0xDB, 0xE4, 0x79, 0x67, 0x67, 0xF5, 0xE7, 0xE7, 0xEE, 0x6A, 0x67, 0x67, 0x7D, 0xF4, 0xE7,
    0xE7, 0xE7, 0xFA, 0xFF, 0xFF, 0x67, 0x61, 0x5B, 0x69, 0xEF, 0xDC, 0xD3, 0xD8, 0x7E, 0x5B, 0x55,
    0x5C, 0x6F, 0xE9, 0xDB, 0xE2, 0xE8, 0xFF, 0x6A, 0x67, 0x67, 0x67, 0xFF, 0xEC, 0xE6, 0xDF, 0xE7,
    0x78, 0x5F, 0x5B, 0x6C, 0xFF, 0xE7, 0xE7, 0xFA, 0xFF, 0xFF, 0xFF, 0xFF, 0x6B, 0x67, 0x6F, 0xFF,
    0xFF, 0xFF, 0x7E, 0x67, 0x67, 0xFF, 0xEF, 0xDC, 0xE7, 0xF4, 0x67, 0x5B, 0x64, 0x6A, 0xFF, 0xFF,
    0xF5, 0xE7, 0xE7, 0xEE, 0xFF, 0x64, 0x5B, 0x66, 0xED, 0xDB, 0xD4, 0xE6, 0x6A, 0x5B, 0x61, 0x7E,
    0xE7, 0xE7, 0xFF, 0x6F, 0x67, 0xFF, 0xFF, 0xE7, 0xED, 0xFF, 0xFF, 0xFF, 0xFF, 0x76, 0x67, 0xFF,
    0xFF, 0xEB, 0xE7, 0xE7, 0xFC, 0xFF, 0xFF, 0xFF, 0x71, 0x67, 0xFF, 0xEE, 0xE7, 0xDE, 0xE7, 0x7A,
    0x5B, 0x5B, 0x6A, 0xE5, 0xDB, 0xDE, 0xF6, 0x65, 0x5B, 0x65, 0x6B, 0xED, 0xE7, 0xE7, 0xE7, 0xE9,
    0x6F, 0x67, 0x5B, 0x5B, 0x67, 0xEB, 0xDB, 0xDB, 0xE0, 0xFC, 0x67, 0x5E, 0x67, 0x6E, 0xFF, 0xF9,
    0xE7, 0xE7, 0xEC, 0xFF, 0x67, 0x67, 0x79, 0xF9, 0xDF, 0xDB, 0xED, 0x6C, 0x5B, 0x5F, 0x7A, 0xE4,
    0xDB, 0xE7, 0x73, 0x5D, 0x5B, 0x67, 0xE9, 0xE3, 0xDB, 0xE7, 0x72, 0x67, 0x67, 0x6F, 0xE9, 0xE7,
    0xF4, 0x7E, 0x61, 0x64, 0xFA, 0xDF, 0xDB, 0xDE, 0x73, 0x5B, 0x53, 0x5A, 0xF9, 0xDF, 0xD4, 0xDE,
    0xF5, 0x66, 0x5B, 0x64, 0xFF, 0xEE, 0xE7, 0xE7, 0xF6, 0x7B, 0x67, 0x67, 0x6B, 0xFF, 0xE7, 0xDB,
    0xE3, 0x7A, 0x5F, 0x5B, 0x6B, 0xED, 0xDC, 0xE7, 0x6E, 0x5B, 0x5B, 0x66, 0xE3, 0xDB, 0xDC, 0xEE,
    0x6A, 0x5B, 0x60, 0x67, 0xFF, 0xEC, 0xE7, 0xE7, 0xE7, 0xFF, 0x6E, 0x67, 0x5E, 0x67, 0xE6, 0xDB,
    0xDB, 0xEB, 0x6D, 0x5B, 0x5E, 0x67, 0xFF, 0xFF, 0xE9, 0xE7, 0xE7, 0xE7, 0x6B, 0x55, 0x53, 0x5C,
    0xEA, 0xD1, 0xD1, 0xE8, 0x5D, 0x4E, 0x56, 0xFC, 0xD5, 0xCF, 0xDE, 0x66, 0x58, 0x5A, 0x6A, 0xFF,
    0xE8, 0xE7, 0xE7, 0xE7, 0xE7, 0xFA, 0x64, 0x5B, 0x5B, 0x6D, 0xEC, 0xDC, 0xE7, 0xFB, 0xFF, 0xFF,
    0xFF, 0x72, 0x67, 0x67, 0x67, 0x7B, 0xE3, 0xDB, 0xDC, 0xF9, 0x5D, 0x5B, 0x60, 0x7C, 0xE7, 0xE7,
    0xE7, 0xE7, 0xF9, 0x67, 0x5F, 0x5B, 0x6C, 0xEC, 0xDB, 0xDB, 0xE5, 0x64, 0x5B, 0x5B, 0xF4, 0xDE,
    0xDC, 0xEF, 0x69, 0x67, 0x72, 0xFF, 0xFF, 0xFF, 0xFB, 0xE7, 0xE7, 0xDD, 0x76, 0x67, 0x67, 0x77,
    0xE7, 0xE7, 0xFC, 0x75, 0x67, 0xFE, 0xE7, 0xE7, 0xEA, 0xFF, 0xFF, 0xFF, 0xEC, 0xFF, 0x70, 0x67,
    0x67, 0x71, 0xDC, 0xD3, 0xD9, 0x7C, 0x5C, 0x53, 0x5D, 0xF8, 0xDC, 0xD3, 0xD9, 0x7B, 0x5F, 0x5B,
    0x5D, 0x73, 0xE7, 0xDB, 0xDB, 0xE9, 0x6F, 0x5C, 0x5B, 0x5B, 0xFF, 0xEA, 0xDB, 0xDD, 0xF0, 0x68,
    0x5B, 0x62, 0x68, 0xE9, 0xE4, 0xEA, 0x6E, 0x67, 0x6C, 0xFF, 0xFF, 0xFF, 0xFF, 0xFF, 0xFF, 0xE8,
    0xE7, 0xF6, 0x7B, 0x67, 0x67, 0x6B, 0xFF, 0xE7, 0xE7, 0xE7, 0x7A, 0x67, 0x67, 0x67, 0x73, 0xE7,
    0xDB, 0xDB, 0x7A, 0x67, 0x5C, 0x5E, 0x74, 0xE6, 0xD8, 0xDA, 0xED, 0x5F, 0x5B, 0x5E, 0xF3, 0xDB,
    0xDF, 0xF9, 0x67, 0x67, 0x7D, 0xFF, 0xFF, 0xFF, 0xFF, 0xFF, 0xFF, 0xFF, 0xFF, 0x67, 0x67, 0x69,
    0xEF, 0xDC, 0xE7, 0x76, 0x5B, 0x5B, 0x63, 0xE7, 0xDF, 0xDB, 0xEC, 0x6C, 0x67, 0x67, 0x78, 0xE7,
    0xE7, 0xFD, 0xFF, 0xFF, 0xFF, 0xFF, 0xFF, 0x67, 0x67, 0x67, 0xFF, 0xFF, 0xFF, 0xFF, 0xFF, 0xFF,
    0xFF, 0x67, 0x67, 0x76, 0xFB, 0xE7, 0xE7, 0xEB, 0x6D, 0x5B, 0x5E, 0x77, 0xE5, 0xDB, 0xDB, 0x76,
    0x5E, 0x5B, 0x5F, 0xEE, 0xDB, 0xDB, 0xE6, 0x75, 0x67, 0x67, 0x67, 0x78, 0xF9, 0xE7, 0xE7, 0x74,
    0x67, 0x68, 0xFF, 0xEA, 0xE7, 0xE7, 0xFE, 0x67, 0x67, 0x69, 0xF0, 0xE7, 0xE7, 0xF3, 0xFF, 0x67,
    0x67, 0xFF, 0xFF, 0xFF, 0xF7, 0xF3, 0xFF, 0xFF, 0xFF, 0xFF, 0xFF, 0xFF, 0xFF, 0xFF, 0xFF, 0xFF,
    0x6A, 0x6A, 0xFF, 0xFF, 0xF5, 0xE7, 0xE7, 0xEE, 0xFF, 0x64, 0x60, 0x67, 0xF4, 0xDE, 0xDC, 0xEF,
    0x69, 0x5D, 0x67, 0x7E, 0xE7, 0xE7, 0xE9, 0xFF, 0xFF, 0xFF, 0xFF, 0x7E, 0x67, 0x67, 0xFA, 0xDF,
    0xDB, 0xE0, 0x6D, 0x5B, 0x5B, 0x71, 0xFA, 0xE7, 0xE7, 0xEC, 0xFF, 0x67, 0x67, 0x67, 0xF9, 0xE7,
    0xE7, 0xEC, 0x6C, 0x5B, 0x5B, 0x74, 0xE4, 0xDB, 0xDB, 0x73, 0x5D, 0x5C, 0x6F, 0xE9, 0xE3, 0xE1,
    0xE7, 0xFF, 0x6B, 0x67, 0x67, 0x67, 0xFF, 0xED, 0xE7, 0xE7, 0xF8, 0x79, 0x67, 0x67, 0x6C, 0xFF,
    0xE7, 0xE7, 0xDD, 0xE7, 0xF1, 0x68, 0x5B, 0x5B, 0x68, 0xF0, 0xDD, 0xDA, 0xD8, 0xFD, 0x5E, 0x53,
    0x54, 0x66, 0xDE, 0xD3, 0xD8, 0xE7, 0x73, 0x67, 0x67, 0x67, 0x67, 0xFF, 0xED, 0xDB, 0xDB, 0xE4,
    0x65, 0x5B, 0x5B, 0x71, 0xDE, 0xDB, 0xDF, 0xF8, 0x64, 0x5B, 0x66, 0x6C, 0xFF, 0xFF, 0xF1, 0xE7,
    0xE7, 0xF1, 0xFF, 0xFF, 0x6C, 0x67, 0x67, 0x67, 0xFF, 0xEE, 0xE7, 0xE7, 0xE7, 0xFF, 0x6F, 0x67,
    0x67, 0x67, 0xFF, 0xFF, 0xEB, 0xE7, 0xF0, 0xFF, 0xFF, 0xFF, 0xFF, 0x71, 0x67, 0x67, 0x70, 0xE8,
    0xE7, 0xE7, 0xE8, 0x71, 0x67, 0x67, 0x67, 0x7D, 0xF5, 0xDE, 0xDC, 0xE7, 0x6C, 0x5A, 0x53, 0x5B,
    0xEC, 0xD6, 0xCE, 0xDB, 0x6B, 0x53, 0x53, 0x67, 0xE1, 0xD5, 0xD5, 0xEF, 0x5D, 0x5B, 0x61, 0xFE,
    0xE1, 0xDB, 0xE7, 0xE7, 0xFC, 0xFF, 0x6C, 0x67, 0x67, 0x67, 0xFF, 0xEE, 0xE7, 0xEC, 0xFF, 0xFF,
    0xFF, 0xFF, 0xFF, 0xFF, 0xFF, 0xFF, 0xFF, 0xE7, 0xE7, 0xFA, 0x63, 0x5B, 0x67, 0xEC, 0xD5, 0xD4,
    0xE7, 0x69, 0x53, 0x58, 0x67, 0xEB, 0xDB, 0xE7, 0xF0, 0xFF, 0x67, 0x67, 0x68, 0xFF, 0xEB, 0xE7,
    0xE7, 0xFD, 0x67, 0x67, 0x68, 0xF1, 0xE7, 0xE7, 0xF1, 0xFF, 0x67, 0x75, 0xFF, 0xF0, 0xE7, 0xE7,
    0xE7, 0xFE, 0xFF, 0x6B, 0x5C, 0x67, 0x7A, 0xE3, 0xDB, 0xE7, 0xED, 0x6B, 0x67, 0x5F, 0x65, 0x6B,
    0xED, 0xE7, 0xDF, 0xE7, 0x79, 0x67, 0x67, 0x6C, 0xFF, 0xE7, 0xE7, 0xE7, 0x79, 0x5F, 0x5B, 0x5E,
    0x75, 0xE6, 0xD8, 0xDA, 0xEB, 0x64, 0x5B, 0x5E, 0x67, 0xFC, 0xE7, 0xE7, 0xEB, 0xFF, 0xFF, 0x67,
    0x67, 0x69, 0xEF, 0xE7, 0xE7, 0xE7, 0x7E, 0x67, 0x67, 0x67, 0x70, 0xFF, 0xFF, 0xFF, 0xE8, 0xFF,
    0xFF, 0xFF, 0xFF, 0x68, 0x6C, 0xFF, 0xE7, 0xE7, 0xF9, 0x78, 0x67, 0x67, 0xFF, 0xEC, 0xE7, 0xEF,
    0xFF, 0x67, 0x5E, 0x67, 0xF3, 0xDD, 0xDB, 0xDB, 0xF7, 0x63, 0x56, 0x53, 0x6D, 0xDF, 0xD3, 0xD8,
    0xE6, 0x63, 0x5B, 0x5C, 0x6E, 0xEB, 0xE7, 0xE7, 0xE7, 0xEC, 0x6C, 0x66, 0x5F, 0x79, 0xF9, 0xDF,
    0xE6, 0xEC, 0x6C, 0x66, 0x5F, 0x67, 0xF8, 0xE7, 0xDC, 0xE7, 0xF6, 0x67, 0x67, 0x5C, 0x67, 0x72,
    0xE7, 0xDB, 0xE3, 0xE9, 0x6F, 0x67, 0x67, 0x67, 0xFF, 0xF2, 0xE7, 0xE7, 0xF0, 0xFF, 0x67, 0x67,
    0xFF, 0xF1, 0xF9, 0xFF, 0xFF, 0xFF, 0xE7, 0xE7, 0x7C, 0x67, 0x5D, 0x6A, 0xEE, 0xDC, 0xDE, 0xF6,
    0x5A, 0x57, 0x5B, 0xF7, 0xDE, 0xDB, 0xED, 0x6B, 0x67, 0x67, 0x7B, 0xFF, 0xFF, 0xFF, 0xFF, 0xFF,
    0x7A, 0x67, 0x67, 0x6C, 0xED, 0xDB, 0xDF, 0xF8, 0x5B, 0x5B, 0x66, 0xED, 0xDB, 0xDC, 0xEE, 0x5E,
    0x5B, 0x60, 0x7D, 0xE7, 0xE7, 0xE9, 0xFF, 0x69, 0x67, 0x67, 0x67, 0x6D, 0xFF, 0xE7, 0xE7, 0xFB,
    0x77, 0x67, 0xFF, 0xFF, 0xFF, 0xFF, 0xFF, 0xFF, 0x6B, 0xFF, 0xE7, 0xE7, 0xF8, 0x79, 0x67, 0x67,
    0x6C, 0xFF, 0xE7, 0xE7, 0xE7, 0xEA, 0x6E, 0x67, 0x67, 0x67, 0xFC, 0xE0, 0xDB, 0xDD, 0xF2, 0x67,
    0x5B, 0x5B, 0xFC, 0xDF, 0xDB, 0xDF, 0x6D, 0x5B, 0x5B, 0x63, 0xE5, 0xDB, 0xDB, 0xEB, 0x6D, 0x67,
    0x6D, 0xEB, 0xE7, 0xF0, 0xFF, 0xFF, 0xFF, 0xFF, 0xFF, 0x6A, 0xFF, 0xFF, 0xE8, 0xE7, 0xE7, 0x7C,
    0x67, 0x67, 0x67, 0x71, 0xE8, 0xE7, 0xE7, 0xE9, 0x6F, 0x5C, 0x5D, 0x67, 0x7E, 0xE7, 0xE7, 0xE9,
    0x6F, 0x67, 0x67, 0x67, 0xFF, 0xE7, 0xE7, 0xE7, 0xF0, 0xFF, 0x67, 0x67, 0x68, 0xF2, 0xE7, 0xDB,
    0xE0, 0xFD, 0x67, 0x5E, 0x5C, 0x67, 0x79, 0xE4, 0xDB, 0xE6, 0xED, 0x6C, 0x5B, 0x5B, 0x65, 0xF8,
    0xDF, 0xDB, 0xDE, 0xF6, 0x65, 0x5F, 0x67, 0xF7, 0xE7, 0xFF, 0xFF, 0xFF, 0xFB, 0xE7, 0xE7, 0xEC,
    0x6D, 0x67, 0x6E, 0xEB, 0xE7, 0xE7, 0xFC, 0x67, 0x67, 0x68, 0xFF, 0xEA, 0xE7, 0xF1, 0xFF, 0x74,
    0x67, 0x68, 0xFF, 0xFF, 0xE7, 0xE7, 0xE7, 0x73, 0x67, 0x67, 0x6F, 0xFF, 0xE7, 0xE7, 0xFF, 0x73,
    0x77, 0xFF, 0xFF, 0xFF, 0xFF, 0xFF, 0xFF, 0xFF, 0xFF, 0x7A, 0x67, 0x7C, 0xF6, 0xDE, 0xDC, 0xFA,
    0x67, 0x5B, 0x60, 0x7C, 0xE2, 0xDB, 0xE8, 0x70, 0x67, 0x67, 0x67, 0x7D, 0xFF, 0xFF, 0xE7, 0xE0,
    0xDB, 0xEB, 0x6D, 0x5B, 0x56, 0x63, 0xE5, 0xD7, 0xDA, 0xEB, 0x6D, 0x5B, 0x5E, 0x67, 0x69, 0xEF,
    0xE7, 0xDB, 0xDB, 0xE8, 0x60, 0x55, 0x55, 0x69, 0xE8, 0xD3, 0xD9, 0xE9, 0x60, 0x5B, 0x67, 0x71,
    0xFF, 0xFF, 0xFF, 0xFF, 0xFF, 0xFF, 0x78, 0x67, 0x67, 0xF4, 0xE7, 0xE7, 0xEF, 0x69, 0x5B, 0x61,
    0xFF, 0xDB, 0xDB, 0xE9, 0x6F, 0x67, 0x6B, 0xFF, 0xFF, 0xFF, 0xFF, 0xFF, 0xEF, 0xE7, 0xEC, 0x6C,
    0x5B, 0x5B, 0x72, 0xE1, 0xD3, 0xDB, 0x74, 0x5E, 0x5C, 0x6E, 0xEA, 0xDD, 0xE7, 0xE7, 0xFF, 0xFF,
    0x7B, 0x67, 0x67, 0x6B, 0xED, 0xDB, 0xDB, 0xE3, 0x7B, 0x5F, 0x54, 0x5D, 0x73, 0xDB, 0xD3, 0xDA,
    0xEA, 0x66, 0x5B, 0x5E, 0x74, 0xE7, 0xDB, 0xE4, 0x79, 0x67, 0x5C, 0x6C, 0xEC, 0xE7, 0xEE, 0xFF,
    0xFF, 0xFF, 0xE8, 0xE7, 0xF6, 0x67, 0x67, 0x67, 0xF8, 0xE7, 0xE7, 0xED, 0xFF, 0xFF, 0xFF, 0xFF,
    0xFF, 0xFF, 0xFF, 0xFF, 0xFF, 0x7A, 0x67, 0x67, 0xF6, 0xE7, 0xDC, 0xEE, 0x6A, 0x5B, 0x5B, 0x66,
    0xE2, 0xD6, 0xDB, 0xE5, 0x6A, 0x5B, 0x5B, 0x5B, 0x6C, 0xEC, 0xDB, 0xDB, 0xDB, 0x78, 0x5F, 0x5B,
    0x5E, 0x76, 0xE7, 0xE7, 0xDC, 0xEB, 0xFF, 0x67, 0x67, 0x67, 0xFF, 0xFF, 0xE9, 0xE7, 0xE7, 0x7E,
    0x67, 0x67, 0x67, 0xFD, 0xDC, 0xDB, 0xE2, 0x7D, 0x60, 0x55, 0x5D, 0xFB, 0xDC, 0xD6, 0xE2, 0x7C,
    0x60, 0x5B, 0x67, 0x71, 0xE8, 0xE7, 0xE7, 0xE7, 0xEF, 0x69, 0x5B, 0x5B, 0x5B, 0xF3, 0xDD, 0xD3,
    0xDB, 0x6B, 0x59, 0x53, 0x67, 0xE1, 0xD5, 0xDD, 0x7D, 0x5C, 0x5E, 0x74, 0xFE, 0xE7, 0xF8, 0xFF,
    0xFF, 0xE8, 0xE7, 0xF5, 0x66, 0x5B, 0x64, 0xF9, 0xDF, 0xDB, 0xED, 0x6C, 0x5B, 0x5F, 0x67, 0xF8,
    0xE7, 0xDC, 0xDE, 0xF6, 0x65, 0x5B, 0x5B, 0x6B, 0xFF, 0xE7, 0xDB, 0xE3, 0xFF, 0x6F, 0x5C, 0x5D,
    0x67, 0xFE, 0xE1, 0xDB, 0xDD, 0xF0, 0x5D, 0x53, 0x53, 0x69, 0xE0, 0xD5, 0xD5, 0xE9, 0x68, 0x59,
    0x59, 0x68, 0xF0, 0xE7, 0xE7, 0xE7, 0xFE, 0xFF, 0xFF, 0x7B, 0x67, 0x67, 0x6B, 0xED, 0xE7, 0xE7,
    0xF7, 0x67, 0x67, 0x67, 0xF7, 0xE7, 0xE7, 0xE7, 0xF8, 0x67, 0x67, 0x67, 0x6C, 0xED, 0xDB, 0xDB,
    0xE4, 0x79, 0x67, 0x67, 0x6C, 0xEC, 0xE7, 0xE7, 0xF9, 0x78, 0x67, 0x7D, 0xFF, 0xEC, 0xE7, 0xEF,
    0xFF, 0xFF, 0xFF, 0xFF, 0x73, 0x76, 0xFB, 0xE7, 0xE7, 0xE7, 0xF3, 0x67, 0x5B, 0x63, 0xFA, 0xDF,
    0xDB, 0xDE, 0xF4, 0x66, 0x5F, 0x67, 0xFF, 0xEE, 0xE7, 0xFF, 0xFF, 0xFF, 0xFF, 0xFF, 0xFF, 0xFF,
    0xFF, 0xFF, 0xFF, 0xFF, 0xFF, 0xEA, 0xFF, 0xFF, 0x67, 0x6D, 0xFF, 0xE7, 0xE7, 0xFB, 0x77, 0x67,
    0x67, 0xFF, 0xEB, 0xE7, 0xEF, 0xFF, 0x67, 0x73, 0xFF, 0xF2, 0xE7, 0xFF, 0xFF, 0xFF, 0xFF, 0xFF,
    0xFF, 0xFF, 0xFF, 0xF9, 0xE7, 0xFD, 0xFF, 0x6C, 0x67, 0x6E, 0xFF, 0xFF, 0xFF, 0xFF, 0xFF, 0xEC,
    0xE7, 0xEF, 0xFF, 0x67, 0x67, 0x67, 0xF3, 0xE7, 0xE9, 0xFF, 0xFF, 0xFF, 0xED, 0xE7, 0xFF, 0x6B,
    0x5C, 0x6F, 0xFF, 0xE3, 0xE2, 0xFF, 0x71, 0x67, 0x6A, 0xFF, 0xFF, 0xFF, 0xFF, 0xE7, 0xE7, 0xF9,
    0x78, 0x67, 0x67, 0x6C, 0xFF, 0xFF, 0xFF, 0xFF, 0xFF, 0xFF, 0xFF, 0xFF, 0xFF, 0xFF, 0xFF, 0xFF,
    0xFF, 0xFF, 0x67, 0x6D, 0xFF, 0xE7, 0xE7, 0xE7, 0x76, 0x67, 0x67, 0x6E, 0xEB, 0xE7, 0xF0, 0xFF,
    0x75, 0x67, 0xFF, 0xFF, 0xFF, 0x78, 0x71, 0xE8, 0xE7, 0xE7, 0x7C, 0x67, 0x5D, 0x5F, 0xEE, 0xDC,
    0xDE, 0xF6, 0x67, 0x67, 0x67, 0xFF, 0xED, 0xFF, 0xFF, 0xFF, 0xFB, 0xEF, 0xFF, 0x76, 0x73, 0xFF,
    0xF2, 0xE7, 0xFF, 0x6E, 0x67, 0x67, 0x74, 0xE7, 0xE7, 0xF9, 0xFF, 0xFF, 0xFF, 0xFF, 0xFF, 0x67,
    0x67, 0x79, 0xE7, 0xE7, 0xE7, 0x74, 0x5E, 0x5C, 0x6F, 0xEA, 0xE7, 0xE7, 0xE7, 0xFF, 0xFF, 0x65,
    0x5B, 0x5B, 0x6F, 0xDE, 0xCD, 0xD2, 0xF0, 0x59, 0x4D, 0x52, 0x71, 0xD9, 0xD3, 0xD7, 0xF2, 0x64,
    0x5B, 0x5B, 0x6C, 0xFF, 0xE7, 0xE0, 0xE4, 0xEA, 0x6E, 0x5C, 0x5B, 0x62, 0xF9, 0xD8, 0xD3, 0xDD,
    0x78, 0x5B, 0x5B, 0x63, 0xFB, 0xDF, 0xDB, 0xE7, 0xF3, 0x67, 0x67, 0x67, 0x69, 0xFF, 0xE9, 0xE7,
    0xE7, 0xE7, 0xEE, 0x6A, 0x64, 0x5B, 0x66, 0xF5, 0xDE, 0xDC, 0xEE, 0x6A, 0x67, 0x67, 0x7D, 0xF5,
    0xE7, 0xE8, 0xFF, 0x6A, 0x6A, 0xFF, 0xFF, 0xFF, 0xFF, 0xFF, 0xFF, 0xFF, 0xE7, 0xF3, 0xFF, 0x67,
    0x67, 0x69, 0xFF, 0xE9, 0xE7, 0xE7, 0xFF, 0xFF, 0x6B, 0x69, 0xFF, 0xFF, 0xFF, 0xFF, 0xFF, 0xFF,
    0xFF, 0xFF, 0xEE, 0xFD, 0xFF, 0xFF, 0xFF, 0xFF, 0xFF, 0xFF, 0x6E, 0x7D, 0xFF, 0xEC, 0xE7, 0xEF,
    0xFF, 0x67, 0x67, 0x7E, 0xE7, 0xDD, 0xE7, 0xEF, 0x69, 0x67, 0x67, 0xFF, 0xE7, 0xE7, 0xFF, 0x6F,
    0x67, 0x6B, 0xFF, 0xE7, 0xE7, 0xF8, 0x67, 0x67, 0x67, 0xFF, 0xEC, 0xE8, 0xFF, 0xFF, 0xFF, 0xFF,
    0xFF, 0xFF, 0xFF, 0xFF, 0xFF, 0xFF, 0xFF, 0xEE, 0xE7, 0xFF, 0xFF, 0x67, 0x67, 0x67, 0xFF, 0xED,
    0xDB, 0xDE, 0xE7, 0x7A, 0x5F, 0x5B, 0x5D, 0x73, 0xE7, 0xDB, 0xE4, 0x79, 0x5F, 0x5B, 0x67, 0x74,
    0xE7, 0xE7, 0xE7, 0xFF, 0xFF, 0x68, 0x67, 0x75, 0xFF, 0xF0, 0xE7, 0xEB, 0xFF, 0x68, 0x67, 0x76,
    0xFF, 0xFF, 0xFF, 0xFF, 0xFF, 0xFF, 0xE7, 0xF7, 0x7B, 0x5F, 0x65, 0xF7, 0xDE, 0xDB, 0xEE, 0x6B,
    0x5B, 0x5F, 0x7C, 0xE3, 0xDB, 0xE8, 0xFF, 0x6A, 0x67, 0x70, 0xFF, 0x6C, 0xFF, 0xFD, 0xE7, 0xE7,
    0xFF, 0x6E, 0x67, 0x67, 0x75, 0xE6, 0xDB, 0xE5, 0x77, 0x67, 0x67, 0x6D, 0xFF, 0xE7, 0xEF, 0xFF,
    0xFF, 0xFF, 0xFF, 0xFF, 0xFF, 0x7A, 0x6F, 0xFF, 0xF6, 0xE7, 0xE8, 0x71, 0x67, 0x67, 0x70, 0xFF,
    0xE7, 0xE7, 0xE7, 0xEE, 0x6A, 0x5B, 0x60, 0x67, 0xED, 0xDB, 0xDC, 0xEF, 0x6A, 0x5A, 0x58, 0x7D,
    0xD9, 0xD3, 0xDD, 0x6F, 0x55, 0x55, 0x61, 0xE7, 0xDB, 0xDB, 0xE9, 0x6F, 0x67, 0x67, 0x67, 0xFF,
    0xFF, 0xEB, 0xE7, 0xE7, 0xFC, 0x75, 0x5E, 0x5C, 0x6E, 0xEA, 0xDB, 0xE0, 0xE7, 0x74, 0x5E, 0x67,
    0x6E, 0xEA, 0xE7, 0xE7, 0xFE, 0xFF, 0x6C, 0x69, 0xFF, 0xFF, 0xF8, 0xE7, 0xFF, 0x73, 0x67, 0x67,
    0x6F, 0xFF, 0xE7, 0xE7, 0xE7, 0xED, 0x6B, 0x67, 0x5F, 0x65, 0xFF, 0xED, 0xDC, 0xE7, 0xE7, 0x79,
    0x67, 0x5C, 0x5E, 0x74, 0xE6, 0xDB, 0xDB, 0xEA, 0x6E, 0x5C, 0x5B, 0x62, 0xFC, 0xE0, 0xDB, 0xE7,
    0xE7, 0xFE, 0x67, 0x5D, 0x5C, 0x6F, 0xE9, 0xE3, 0xDB, 0xE7, 0x72, 0x5D, 0x5C, 0x6F, 0xE9, 0xE3,
    0xDB, 0xE8, 0xFF, 0x6A, 0x67, 0x67, 0x67, 0xFF, 0xEC, 0xE6, 0xDF, 0xF9, 0x79, 0x5F, 0x66, 0x6C,
    0xEC, 0xE7, 0xE7, 0xFA, 0xFF, 0xFF, 0xFF, 0xFF, 0xFF, 0xFF, 0xFF, 0xE9, 0xE7, 0xF3, 0xFF, 0x67,
    0x67, 0x69, 0xEF, 0xE7, 0xE7, 0xE7, 0xE8, 0xFF, 0x6B, 0x67, 0x67, 0x67, 0xF6, 0xDE, 0xDC, 0xEE,
    0x6A, 0x5B, 0x60, 0x7C, 0xE2, 0xDB, 0xE8, 0x70, 0x67, 0x67, 0x71, 0xFF, 0xFF, 0xFF, 0xFF, 0xF0,
    0xE7, 0xE7, 0xF2, 0x67, 0x5B, 0x63, 0xFB, 0xDF, 0xDB, 0xE7, 0xF3, 0x7E, 0x67, 0x67, 0x67, 0x6F,
    0xFF, 0xE7, 0xE7, 0xE8, 0x71, 0x67, 0x6A, 0xFF, 0xE8, 0xEC, 0x6C, 0x67, 0x6E, 0xEA, 0xE7, 0xE7,
    0xFD, 0x67, 0x5E, 0x68, 0xF0, 0xE7, 0xEB, 0xFF, 0xFF, 0xFF, 0xFF, 0xFF, 0x6F, 0x67, 0x6B, 0xFF,
    0xE7, 0xDE, 0xE7, 0x7A, 0x67, 0x67, 0x6B, 0xFF, 0xFF, 0xFF, 0xEB, 0xE7, 0xE7, 0xFC, 0x62, 0x5B,
    0x5C, 0x6E, 0xDE, 0xD3, 0xD8, 0xE6, 0x62, 0x56, 0x5C, 0x6E, 0xEA, 0xE7, 0xE7, 0xE7, 0xE7, 0xF6,
    0x7B, 0x67, 0x5C, 0x5D, 0x72, 0xE7, 0xDB, 0xE3, 0xFF, 0x6F, 0x67, 0x67, 0x73, 0xFF, 0xF2, 0xE7,
    0xE7, 0xF0, 0x69, 0x67, 0x67, 0x68, 0xF2, 0xE7, 0xE7, 0xF1, 0x68, 0x67, 0x75, 0xFD, 0xEE, 0xFF,
    0xFF, 0xFF, 0xFF, 0xFF, 0xFF, 0xFF, 0xFF, 0xFF, 0xF8, 0xE7, 0xFE, 0x73, 0x67, 0x67, 0x6F, 0xE9,
    0xDD, 0xE7, 0x67, 0x61, 0x5B, 0x69, 0xEF, 0xDC, 0xDE, 0xE7, 0x7E, 0x67, 0x67, 0x67, 0x67, 0x7C,
    0xE7, 0xDE, 0xE7, 0xEE, 0x6A, 0x67, 0x67, 0x7D, 0xE7, 0xE7, 0xFF, 0xFF, 0xFF, 0xFF, 0xFF, 0x67,
    0x67, 0x76, 0xFC, 0xDF, 0xE5, 0xEB, 0x6D, 0x5B, 0x5E, 0x67, 0xFB, 0xDF, 0xDB, 0xEB, 0xFF, 0x67,
    0x67, 0x67, 0x6A, 0xEF, 0xE7, 0xDE, 0xF4, 0x66, 0x5B, 0x5B, 0x6A, 0xEE, 0xE7, 0xEC, 0xFF, 0xFF,
    0xFF, 0xFF, 0x78, 0x67, 0x67, 0xFF, 0xEC, 0xE7, 0xEF, 0xFF, 0x67, 0x72, 0xFF, 0xE7, 0xE7, 0x7B,
    0x67, 0x67, 0xFF, 0xED, 0xE7, 0xED, 0xFF, 0xFF, 0xFF, 0xFF, 0x67, 0x67, 0xFE, 0xE7, 0xE7, 0xE7,
    0xF1, 0x68, 0x67, 0x67, 0x68, 0xFF, 0xEA, 0xE4, 0xE0, 0xFD, 0x74, 0x67, 0x5C, 0x67, 0x7A, 0xE4,
    0xE1, 0xE7, 0x73, 0x67, 0x67, 0x6F, 0xFF, 0xE7, 0xF3, 0xFF, 0xFF, 0xFF, 0x7A, 0x67, 0x67, 0x67,
    0x73, 0xE7, 0xD8, 0xDA, 0x79, 0x5F, 0x5B, 0x5E, 0x74, 0xE7, 0xE7, 0xE7, 0xFF, 0x6E, 0x67, 0xFF,
    0xFF, 0xFF, 0xFF, 0xFF, 0xFF, 0xFF, 0xFF, 0x73, 0x67, 0x67, 0x6F, 0xFF, 0xE7, 0xE7, 0xE7, 0xED,
    0xFF, 0x67, 0x67, 0x67, 0xFF, 0xED, 0xE7, 0xE7, 0xF8, 0xFF, 0xFF, 0x68, 0x67, 0x74, 0xFE, 0xE7,
    0xE7, 0xEA, 0xFF, 0x68, 0x6C, 0xFF, 0xE7, 0xE7, 0xE7, 0x78, 0x67, 0x67, 0x6C, 0xEC, 0xE7, 0xE7,
    0xE7, 0x77, 0x67, 0x67, 0x6D, 0xFF, 0xE7, 0xE7, 0xFB, 0xFF, 0xFF, 0xFF, 0xFF, 0xFF, 0xFF, 0xFF,
    0xFF, 0xE7, 0xE7, 0xFF, 0x71, 0x67, 0x67, 0x70, 0xFF, 0xE7, 0xE7, 0xE8, 0x71, 0x67, 0x67, 0x71,
    0xFF, 0xE7, 0xE7, 0xFF, 0xFF, 0xFF, 0x67, 0x67, 0x7E, 0xF4, 0xE7, 0xE7, 0xEF, 0x69, 0x67, 0x67,
    0xFF, 0xF3, 0xE7, 0xE9, 0xFF, 0xFF, 0x67, 0x73, 0xFF, 0xFF, 0xEB, 0xE7, 0xF0, 0xFF, 0x75, 0x67,
    0x68, 0xFF, 0xEA, 0xE7, 0xF1, 0xFF, 0x6C, 0xFF, 0xFF, 0xFF, 0xFF, 0xFF, 0xFF, 0xFF, 0xFF, 0xFF,
    0xFF, 0xFF, 0xFF, 0xFF, 0xED, 0xE7, 0xED, 0xFF, 0x67, 0x67, 0x7B, 0xF7, 0xE7, 0xE7, 0xEE, 0xFF,
    0x67, 0x67, 0x7C, 0xFF, 0xED, 0xE8, 0xFF, 0xFF, 0xFF, 0xFF, 0xFF, 0xFF, 0xFF, 0xFF, 0xFF, 0x6A,
    0x67, 0x67, 0x67, 0xF4, 0xE7, 0xDC, 0xEF, 0x69, 0x67, 0x67, 0x7E, 0xF3, 0xE7, 0xE9, 0xFF, 0xFF,
    0xFF, 0xFF, 0x67, 0x67, 0x77, 0xFA, 0xE7, 0xE7, 0xEC, 0xFF, 0x67, 0x67, 0x78, 0xFF, 0xFF, 0xFF,
    0xFF, 0xFF, 0xFF, 0xFF, 0xFF, 0xFF, 0xFF, 0xFF, 0xFF, 0xFF, 0x67, 0x6E, 0xFF, 0xF8, 0xE7, 0xE7,
    0xFF, 0x6B, 0x67, 0x67, 0x7A, 0xF7, 0xE7, 0xDB, 0xE7, 0xF7, 0x67, 0x67, 0x67, 0x6B, 0xED, 0xE7,
    0xE7, 0xE7, 0x7A, 0x67, 0x67, 0x6C, 0xFF, 0xFD, 0xE7, 0xE7, 0xEA, 0xFF, 0x68, 0x5E, 0x67, 0xFD,
    0xE0, 0xDB, 0xEB, 0x6E, 0x67, 0x5E, 0x67, 0xFF, 0xFF, 0xFF, 0xFF, 0xED, 0xE7, 0xED, 0xFF, 0x65,
    0x5F, 0x67, 0xF7, 0xDE, 0xDB, 0xED, 0x6B, 0x67, 0x67, 0x7B, 0xE7, 0xE7, 0xFF, 0xFF, 0x6A, 0xFF,
    0xFF, 0xFF, 0xFF, 0xFF, 0xFF, 0xF1, 0xE7, 0xEA, 0xFF, 0x68, 0x67, 0x75, 0xFF, 0xFF, 0xFF, 0xFF,
    0xFF, 0xFF, 0xFF, 0xFF, 0x67, 0x67, 0x7A, 0xE7, 0xE7, 0x7E, 0x67, 0x67, 0x69, 0xEF, 0xE7, 0xE7,
    0xF4, 0x67, 0x61, 0x64, 0xFF, 0xEF, 0xE7, 0xE7, 0xF5, 0xFF, 0x71, 0x67, 0x67, 0x67, 0x7D, 0xE7,
    0xDE, 0xDC, 0xEF, 0x6A, 0x5B, 0x60, 0x7E, 0xE7, 0xE7, 0xE9, 0xFF, 0xFF, 0x67, 0x72, 0xFF, 0xFF,
    0xFF, 0xFF, 0xEF, 0xE7, 0xE7, 0xF3, 0x7E, 0x67, 0x67, 0x69, 0xEF, 0xE7, 0xE7, 0xF4, 0x7D, 0x67,
    0x78, 0xFF, 0xEE, 0xE7, 0xEC, 0xFF, 0x7C, 0x67, 0x67, 0xFF, 0xEE, 0xE7, 0xE7, 0xF6, 0x67, 0x67,
    0x67, 0xFF, 0xEE, 0xE7, 0xED, 0xFF, 0x67, 0x67, 0x7B, 0xF7, 0xE7, 0xE7, 0xFF, 0x6B, 0x67, 0x6F,
    0xE9, 0xE7, 0xF4, 0x7D, 0x67, 0x67, 0x6A, 0xFF, 0xE8, 0xE7, 0xF5, 0xFF, 0x71, 0x67, 0x67, 0x67,
    0x7D, 0xE7, 0xE7, 0xE9, 0xFF, 0x6A, 0x67, 0x72, 0xFF, 0xE7, 0xE7, 0xFF, 0x6F, 0x67, 0x6B, 0xFF,
    0xFF, 0xFF, 0xFF, 0xFF, 0xFF, 0xFF, 0x76, 0x67, 0x67, 0xF2, 0xE7, 0xE7, 0xF0, 0x68, 0x67, 0x67,
    0x68, 0xFF, 0xFF, 0xF9, 0xE7, 0xE7, 0xE7, 0xF5, 0x7C, 0x60, 0x5B, 0x6A, 0xEE, 0xE7, 0xE7, 0xF6,
    0x7B, 0x67, 0x67, 0xFF, 0xFF, 0xFF, 0xFF, 0xFF, 0xFF, 0xFF, 0xFF, 0xFF, 0xFF, 0x67, 0x6D, 0xFF,
    0xFA, 0xE7, 0xE7, 0xFF, 0x6C, 0x67, 0x67, 0x78, 0xFF, 0xEE, 0xE7, 0xE7, 0xF5, 0x7C, 0x67, 0x67,
    0xFF, 0xEE, 0xDC, 0xDE, 0xF6, 0x66, 0x5B, 0x5B, 0x6B, 0xEE, 0xDC, 0xDB, 0xE3, 0x65, 0x5B, 0x5B,
    0x6B, 0xED, 0xDB, 0xDB, 0xE3, 0x7A, 0x5F, 0x5B, 0x67, 0x73, 0xE7, 0xE7, 0xE7, 0xEA, 0xFF, 0x68,
    0x67, 0x67, 0x68, 0xFF, 0xFF, 0xF9, 0xE7, 0xE7, 0xEC, 0x6C, 0x66, 0x5F, 0x67, 0xF8, 0xE7, 0xE7,
    0xED, 0x6B, 0x67, 0x67, 0x7A, 0xFF, 0xED, 0xE7, 0xED, 0xFF, 0x7A, 0x67, 0x67, 0x6B, 0xED, 0xE7,
    0xEE, 0x6B, 0x67, 0x67, 0x7C, 0xE7, 0xDE, 0xE8, 0xFF, 0x6A, 0x67, 0x67, 0x7D, 0xFF, 0xFF, 0xFF,
    0xFF, 0xEA, 0xE7, 0xF2, 0x68, 0x67, 0x67, 0xFF, 0xF0, 0xE7, 0xEB, 0x6D, 0x67, 0x67, 0x76, 0xFB,
    0xEF, 0xFF, 0xFF, 0xFF, 0xFF, 0xFF, 0xFF, 0x67, 0x67, 0x7B, 0xF6, 0xE7, 0xE8, 0xFF, 0xFF, 0xFF,
    0xFF, 0xFF, 0xFF, 0xFF, 0xFF, 0xFF, 0xEA, 0xEA, 0xFF, 0x68, 0x67, 0x67, 0xFC, 0xE0, 0xE5, 0x77,
    0x67, 0x5B, 0x6D, 0xEB, 0xDC, 0xE7, 0xFB, 0x67, 0x67, 0xFF, 0xF3, 0xE7, 0xFF, 0xFF, 0xFF, 0xF6,
    0xE7, 0xFF, 0x72, 0x67, 0x6A, 0xFF, 0xE9, 0xE7, 0xF5, 0xFF, 0xFF, 0xFF, 0xFF, 0xFF, 0xFF, 0xFF,
    0xFF, 0xFC, 0xE7, 0xFA, 0x78, 0x67, 0x67, 0xFF, 0xEC, 0xE7, 0xEF, 0xFF, 0x6B, 0xFF, 0xFF, 0xFF,
    0xFF, 0xFF, 0xFF, 0xE9, 0xE7, 0xE7, 0x7E, 0x67, 0x67, 0xFF, 0xEF, 0xE7, 0xFF, 0xFF, 0x68, 0xFF,
    0xFF, 0xEA, 0xFF, 0xFF, 0x67, 0x75, 0xFF, 0xF1, 0xF9, 0xFF, 0x6E, 0x67, 0xFF, 0xFF, 0xFF, 0xFF,
    0xFF, 0xFF, 0xFF, 0xFF, 0xFF, 0xFF, 0xFF, 0xFF, 0xFF, 0xFF, 0xFF, 0xFF, 0xFF, 0xEB, 0xEA, 0xFF,
    0xFF, 0x67, 0x67, 0xFF, 0xF2, 0xE7, 0xE7, 0xF0, 0xFF, 0x67, 0x67, 0x68, 0xFF, 0xFF, 0xE7, 0xF1,
    0xFF, 0xFF, 0xFF, 0xFF, 0xFF, 0xFF, 0x78, 0x67, 0x7E, 0xF4, 0xE7, 0xE7, 0xEF, 0xFF, 0x67, 0x72,
    0xFF, 0xFF, 0xEB, 0xFF, 0xFF, 0xFF, 0xFF, 0xFF, 0xFF, 0xFF, 0xFF, 0xFA, 0xE7, 0xE7, 0xFF, 0x6C,
    0x67, 0x6E, 0xEA, 0xE7, 0xE7, 0xE7, 0x74, 0x67, 0x68, 0xFF, 0xFF, 0xFF, 0xFF, 0xFF, 0xFF, 0xFF,
    0xFF, 0x6F, 0x7A, 0xFF, 0xED, 0xE7, 0xFF, 0x6B, 0x67, 0x6F, 0xFF, 0xE7, 0xE7, 0xFF, 0x72, 0x67,
    0x69, 0xFF, 0xE9, 0xE7, 0xF4, 0x7D, 0x67, 0x67, 0xFF, 0xEE, 0xE7, 0xEC, 0xFF, 0x7C, 0x6E, 0xFF,
    0xF9, 0xE7, 0xE7, 0xFF, 0xFF, 0x67, 0x67, 0x67, 0xFF, 0xFF, 0xE8, 0xE7, 0xE7, 0xFF, 0x6F, 0x67,
    0x67, 0x73, 0xFF, 0xE7, 0xE7, 0xFF, 0x6F, 0x67, 0x67, 0x73, 0xFE, 0xE7, 0xE7, 0xFF, 0x6E, 0x67,
    0x6C, 0xFF, 0xFF, 0xFF, 0xFF, 0xFF, 0xFF, 0xFF, 0xFF, 0xFF, 0xFF, 0xFF, 0xFF, 0xFF, 0xFF, 0xFF,
    0xFF, 0xFF, 0x67, 0x67, 0x7A, 0xF7, 0xE7, 0xE7, 0xFF, 0xFF, 0x67, 0x6F, 0xFF, 0xFF, 0xFF, 0xFF,
    0xFF, 0xFF, 0xE7, 0xF0, 0xFF, 0x75, 0x67, 0xFF, 0xFF, 0xEA, 0xEA, 0xFF, 0x68, 0x67, 0x75, 0xE7,
    0xE7, 0xE7, 0x78, 0x67, 0x67, 0x6C, 0xFF, 0xFF, 0xFF, 0xFF, 0xFF, 0xFF, 0xFF, 0x73, 0x67, 0x69,
    0xFF, 0xE9, 0xE7, 0xF3, 0x67, 0x61, 0x63, 0x69, 0xEF, 0xDC, 0xDE, 0xF4, 0x66, 0x5B, 0x64, 0xF9,
    0xE7, 0xE7, 0xE7, 0xF5, 0x67, 0x67, 0x79, 0xFF, 0xFF, 0xFF, 0xF4, 0xE7, 0xE9, 0xFF, 0x6A, 0x67,
    0x72, 0xE8, 0xE7, 0xE7, 0xFF, 0x6F, 0x67, 0x67, 0x73, 0xE7, 0xDE, 0xE7, 0xFF, 0x6F, 0x67, 0x67,
    0x73, 0xFF, 0xF2, 0xE7, 0xEA, 0xFF, 0xFF, 0x75, 0x67, 0xFF, 0xFF, 0xEA, 0xE7, 0xF1, 0xFF, 0x74,
    0x67, 0x68, 0xFF, 0xFF, 0xE7, 0xE7, 0xE7, 0xFF, 0x6B, 0x67, 0x67, 0x7A, 0xE7, 0xDE, 0xE7, 0x73,
    0x67, 0x5C, 0x6F, 0xFF, 0xE7, 0xE7, 0xFF, 0xFF, 0xFF, 0xFF, 0xFF, 0xFF, 0x75, 0x67, 0xFF, 0xF1,
    0xE7, 0xEA, 0x6E, 0x67, 0x67, 0x75, 0xE7, 0xE7, 0xE7, 0x78, 0x67, 0x67, 0xFF, 0xEC, 0xFF, 0xFF,
    0xFF, 0xFF, 0xFF, 0xFF, 0xFF, 0xFF, 0x69, 0xFF, 0xFF, 0xFF, 0xFF, 0xFF, 0xFF, 0xFF, 0xFF, 0xFF,
    0xFF, 0xFF, 0xFF, 0xE7, 0xE7, 0xF8, 0x79, 0x67, 0x67, 0xFF, 0xEC, 0xE7, 0xEE, 0xFF, 0x67, 0x67,
    0x7D, 0xFF, 0xFF, 0xE7, 0xEF, 0xFF, 0xFF, 0xFF, 0x67, 0x67, 0x67, 0xFF, 0xEF, 0xE7, 0xE7, 0xF3,
    0xFF, 0x67, 0x67, 0x69, 0xFF, 0xFF, 0xE7, 0xE7, 0xE8, 0xFF, 0x6B, 0x67, 0x67, 0x7C, 0xE7, 0xE7,
    0xE8, 0x71, 0x67, 0x67, 0x71, 0xFF, 0xE7, 0xE7, 0xFF, 0xFF, 0x6A, 0x67, 0x67, 0x7D, 0xF4, 0xE7,
    0xE7, 0xEF, 0xFF, 0x63, 0x5B, 0x67, 0xF3, 0xE7, 0xDB, 0xDF, 0xFB, 0x76, 0x67, 0x67, 0x67, 0x77,
    0xFA, 0xE7, 0xE7, 0xEC, 0xFF, 0x67, 0x67, 0x78, 0xF9, 0xE7, 0xE7, 0xFF, 0x6C, 0x67, 0x67, 0x79,
    0xFF, 0xEE, 0xE7, 0xE7, 0xF6, 0xFF, 0x70, 0x67, 0x67, 0x72, 0xE8, 0xE7, 0xE7, 0xFF, 0x6F, 0x67,
    0x67, 0x73, 0xE7, 0xE7, 0xE7, 0x7A, 0x67, 0x67, 0x6B, 0xFF, 0xE7, 0xE7, 0xE7, 0xEA, 0xFF, 0x68,
    0x67, 0x67, 0x68, 0xF1, 0xDD, 0xDD, 0xE7, 0xFD, 0x62, 0x5B, 0x68, 0xFF, 0xEA, 0xE7, 0xE7, 0xFE,
    0x67, 0x67, 0x69, 0xFF, 0xE9, 0xFF, 0xFF, 0xFF, 0xFF, 0xFF, 0xFF, 0xFF, 0xFF, 0xFF, 0xED, 0xE8,
    0xFF, 0xFF, 0x67, 0x67, 0x67, 0xFF, 0xFF, 0xFF, 0xFF, 0xFF, 0xFF, 0xFF, 0xFF, 0xFF, 0xFF, 0xFF,
    0xFF, 0xFF, 0xFF, 0xFF, 0xFF, 0xFF, 0xFF, 0xFF, 0xFF, 0xFF, 0xFF, 0xFF, 0xFF, 0xFF, 0xFF, 0xFF,
    0xFF, 0xFF, 0xFF, 0xFF, 0xFF, 0xFF, 0xFF, 0xFF, 0xFF, 0xFF, 0xE7, 0xF4, 0xFF, 0x71, 0x67, 0x67,
    0x70, 0xFF, 0xFF, 0xFF, 0xFF, 0xFF, 0xFF, 0x78, 0x71, 0xFF, 0xFF, 0xEC, 0xE7, 0xE7, 0xFA, 0x67,
    0x67, 0x67, 0xFF, 0xEB, 0xE7, 0xEF, 0xFF, 0x67, 0x67, 0xFF, 0xE7, 0xF7, 0xFF, 0xFF, 0xFF, 0xF6,
    0xE7, 0xFF, 0x72, 0x67, 0x6A, 0xEF, 0xE7, 0xE7, 0xF5, 0x67, 0x67, 0x67, 0xF9, 0xE7, 0xE7, 0xFF,
    0xFF, 0xFF, 0xFF, 0xFF, 0xFF, 0x6E, 0x7E, 0xF4, 0xE7, 0xE7, 0xEF, 0x69, 0x67, 0x72, 0xFF, 0xE7,
    0xE7, 0xE9, 0x6F, 0x67, 0x6B, 0xFF, 0xFF, 0xFF, 0xFF, 0xFF, 0xEF, 0xE7, 0xFF, 0x6C, 0x67, 0x67,
    0x78, 0xE7, 0xE7, 0xFD, 0x75, 0x67, 0x68, 0xFF, 0xEA, 0xEA, 0xFF, 0xFF, 0xFF, 0xEC, 0xE7, 0xEF,
    0x69, 0x67, 0x67, 0x7E, 0xE7, 0xE7, 0xFF, 0x6F, 0x67, 0x6B, 0xFF, 0xE7, 0xE7, 0xE7, 0xFF, 0xFF,
    0x69, 0x67, 0x67, 0x68, 0xF2, 0xE7, 0xE7, 0xE7, 0xFD, 0x67, 0x67, 0x68, 0xF1, 0xE7, 0xE7, 0xF1,
    0xFF, 0x67, 0x67, 0xFF, 0xFF, 0xFF, 0xFF, 0xFF, 0xFF, 0xFF, 0xFF, 0xFF, 0xFF, 0xFF, 0xE7, 0xE7,
    0xFF, 0x72, 0x67, 0x67, 0x6F, 0xE9, 0xDE, 0xE7, 0x7E, 0x67, 0x67, 0x6A, 0xFF, 0xE9, 0xE7, 0xF4,
    0xFF, 0xFF, 0xFF, 0xFF, 0xFF, 0xFF, 0xFF, 0xEC, 0xFF, 0xFF, 0x6A, 0x6A, 0xFF, 0xE8, 0xE7, 0xF6,
    0x7B, 0x67, 0x67, 0xFF, 0xED, 0xE7, 0xFF, 0x6B, 0x67, 0x6F, 0xFF, 0xF7, 0xE7, 0xE7, 0xFF, 0x6B,
    0x69, 0xFF, 0xFF, 0xFF, 0xFF, 0xFF, 0x71, 0x78, 0xFF, 0xEE, 0xFD, 0xFF, 0xFF, 0xFF, 0xFF, 0xFF,
    0xFF, 0xFF, 0xFF, 0xFF, 0xFF, 0xFF, 0xFF, 0xFF, 0xFF, 0xFF, 0xFF, 0xFF, 0xFF, 0xFF, 0xFF, 0xFF,
    0xFF, 0xFF, 0x7E, 0x67, 0x67, 0xFF, 0xFF, 0xE9, 0xEC, 0xFF, 0x67, 0x67, 0x78, 0xFA, 0xE7, 0xE7,
    0x75, 0x67, 0x67, 0x6E, 0xEA, 0xE7, 0xE7, 0xFD, 0x67, 0x67, 0x68, 0xFF, 0xEA, 0xE7, 0xE7, 0xFE,
    0xFF, 0x6B, 0x65, 0x5F, 0x67, 0xE7, 0xDE, 0xDB, 0xED, 0x6B, 0x5B, 0x5F, 0x67, 0xF6, 0xE7, 0xE7,
    0xE7, 0xF8, 0xFF, 0xFF, 0x68, 0x67, 0x67, 0xFF, 0xF1, 0xE7, 0xEA, 0xFF, 0xFF, 0x6C, 0xFF, 0xFF,
    0xFF, 0xFF, 0xFF, 0xFF, 0xE8, 0xED, 0xFF, 0x67, 0x67, 0x67, 0xF8, 0xE7, 0xE7, 0xED, 0x6B, 0x67,
    0x67, 0x7B, 0xF7, 0xE7, 0xE7, 0xFF, 0xFF, 0xFF, 0xFF, 0xFF, 0x67, 0x74, 0xFF, 0xF2, 0xE7, 0xEA,
    0xFF, 0x68, 0x67, 0x74, 0xFD, 0xE7, 0xE7, 0xFF, 0xFF, 0xFF, 0xFF, 0xEC, 0xE9, 0xFF, 0x6A, 0x67,
    0x72, 0xFF, 0xE7, 0xE7, 0xE9, 0x6F, 0x67, 0x6B, 0xFF, 0xFF, 0xFF, 0xFF, 0xFF, 0xFF, 0xFF, 0xFF,
    0xFF, 0x67, 0xFF, 0xFF, 0xE7, 0xF0, 0xFF, 0xFF, 0xFF, 0xFF, 0xFF, 0xFF, 0xFF, 0xFF, 0xFF, 0xFF,
    0xFF, 0xFF, 0xFF, 0xFF, 0xFF, 0xFF, 0xFF, 0xFF, 0xFF, 0xFF, 0xFF, 0xFF, 0xEB, 0xFF, 0xFF, 0xFF,
    0xFF, 0xFF, 0xFF, 0xFF, 0xFF, 0x6D, 0x67, 0xFF, 0xFF, 0xFF, 0xFF, 0xE9, 0xE7, 0xF4, 0xFF, 0x71,
    0x67, 0x6A, 0xFF, 0xE8, 0xE7, 0xE7, 0x7C, 0x67, 0x67, 0x6A, 0xFF, 0xE8, 0xE7, 0xF6, 0xFF, 0xFF,
    0xFF, 0xFF, 0xFF, 0xFF, 0xFF, 0xFF, 0xFF, 0xFF, 0xFF, 0x76, 0x67, 0xFF, 0xF3, 0xE7, 0xFF, 0xFF,
    0x69, 0x6B, 0xFF, 0xFF, 0xFF, 0xFF, 0xFF, 0xFF, 0x68, 0xFF, 0xFF, 0xFD, 0xEE, 0xFF, 0xFF, 0x6E,
    0x67, 0x67, 0x75, 0xFC, 0xE7, 0xE7, 0xFF, 0xFF, 0x67, 0x67, 0x76, 0xFF, 0xFF, 0xFF, 0xFF, 0xFF,
    0xFF, 0xFF, 0xFF, 0xFF, 0xFF, 0xFF, 0xFF, 0xFF, 0xFF, 0xFF, 0xFF, 0xFF, 0xFF, 0xFF, 0xFF, 0xFF,
    0xFF, 0xF1, 0xE7, 0xFF, 0xFF, 0x68, 0x67, 0x75, 0xFF, 0xFF, 0xEA, 0xE7, 0xF2, 0xFF, 0xFF, 0x6B,
    0xFF, 0xFF, 0xFF, 0xE7, 0xF3, 0xFF, 0x73, 0x67, 0x69, 0xFF, 0xFF, 0xE7, 0xE7, 0xFF, 0xFF, 0xFF,
    0xFF, 0xFF, 0xFF, 0xFF, 0xFF, 0xFF, 0xFF, 0xEA, 0xE7, 0xF1, 0xFF, 0x75, 0x67, 0x68, 0xFF, 0xFF,
    0xE7, 0xE7, 0xFE, 0x74, 0x67, 0x68, 0xFF, 0xFF, 0xE7, 0xF2, 0xFF, 0xFF, 0xFF, 0xFF, 0xFF, 0xFF,
    0xFF, 0xFF, 0xFF, 0xFF, 0xFF, 0xFF, 0xFF, 0xFF, 0xFF, 0xFF, 0xFF, 0xFF, 0xFF, 0xFF, 0xFF, 0xFF,
    0x75, 0x67, 0x68, 0xFF, 0xEA, 0xE7, 0xE7, 0xFD, 0x67, 0x67, 0x68, 0xFF, 0xEA, 0xE7, 0xF2, 0xFF,
    0x67, 0x76, 0xFF, 0xFF, 0xFF, 0xFF, 0xFF, 0xFF, 0xFF, 0xFF, 0xFF, 0xFF, 0xFF, 0xFF, 0xFF, 0xFF,
    0xFF, 0xFF, 0xFA, 0xE7, 0xFC, 0xFF, 0x6C, 0x67, 0x6E, 0xFF, 0xF9, 0xE7, 0xFD, 0xFF, 0xFF, 0xFF,
    0xFF, 0xFF, 0xFF, 0xFF, 0xE8, 0xE7, 0xF6, 0x7B, 0x67, 0x67, 0xFF, 0xED, 0xE7, 0xED, 0xFF, 0xFF,
    0xFF, 0xFF, 0xFF, 0xFF, 0x67, 0x67, 0x77, 0xFA, 0xE7, 0xE7, 0x76, 0x67, 0x67, 0x6E, 0xEB, 0xE7,
    0xE7, 0xFD, 0x67, 0x67, 0xFF, 0xFF, 0xEA, 0xEA, 0xFF, 0xFF, 0xFF, 0xFF, 0xFF, 0xFF, 0xFF, 0xFF,
    0xFF, 0xFF, 0xFF, 0xFF, 0xFF, 0xFF, 0xFF, 0xFF, 0xFF, 0xFF, 0xFF, 0xFF, 0xFF, 0xFF, 0xE9, 0xEC,
    0xFF, 0xFF, 0xFF, 0xFF, 0xFF, 0xFF, 0xFF, 0xFF, 0x6C, 0xFF, 0xFF, 0xFF, 0xEA, 0xFF, 0xFF, 0xFF,
    0xFF, 0xFF, 0xFF, 0xFF, 0xFF, 0xFF, 0xFF, 0xFF, 0xFF, 0x7B, 0x67, 0x67, 0xFF, 0xFF, 0xE7, 0xE7,
    0xF7, 0x7A, 0x67, 0x67, 0x6B, 0xFF, 0xE7, 0xE7, 0xE7, 0xFF, 0x6F, 0x67, 0x67, 0x74, 0xE7, 0xE7,
    0xE7, 0xEA, 0x6E, 0x67, 0x67, 0x75, 0xFD, 0xE7, 0xE7, 0xEA, 0xFF, 0xFF, 0x74, 0x67, 0x67, 0x6F,
    0xFF, 0xE7, 0xE7, 0xE7, 0x73, 0x67, 0x67, 0x6F, 0xE9, 0xE7, 0xE7, 0xFF, 0xFF, 0x6B, 0x69, 0xFF,
    0xFF, 0xFF, 0xFF, 0xFF, 0xFF, 0xFF, 0xFF, 0xFF, 0xFF, 0xFF, 0xFF, 0xE7, 0xE7, 0xF9, 0x78, 0x67,
    0x67, 0xFF, 0xFF, 0xE7, 0xEF, 0xFF, 0xFF, 0xFF, 0xFF, 0xFF, 0xFF, 0xFF, 0xFF, 0xFF, 0xFF, 0xFF,
    0xFF, 0x6D, 0xFF, 0xFF, 0xFF, 0xFF, 0xFF, 0xFF, 0xFF, 0xFF, 0xFF, 0xFF, 0xFF, 0xFF, 0xFF, 0xFF,
    0xFF, 0xFF, 0xFF, 0xFF, 0xFF, 0xFF, 0xFF, 0xFF, 0xFF, 0xFF, 0xFF, 0xFF, 0xFF, 0xFF, 0xFF, 0xFF,
    0xE7, 0xEF, 0xFF, 0x67, 0x67, 0x7E, 0xF3, 0xE7, 0xE9, 0xFF, 0x69, 0x67, 0x73, 0xFE, 0xE7, 0xE7,
    0xFF, 0xFF, 0xFF, 0x67, 0x67, 0xFF, 0xFF, 0xFF, 0xE7, 0xF1, 0xFF, 0xFF, 0x6C, 0xFF, 0xFF, 0xFF,
    0xFF, 0xFF, 0xFF, 0xFF, 0xFF, 0xFF, 0xFF, 0xFF, 0xFF, 0xEE, 0xE7, 0xFF, 0xFF, 0x67, 0x67, 0x7A,
    0xF7, 0xE7, 0xE7, 0xFF, 0x6B, 0x69, 0xFF, 0xFF, 0xFF, 0xFF, 0xFF, 0xFF, 0xFF, 0xFF, 0xFF, 0x68,
    0x67, 0x74, 0xFD, 0xE7, 0xE7, 0xFF, 0x6E, 0x67, 0x6C, 0xFF, 0xFF, 0xFF, 0xFF, 0xFF, 0xFF, 0xFF,
    0xFF, 0xFF, 0xFF, 0xFF, 0xFF, 0xFF, 0xFF, 0xFF, 0xFF, 0xFF, 0xFF, 0xFF, 0xFF, 0xFF, 0xFF, 0xFF,
    0xFF, 0xEB, 0xE7, 0xF0, 0xFF, 0x67, 0x67, 0xFF, 0xF1, 0xE7, 0xFF, 0xFF, 0x68, 0x6C, 0xFF, 0xFF,
    0xFF, 0xFF, 0xFF, 0xFF, 0xFF, 0xFF, 0xFF, 0x7B, 0x6F, 0xFF, 0xF8, 0xE7, 0xFF, 0xFF, 0xFF, 0xFF,
    0xFF, 0xFF, 0xFF, 0xFF, 0xFF, 0xFF, 0xFF, 0xFF, 0xFF, 0xFF, 0xFF, 0xFF, 0xFE, 0xE7, 0xF8, 0xFF,
    0x6E, 0x67, 0xFF, 0xFF, 0xE8, 0xFF, 0xFF, 0xFF, 0xFF, 0xE8, 0xE7, 0xF6, 0x7C, 0x67, 0x67, 0xFF,
    0xEE, 0xE7, 0xED, 0xFF, 0x67, 0x67, 0x7A, 0xFF, 0xFF, 0xFF, 0xFF, 0xFF, 0xFF, 0xFF, 0xFF, 0xFF,
    0xFF, 0xFE, 0xE7, 0xE7, 0xFF, 0x6E, 0x67, 0x67, 0x74, 0xFF, 0xFF, 0xEA, 0xFF, 0xFF, 0xFF, 0x74,
    0x67, 0x68, 0xFF, 0xEA, 0xE7, 0xE7, 0xFE, 0x73, 0x67, 0x67, 0x6F, 0xE9, 0xE7, 0xE7, 0xFF, 0xFF,
    0x6B, 0xFF, 0xFF, 0xFF, 0xFF, 0xFF, 0xFF, 0xFF, 0xFF, 0xFF, 0xFF, 0x68, 0xFF, 0xFF, 0xE7, 0xEE,
    0xFF, 0x67, 0x67, 0x7C, 0xF5, 0xE7, 0xE7, 0xEE, 0xFF, 0x67, 0x67, 0x7D, 0xFF, 0xEC, 0xE7, 0xE7,
    0xFA, 0x77, 0x67, 0x67, 0x67, 0x76, 0xFB, 0xE7, 0xE7, 0xFF, 0xFF, 0x67, 0x6D, 0xFF, 0xFF, 0xFF,
    0xFF, 0xFF, 0xFF, 0xFF, 0xFF, 0xFF, 0x6A, 0xFF, 0xFF, 0xF5, 0xE7, 0xFF, 0xFF, 0xFF, 0x67, 0x71,
    0xFF, 0xF4, 0xE7, 0xFF, 0xFF, 0xFF, 0xFF, 0xFF, 0xFF, 0xED, 0xFF, 0x7B, 0x67, 0x7A, 0xFF, 0xFF,
    0xFF, 0xFF, 0xFF, 0xFF, 0xFF, 0xFF, 0xFF, 0xFF, 0x67, 0x67, 0x78, 0xFF, 0xEF, 0xE7, 0xFF, 0xFF,
    0xFF, 0xFF, 0xFF, 0xFF, 0xFF, 0xFF, 0xFF, 0xFF, 0xFF, 0xFF, 0xFF, 0xFF, 0xFF, 0xFF, 0xFF, 0xFF,
    0xFF, 0xFF, 0xFF, 0xFF, 0xFF, 0xFF, 0xFF, 0xFF, 0xFF, 0xFF, 0xFF, 0xFF, 0xFF, 0xFF, 0xFF, 0xFF,
    0xFF, 0xFF, 0xFF, 0xFF, 0xFF, 0xFF, 0xFF, 0xFF, 0xFF, 0xFF, 0xFF, 0x6C, 0xFF, 0xFD, 0xE7, 0xE7,
    0xFF, 0xFF, 0xFF, 0x67, 0x75, 0xFF, 0xFF, 0xFF, 0xE7, 0xE7, 0xFE, 0xFF, 0x6B, 0x67, 0x67, 0x7A,
    0xE7, 0xE7, 0xE7, 0xFF, 0x6B, 0x67, 0x6F, 0xFF, 0xFF, 0xFF, 0xFF, 0xFF, 0xFF, 0x79, 0x67, 0x7C,
    0xFF, 0xEC, 0xFF, 0xFF, 0xFF, 0xFF, 0xFF, 0xFF, 0xFF, 0xFF, 0xFF, 0xFF, 0xFF, 0xFF, 0xFF, 0xFF,
    0xFF, 0xFF, 0xFF, 0xFF, 0xFF, 0xEB, 0xFF, 0xFF, 0xFF, 0xFF, 0xFF, 0xFF, 0xFF, 0xFF, 0xFF, 0xFF,
    0xFF, 0xFF, 0xFF, 0xFF, 0xFF, 0x67, 0x74, 0xFF, 0xF1, 0xE7, 0xFF, 0xFF, 0xFF, 0xFF, 0xFF, 0xFF,
    0xFF, 0xFF, 0xF8, 0xE7, 0xE7, 0xFF, 0x6C, 0x67, 0x6F, 0xFF, 0xE7, 0xE7, 0xFF, 0x73, 0x67, 0x69,
    0xFF, 0xFF, 0xE7, 0xE7, 0xFF, 0xFF, 0xFF, 0x69, 0xFF, 0xFF, 0xFF, 0xED, 0xE7, 0xEE, 0xFF, 0x67,
    0x67, 0x7C, 0xFF, 0xEC, 0xE7, 0xEE, 0xFF, 0xFF, 0xFF, 0x68, 0x6C, 0xFF, 0xFC, 0xE7, 0xE7, 0xFF,
    0xFF, 0x67, 0x6D, 0xFF, 0xFB, 0xE7, 0xFB, 0xFF, 0xFF, 0xFF, 0xFF, 0xFF, 0xFF, 0xFF, 0xFF, 0xF6,
    0xF4, 0xFF, 0xFF, 0xFF, 0xFF, 0xFF, 0xFF, 0xFF, 0xFF, 0xFF, 0xFF, 0xFF, 0xEA, 0xFF, 0xFF, 0xFF,
    0xFF, 0xFF, 0xFF, 0xFF, 0xFF, 0xFF, 0xFF, 0xFF, 0xFF, 0x7B, 0x6F, 0xFF, 0xF7, 0xE7, 0xE7, 0xFF,
    0xFF, 0xFF, 0xFF, 0xFF, 0xFF, 0xFF, 0xFF, 0xF2, 0xE7, 0xEA, 0xFF, 0x68, 0x67, 0x67, 0xFF, 0xF1,
    0xE7, 0xEA, 0xFF, 0x68, 0x6C, 0xFF, 0xFF, 0xFF, 0xFF, 0xFF, 0xFF, 0xFF, 0xFF, 0xFF, 0xFF, 0xFF,
    0xFF, 0xFF, 0xFF, 0xFF, 0xFF, 0xFF, 0xFF, 0xFF, 0xE9, 0xEB, 0xFF, 0x7E, 0x67, 0x77, 0xFF, 0xFF,
    0xFF, 0xFF, 0xFF, 0xFF, 0xFF, 0xFF, 0xFF, 0xFF, 0xFF, 0xFF, 0xFF, 0xFF, 0xFF, 0xFF, 0xFF, 0xFF,
    0xFF, 0xFF, 0xFF, 0xFF, 0xFF, 0xEA, 0xE7, 0xF2, 0x67, 0x67, 0x67, 0xFB, 0xE7, 0xE7, 0xEB, 0xFF,
    0x67, 0x67, 0x77, 0xFB, 0xE7, 0xE7, 0xFF, 0xFF, 0xFF, 0xFF, 0xFF, 0xFF, 0xFF, 0xFF, 0xFF, 0xFF,
    0xFF, 0xFF, 0xFF, 0xFF, 0xFF, 0xFF, 0xFF, 0xFF, 0xFF, 0xFF, 0xFF, 0xFF, 0xFF, 0xFF, 0xFF, 0xFF,
    0xFF, 0xFF, 0xFF, 0xFF, 0x6D, 0x67, 0xFF, 0xFF, 0xE7, 0xEF, 0xFF, 0xFF, 0xFF, 0xFF, 0xFF, 0xFF,
    0xFF, 0x6F, 0x67, 0xFF, 0xFF, 0xE7, 0xEE, 0xFF, 0xFF, 0xFF, 0xFF, 0xFF, 0xFF, 0xFF, 0xFF, 0xFF,
    0xFF, 0xFF, 0xFF, 0x6C, 0xFF, 0xFF, 0xF0, 0xE7, 0xFF, 0xFF, 0x67, 0x67, 0x76, 0xFF, 0xFF, 0xFF,
    0xFF, 0xFF, 0xFF, 0xFF, 0xFF, 0xFF, 0xFF, 0x69, 0xFF, 0xFF, 0xE7, 0xE7, 0xF8, 0x79, 0x67, 0x7C,
    0xFF, 0xFF, 0xFF, 0xFF, 0xFF, 0xFF, 0xFF, 0xFF, 0xFF, 0xFF, 0xFF, 0xFF, 0xFF, 0xFF, 0xFF, 0xFF,
    0xFF, 0xFF, 0xFF, 0xFF, 0xFF, 0xFF, 0xFF, 0xFF, 0xFF, 0xFF, 0x7A, 0x6F, 0xFF, 0xFF, 0xED, 0xE8,
    0xFF, 0xFF, 0x67, 0x70, 0xFF, 0xFF, 0xED, 0xFF, 0xFF, 0xFF, 0xFF, 0xFF, 0xFF, 0xFF, 0xFF, 0xFF,
    0xFF, 0xFF, 0xFF, 0xFF, 0xFF, 0x74, 0x76, 0xFF, 0xFF, 0xEA, 0xFF, 0xFF, 0xFF, 0xFF, 0xFF, 0xFF,
    0xFF, 0xFF, 0xFF, 0xFF, 0xFF, 0xE7, 0xE7, 0xFF, 0x6F, 0x67, 0x6C, 0xFF, 0xE7, 0xE7, 0xF8, 0x79,
    0x67, 0x67, 0xF5, 0xE7, 0xE8, 0xFF, 0x6A, 0x67, 0x71, 0xFF, 0xE7, 0xF6, 0xFF, 0xFF, 0xFF, 0xFF,
    0xFF, 0xFF, 0xFF, 0xFF, 0xFF, 0xFF, 0xFF, 0xFF, 0xFF, 0xFF, 0xFF, 0xFF, 0xFF, 0xFF, 0xFF, 0xFF,
    0xFF, 0xFF, 0xFF, 0xFF, 0xFF, 0xFF, 0xFF, 0xFF, 0xFF, 0xFF, 0xFF, 0xFF, 0xFF, 0xFF, 0xFF, 0x67,
    0x75, 0xFF, 0xF0, 0xE7, 0xEB, 0xFF, 0x68, 0x67, 0x76, 0xFC, 0xE7, 0xE7, 0xEB, 0xFF, 0x67, 0x67,
    0x67, 0xFF, 0xFF, 0xFF, 0xFF, 0xFF, 0xFF, 0xFF, 0xFF, 0x67, 0x70, 0xFF, 0xE7, 0xE7, 0xFF, 0x71,
    0x67, 0x6A, 0xFF, 0xE8, 0xE7, 0xE7, 0xFF, 0x70, 0x67, 0x67, 0x71, 0xFF, 0xF4, 0xE7, 0xFF, 0xFF,
    0xFF, 0xFF, 0xFF, 0xFF, 0xFF, 0xFF, 0xFF, 0xFF, 0xFF, 0xFF, 0xFF, 0xFF, 0xFF, 0xFF, 0xFF, 0xFF,
    0xFF, 0xFF, 0xFF, 0xFF, 0xFF, 0xFF, 0xFF, 0xFF, 0xFF, 0xFF, 0xFF, 0xFF, 0xFF, 0xFF, 0xFF, 0xFF,
    0xE8, 0xEC, 0xFF, 0x7C, 0x67, 0x67, 0xFF, 0xFF, 0xE8, 0xE7, 0xF6, 0x7B, 0x67, 0x67, 0xFF, 0xED,
    0xE7, 0xE7, 0xF7, 0xFF, 0xFF, 0xFF, 0xFF, 0xFF, 0xFF, 0xFF, 0xEB, 0xE7, 0xF0, 0xFF, 0x67, 0x67,
    0x68, 0xF1, 0xE7, 0xE7, 0xF1, 0xFF, 0x67, 0x67, 0xFF, 0xFF, 0xEA, 0xE7, 0xE7, 0xFE, 0x74, 0x67,
    0x67, 0x6F, 0xFF, 0xE7, 0xE7, 0xE7, 0x73, 0x67, 0x67, 0x67, 0x7B, 0xE7, 0xE7, 0xE7, 0xEE, 0x6B,
    0x67, 0x67, 0x67, 0xFF, 0xED, 0xE7, 0xE7, 0xF8, 0x79, 0x67, 0x67, 0xFF, 0xEC, 0xE7, 0xEE, 0xFF,
    0x67, 0x71, 0xFF, 0xFF, 0xFF, 0xFF, 0xFF, 0xFF, 0xFF, 0xFF, 0xFF, 0x67, 0x67, 0xFF, 0xEF, 0xE7,
    0xEB, 0xFF, 0x67, 0x67, 0x67, 0xFF, 0xEF, 0xE7, 0xFF, 0xFF, 0xFF, 0x71, 0x67, 0x67, 0x70, 0xFF,
    0xE7, 0xE7, 0xFF, 0x71, 0x67, 0x67, 0x71, 0xFF, 0xE7, 0xE7, 0xFF, 0x70, 0x67, 0x67, 0x72, 0xFF,
    0xE7, 0xE7, 0xE9, 0xFF, 0x69, 0x67, 0x67, 0x7E, 0xE7, 0xE7, 0xE9, 0xFF, 0x69, 0x67, 0x73, 0xFF,
    0xFF, 0xFF, 0xFF, 0xFF, 0xFF, 0xFF, 0xFF, 0xFF, 0xFF, 0xFF, 0xFF, 0xFF, 0xFF, 0xFF, 0xFF, 0x7C,
    0x6E, 0xFF, 0xFF, 0xFF, 0xFF, 0xFF, 0xFF, 0xFF, 0xFF, 0xFF, 0xFF, 0xFF, 0xFF, 0xFF, 0xFF, 0xFF,
    0xFF, 0xFF, 0xFF, 0xFF, 0xE7, 0xED, 0xFF, 0x7A, 0x67, 0x67, 0xFF, 0xED, 0xE7, 0xEE, 0xFF, 0x67,
    0x67, 0x7C, 0xFF, 0xEC, 0xE7, 0xEE, 0xFF, 0xFF, 0xFF, 0xFF, 0xFF, 0xFF, 0xFF, 0xFF, 0xFF, 0xFF,
    0xFF, 0xFF, 0x73, 0x76, 0xFF, 0xFF, 0xE9, 0xEB, 0xFF, 0xFF, 0xFF, 0xFF, 0x69, 0xFF, 0xFF, 0xFF,
    0xED, 0xFF, 0xFF, 0xFF, 0x79, 0x67, 0x7C, 0xFF, 0xEC, 0xE7, 0xEE, 0xFF, 0x67, 0x67, 0x7D, 0xF5,
    0xE7, 0xE8, 0xFF, 0xFF, 0x78, 0x71, 0xFF, 0xFF, 0xFF, 0xFF, 0xFF, 0xFF, 0xFF, 0xFF, 0xFF, 0x6D,
    0xFF, 0xFB, 0xE7, 0xFB, 0xFF, 0x6D, 0x67, 0xFF, 0xFF, 0xFF, 0xFF, 0xFF, 0xFF, 0xFF, 0xFF, 0x71,
    0x67, 0xFF, 0xFF, 0xE8, 0xE7, 0xF5, 0x7C, 0x67, 0x67, 0xFF, 0xEE, 0xE7, 0xE7, 0xF6, 0x7C, 0x67,
    0x67, 0x6B, 0xFF, 0xE7, 0xE7, 0xE7, 0xFF, 0xFF, 0x69, 0x67, 0x67, 0xFF, 0xF3, 0xE7, 0xE7, 0xF0,
    0x69, 0x67, 0x67, 0xFF, 0xF2, 0xE7, 0xFF, 0xFF, 0xFF, 0xFF, 0xFF, 0xFF, 0xFF, 0xFF, 0xE7, 0xE7,
    0xE7, 0x74, 0x67, 0x67, 0x6E, 0xFF, 0xE7, 0xE7, 0xFE, 0x73, 0x67, 0xFF, 0xFF, 0xFF, 0xFF, 0xFF,
    0xFF, 0xFF, 0xFF, 0xFF, 0xFF, 0xFF, 0x6B, 0xFF, 0xFE, 0xE7, 0xE7, 0xFF, 0x6E, 0x67, 0xFF, 0xFF,
    0xFD, 0xEE, 0xFF, 0xFF, 0xFF, 0xFF, 0xFF, 0xFF, 0xFF, 0xFF, 0xFF, 0xF8, 0xE7, 0xFE, 0xFF, 0x6B,
    0xFF, 0xFF, 0xFF, 0xFF, 0xFF, 0xFF, 0xFF, 0xFF, 0xFF, 0xFF, 0xFF, 0xFF, 0xFF, 0xFF, 0xFF, 0xFF,
    0xFF, 0xFF, 0xFF, 0xFF, 0xFF, 0xFF, 0x71, 0x67, 0xFF, 0xFF, 0xE8, 0xE7, 0xF5, 0xFF, 0x70, 0x67,
    0xFF, 0xFF, 0xFF, 0xFF, 0xFF, 0xFF, 0xFF, 0xFF, 0xFF, 0xFF, 0xFF, 0xFF, 0xFF, 0xFF, 0xFF, 0xFF,
    0xFF, 0xFF, 0xFF, 0xFF, 0xFF, 0xFF, 0xFF, 0xFF, 0xE7, 0xF4, 0xFF, 0x71, 0x67, 0x6A, 0xFF, 0xE8,
    0xE7, 0xF5, 0x7D, 0x67, 0x67, 0xFF, 0xFF, 0xFF, 0xFF, 0xFF, 0xFF, 0xFF, 0xFF, 0xFF, 0xFF, 0xFF,
    0xFF, 0xFF, 0xE7, 0xEF, 0xFF, 0xFF, 0xFF, 0xFF, 0xFF, 0xFF, 0xFF, 0xFF, 0xFF, 0xE7, 0xE7, 0xFF,
    0x72, 0x67, 0x67, 0x70, 0xFF, 0xE7, 0xE7, 0xE8, 0xFF, 0x6A, 0x6A, 0xFF, 0xFF, 0xFF, 0xFF, 0xFF,
    0xFF, 0xFF, 0xFF, 0x6E, 0x67, 0x6C, 0xFF, 0xE7, 0xE7, 0xE7, 0xFF, 0x6D, 0x67, 0xFF, 0xFF, 0xFF,
    0xFF, 0xFF, 0xFF, 0xFF, 0xFF, 0xFF, 0xFF, 0xFF, 0xFF, 0xFF, 0xFF, 0xFF, 0xFF, 0xFF, 0xFF, 0xFF,
    0xFF, 0xFF, 0xFF, 0xFF, 0xFF, 0xFF, 0xEA, 0xE7, 0xF1, 0xFF, 0x67, 0x67, 0xFF, 0xFF, 0xFF, 0xFF,
    0xFF, 0xFF, 0xFF, 0xFF, 0x7B, 0x67, 0x67, 0xFF, 0xED, 0xE7, 0xED, 0xFF, 0x67, 0x67, 0x7B, 0xF6,
    0xE7, 0xE7, 0xEE, 0xFF, 0xFF, 0xFF, 0xFF, 0xFF, 0xFF, 0xFF, 0xFF, 0xFF, 0xFF, 0xFF, 0x68, 0x6C,
    0xFF, 0xFC, 0xE7, 0xFA, 0x78, 0x67, 0x67, 0xFF, 0xEC, 0xE9, 0xFF, 0xFF, 0xFF, 0xFF, 0xFF, 0xFF,
    0xFF, 0xFF, 0x6F, 0x7B, 0xFF, 0xED, 0xFF, 0xFF, 0x6B, 0xFF, 0xFF, 0xFF, 0xEC, 0xFF, 0xFF, 0xFF,
    0xFF, 0xFF, 0xFF, 0xFF, 0xFF, 0xFF, 0xFF, 0xFF, 0xFF, 0xFF, 0xFF, 0xFF, 0xFF, 0xFF, 0xFF, 0xFF,
    0xFF, 0xFF, 0xFF, 0xFF, 0xFF, 0xFF, 0xFF, 0xFF, 0xFF,
};
static const unsigned int snd_whisper_len = 27481;

/* anomaly.wav: 17569 bytes @ 8kHz u-law */
static const unsigned char snd_anomaly[] = {
    0xFF, 0xFF, 0xFF, 0xFF, 0xFF, 0xFF, 0xFF, 0xFF, 0xFF, 0xFF, 0xFF, 0xFF, 0xFF, 0xFF, 0xFF, 0xFF,
    0xFF, 0xFF, 0xFF, 0xFF, 0xFF, 0xFF, 0xFF, 0xFF, 0xFF, 0xFF, 0xFF, 0xFF, 0xFF, 0xFF, 0xFF, 0xFF,
    0xFF, 0xFF, 0xFF, 0xFF, 0xFF, 0xFF, 0xFF, 0xFF, 0xFF, 0xFF, 0xFF, 0xFF, 0xFF, 0xFF, 0xFF, 0xFF,
    0xFF, 0xFF, 0xFF, 0xFF, 0xFF, 0xFF, 0xFF, 0xFF, 0xFF, 0xFF, 0xFF, 0xFF, 0xFF, 0xFF, 0xFF, 0xFF,
    0xFF, 0xFF, 0xFF, 0xFF, 0xFF, 0xFF, 0xFF, 0xFF, 0xFF, 0xFF, 0xFF, 0xFF, 0xFF, 0xFF, 0xFF, 0xFF,
    0xFF, 0xFF, 0xFF, 0xFF, 0xFF, 0xFF, 0xFF, 0xFF, 0xFF, 0xFF, 0xFF, 0xFF, 0xFF, 0xFF, 0xFF, 0xFF,
    0xFF, 0xFF, 0xFF, 0xFF, 0xFF, 0xFF, 0xFF, 0xFF, 0xFF, 0xFF, 0xFF, 0xFF, 0xFF, 0xFF, 0xFF, 0xFF,
    0xFF, 0xFF, 0xFF, 0xFF, 0xFF, 0xFF, 0xFF, 0xFF, 0xFF, 0xFF, 0xFF, 0xFF, 0xFF, 0xFF, 0xFF, 0xFF,
    0xFF, 0xFF, 0xFF, 0xFF, 0xFF, 0xFF, 0xFF, 0xFF, 0xFF, 0xFF, 0xFF, 0xFF, 0xFF, 0xFF, 0xFF, 0xFF,
    0xFF, 0xFF, 0xFF, 0xFF, 0xFF, 0xFF, 0xFF, 0xFF, 0xFF, 0xFF, 0xFF, 0xFF, 0xFF, 0xFF, 0xFF, 0xFF,
    0xFF, 0xFF, 0xFF, 0xFF, 0xFF, 0xFF, 0xFF, 0xFF, 0xFF, 0xFF, 0xFF, 0xFF, 0xFF, 0xFF, 0xFF, 0xFF,
    0xFF, 0xFF, 0xFF, 0xFF, 0xFF, 0xFF, 0xFF, 0xFF, 0xFF, 0xFF, 0xFF, 0xFF, 0xFF, 0xFF, 0xFF, 0xFF,
    0xFF, 0xFF, 0xFF, 0xFF, 0xFF, 0xFF, 0xFF, 0xFF, 0xFF, 0xFF, 0xFF, 0xFF, 0xFF, 0xFF, 0xFF, 0xFF,
    0xFF, 0xFF, 0xFF, 0xFF, 0xFF, 0xFF, 0xFF, 0xFF, 0xFF, 0xFF, 0xFF, 0xFF, 0xFF, 0xFF, 0xFF, 0xFF,
    0xFF, 0xFF, 0xFF, 0xFF, 0xFF, 0xFF, 0xFF, 0xFF, 0xFF, 0xFF, 0xFF, 0xFF, 0xFF, 0xFF, 0xFF, 0xFF,
    0xFF, 0xFF, 0xFF, 0xFF, 0xFF, 0xFF, 0xFF, 0xFF, 0xFF, 0xFF, 0xFF, 0xFF, 0xFF, 0xFF, 0xFF, 0xFF,
    0xFF, 0xFF, 0xFF, 0xFF, 0xFF, 0xFF, 0xFF, 0xFF, 0xFF, 0xFF, 0xFF, 0xFF, 0xFF, 0xFF, 0xFF, 0xFF,
    0xFF, 0xFF, 0xFF, 0xFF, 0xFF, 0xFF, 0xFF, 0xFF, 0xFF, 0xFF, 0xFF, 0xFF, 0xFF, 0xFF, 0xFF, 0xFF,
    0xFF, 0xFF, 0xFF, 0xFF, 0xFF, 0xFF, 0xFF, 0xFF, 0xFF, 0xFF, 0xFF, 0xFF, 0xFF, 0xFF, 0xFF, 0xFF,
    0xFF, 0xFF, 0xFF, 0xFF, 0xFF, 0xFF, 0xFF, 0xFF, 0xFF, 0xFF, 0xFF, 0xFF, 0xFF, 0xFF, 0xFF, 0xFF,
    0xFF, 0xFF, 0xFF, 0xFF, 0xFF, 0xFF, 0xFF, 0xFF, 0xFF, 0xFF, 0xFF, 0xFF, 0xFF, 0xFF, 0xFF, 0xFF,
    0xFF, 0xFF, 0xFF, 0xFF, 0xFF, 0xFF, 0xFF, 0xFF, 0xFF, 0xFF, 0xFF, 0xFF, 0xFF, 0xFF, 0xFF, 0xFF,
    0xFF, 0xFF, 0xFF, 0xFF, 0xFF, 0xFF, 0xFF, 0xFF, 0xFF, 0xFF, 0xFF, 0xFF, 0xFF, 0xFF, 0xFF, 0xFF,
    0xFF, 0xFF, 0xFF, 0xFF, 0xFF, 0xFF, 0xFF, 0xFF, 0xFF, 0xFF, 0xFF, 0xFF, 0xFF, 0xFF, 0xFF, 0xFF,
    0xFF, 0xFF, 0xFF, 0xFF, 0xFF, 0xFF, 0xFF, 0xFF, 0xFF, 0xFF, 0xFF, 0xFF, 0xFF, 0xFF, 0xFF, 0xFF,
    0xFF, 0xFF, 0xFF, 0xFF, 0xFF, 0xFF, 0xFF, 0xFF, 0xFF, 0xFF, 0xFF, 0xFF, 0xFF, 0xFF, 0xFF, 0xFF,
    0xF5, 0xF5, 0xFF, 0xFF, 0xFF, 0xFF, 0xFF, 0xFF, 0xFF, 0xFF, 0xFF, 0xFF, 0xFF, 0xE7, 0xE7, 0xFE,
    0xFF, 0xFF, 0xFF, 0xFF, 0xFF, 0xFF, 0xFF, 0xFF, 0xFF, 0xFF, 0xFF, 0xFF, 0xFF, 0xFF, 0xFF, 0xFF,
    0xFF, 0xFF, 0xFF, 0xFF, 0xFF, 0xFF, 0xFF, 0xFF, 0xFF, 0xFF, 0xFF, 0xFF, 0xFF, 0xFF, 0xFF, 0xFF,
    0xFF, 0xFF, 0xFF, 0xFF, 0xFF, 0xFF, 0xFF, 0xFF, 0xFF, 0xFF, 0xFF, 0xFF, 0xFF, 0xFF, 0xFF, 0xFF,
    0xFF, 0xFF, 0xFF, 0xFF, 0xFF, 0xFF, 0xFF, 0xFF, 0xFF, 0xFF, 0xFF, 0xFF, 0xFF, 0xFF, 0xFF, 0xFF,
    0xFF, 0xFF, 0xFF, 0xFF, 0xFF, 0xFF, 0xFF, 0xFF, 0x6E, 0x67, 0xFF, 0xFF, 0xFF, 0xFF, 0xFF, 0xFF,
    0xFF, 0xFF, 0xFF, 0xFF, 0xFF, 0xFF, 0xFF, 0xFF, 0xFF, 0xFF, 0xFF, 0xFF, 0xFF, 0xFF, 0xFF, 0xFF,
    0xFF, 0xFF, 0xFF, 0x6A, 0x6A, 0xFF, 0xFF, 0xFF, 0xFF, 0xFF, 0xFF, 0xFF, 0xFF, 0xFF, 0xFF, 0xFF,
    0x6C, 0x67, 0x67, 0x67, 0x67, 0x67, 0x67, 0x6D, 0xFF, 0xFF, 0xFF, 0xFF, 0xFF, 0xFF, 0xFF, 0xFF,
    0xFF, 0xFF, 0xFF, 0xFF, 0xFF, 0xFF, 0xFF, 0xF2, 0xE7, 0xEA, 0xFF, 0xFF, 0xFF, 0xFF, 0xFF, 0xFF,
    0xFF, 0xFF, 0xFF, 0xFF, 0xFF, 0xFF, 0xFF, 0xFF, 0xFF, 0xFF, 0xFF, 0xFF, 0x74, 0x67, 0xFF, 0xFF,
    0xFF, 0xFF, 0xFF, 0xFF, 0x6D, 0xFF, 0xFF, 0xFF, 0xFF, 0xFF, 0xFF, 0xFF, 0xF3, 0xE7, 0xFF, 0xFF,
    0x69, 0xFF, 0xFF, 0xE8, 0xFF, 0xFF, 0xFF, 0xFF, 0xFF, 0xE7, 0xE7, 0xE7, 0xE7, 0xF9, 0xFF, 0xEE,
    0xE7, 0xFF, 0xFF, 0xFF, 0xF0, 0xE7, 0xE7, 0xE7, 0xE7, 0xFF, 0xFF, 0xFF, 0xFF, 0xFF, 0xFF, 0xFF,
    0xFF, 0xFF, 0xFF, 0xFF, 0xFF, 0xFF, 0xFF, 0xFF, 0xFF, 0xFF, 0x6B, 0xFF, 0xFF, 0xFF, 0xFF, 0xFF,
    0xFF, 0xFF, 0xFF, 0xFF, 0xFF, 0xFF, 0xFF, 0xFF, 0xFF, 0x70, 0x79, 0xFF, 0xFF, 0xFF, 0xED, 0xFF,
    0xFF, 0xFF, 0x69, 0x6B, 0xFF, 0xFF, 0xFF, 0xFF, 0xFF, 0xFF, 0xFF, 0x76, 0x67, 0x67, 0x6D, 0xFF,
    0xFF, 0xFF, 0xFF, 0xFF, 0xFF, 0xFF, 0xFF, 0xFF, 0xFF, 0xFF, 0xFF, 0xFF, 0xFF, 0xFF, 0xFF, 0xFF,
    0xFF, 0xEE, 0xE7, 0xED, 0xFF, 0xFF, 0xFF, 0xFF, 0xFF, 0xFF, 0xFF, 0xFF, 0xEB, 0xE7, 0xE7, 0xE7,
    0xE7, 0xF3, 0xFF, 0xFF, 0xFF, 0xFF, 0xFF, 0xFF, 0xFF, 0xFF, 0xE7, 0xE7, 0xE7, 0xE7, 0xF0, 0xFF,
    0xFF, 0xFF, 0xFF, 0xFF, 0xFF, 0xFF, 0xFF, 0xFF, 0xE7, 0xE7, 0xFF, 0xFF, 0xFF, 0xFF, 0xFF, 0xFF,
    0xFF, 0xFF, 0xFF, 0xEF, 0xE7, 0xE7, 0xE7, 0xE7, 0xED, 0xFF, 0xFF, 0xFF, 0xFF, 0xFF, 0xED, 0xE7,
    0xE7, 0xE7, 0xFF, 0xFF, 0xFF, 0xFF, 0x6C, 0x67, 0x67, 0x67, 0x67, 0x67, 0x67, 0xFF, 0xFF, 0x67,
    0x67, 0x67, 0x64, 0x5B, 0x5B, 0x5B, 0x5B, 0x5C, 0x67, 0x67, 0x67, 0x67, 0x67, 0x67, 0x67, 0x67,
    0x67, 0x67, 0x67, 0x73, 0xFF, 0xFF, 0xFF, 0xFF, 0xFF, 0xFF, 0xFF, 0xFF, 0xFF, 0xFF, 0xFF, 0xF9,
    0xE7, 0xE7, 0xE7, 0xE7, 0xE7, 0xE7, 0xE7, 0xEA, 0xFF, 0xFF, 0xFF, 0xFF, 0xFC, 0xE7, 0xE7, 0xFF,
    0xFF, 0xFF, 0xFF, 0xFF, 0xFF, 0xFF, 0xFF, 0xFF, 0xFF, 0x7E, 0x67, 0x77, 0xFF, 0xFF, 0xFF, 0xFF,
    0x6D, 0x67, 0x67, 0x67, 0xFF, 0xEF, 0xE7, 0xFF, 0xFF, 0xFF, 0xFF, 0xEA, 0xEA, 0xFF, 0xFF, 0xFF,
    0xFF, 0xFC, 0xEF, 0xFF, 0xFF, 0xEE, 0xE7, 0xE7, 0xE7, 0xE9, 0xFF, 0xFF, 0xFF, 0xFF, 0xE7, 0xED,
    0xFF, 0xFF, 0xFF, 0xFF, 0xFF, 0xFF, 0xFF, 0xFF, 0xFF, 0xFF, 0xFF, 0xFF, 0x75, 0x67, 0xFF, 0xFF,
    0xFF, 0xE7, 0xE7, 0xE7, 0xFF, 0x6C, 0x68, 0xFF, 0xFF, 0xFF, 0xFF, 0xE8, 0xE7, 0xE7, 0xE7, 0xE7,
    0xE7, 0xEB, 0xFF, 0xFF, 0xF3, 0xE7, 0xE7, 0xE7, 0xE7, 0xE7, 0xF3, 0xFF, 0xE7, 0xE7, 0xE7, 0xF0,
    0xFF, 0x67, 0x74, 0xFF, 0xF2, 0xE7, 0xFF, 0xFF, 0xFF, 0x67, 0x67, 0x67, 0x67, 0x67, 0x67, 0x67,
    0x67, 0x67, 0x67, 0xFF, 0xFF, 0xFF, 0xFF, 0xFF, 0xFF, 0x73, 0x67, 0x67, 0x6F, 0xE9, 0xE7, 0xE7,
    0xE7, 0xFF, 0xFF, 0xFF, 0xFF, 0xE9, 0xE7, 0xE7, 0xFF, 0x72, 0x78, 0xFF, 0xFF, 0xFF, 0xFF, 0xFF,
    0xFF, 0xFF, 0xFF, 0xFF, 0xFF, 0xFF, 0x67, 0x67, 0xFF, 0x70, 0x67, 0x5B, 0x5B, 0x5B, 0x5E, 0x67,
    0x69, 0x6F, 0x67, 0x67, 0x67, 0x67, 0x67, 0x67, 0x67, 0x67, 0x67, 0x6B, 0xFF, 0xFF, 0xFF, 0xFF,
    0xFF, 0xFF, 0xFF, 0xFF, 0x6C, 0x67, 0x6E, 0xFF, 0xE7, 0xE7, 0xE7, 0xFF, 0xFF, 0xFF, 0xFF, 0xFF,
    0xFF, 0x6E, 0x67, 0x6C, 0xFF, 0xFF, 0xFF, 0xFF, 0x77, 0x67, 0x67, 0x67, 0x67, 0x67, 0x67, 0x67,
    0x6B, 0xED, 0xE7, 0xE7, 0xF7, 0xFF, 0xFF, 0xFF, 0xFF, 0xFF, 0xFF, 0xFF, 0xEB, 0xE7, 0xE7, 0xE7,
    0xE7, 0xE7, 0xE7, 0xE7, 0xE7, 0xE7, 0xE7, 0xDC, 0xDE, 0xDE, 0xDB, 0xDB, 0xDB, 0xDB, 0xE1, 0xE7,
    0xE7, 0xE7, 0xE7, 0xE7, 0xE7, 0xE7, 0xE7, 0xE7, 0xE7, 0xE7, 0xE9, 0xFF, 0x69, 0x67, 0x67, 0xFF,
    0xFF, 0xFF, 0x7A, 0x67, 0x67, 0x6C, 0xFF, 0xE8, 0x71, 0x67, 0x5B, 0x60, 0x67, 0x6C, 0xEC, 0xE7,
    0xEE, 0xFF, 0xFF, 0xEE, 0xDC, 0xDE, 0xE7, 0xFF, 0xF0, 0xDD, 0xDB, 0xDB, 0xE7, 0xE7, 0xDD, 0xDB,
    0xDB, 0xDB, 0xDB, 0xE1, 0xE7, 0xE1, 0xDB, 0xDB, 0xDB, 0xE6, 0x76, 0x67, 0xFF, 0xFF, 0xFF, 0x79,
    0x67, 0x67, 0x67, 0x67, 0x67, 0x67, 0x5D, 0x5B, 0x5B, 0x66, 0x67, 0x67, 0x5B, 0x58, 0x53, 0x5B,
    0x5B, 0x5B, 0x5B, 0x5B, 0x5B, 0x5F, 0x67, 0xF7, 0xE7, 0xFF, 0x72, 0x67, 0x67, 0x67, 0x67, 0x67,
    0x67, 0xFE, 0xE7, 0xDD, 0xE7, 0xF0, 0x68, 0x67, 0x67, 0xFF, 0xF1, 0xE7, 0xEA, 0xFF, 0x68, 0x67,
    0x67, 0x66, 0x5B, 0x5B, 0x5A, 0x58, 0x5B, 0x5B, 0x5B, 0x5B, 0x5B, 0x5B, 0x5B, 0x5B, 0x67, 0x58,
    0x53, 0x4E, 0x57, 0x5B, 0x67, 0x73, 0xFF, 0x72, 0x67, 0x5C, 0x70, 0xE9, 0xEC, 0xFF, 0xFF, 0xF1,
    0xDD, 0xDD, 0xE7, 0xE7, 0xE2, 0xDB, 0xDB, 0xDB, 0xDB, 0xDD, 0xE7, 0xE7, 0xE2, 0xDB, 0xDB, 0xDF,
    0xE7, 0xDB, 0xDB, 0xDB, 0xED, 0xFF, 0xFB, 0xE7, 0xE7, 0xEB, 0xFF, 0x7E, 0x67, 0x67, 0x67, 0x67,
    0x7B, 0xFF, 0x6D, 0x68, 0xFF, 0xFF, 0x79, 0x67, 0x67, 0x67, 0x67, 0x67, 0x67, 0x79, 0xF9, 0xE7,
    0xE7, 0xDB, 0xD6, 0xD4, 0xDB, 0xE5, 0xE7, 0xE7, 0xDC, 0xDE, 0xE7, 0xE5, 0xDB, 0xDB, 0xDB, 0xDB,
    0xDB, 0xDB, 0xDB, 0xDB, 0xDB, 0xDB, 0xDB, 0xE2, 0xE7, 0xE7, 0xF8, 0xFF, 0x6E, 0x67, 0x67, 0x5E,
    0x5C, 0x67, 0x67, 0x6A, 0xFF, 0xE8, 0xFF, 0x6C, 0x67, 0x67, 0x67, 0x67, 0x67, 0x7D, 0xFF, 0xEC,
    0xE7, 0xE7, 0xE7, 0xDB, 0xE1, 0xE7, 0xE7, 0xE7, 0xFF, 0xFF, 0xFF, 0xE7, 0xE7, 0xE7, 0xE7, 0xE7,
    0xE7, 0xE7, 0xFC, 0xFF, 0xFF, 0x7D, 0x67, 0x5D, 0x6A, 0xFF, 0xFF, 0x62, 0x56, 0x5B, 0x5B, 0x5B,
    0x53, 0x53, 0x53, 0x5B, 0x5B, 0x5B, 0x5B, 0x5B, 0x5B, 0x5B, 0x5B, 0x5E, 0x5D, 0x5B, 0x5B, 0x5B,
    0x67, 0x73, 0xFF, 0xFF, 0xFF, 0xFF, 0xFF, 0xFF, 0xE3, 0xD6, 0xDC, 0xEE, 0xEB, 0xDB, 0xD7, 0xDB,
    0xE7, 0xF5, 0xFF, 0xFF, 0xFF, 0xFF, 0xFF, 0xFF, 0x62, 0x5B, 0x5C, 0x6E, 0xFF, 0x64, 0x5B, 0x5B,
    0x5B, 0x5B, 0x5B, 0x5B, 0x5B, 0x59, 0x58, 0x5B, 0x67, 0x67, 0x67, 0x5F, 0x5B, 0x67, 0x73, 0xFF,
    0xFF, 0xFF, 0xFF, 0xEF, 0xE7, 0xE3, 0xD6, 0xD3, 0xD7, 0xDB, 0xDA, 0xCF, 0xCD, 0xD6, 0xE2, 0xE6,
    0xDB, 0xD5, 0xD2, 0xCD, 0xCD, 0xCF, 0xD3, 0xDB, 0xDB, 0xE5, 0xEB, 0xFF, 0xFF, 0xFF, 0xEB, 0xE7,
    0xE7, 0xFB, 0x67, 0x67, 0x67, 0x61, 0x5B, 0x53, 0x53, 0x5A, 0x67, 0x74, 0xFF, 0xFF, 0xFF, 0xFF,
    0xFF, 0xFF, 0xFF, 0xFF, 0xFF, 0xFF, 0xEA, 0xD3, 0xD3, 0xD3, 0xDB, 0xD6, 0xD3, 0xD3, 0xDA, 0xDB,
    0xDB, 0xDB, 0xDB, 0xD5, 0xD3, 0xD3, 0xDA, 0xEB, 0x6D, 0x67, 0x67, 0x67, 0x65, 0x5B, 0x5B, 0x53,
    0x53, 0x53, 0x53, 0x53, 0x52, 0x4B, 0x49, 0x49, 0x49, 0x49, 0x49, 0x49, 0x49, 0x49, 0x49, 0x4B,
    0x51, 0x53, 0x53, 0x5A, 0x67, 0x67, 0x67, 0x5E, 0x76, 0xE7, 0xE7, 0xE7, 0xE3, 0xDB, 0xDB, 0xDB,
    0xD5, 0xD2, 0xCD, 0xD2, 0xD3, 0xCF, 0xC9, 0xC9, 0xCD, 0xD5, 0xDB, 0xDB, 0xD6, 0xDB, 0xE7, 0xEE,
    0xFF, 0xFF, 0xFF, 0xFF, 0xFF, 0x6C, 0x5B, 0x53, 0x5A, 0x5B, 0x5B, 0x54, 0x4D, 0x4D, 0x53, 0x53,
    0x53, 0x5B, 0x61, 0x5B, 0x5B, 0x5B, 0x5B, 0x5B, 0x5B, 0x67, 0x67, 0xFF, 0xFF, 0xFF, 0xE7, 0xE7,
    0xE7, 0xE7, 0xDE, 0xDB, 0xD8, 0xD3, 0xD5, 0xDB, 0xDB, 0xDB, 0xDB, 0xD3, 0xD3, 0xDA, 0xE7, 0xE7,
    0xE7, 0xFF, 0xFF, 0xFF, 0xFF, 0xEA, 0xE7, 0xE7, 0xFE, 0xFF, 0xFF, 0x67, 0x67, 0x67, 0x67, 0x5E,
    0x5B, 0x5E, 0x77, 0xFF, 0xFF, 0xFF, 0x6B, 0xFF, 0xFF, 0xFF, 0xFF, 0xE7, 0xE7, 0xE7, 0xE3, 0xD6,
    0xD3, 0xCD, 0xD2, 0xD5, 0xDB, 0xDB, 0xDB, 0xDB, 0xDB, 0xDB, 0xDB, 0xDB, 0xDB, 0xD4, 0xD3, 0xD3,
    0xDB, 0xDF, 0xFA, 0x77, 0x67, 0x7E, 0xFF, 0xFF, 0xFF, 0xFF, 0x69, 0x67, 0x5E, 0x5B, 0x5B, 0x55,
    0x53, 0x57, 0x5B, 0x5B, 0x5B, 0x5C, 0x6E, 0xFF, 0x79, 0x67, 0x67, 0x62, 0x62, 0x67, 0x6E, 0xFF,
    0xF9, 0xE7, 0xE7, 0xED, 0xEC, 0xE7, 0xE7, 0xFA, 0xFF, 0xFF, 0xFF, 0xFF, 0xFF, 0xFF, 0xEF, 0xE7,
    0xEB, 0xFF, 0xFF, 0xE7, 0xF7, 0x67, 0x5F, 0x5B, 0x67, 0x67, 0x67, 0x5B, 0x5B, 0x5B, 0x5B, 0x5B,
    0x6C, 0xFF, 0xFF, 0xFF, 0xFF, 0xE7, 0xF1, 0xFF, 0x67, 0x75, 0xFF, 0x70, 0x67, 0x6A, 0xEE, 0xE7,
    0xDE, 0xDE, 0xDB, 0xD3, 0xD3, 0xDD, 0xE7, 0xE7, 0xDB, 0xE3, 0xE7, 0xE7, 0xE7, 0xFF, 0x6D, 0x67,
    0x6D, 0xFF, 0x7A, 0x5F, 0x5B, 0x5B, 0x5B, 0x5B, 0x5B, 0x5B, 0x5B, 0x5B, 0x5B, 0x53, 0x53, 0x53,
    0x53, 0x53, 0x55, 0x5B, 0x5B, 0x5B, 0x5B, 0x69, 0xFF, 0xFF, 0xFF, 0xFF, 0xFF, 0xE1, 0xE3, 0xE7,
    0xDF, 0xDB, 0xD3, 0xD8, 0xDB, 0xDB, 0xDB, 0xDB, 0xDB, 0xDB, 0xDB, 0xDB, 0xDB, 0xDF, 0xE7, 0xDB,
    0xDB, 0xDB, 0xDE, 0xE7, 0xFF, 0xFF, 0xFF, 0x64, 0x5B, 0x5B, 0x5B, 0x56, 0x53, 0x53, 0x5A, 0x5B,
    0x5B, 0x5B, 0x5B, 0x55, 0x53, 0x53, 0x5A, 0x67, 0x5E, 0x5B, 0x5B, 0x63, 0xFB, 0xE7, 0xE7, 0xE7,
    0xE7, 0xE7, 0xE7, 0xE7, 0xDB, 0xDB, 0xDB, 0xDB, 0xD6, 0xCD, 0xC9, 0xCD, 0xD5, 0xD7, 0xD3, 0xCD,
    0xCD, 0xCE, 0xD7, 0xE5, 0xE7, 0xDF, 0xD4, 0xD6, 0xE3, 0x7B, 0x67, 0x67, 0xFF, 0xFF, 0xFF, 0x67,
    0x67, 0x65, 0x5F, 0x67, 0x6B, 0x6D, 0x5B, 0x5B, 0x5B, 0x67, 0x5F, 0x5B, 0x56, 0x62, 0xFF, 0xFF,
    0xFF, 0xFF, 0xFF, 0xFF, 0xFF, 0xFF, 0xE7, 0xE7, 0xF9, 0xFF, 0xFF, 0xE8, 0xE7, 0xE7, 0x7C, 0x67,
    0x67, 0x67, 0x5E, 0x5B, 0x5E, 0x76, 0x7B, 0x67, 0x67, 0x6B, 0xFF, 0x67, 0x5B, 0x5B, 0x5B, 0x5B,
    0x5B, 0x53, 0x59, 0x5C, 0x67, 0x67, 0x67, 0x70, 0xFF, 0x67, 0x5E, 0x68, 0xF1, 0xD6, 0xD3, 0xD8,
    0xE6, 0xDB, 0xD6, 0xDB, 0xDB, 0xDB, 0xD3, 0xD3, 0xD3, 0xD1, 0xCD, 0xC9, 0xCB, 0xD2, 0xCD, 0xCD,
    0xD3, 0xDB, 0xDB, 0xDB, 0xDB, 0xE5, 0x76, 0x67, 0xFF, 0xFF, 0x6B, 0x5A, 0x4F, 0x53, 0x53, 0x53,
    0x4D, 0x4F, 0x53, 0x5A, 0x4F, 0x4A, 0x49, 0x4C, 0x4D, 0x48, 0x49, 0x4E, 0x53, 0x53, 0x53, 0x53,
    0x53, 0x53, 0x5A, 0x6B, 0xFF, 0xFF, 0x73, 0x67, 0x69, 0xEF, 0xE7, 0xEB, 0xED, 0xE7, 0xDB, 0xE4,
    0xFF, 0xEF, 0xDC, 0xD3, 0xD9, 0xE7, 0xE7, 0xDD, 0xEA, 0x65, 0x5B, 0x5E, 0x67, 0x67, 0x67, 0x79,
    0xE7, 0xF1, 0xFF, 0x67, 0x67, 0x7C, 0x67, 0x5C, 0x53, 0x53, 0x5B, 0x5E, 0x67, 0xFB, 0xE7, 0xE7,
    0xFF, 0xED, 0xDB, 0xDB, 0xDB, 0xDB, 0xD7, 0xD3, 0xD3, 0xD3, 0xDB, 0xD3, 0xCE, 0xCD, 0xD0, 0xD3,
    0xD1, 0xCD, 0xCE, 0xD3, 0xD3, 0xCD, 0xC9, 0xCD, 0xD1, 0xDB, 0xE7, 0xE7, 0xE7, 0xE7, 0xE7, 0xFE,
    0x67, 0x5D, 0x5B, 0x5B, 0x54, 0x53, 0x58, 0x53, 0x53, 0x59, 0x5C, 0x5F, 0x5B, 0x5B, 0x5B, 0x67,
    0xFF, 0xFF, 0xFF, 0xEF, 0xE7, 0xE3, 0xDB, 0xDB, 0xDB, 0xDB, 0xE7, 0xDF, 0xD4, 0xCC, 0xC9, 0xCA,
    0xCD, 0xCD, 0xD5, 0xDB, 0xDB, 0xD1, 0xD1, 0xDD, 0xFF, 0xEA, 0xDA, 0xD8, 0xFE, 0xFF, 0xFF, 0x7B,
    0x5F, 0x5B, 0x55, 0x5B, 0x53, 0x4C, 0x49, 0x4F, 0x5B, 0x5B, 0x51, 0x4D, 0x53, 0x53, 0x4E, 0x4A,
    0x50, 0x53, 0x5B, 0x56, 0x54, 0x5F, 0x67, 0x61, 0x53, 0x5B, 0xF4, 0xDE, 0xE7, 0xE0, 0xDB, 0xD5,
    0xE1, 0xFE, 0xE2, 0xD5, 0xD5, 0xEF, 0x69, 0xF7, 0xE7, 0x7E, 0x61, 0x63, 0xFB, 0xEF, 0x69, 0x5B,
    0x5B, 0x5B, 0x4C, 0x49, 0x4F, 0x5B, 0x5B, 0x4A, 0x41, 0x42, 0x4B, 0x52, 0x53, 0x53, 0x53, 0x51,
    0x4D, 0x4E, 0x57, 0x5B, 0x67, 0x67, 0x7E, 0xF4, 0xE7, 0xE7, 0xE7, 0xDC, 0xD1, 0xCD, 0xD3, 0xDB,
    0xDB, 0xD3, 0xD7, 0xDB, 0xDB, 0xD6, 0xD3, 0xD3, 0xD3, 0xD2, 0xCD, 0xD3, 0xEC, 0x6C, 0x68, 0xFF,
    0x6A, 0x64, 0x57, 0x53, 0x53, 0x59, 0x5B, 0x5B, 0x55, 0x53, 0x58, 0x5B, 0x5B, 0x56, 0x4D, 0x4D,
    0x4D, 0x4D, 0x50, 0x5B, 0x67, 0x67, 0x67, 0x67, 0x7B, 0xF7, 0xE7, 0xE7, 0xE1, 0xD5, 0xD3, 0xD3,
    0xD3, 0xCC, 0xC9, 0xC9, 0xC5, 0xC2, 0xBE, 0xC0, 0xC5, 0xC8, 0xC5, 0xC5, 0xC5, 0xC5, 0xC5, 0xC5,
    0xC9, 0xCF, 0xD3, 0xC9, 0xC5, 0xCC, 0xD5, 0xE1, 0xE7, 0xED, 0x6B, 0x69, 0xEF, 0xE7, 0xEB, 0xFF,
    0x67, 0xFF, 0xFF, 0xFF, 0xFF, 0xE9, 0xD9, 0xD9, 0xE8, 0xFF, 0xEB, 0xE5, 0xD7, 0xD3, 0xD3, 0xD9,
    0xDC, 0xE7, 0xE7, 0xDA, 0xD3, 0xDB, 0xEC, 0xEC, 0xE7, 0xE7, 0xFA, 0xF8, 0xE7, 0xE7, 0xFF, 0xEC,
    0xDB, 0xDB, 0xF6, 0x59, 0x53, 0x53, 0x53, 0x53, 0x53, 0x53, 0x53, 0x53, 0x53, 0x5B, 0x5E, 0x5D,
    0x53, 0x4F, 0x4A, 0x49, 0x4C, 0x4E, 0x5F, 0x67, 0x64, 0x5B, 0x5B, 0x5E, 0x75, 0xFF, 0xFF, 0x5E,
    0x5B, 0x5B, 0x7C, 0xE2, 0xDB, 0xDC, 0xE7, 0xE7, 0xE4, 0xDB, 0xDB, 0x6C, 0x55, 0x54, 0x5F, 0x67,
    0x67, 0x5E, 0x53, 0x4C, 0x49, 0x4D, 0x4F, 0x53, 0x48, 0x43, 0x3E, 0x3F, 0x45, 0x49, 0x47, 0x45,
    0x43, 0x48, 0x54, 0x5B, 0x55, 0x4D, 0x49, 0x46, 0x4B, 0x57, 0x68, 0xFF, 0x6A, 0x64, 0x61, 0x7E,
    0xE2, 0xD6, 0xDC, 0xE7, 0xE7, 0xE3, 0xDB, 0xDB, 0xD8, 0xD3, 0xD4, 0xDF, 0xFB, 0xEF, 0xDB, 0xE8,
    0x5D, 0x53, 0x6C, 0xDF, 0xDB, 0xDE, 0xF4, 0x67, 0x60, 0x5B, 0x5D, 0x70, 0xFF, 0x5E, 0x4F, 0x4E,
    0x65, 0xEA, 0xEB, 0x6E, 0x67, 0xFF, 0xFF, 0x7B, 0x6F, 0xEA, 0xDB, 0xE1, 0xE7, 0xD6, 0xCA, 0xCA,
    0xCF, 0xD3, 0xCC, 0xC7, 0xC5, 0xC8, 0xC2, 0xC2, 0xC8, 0xCD, 0xC8, 0xC5, 0xC2, 0xC7, 0xCD, 0xCD,
    0xC9, 0xCD, 0xD6, 0xDB, 0xDB, 0xDB, 0xDB, 0xD3, 0xD3, 0xD3, 0xE2, 0x6C, 0x5C, 0x6E, 0xEA, 0xEB,
    0x64, 0x53, 0x5E, 0x67, 0xFF, 0xFF, 0xE9, 0xDB, 0xE1, 0x7E, 0x77, 0xE7, 0xE7, 0x7E, 0x67, 0xD5,
    0xC4, 0xC2, 0xCB, 0xD2, 0xCD, 0xD0, 0xDB, 0xD9, 0xCF, 0xC9, 0xCD, 0xD3, 0xD2, 0xCB, 0xC9, 0xCF,
    0xD9, 0xE7, 0xE7, 0xFA, 0x60, 0x4F, 0x53, 0x6D, 0xFF, 0xFF, 0xFF, 0xFF, 0x63, 0x51, 0x49, 0x45,
    0x42, 0x41, 0x3F, 0x48, 0x53, 0x53, 0x4D, 0x4B, 0x51, 0x5A, 0x4F, 0x4A, 0x4D, 0x4D, 0x4D, 0x4D,
    0x58, 0xF4, 0xDB, 0xE6, 0xFF, 0xEC, 0xDB, 0xD7, 0xF4, 0x67, 0x67, 0x7D, 0xF4, 0xDE, 0xD3, 0xCC,
    0xD1, 0xEB, 0xFF, 0xE7, 0xED, 0x5F, 0x53, 0x5B, 0x7B, 0x5F, 0x4C, 0x45, 0x4B, 0x51, 0x4D, 0x47,
    0x45, 0x49, 0x47, 0x41, 0x3D, 0x41, 0x47, 0x50, 0x4E, 0x53, 0x53, 0x4D, 0x44, 0x41, 0x47, 0x54,
    0x66, 0xFF, 0xFF, 0xE7, 0xE7, 0xE7, 0xDA, 0xCF, 0xCD, 0xD6, 0xDB, 0xD3, 0xCF, 0xCD, 0xD1, 0xCD,
    0xC9, 0xC5, 0xC5, 0xCA, 0xCD, 0xD2, 0xDB, 0xE2, 0xE7, 0xE7, 0xE7, 0x79, 0x5F, 0x5B, 0x5E, 0x67,
    0xFD, 0xE7, 0xE7, 0x73, 0x57, 0x4E, 0x4D, 0x4D, 0x4D, 0x4D, 0x4D, 0x4E, 0x53, 0x66, 0xFF, 0xFF,
    0x65, 0x5B, 0x65, 0xFF, 0xED, 0xDB, 0xD5, 0xCA, 0xCA, 0xCD, 0xCD, 0xC8, 0xC5, 0xC1, 0xC7, 0xC9,
    0xC9, 0xC9, 0xC9, 0xC9, 0xC7, 0xC1, 0xC3, 0xC9, 0xCD, 0xCB, 0xC9, 0xD0, 0xED, 0x67, 0x7B, 0xDD,
    0xD3, 0xD8, 0xE7, 0x74, 0x58, 0x4D, 0x4D, 0x4D, 0x4C, 0x43, 0x41, 0x48, 0x57, 0x67, 0x5F, 0x54,
    0x4D, 0x4B, 0x49, 0x4B, 0x51, 0x52, 0x49, 0x45, 0x52, 0xE8, 0xDB, 0xE4, 0x6A, 0x5D, 0x67, 0x67,
    0x6C, 0xE2, 0xDC, 0xEE, 0x6A, 0x5E, 0xDE, 0xCA, 0xCB, 0xD7, 0x7C, 0x67, 0x67, 0x67, 0x67, 0x67,
    0x67, 0x67, 0x5B, 0x5F, 0xEC, 0xE7, 0x77, 0x53, 0x4D, 0x51, 0x53, 0x53, 0x53, 0x51, 0x4B, 0x49,
    0x52, 0x63, 0x67, 0x5F, 0x54, 0x56, 0x62, 0xFC, 0xDB, 0xDB, 0xDE, 0x65, 0x5B, 0x61, 0xDB, 0xC9,
    0xCD, 0xEF, 0x6A, 0xE5, 0xCA, 0xC3, 0xC8, 0xCE, 0xDB, 0xDB, 0xD2, 0xC9, 0xC5, 0xC8, 0xD7, 0x65,
    0x5B, 0x77, 0xD3, 0xD8, 0xE8, 0x67, 0xEF, 0xD2, 0xCD, 0xDA, 0x6E, 0x51, 0x4E, 0x57, 0x71, 0x79,
    0x5F, 0x54, 0x56, 0xFD, 0xD3, 0xCD, 0xD2, 0xF2, 0x57, 0x53, 0x62, 0xE1, 0xD4, 0xDF, 0xE7, 0xD8,
    0xCB, 0xC6, 0xCF, 0xDF, 0xE7, 0xDF, 0xD4, 0xCD, 0xCB, 0xC9, 0xC4, 0xBF, 0xC1, 0xC3, 0xC9, 0xD6,
    0xE2, 0x7E, 0x6E, 0xEB, 0xDB, 0xDB, 0xDB, 0xE7, 0xE7, 0xE8, 0xFF, 0x6A, 0x64, 0x5B, 0x4E, 0x49,
    0x49, 0x4E, 0x50, 0x4A, 0x49, 0x4E, 0x5B, 0x5B, 0x55, 0x49, 0x45, 0x45, 0x4A, 0x4D, 0x5B, 0x67,
    0x77, 0xFF, 0xEF, 0xDC, 0xD3, 0xDE, 0x66, 0x53, 0x53, 0x5C, 0x70, 0xE9, 0xDB, 0xD6, 0xDB, 0xDB,
    0xDB, 0xD3, 0xD3, 0xDB, 0xF3, 0x67, 0x5C, 0x6E, 0xFF, 0xFF, 0xFF, 0xFF, 0xE7, 0xE7, 0x79, 0x5B,
    0x54, 0x4C, 0x47, 0x45, 0x4B, 0x57, 0x65, 0x57, 0x53, 0x53, 0x58, 0x5B, 0x50, 0x4A, 0x46, 0x49,
    0x49, 0x4E, 0x59, 0xFE, 0xE7, 0xE7, 0xE7, 0xE7, 0xE7, 0xE7, 0xF5, 0x68, 0xF1, 0xDD, 0xDD, 0xE7,
    0xDC, 0xD9, 0xCF, 0xD3, 0xD7, 0xE5, 0xE7, 0xE7, 0xE7, 0xE2, 0xDB, 0xE9, 0x6F, 0x55, 0x4E, 0x53,
    0x53, 0x4D, 0x4A, 0x4E, 0x57, 0x65, 0x59, 0x53, 0x4D, 0x56, 0x5B, 0x5A, 0x4D, 0x46, 0x45, 0x48,
    0x54, 0x65, 0xEA, 0xEA, 0x65, 0x4E, 0x58, 0xF2, 0xD3, 0xD7, 0xDB, 0xE4, 0xD7, 0xD3, 0xCF, 0xD3,
    0xDB, 0xDF, 0xDD, 0xD1, 0xCB, 0xC9, 0xCF, 0xD9, 0xDA, 0xCB, 0xBF, 0xBF, 0xC9, 0xDC, 0xFF, 0xFF,
    0xE5, 0xDB, 0xD4, 0xDE, 0xF4, 0x67, 0x6E, 0xEA, 0xE7, 0xF1, 0x68, 0x62, 0x62, 0xE7, 0xE7, 0xF9,
    0x64, 0x57, 0x53, 0x5E, 0x67, 0xFF, 0xFF, 0xFF, 0xF8, 0xDF, 0xCE, 0xC9, 0xC9, 0xCD, 0xCF, 0xD3,
    0xD3, 0xCF, 0xC9, 0xC5, 0xCC, 0xD2, 0xC9, 0xBF, 0xBA, 0xBD, 0xC6, 0xD3, 0xD3, 0xCD, 0xC7, 0xC9,
    0xC9, 0xCC, 0xDB, 0xDB, 0xD5, 0xD3, 0xD8, 0xE6, 0x67, 0x75, 0xE7, 0xE7, 0xFA, 0x78, 0x67, 0x5B,
    0x5B, 0x63, 0xFF, 0x6F, 0x4F, 0x44, 0x46, 0x5B, 0xE1, 0xE3, 0x59, 0x4D, 0x52, 0x70, 0xDE, 0xDC,
    0xF9, 0x5D, 0x6A, 0xE6, 0xCE, 0xD6, 0x7E, 0x5B, 0x65, 0xDF, 0xCE, 0xDC, 0x69, 0x59, 0x59, 0x68,
    0xE9, 0xDB, 0xD5, 0xEA, 0x4E, 0x44, 0x47, 0x5C, 0x5F, 0x4B, 0x37, 0x30, 0x34, 0x3F, 0x4F, 0x52,
    0x49, 0x3F, 0x3C, 0x3C, 0x41, 0x45, 0x3F, 0x3A, 0x39, 0x3E, 0x4C, 0x53, 0x54, 0x5F, 0x67, 0x5A,
    0x53, 0x65, 0xE2, 0xDB, 0x65, 0x50, 0x4D, 0x5E, 0xEE, 0xDC, 0xCF, 0xC4, 0xBE, 0xC1, 0xD0, 0xE4,
    0xD7, 0xD3, 0xCF, 0xDF, 0xE7, 0xEF, 0xFF, 0x6B, 0xED, 0xDB, 0xDE, 0x6F, 0x67, 0x6F, 0xE9, 0x6E,
    0x51, 0x49, 0x40, 0x3D, 0x3B, 0x42, 0x51, 0x62, 0x56, 0x4E, 0x57, 0x64, 0x79, 0x56, 0x42, 0x43,
    0x4E, 0xFF, 0x70, 0x5D, 0x5D, 0xF9, 0xD4, 0xD3, 0xD9, 0xDB, 0xDB, 0xD4, 0xD3, 0xD8, 0xD3, 0xCD,
    0xCA, 0xC9, 0xCB, 0xDA, 0xFF, 0xED, 0xD3, 0xCF, 0xEC, 0x67, 0xFD, 0xD5, 0xCD, 0xD1, 0xDC, 0xE7,
    0xE7, 0xE4, 0xE0, 0x69, 0x5B, 0x56, 0x5C, 0x6E, 0xDE, 0xD2, 0xCB, 0xC9, 0xCB, 0xD7, 0x67, 0x67,
    0x7A, 0xE7, 0xDF, 0xCE, 0xC7, 0xBE, 0xBB, 0xBE, 0xC8, 0xD5, 0xD6, 0xCD, 0xC5, 0xC5, 0xC6, 0xCC,
    0xCD, 0xCD, 0xCD, 0xCA, 0xCD, 0xCD, 0xD3, 0xD3, 0xDB, 0xEC, 0x6C, 0xFB, 0xD8, 0xCE, 0xCE, 0xD8,
    0xDB, 0xEC, 0x60, 0x5B, 0x6D, 0xD6, 0xC9, 0xCA, 0xDB, 0xD3, 0xCF, 0xD4, 0xDB, 0xCF, 0xC8, 0xC3,
    0xC1, 0xBE, 0xC0, 0xC5, 0xC1, 0xC1, 0xBE, 0xBA, 0xB4, 0xB4, 0xB4, 0xB4, 0xB1, 0xB4, 0xB8, 0xBC,
    0xC6, 0xD2, 0xF3, 0x58, 0x49, 0x49, 0x4B, 0x4D, 0x49, 0x44, 0x3F, 0x3A, 0x37, 0x35, 0x33, 0x2F,
    0x2C, 0x2A, 0x29, 0x29, 0x29, 0x28, 0x27, 0x26, 0x26, 0x28, 0x2C, 0x2F, 0x35, 0x3D, 0x45, 0x56,
    0xF5, 0xDB, 0xE6, 0x75, 0x5E, 0x53, 0x57, 0x72, 0xDA, 0xD3, 0xCE, 0xCC, 0xC4, 0xBC, 0xB9, 0xB6,
    0xB6, 0xB6, 0xB6, 0xB7, 0xB8, 0xBB, 0xBF, 0xC5, 0xCA, 0xCD, 0xCD, 0xD1, 0x78, 0x51, 0x47, 0x45,
    0x46, 0x49, 0x49, 0x44, 0x3D, 0x38, 0x36, 0x36, 0x36, 0x34, 0x30, 0x2E, 0x2D, 0x2E, 0x31, 0x36,
    0x3E, 0x47, 0x4A, 0x4F, 0x6E, 0xD8, 0xCB, 0xD3, 0xDB, 0xD6, 0xC9, 0xC4, 0xBF, 0xBE, 0xC0, 0xC1,
    0xBE, 0xBC, 0xB6, 0xB2, 0xB8, 0xC0, 0xCC, 0xC9, 0xC4, 0xC1, 0xCA, 0xD4, 0xF8, 0x4F, 0x47, 0x45,
    0x44, 0x3D, 0x38, 0x36, 0x3C, 0x48, 0x56, 0x53, 0x44, 0x3B, 0x3B, 0x3E, 0x41, 0x43, 0x3A, 0x34,
    0x31, 0x39, 0x45, 0x63, 0xE8, 0xD1, 0xCB, 0xBE, 0xB8, 0xB1, 0xB3, 0xB8, 0xBC, 0xBD, 0xB6, 0xAF,
    0xAC, 0xAE, 0xAF, 0xB2, 0xAF, 0xAB, 0xA9, 0xAA, 0xAB, 0xAB, 0xAB, 0xAB, 0xAC, 0xAE, 0xB4, 0xBB,
    0xC2, 0xC9, 0xD0, 0xE2, 0x7D, 0x67, 0x79, 0xE7, 0xDF, 0xDB, 0xDB, 0xEE, 0x52, 0x46, 0x41, 0x42,
    0x45, 0x41, 0x3C, 0x3A, 0x3B, 0x3F, 0x48, 0x57, 0x73, 0xDB, 0xCD, 0xCA, 0xC5, 0xC5, 0xC5, 0xC9,
    0xC7, 0xBC, 0xB3, 0xB0, 0xB5, 0xBE, 0xC5, 0xC9, 0xC7, 0xC5, 0xC5, 0xCC, 0xDE, 0x65, 0x66, 0xE2,
    0xDB, 0x75, 0x48, 0x3D, 0x38, 0x36, 0x33, 0x30, 0x2E, 0x2D, 0x2D, 0x2F, 0x33, 0x34, 0x30, 0x2D,
    0x2B, 0x2D, 0x31, 0x38, 0x3A, 0x3A, 0x3A, 0x3A, 0x3E, 0x42, 0x4A, 0x4D, 0x43, 0x40, 0x55, 0xDD,
    0xDA, 0xD3, 0xD3, 0xD3, 0xC8, 0xC3, 0xC6, 0xCD, 0xCD, 0xCF, 0xEA, 0x68, 0xF4, 0xF6, 0x69, 0xE8,
    0xD5, 0xCF, 0xEB, 0x5C, 0x4A, 0x42, 0x41, 0x3C, 0x35, 0x2E, 0x2B, 0x29, 0x29, 0x2A, 0x2C, 0x2C,
    0x29, 0x2A, 0x2E, 0x37, 0x3D, 0x3D, 0x38, 0x39, 0x3E, 0x41, 0x3F, 0x3D, 0x3E, 0x3E, 0x44, 0x5E,
    0xD5, 0xBE, 0xB8, 0xB2, 0xAE, 0xAC, 0xAB, 0xAC, 0xAD, 0xAE, 0xB0, 0xB4, 0xB3, 0xB1, 0xAF, 0xB0,
    0xB0, 0xAF, 0xAF, 0xB1, 0xB5, 0xB8, 0xBD, 0xC5, 0xD4, 0xDB, 0xDB, 0xD3, 0xD3, 0xD3, 0xD6, 0xDB,
    0xE8, 0x71, 0x5D, 0x4D, 0x47, 0x42, 0x43, 0x45, 0x4A, 0x4D, 0x59, 0xED, 0xCD, 0xC6, 0xC1, 0xC4,
    0xCA, 0xD3, 0xCE, 0xC8, 0xC3, 0xBE, 0xBE, 0xBD, 0xBA, 0xB2, 0xAE, 0xAF, 0xB2, 0xB4, 0xB6, 0xB5,
    0xB5, 0xB8, 0xBC, 0xC3, 0xC8, 0xC1, 0xBE, 0xBE, 0xC7, 0xD0, 0xDB, 0xDB, 0xD6, 0xDC, 0x74, 0x4F,
    0x44, 0x3D, 0x3C, 0x3E, 0x4D, 0x55, 0x30, 0x24, 0x28, 0x47, 0xCA, 0x5C, 0x3B, 0x53, 0xCD, 0x5A,
    0x3A, 0x48, 0xC1, 0xCA, 0x3E, 0x33, 0x76, 0xB4, 0xBB, 0x5F, 0x56, 0xBB, 0xAD, 0xB7, 0xEB, 0xDE,
    0xB7, 0xB6, 0xDF, 0x40, 0x59, 0xC5, 0xD3, 0x3F, 0x44, 0xC8, 0xBA, 0x57, 0x2F, 0x34, 0x4D, 0x4A,
    0x2E, 0x28, 0x32, 0x45, 0x38, 0x29, 0x2C, 0x49, 0x65, 0x3B, 0x2A, 0x2A, 0x31, 0x32, 0x2D, 0x2D,
    0x38, 0x40, 0x3A, 0x34, 0x3E, 0x58, 0x59, 0x41, 0x42, 0xED, 0xC1, 0xC6, 0x6C, 0x61, 0xD0, 0xBE,
    0xBD, 0xC1, 0xC6, 0xCE, 0xE6, 0xDE, 0xC3, 0xB6, 0xB0, 0xB0, 0xB3, 0xBA, 0xC5, 0xE9, 0x5D, 0x53,
    0x53, 0x53, 0x5F, 0xED, 0xDB, 0xDB, 0xDB, 0xDD, 0x7D, 0x5C, 0x4C, 0x47, 0x41, 0x39, 0x35, 0x38,
    0x52, 0xCB, 0xC1, 0xC7, 0xD4, 0xDF, 0xF9, 0x78, 0x71, 0xDC, 0xD3, 0xD3, 0xD3, 0xCA, 0xBC, 0xB6,
    0xB9, 0xBC, 0xB9, 0xB4, 0xB3, 0xBA, 0xC0, 0xC4, 0xC1, 0xC5, 0xC5, 0xC2, 0xBC, 0xBD, 0xBE, 0xC0,
    0xC0, 0xC6, 0xD2, 0xF1, 0x67, 0x70, 0xFF, 0x5F, 0x53, 0x52, 0x4D, 0x53, 0x4F, 0x5B, 0x54, 0x59,
    0x4C, 0x53, 0x53, 0x5A, 0x4B, 0x41, 0x45, 0x56, 0xEC, 0x7B, 0x5C, 0x53, 0x6F, 0xDA, 0xC9, 0xC5,
    0xC5, 0xCF, 0xEF, 0x69, 0xD3, 0xC3, 0xC1, 0xC5, 0xCD, 0xC9, 0xCC, 0xD3, 0xDE, 0xE7, 0xE8, 0xF1,
    0xF9, 0x6A, 0xFF, 0x68, 0x56, 0x48, 0x41, 0x43, 0x49, 0x48, 0x3D, 0x39, 0x36, 0x36, 0x34, 0x33,
    0x34, 0x37, 0x38, 0x36, 0x36, 0x36, 0x38, 0x37, 0x36, 0x39, 0x3E, 0x45, 0x44, 0x3F, 0x3F, 0x43,
    0x45, 0x4A, 0x51, 0x68, 0xDD, 0xD3, 0xDD, 0xF0, 0xFF, 0xE2, 0xD6, 0xCD, 0xCD, 0xCD, 0xD5, 0xDB,
    0xD4, 0xCC, 0xC7, 0xC9, 0xC9, 0xCD, 0xD3, 0xD8, 0xDB, 0xED, 0xFF, 0xE7, 0xDF, 0xD4, 0xD3, 0xDD,
    0x67, 0x5B, 0x5B, 0xFF, 0xFF, 0xFF, 0x67, 0x73, 0xFF, 0xFF, 0xFF, 0x6A, 0xEF, 0xDC, 0xD1, 0xCB,
    0xC5, 0xC7, 0xCD, 0xCD, 0xC5, 0xBD, 0xB8, 0xBA, 0xBD, 0xBE, 0xBE, 0xBE, 0xBE, 0xBE, 0xBB, 0xB7,
    0xB5, 0xB7, 0xBA, 0xBB, 0xBE, 0xC1, 0xC5, 0xC5, 0xC5, 0xC3, 0xC9, 0xC9, 0xCC, 0xCD, 0xCF, 0xDA,
    0xDB, 0xDB, 0xDB, 0xEC, 0x6C, 0x5B, 0x53, 0x5A, 0x6D, 0xDF, 0xD4, 0xCF, 0xD9, 0xE8, 0x70, 0x5D,
    0x5B, 0x60, 0x7D, 0xD6, 0xCD, 0xCD, 0xC9, 0xC9, 0xCA, 0xCD, 0xD3, 0xD8, 0xCE, 0xCD, 0xCF, 0xDA,
    0xD1, 0xCD, 0xC5, 0xC7, 0xC9, 0xCA, 0xD0, 0xE4, 0x63, 0x56, 0x53, 0x53, 0x53, 0x52, 0x4D, 0x4D,
    0x48, 0x40, 0x3A, 0x37, 0x34, 0x35, 0x38, 0x3A, 0x3C, 0x3C, 0x3A, 0x38, 0x33, 0x30, 0x2F, 0x2F,
    0x30, 0x30, 0x30, 0x31, 0x34, 0x39, 0x3C, 0x41, 0x47, 0x49, 0x48, 0x3E, 0x3B, 0x3C, 0x43, 0x49,
    0x4F, 0x53, 0x53, 0x53, 0x53, 0x51, 0x4D, 0x53, 0x57, 0x5B, 0x5A, 0x4F, 0x4A, 0x4B, 0x4D, 0x5C,
    0xF1, 0xF9, 0x71, 0x57, 0x4A, 0x45, 0x45, 0x45, 0x45, 0x45, 0x45, 0x45, 0x49, 0x4D, 0x4D, 0x53,
    0x53, 0x53, 0x53, 0x58, 0x53, 0x50, 0x4D, 0x4E, 0x5C, 0xEA, 0xD9, 0xCF, 0xCA, 0xCF, 0xDA, 0xE4,
    0xD7, 0xCE, 0xCD, 0xCD, 0xC9, 0xC4, 0xBD, 0xBA, 0xBA, 0xBA, 0xBD, 0xC3, 0xC9, 0xC8, 0xC2, 0xBE,
    0xC0, 0xC5, 0xC5, 0xC5, 0xC1, 0xBF, 0xBE, 0xBF, 0xC4, 0xCD, 0xD3, 0xD3, 0xD2, 0xCD, 0xCA, 0xC9,
    0xC9, 0xC9, 0xC8, 0xC5, 0xC2, 0xC5, 0xC9, 0xC9, 0xC9, 0xC6, 0xC9, 0xC9, 0xC5, 0xBE, 0xBB, 0xBA,
    0xB7, 0xB6, 0xB7, 0xBA, 0xBA, 0xBA, 0xB9, 0xB8, 0xB5, 0xB5, 0xBA, 0xBE, 0xBE, 0xBC, 0xBC, 0xBC,
    0xBC, 0xBA, 0xBA, 0xBC, 0xBC, 0xBC, 0xBF, 0xC9, 0xD8, 0xE7, 0xE7, 0xE7, 0x75, 0x67, 0x67, 0x67,
    0x78, 0xE4, 0xE0, 0xFD, 0x56, 0x48, 0x41, 0x40, 0x41, 0x46, 0x4E, 0x53, 0x53, 0x53, 0x5B, 0x57,
    0x4B, 0x44, 0x44, 0x45, 0x43, 0x45, 0x4A, 0x53, 0x53, 0x6B, 0xED, 0xE8, 0x61, 0x55, 0x4D, 0x49,
    0x42, 0x42, 0x48, 0x4E, 0x53, 0x4E, 0x4D, 0x4D, 0x4A, 0x44, 0x3F, 0x3C, 0x3A, 0x3A, 0x3B, 0x3C,
    0x3E, 0x3C, 0x3C, 0x3A, 0x3A, 0x3A, 0x3A, 0x37, 0x34, 0x34, 0x34, 0x37, 0x39, 0x3C, 0x3C, 0x3C,
    0x3C, 0x3B, 0x3C, 0x3F, 0x41, 0x41, 0x41, 0x41, 0x45, 0x4B, 0x4D, 0x49, 0x49, 0x49, 0x49, 0x49,
    0x49, 0x49, 0x49, 0x4E, 0x58, 0x5B, 0x5B, 0x56, 0x4D, 0x4D, 0x4A, 0x49, 0x45, 0x45, 0x47, 0x4C,
    0x4D, 0x4B, 0x49, 0x49, 0x49, 0x49, 0x49, 0x46, 0x49, 0x49, 0x49, 0x4A, 0x50, 0x53, 0x5B, 0x63,
    0x69, 0xFF, 0xFF, 0x75, 0x67, 0xFE, 0xE7, 0xDD, 0xD2, 0xCB, 0xC6, 0xC4, 0xC1, 0xC1, 0xC1, 0xBF,
    0xBE, 0xBE, 0xBE, 0xBC, 0xB9, 0xB6, 0xB7, 0xB8, 0xB8, 0xBA, 0xBA, 0xBA, 0xBA, 0xBB, 0xBB, 0xBA,
    0xB8, 0xB8, 0xBA, 0xBD, 0xBE, 0xBE, 0xBE, 0xBE, 0xBE, 0xBE, 0xC1, 0xC1, 0xC1, 0xC2, 0xC5, 0xC5,
    0xC5, 0xC8, 0xC9, 0xC4, 0xC1, 0xC1, 0xBE, 0xBD, 0xBC, 0xBC, 0xBE, 0xBE, 0xC1, 0xC1, 0xBF, 0xBE,
    0xBC, 0xBC, 0xBC, 0xB9, 0xB7, 0xB7, 0xBB, 0xBE, 0xBE, 0xBE, 0xBE, 0xBC, 0xBC, 0xBC, 0xBC, 0xBC,
    0xBD, 0xBE, 0xC6, 0xCC, 0xD3, 0xD9, 0xD3, 0xCD, 0xCB, 0xCD, 0xCE, 0xCF, 0xD3, 0xD6, 0xE2, 0x7C,
    0x60, 0x55, 0x53, 0x58, 0x66, 0xF4, 0xF6, 0x7B, 0x5F, 0x5B, 0x51, 0x4D, 0x4D, 0x4D, 0x4D, 0x4D,
    0x4F, 0x5A, 0xFF, 0x6D, 0x5B, 0x50, 0x4D, 0x49, 0x49, 0x46, 0x45, 0x45, 0x49, 0x4B, 0x4D, 0x49,
    0x47, 0x45, 0x41, 0x3F, 0x3C, 0x3C, 0x39, 0x38, 0x3A, 0x3C, 0x3F, 0x3F, 0x3E, 0x3B, 0x37, 0x36,
    0x36, 0x36, 0x36, 0x36, 0x35, 0x37, 0x3A, 0x3C, 0x3B, 0x3A, 0x3A, 0x3A, 0x3A, 0x3A, 0x39, 0x3A,
    0x3A, 0x3A, 0x3C, 0x3E, 0x3E, 0x3C, 0x3C, 0x3F, 0x41, 0x41, 0x43, 0x45, 0x45, 0x48, 0x49, 0x48,
    0x45, 0x41, 0x41, 0x41, 0x42, 0x45, 0x49, 0x49, 0x49, 0x4A, 0x4F, 0x53, 0x4D, 0x4B, 0x49, 0x45,
    0x42, 0x45, 0x47, 0x4D, 0x4E, 0x4F, 0x53, 0x56, 0x5B, 0x5B, 0x57, 0x53, 0x53, 0x59, 0x5B, 0x5B,
    0x5B, 0x6A, 0xE5, 0xDB, 0xD6, 0xDB, 0xDB, 0xD8, 0xD3, 0xCD, 0xCD, 0xCD, 0xC9, 0xCC, 0xCD, 0xC9,
    0xC6, 0xC1, 0xC4, 0xC5, 0xC3, 0xC5, 0xC5, 0xBF, 0xBE, 0xBE, 0xBE, 0xBE, 0xBE, 0xBE, 0xC1, 0xC1,
    0xBF, 0xBE, 0xC0, 0xC1, 0xBE, 0xBD, 0xBA, 0xB9, 0xBA, 0xBC, 0xBC, 0xBA, 0xBA, 0xBA, 0xBC, 0xBC,
    0xBB, 0xBA, 0xB7, 0xB6, 0xB7, 0xBA, 0xBA, 0xB8, 0xB7, 0xB7, 0xB8, 0xB8, 0xB7, 0xB6, 0xB6, 0xB6,
    0xB8, 0xBB, 0xBC, 0xBC, 0xBC, 0xBC, 0xBA, 0xB9, 0xB8, 0xB9, 0xBC, 0xBC, 0xBC, 0xBE, 0xC3, 0xC8,
    0xCA, 0xCD, 0xCD, 0xDA, 0xCB, 0xB9, 0xB0, 0xB9, 0xDF, 0x4D, 0x59, 0x42, 0xD9, 0xBB, 0xAC, 0xBB,
    0x4E, 0x32, 0x3F, 0xC7, 0xC1, 0xC1, 0xF8, 0xCD, 0x61, 0xE7, 0x3D, 0x4F, 0x46, 0xFC, 0xC5, 0xBB,
    0xD6, 0x4E, 0x3C, 0x2F, 0x4D, 0xD1, 0xBF, 0xF1, 0x4D, 0x37, 0x3E, 0x42, 0x3E, 0x42, 0x5D, 0x6D,
    0x55, 0x4E, 0x3F, 0x38, 0x30, 0x31, 0x37, 0x59, 0x6C, 0x45, 0x33, 0x30, 0x32, 0x39, 0x41, 0x3F,
    0x3E, 0x3C, 0x36, 0x2F, 0x30, 0x32, 0x31, 0x32, 0x35, 0x39, 0x3E, 0x39, 0x2D, 0x2C, 0x3A, 0x70,
    0xDD, 0x46, 0x2C, 0x23, 0x24, 0x2C, 0x40, 0xEB, 0x75, 0x43, 0x3B, 0x47, 0xE4, 0xCC, 0x55, 0x2E,
    0x26, 0x2C, 0x55, 0xB9, 0xB6, 0x58, 0x2C, 0x27, 0x39, 0xCF, 0xBB, 0xC8, 0x60, 0x4D, 0x4B, 0x41,
    0x46, 0x5E, 0x4E, 0x38, 0x31, 0x43, 0xCF, 0xBD, 0xD3, 0x40, 0x33, 0x3B, 0xE0, 0xB4, 0xB3, 0xCD,
    0x38, 0x2C, 0x2E, 0x40, 0xCF, 0xBE, 0xC6, 0x78, 0xF3, 0xBE, 0xB4, 0xB5, 0xC9, 0x55, 0x3F, 0x58,
    0xCB, 0xBD, 0xC1, 0xCF, 0xD3, 0xC2, 0xB4, 0xAE, 0xAF, 0xB9, 0xD4, 0xFF, 0xD3, 0xC4, 0xBA, 0xB9,
    0xBF, 0xC1, 0xBB, 0xB4, 0xB1, 0xB8, 0xC3, 0xC5, 0xC3, 0xBF, 0xBC, 0xBE, 0xCA, 0xCD, 0xCA, 0xBB,
    0xB2, 0xB0, 0xBA, 0xCD, 0xE7, 0xD8, 0xC0, 0xB9, 0xBD, 0xC5, 0xC2, 0xBA, 0xB4, 0xB3, 0xBA, 0xC5,
    0xD1, 0xD3, 0xC1, 0xB9, 0xBB, 0xC4, 0xD2, 0xCF, 0xBE, 0xB2, 0xAE, 0xB5, 0xC6, 0x63, 0x4A, 0x53,
    0x75, 0xE6, 0xD8, 0xC7, 0xBB, 0xB4, 0xB4, 0xC0, 0x73, 0x40, 0x3A, 0x3E, 0x4B, 0x53, 0x4D, 0x48,
    0x4E, 0xF3, 0xCD, 0xC9, 0xDA, 0x57, 0x41, 0x3B, 0x37, 0x38, 0x38, 0x3A, 0x41, 0x59, 0xDB, 0xD2,
    0x64, 0x43, 0x3B, 0x3A, 0x3D, 0x3E, 0x3C, 0x3A, 0x3C, 0x43, 0x51, 0x7C, 0xDE, 0x71, 0x51, 0x40,
    0x39, 0x34, 0x32, 0x34, 0x3D, 0x4A, 0x5E, 0xDF, 0xE5, 0x5F, 0x4A, 0x3C, 0x38, 0x38, 0x3B, 0x3D,
    0x3E, 0x3D, 0x43, 0x4A, 0x5A, 0xEE, 0xEA, 0x66, 0x4A, 0x3D, 0x39, 0x36, 0x38, 0x3F, 0x58, 0xE5,
    0xCE, 0xCB, 0xD7, 0x5A, 0x4D, 0x4D, 0x4D, 0x4D, 0x4D, 0x4D, 0x4D, 0x56, 0xE0, 0xC4, 0xBE, 0xC2,
    0xCD, 0xE3, 0x59, 0x4D, 0x4B, 0x4D, 0x5D, 0xF6, 0xCD, 0xC6, 0xBF, 0xBF, 0xC4, 0xCD, 0xE1, 0xFF,
    0xFF, 0xF1, 0xE7, 0xDA, 0xCD, 0xC2, 0xBC, 0xB9, 0xB9, 0xBB, 0xBE, 0xC7, 0xD0, 0xDB, 0xD9, 0xCF,
    0xC9, 0xC8, 0xBF, 0xB8, 0xB3, 0xB2, 0xB5, 0xB9, 0xC2, 0xCD, 0xD3, 0xCC, 0xC9, 0xC9, 0xC9, 0xC3,
    0xBC, 0xB9, 0xB8, 0xBC, 0xC3, 0xCE, 0xDF, 0xE7, 0xE4, 0xDB, 0xDB, 0xD9, 0xD3, 0xC9, 0xC5, 0xC9,
    0xCF, 0xEA, 0x68, 0x51, 0x51, 0x68, 0xFF, 0xFF, 0xF8, 0xE7, 0xDC, 0xD3, 0xDF, 0x7B, 0x5F, 0x4E,
    0x4E, 0x58, 0x5B, 0x67, 0x77, 0xFF, 0xEF, 0xE7, 0xEC, 0x6D, 0x5B, 0x4E, 0x46, 0x46, 0x4C, 0x4D,
    0x4F, 0x53, 0x5B, 0x5B, 0x55, 0x49, 0x45, 0x42, 0x45, 0x48, 0x49, 0x44, 0x3F, 0x3E, 0x40, 0x45,
    0x49, 0x46, 0x41, 0x3F, 0x41, 0x44, 0x3F, 0x38, 0x34, 0x35, 0x43, 0x4F, 0x53, 0x6B, 0xE3, 0xE9,
    0x4D, 0x42, 0x41, 0x3E, 0x35, 0x32, 0x3E, 0xD1, 0xBA, 0xB5, 0xB5, 0xBA, 0xD8, 0x42, 0x36, 0x35,
    0x3B, 0x47, 0x68, 0xC6, 0xB9, 0xB6, 0xB4, 0xB3, 0xB8, 0xCE, 0x3C, 0x2D, 0x2D, 0x35, 0x47, 0xDE,
    0xBE, 0xB5, 0xB5, 0xBE, 0xD4, 0x64, 0x45, 0x38, 0x30, 0x32, 0x40, 0xDE, 0xBE, 0xBB, 0xBE, 0xC7,
    0xD9, 0x69, 0x51, 0x3D, 0x3B, 0x43, 0x57, 0xDB, 0xBD, 0xB7, 0xBA, 0xBF, 0xCE, 0xDF, 0xFA, 0x5E,
    0x55, 0xDC, 0xC7, 0xBE, 0xBA, 0xB9, 0xBC, 0xBD, 0xC9, 0xDB, 0xE7, 0xE7, 0xE7, 0xDF, 0xD4, 0xC7,
    0xBE, 0xBF, 0xC3, 0xC5, 0xCA, 0xD0, 0xDB, 0xE7, 0xDE, 0xD3, 0xD7, 0xE4, 0x79, 0x5F, 0x5B, 0x53,
    0x59, 0xFA, 0xD0, 0xC6, 0xC5, 0xC1, 0xC1, 0xBE, 0xC3, 0xD6, 0x5C, 0x47, 0x46, 0x4E, 0x67, 0xDD,
    0xC8, 0xBE, 0xBC, 0xBC, 0xC2, 0xCB, 0xDC, 0x72, 0x57, 0x53, 0x5C, 0x7C, 0xD7, 0xCB, 0xC9, 0xCD,
    0xDA, 0x73, 0x57, 0x4E, 0x4B, 0x4D, 0x5B, 0x5F, 0x79, 0xE4, 0xDB, 0xFC, 0x5E, 0x4C, 0x45, 0x3F,
    0x39, 0x36, 0x39, 0x41, 0x54, 0xF0, 0xDC, 0xE7, 0xFB, 0x57, 0x48, 0x3E, 0x3C, 0x3A, 0x3A, 0x3B,
    0x3E, 0x44, 0x53, 0x68, 0xFF, 0x6A, 0x5A, 0x53, 0x53, 0x51, 0x4B, 0x49, 0x49, 0x4D, 0x53, 0x53,
    0x53, 0x53, 0x4F, 0x49, 0x4B, 0x52, 0x6B, 0x6D, 0x67, 0x58, 0x53, 0x54, 0x57, 0x53, 0x4C, 0x44,
    0x45, 0x47, 0x4C, 0x54, 0x5F, 0x7B, 0xFF, 0xFF, 0xFF, 0xFF, 0xFF, 0x62, 0x4F, 0x4D, 0x58, 0x74,
    0xDB, 0xDB, 0xE4, 0xFF, 0xEE, 0xE7, 0xE7, 0xDE, 0xD3, 0xD3, 0xDA, 0xDB, 0xD7, 0xCE, 0xCF, 0xD9,
    0xDC, 0xE7, 0xE7, 0xE7, 0xDE, 0xD3, 0xD0, 0xCD, 0xCD, 0xC7, 0xC5, 0xC8, 0xD0, 0xDB, 0xDB, 0xDB,
    0xD5, 0xDB, 0xD4, 0xD3, 0xD3, 0xD3, 0xCC, 0xC9, 0xCA, 0xD4, 0xE6, 0xF5, 0xDE, 0xDB, 0xD3, 0xD3,
    0xCD, 0xCB, 0xC9, 0xCD, 0xD1, 0xD3, 0xCC, 0xC9, 0xC7, 0xCD, 0xCA, 0xC4, 0xC1, 0xCA, 0xCD, 0xCD,
    0xC9, 0xCE, 0xD3, 0xCC, 0xC3, 0xC5, 0xC3, 0xC1, 0xC5, 0xC8, 0xCA, 0xD2, 0xE4, 0xEA, 0x6E, 0x7C,
    0xE7, 0xF5, 0xFB, 0xD4, 0xCA, 0xCD, 0xD0, 0xD3, 0xE2, 0x6C, 0x5B, 0x5B, 0x5B, 0x5A, 0x53, 0x53,
    0xEC, 0xDB, 0xE9, 0x6F, 0x67, 0x63, 0x5B, 0x53, 0x53, 0x5F, 0xFB, 0xEF, 0x69, 0x5B, 0x61, 0xE7,
    0xF9, 0x57, 0x49, 0x4C, 0x5A, 0xF6, 0xE7, 0x7D, 0x60, 0x5B, 0x5D, 0x67, 0x7D, 0x62, 0x50, 0x49,
    0x49, 0x51, 0x5B, 0x57, 0x4E, 0x48, 0x45, 0x4A, 0x4D, 0x4D, 0x48, 0x45, 0x45, 0x49, 0x4C, 0x4D,
    0x47, 0x3F, 0x3D, 0x40, 0x45, 0x45, 0x42, 0x41, 0x43, 0x4D, 0x56, 0x56, 0x4D, 0x48, 0x45, 0x46,
    0x49, 0x49, 0x44, 0x41, 0x46, 0x4B, 0x52, 0x5B, 0x60, 0x67, 0x67, 0x5E, 0x53, 0x53, 0x4E, 0x49,
    0x49, 0x4D, 0x4D, 0x51, 0x53, 0x57, 0x65, 0x59, 0x4F, 0x49, 0x4F, 0x5F, 0xFB, 0xEF, 0x69, 0x51,
    0x4D, 0x4E, 0x5F, 0x67, 0x64, 0x57, 0x53, 0x5E, 0x74, 0xE7, 0xE7, 0xF9, 0xFF, 0xEE, 0xE7, 0xE2,
    0xE2, 0xDB, 0xDB, 0xDB, 0xD3, 0xCF, 0xCD, 0xCD, 0xD1, 0xCD, 0xCC, 0xC9, 0xC9, 0xC9, 0xC9, 0xC9,
    0xC6, 0xC5, 0xC7, 0xCD, 0xCE, 0xCF, 0xC9, 0xC8, 0xC5, 0xC5, 0xC5, 0xC5, 0xC5, 0xC5, 0xCA, 0xD2,
    0xE4, 0xE7, 0xE7, 0xDC, 0xDB, 0xD0, 0xCD, 0xCD, 0xCD, 0xC8, 0xC1, 0xC5, 0xD1, 0xE3, 0xDB, 0xD8,
    0xD3, 0xE7, 0xDF, 0xD3, 0xCB, 0xC5, 0xC5, 0xC5, 0xC5, 0xC5, 0xC8, 0xC9, 0xC9, 0xCC, 0xD3, 0xD3,
    0xD3, 0xCD, 0xCB, 0xC9, 0xC9, 0xC9, 0xCD, 0xCB, 0xC9, 0xC5, 0xC8, 0xD4, 0xDB, 0xDB, 0xD5, 0xD7,
    0xD3, 0xD3, 0xD9, 0xDB, 0xD8, 0xD3, 0xCD, 0xD5, 0xE7, 0xFF, 0xFF, 0xFF, 0xFF, 0xFF, 0xFF, 0xFF,
    0xFF, 0xE7, 0xDD, 0xD4, 0xE8, 0x69, 0x5B, 0x61, 0x67, 0x67, 0x67, 0x67, 0x67, 0x7C, 0xE7, 0xDE,
    0xE8, 0x71, 0x5D, 0x5A, 0x53, 0x4E, 0x4D, 0x51, 0x5B, 0x5B, 0x5B, 0x5B, 0x5B, 0x5B, 0x53, 0x4E,
    0x49, 0x43, 0x41, 0x45, 0x48, 0x49, 0x45, 0x48, 0x4A, 0x4D, 0x4A, 0x48, 0x43, 0x41, 0x3E, 0x40,
    0x4A, 0x4D, 0x4A, 0x41, 0x44, 0x4A, 0x4D, 0x4D, 0x49, 0x49, 0x49, 0x45, 0x48, 0x4E, 0x53, 0x4E,
    0x49, 0x49, 0x4D, 0x5E, 0x67, 0x5B, 0x50, 0x4A, 0x4E, 0x5D, 0x7E, 0x6C, 0x55, 0x49, 0x47, 0x4D,
    0x5F, 0xFF, 0x67, 0x50, 0x4D, 0x54, 0x5B, 0x5B, 0x53, 0x4F, 0x4D, 0x4B, 0x4D, 0x4E, 0x58, 0x5B,
    0x5B, 0x56, 0x4D, 0x4D, 0x52, 0x5B, 0x57, 0x4E, 0x4F, 0x53, 0x5C, 0x6E, 0xEA, 0x78, 0x5F, 0x5B,
    0x75, 0xDE, 0xDC, 0xEF, 0xE9, 0x6B, 0xD8, 0xCD, 0xC7, 0xD5, 0xD3, 0xD7, 0xCB, 0xCA, 0xCB, 0xCD,
    0xCC, 0xD0, 0xD2, 0xCD, 0xC6, 0xC3, 0xC8, 0xC9, 0xC8, 0xC5, 0xC6, 0xC9, 0xCD, 0xC9, 0xCF, 0xDB,
    0xD0, 0xC3, 0xC3, 0xCC, 0xDB, 0xCF, 0xC7, 0xCA, 0xCF, 0xD3, 0xCD, 0xC9, 0xC9, 0xC9, 0xC9, 0xC6,
    0xCB, 0xD2, 0xCB, 0xC3, 0xC2, 0xCB, 0xCD, 0xC5, 0xBF, 0xC1, 0xC5, 0xC5, 0xC5, 0xC5, 0xC5, 0xC1,
    0xC1, 0xC5, 0xC9, 0xC9, 0xC5, 0xC5, 0xC9, 0xC9, 0xC9, 0xC9, 0xCF, 0xD3, 0xD3, 0xD3, 0xD3, 0xD5,
    0xE1, 0xE7, 0xFF, 0x6B, 0x69, 0xEF, 0xDC, 0xD7, 0x77, 0x5B, 0x4F, 0x59, 0x6B, 0xE7, 0xFC, 0x63,
    0x56, 0x53, 0x64, 0xDF, 0xD6, 0x7C, 0x55, 0x56, 0x6D, 0xDB, 0xD3, 0xE1, 0x79, 0x67, 0x7D, 0xE7,
    0xE7, 0xE8, 0xFF, 0x6A, 0xFF, 0xE4, 0xDB, 0xDE, 0x70, 0x5B, 0x5F, 0x67, 0x63, 0x5B, 0x53, 0x50,
    0x4D, 0x4D, 0x4F, 0x53, 0x4D, 0x4B, 0x4D, 0x4D, 0x4A, 0x45, 0x44, 0x45, 0x49, 0x47, 0x45, 0x41,
    0x41, 0x42, 0x45, 0x45, 0x45, 0x45, 0x46, 0x49, 0x49, 0x49, 0x49, 0x49, 0x48, 0x45, 0x46, 0x4B,
    0x4A, 0x49, 0x49, 0x53, 0x53, 0x4E, 0x4D, 0x4F, 0x5A, 0x51, 0x4D, 0x4D, 0x53, 0x53, 0x4C, 0x45,
    0x49, 0x55, 0x56, 0x49, 0x49, 0x49, 0x4E, 0x53, 0x4E, 0x4C, 0x47, 0x41, 0x45, 0x4D, 0x53, 0x4F,
    0x4A, 0x45, 0x48, 0x4E, 0x57, 0x64, 0x5A, 0x53, 0x53, 0x6D, 0xEC, 0xFF, 0xFF, 0xFF, 0xE7, 0xE7,
    0xE7, 0xE1, 0xDB, 0xDA, 0xD3, 0xD3, 0xD3, 0xD3, 0xD3, 0xC9, 0xC9, 0xCF, 0xE0, 0xE7, 0xE3, 0xD6,
    0xD4, 0xDF, 0xDD, 0xDA, 0xCF, 0xCA, 0xD6, 0xE2, 0xE8, 0xFF, 0xFF, 0xE7, 0xDF, 0xDB, 0x74, 0x76,
    0xE6, 0xD8, 0xD3, 0xD3, 0xD8, 0xE7, 0x73, 0x76, 0xDA, 0xD3, 0xDA, 0xDB, 0xD6, 0xCD, 0xC8, 0xC5,
    0xC5, 0xC8, 0xCD, 0xCD, 0xCD, 0xC9, 0xC5, 0xC5, 0xC5, 0xC3, 0xBF, 0xBC, 0xBB, 0xBB, 0xBE, 0xC8,
    0xCD, 0xCB, 0xC6, 0xC3, 0xC8, 0xCD, 0xCD, 0xCD, 0xC9, 0xC3, 0xC1, 0xC7, 0xCF, 0xE9, 0xEF, 0xE7,
    0xDB, 0xE1, 0xFF, 0xFF, 0xEB, 0xE7, 0xE7, 0xFC, 0xE7, 0xDE, 0xDC, 0xE7, 0xE7, 0xE7, 0xE7, 0xFC,
    0xF5, 0xDE, 0xDB, 0xDF, 0xE7, 0xE4, 0xE0, 0xFD, 0xF5, 0xD2, 0xC9, 0xCD, 0xDA, 0xE7, 0xE7, 0xE7,
    0xE7, 0xE7, 0x7B, 0x5F, 0x5B, 0x6B, 0xED, 0xFF, 0xFF, 0xFF, 0xE7, 0xE7, 0x6B, 0x59, 0x4C, 0x45,
    0x49, 0x4C, 0x4D, 0x49, 0x49, 0x4F, 0x59, 0x53, 0x50, 0x4D, 0x4D, 0x4B, 0x46, 0x41, 0x44, 0x49,
    0x49, 0x49, 0x4A, 0x4D, 0x4D, 0x4F, 0x59, 0x5A, 0x53, 0x4E, 0x4D, 0x4D, 0x53, 0x53, 0x53, 0x53,
    0x4F, 0x4D, 0x4E, 0x58, 0x67, 0x61, 0x4F, 0x49, 0x4B, 0x52, 0x67, 0x5E, 0x49, 0x40, 0x41, 0x46,
    0x4C, 0x4A, 0x48, 0x45, 0x45, 0x47, 0x49, 0x4D, 0x4D, 0x4D, 0x48, 0x45, 0x45, 0x41, 0x41, 0x46,
    0x4E, 0x5B, 0x5B, 0x55, 0x53, 0x57, 0x65, 0x67, 0x67, 0x5B, 0x50, 0x4D, 0x5C, 0xFE, 0xE7, 0xFF,
    0xFF, 0xFE, 0xE1, 0xD5, 0xDD, 0xE7, 0xFC, 0xFF, 0xEC, 0xE7, 0xE7, 0xE7, 0xE4, 0xDB, 0xDB, 0xD9,
    0xD3, 0xD3, 0xD7, 0xE5, 0xFF, 0xEE, 0xE7, 0xFF, 0xFF, 0xFC, 0xE7, 0xE7, 0xEB, 0xFF, 0xE7, 0xD8,
    0xD3, 0xD4, 0xDF, 0xFB, 0xE3, 0xDB, 0xDB, 0xDB, 0xE4, 0xEA, 0xEF, 0xD5, 0xCC, 0xC7, 0xC9, 0xC9,
    0xC9, 0xC9, 0xC5, 0xC5, 0xCB, 0xD1, 0xD3, 0xD0, 0xCA, 0xC9, 0xC9, 0xC9, 0xC5, 0xC5, 0xC5, 0xC7,
    0xC9, 0xC9, 0xC9, 0xCD, 0xD6, 0xDB, 0xDB, 0xD7, 0xCE, 0xC5, 0xC5, 0xC5, 0xCB, 0xCD, 0xCD, 0xCD,
    0xCD, 0xD3, 0xD3, 0xD3, 0xD3, 0xD3, 0xD2, 0xCB, 0xC6, 0xC5, 0xC8, 0xD4, 0xDB, 0xDB, 0xD2, 0xCD,
    0xCD, 0xD3, 0xD9, 0xD3, 0xCC, 0xC9, 0xCD, 0xCD, 0xCA, 0xCF, 0xD9, 0xE7, 0xDF, 0xD4, 0xD3, 0xD8,
    0xE7, 0xE1, 0xDB, 0xE7, 0xE7, 0xE7, 0xEC, 0xFF, 0xFF, 0xFF, 0x6B, 0x67, 0x70, 0xFF, 0x67, 0x5E,
    0x53, 0x4D, 0x4D, 0x4E, 0x53, 0x5B, 0x59, 0x53, 0x54, 0x5B, 0x5B, 0x5A, 0x53, 0x53, 0x53, 0x4E,
    0x49, 0x49, 0x4D, 0x4E, 0x58, 0x5B, 0x67, 0x67, 0x5B, 0x5B, 0x5B, 0x59, 0x53, 0x4D, 0x4D, 0x4D,
    0x4D, 0x4D, 0x4D, 0x53, 0x59, 0x68, 0x71, 0x5D, 0x4D, 0x49, 0x49, 0x4F, 0x53, 0x53, 0x4C, 0x49,
    0x4B, 0x58, 0x5B, 0x4F, 0x47, 0x46, 0x4B, 0x4D, 0x4D, 0x4D, 0x49, 0x48, 0x45, 0x4E, 0x57, 0x5B,
    0x51, 0x4B, 0x49, 0x4B, 0x51, 0x53, 0x53, 0x4E, 0x4A, 0x50, 0x5B, 0x5B, 0x55, 0x4E, 0x58, 0x66,
    0x62, 0x56, 0x54, 0x5F, 0x67, 0x67, 0x67, 0x5C, 0x5B, 0x56, 0x54, 0x5F, 0x79, 0x78, 0x67, 0x5B,
    0x5E, 0x67, 0xFC, 0xEF, 0x69, 0x59, 0x58, 0x67, 0xFF, 0x6B, 0x69, 0xEF, 0xDC, 0xDB, 0xDB, 0xDC,
    0xE7, 0xE7, 0xDB, 0xDB, 0xDB, 0xE7, 0xE7, 0xDB, 0xCE, 0xC9, 0xCA, 0xD0, 0xD3, 0xD1, 0xCB, 0xCA,
    0xCF, 0xD3, 0xD2, 0xCD, 0xCD, 0xD3, 0xCF, 0xC9, 0xC4, 0xC1, 0xC7, 0xD5, 0xDB, 0xD8, 0xCE, 0xC9,
    0xCB, 0xD2, 0xD3, 0xD3, 0xCD, 0xC9, 0xCD, 0xCE, 0xD8, 0xDB, 0xD9, 0xCF, 0xCD, 0xCF, 0xDA, 0xE4,
    0xD7, 0xCE, 0xCD, 0xD1, 0xDB, 0xDB, 0xDB, 0xDB, 0xDB, 0xDB, 0xD1, 0xCD, 0xC9, 0xCB, 0xD2, 0xD2,
    0xCD, 0xCD, 0xCD, 0xD1, 0xD3, 0xD7, 0xDB, 0xD1, 0xCB, 0xCD, 0xCF, 0xD3, 0xCD, 0xCD, 0xD3, 0xE7,
    0xF4, 0xFE, 0xE1, 0xD5, 0xD5, 0xE0, 0xE7, 0xFF, 0xFF, 0xE6, 0xDF, 0xF9, 0x67, 0x67, 0x67, 0x6C,
    0xFF, 0xE7, 0xEF, 0xFF, 0x67, 0x67, 0x67, 0x5B, 0x63, 0x67, 0x67, 0x67, 0x67, 0x72, 0x67, 0x5B,
    0x63, 0x67, 0x5F, 0x54, 0x53, 0x53, 0x5B, 0x5B, 0x63, 0x65, 0x5B, 0x54, 0x5B, 0x5B, 0x53, 0x4C,
    0x49, 0x4A, 0x4D, 0x53, 0x53, 0x53, 0x4D, 0x4D, 0x52, 0x4C, 0x43, 0x3F, 0x43, 0x48, 0x49, 0x45,
    0x45, 0x45, 0x48, 0x4D, 0x53, 0x4E, 0x49, 0x45, 0x42, 0x40, 0x40, 0x45, 0x4D, 0x4D, 0x4D, 0x4D,
    0x52, 0x5B, 0x5B, 0x53, 0x4C, 0x4D, 0x4E, 0x53, 0x4E, 0x4D, 0x51, 0x5C, 0x6E, 0x6A, 0x5A, 0x53,
    0x5B, 0x5B, 0x56, 0x53, 0x53, 0x62, 0x5B, 0x56, 0x4D, 0x51, 0x6E, 0xFF, 0x67, 0x54, 0x53, 0x58,
    0x67, 0x72, 0x5D, 0x5A, 0x4D, 0x49, 0x50, 0x6C, 0xE8, 0x72, 0x57, 0x4D, 0x58, 0xEA, 0xD3, 0xDE,
    0x5A, 0x4D, 0x5F, 0xE4, 0xDB, 0x6A, 0x59, 0x5E, 0xDA, 0xC8, 0xC5, 0xCC, 0xEA, 0x68, 0xDB, 0xCB,
    0xC6, 0xCF, 0xF6, 0xF0, 0xD2, 0xC9, 0xC5, 0xC8, 0xCE, 0xD3, 0xCE, 0xC9, 0xC9, 0xCD, 0xD3, 0xD3,
    0xCD, 0xCD, 0xCA, 0xC9, 0xCC, 0xD3, 0xD3, 0xCE, 0xCD, 0xD0, 0xD3, 0xD6, 0xDB, 0xE6, 0xD4, 0xC7,
    0xC1, 0xC6, 0xDA, 0xED, 0xE0, 0xCD, 0xC2, 0xC4, 0xD9, 0x64, 0x67, 0xCC, 0xBC, 0xBB, 0xC3, 0xD8,
    0xE3, 0xD1, 0xC1, 0xC3, 0xCC, 0xE7, 0xDF, 0xCE, 0xC9, 0xC9, 0xCD, 0xCD, 0xCA, 0xC9, 0xC9, 0xCD,
    0xCF, 0xD9, 0x7D, 0x67, 0x79, 0xD8, 0xCD, 0xCD, 0xE7, 0x5E, 0x5D, 0xD8, 0xC7, 0xCB, 0xED, 0x5B,
    0x5E, 0x67, 0x69, 0xFF, 0xFF, 0xFF, 0xFF, 0xDB, 0xD3, 0xD9, 0xE9, 0xEF, 0xDC, 0xDD, 0xF4, 0x67,
    0x67, 0x77, 0xE7, 0xDF, 0xDB, 0xDE, 0xF4, 0xFD, 0xE0, 0xDB, 0xF0, 0x57, 0x5B, 0x67, 0x5E, 0x4E,
    0x53, 0x5A, 0x78, 0x5F, 0x5B, 0x4F, 0x6A, 0x5A, 0x53, 0x4B, 0x46, 0x45, 0x45, 0x49, 0x49, 0x4C,
    0x45, 0x49, 0x4B, 0x58, 0x4D, 0x4D, 0x4A, 0x4A, 0x4B, 0x49, 0x43, 0x40, 0x46, 0x4F, 0x53, 0x53,
    0x4F, 0x53, 0x67, 0x5E, 0x53, 0x4D, 0x4A, 0x49, 0x49, 0x49, 0x4D, 0x51, 0x5B, 0x5B, 0x5B, 0x59,
    0x53, 0x53, 0x53, 0x4E, 0x49, 0x49, 0x49, 0x48, 0x48, 0x4D, 0x5B, 0x5B, 0x52, 0x4D, 0x4D, 0x53,
    0x58, 0x67, 0x58, 0x4B, 0x49, 0x4E, 0x64, 0xFF, 0x6C, 0x67, 0x67, 0x78, 0xE4, 0xD7, 0xDB, 0xEC,
    0x6C, 0xFA, 0xD8, 0xD3, 0xD5, 0xE1, 0xE7, 0xFF, 0xEC, 0xD3, 0xCD, 0xD9, 0x77, 0x72, 0xE7, 0xD8,
    0xD9, 0xDC, 0xE7, 0xFB, 0x67, 0x5E, 0x5B, 0x5E, 0x67, 0x7A, 0x67, 0x7C, 0xFF, 0xFF, 0xFF, 0x71,
    0x5D, 0x6A, 0xEE, 0xE7, 0x75, 0x67, 0x68, 0xF1, 0xD6, 0xCD, 0xD0, 0xCE, 0xD1, 0xCB, 0xCA, 0xD7,
    0xDB, 0xCD, 0xC7, 0xC5, 0xCF, 0xCE, 0xCD, 0xC3, 0xBD, 0xBF, 0xC4, 0xCD, 0xC8, 0xC5, 0xC5, 0xC8,
    0xCD, 0xD1, 0xCB, 0xC9, 0xC7, 0xCD, 0xD3, 0xD3, 0xD3, 0xCF, 0xD9, 0xFF, 0xFF, 0xFF, 0xF9, 0xF1,
    0x68, 0x67, 0x67, 0xFC, 0xE0, 0xDB, 0xDD, 0xDF, 0xD4, 0xC9, 0xC7, 0xC5, 0xC7, 0xC6, 0xC1, 0xC1,
    0xC5, 0xCD, 0xCD, 0xC4, 0xBD, 0xBC, 0xBC, 0xBE, 0xBE, 0xB9, 0xB3, 0xB5, 0xBA, 0xBE, 0xC7, 0xCC,
    0xCE, 0xDA, 0x6D, 0x53, 0x58, 0x66, 0xFF, 0x6C, 0x5B, 0x5B, 0x64, 0xF8, 0xE7, 0x68, 0x4B, 0x40,
    0x3C, 0x3D, 0x41, 0x40, 0x3D, 0x3C, 0x3D, 0x40, 0x45, 0x43, 0x41, 0x45, 0x48, 0x49, 0x49, 0x46,
    0x45, 0x45, 0x45, 0x45, 0x45, 0x45, 0x40, 0x3D, 0x3D, 0x40, 0x4D, 0xF7, 0xC6, 0xBC, 0xB9, 0xBF,
    0xEA, 0x42, 0x3B, 0x3F, 0x54, 0x51, 0x3F, 0x35, 0x36, 0x4D, 0xC2, 0xB2, 0xB0, 0xBF, 0x4E, 0x39,
    0x3F, 0x6F, 0xDC, 0x49, 0x2F, 0x29, 0x2F, 0x63, 0xB5, 0xAF, 0xBF, 0x51, 0x3D, 0x52, 0xCF, 0xC2,
    0x72, 0x38, 0x2D, 0x34, 0x4F, 0xC3, 0xBE, 0xC9, 0xFE, 0x56, 0xFA, 0xD4, 0xCA, 0xD4, 0x4B, 0x39,
    0x35, 0x3E, 0x55, 0x6F, 0x5D, 0x47, 0x3F, 0x45, 0x57, 0xD9, 0xCE, 0xDC, 0x6B, 0x4F, 0x44, 0x3E,
    0x3F, 0x48, 0x4D, 0x50, 0x53, 0x51, 0x51, 0x69, 0xD1, 0xC3, 0xC2, 0xCA, 0xDA, 0x5C, 0x48, 0x46,
    0x5E, 0xDE, 0xF9, 0x4A, 0x49, 0xD3, 0xBC, 0xBF, 0xCD, 0xCB, 0xBC, 0xC3, 0x68, 0x4F, 0x7E, 0xD5,
    0xFF, 0x5C, 0xD5, 0xC7, 0xC9, 0xCD, 0xC1, 0xB8, 0xBC, 0xCC, 0xDE, 0xDE, 0xDB, 0xDB, 0xD5, 0xD6,
    0x6D, 0x54, 0xF8, 0xC6, 0xBD, 0xBF, 0xC5, 0xC6, 0xD1, 0xFC, 0xD9, 0xC4, 0xD1, 0x44, 0x3B, 0x6B,
    0xBA, 0xBA, 0xCF, 0xD8, 0xC0, 0xB8, 0xB4, 0xB7, 0xBF, 0x67, 0x40, 0x4A, 0xD7, 0xC7, 0xEF, 0x44,
    0x4E, 0xC5, 0xB8, 0xBA, 0xC7, 0xE1, 0x5D, 0x53, 0x5E, 0x5A, 0x48, 0x3D, 0x40, 0x64, 0xCE, 0xCB,
    0xCD, 0xC9, 0xC9, 0xD1, 0xEB, 0xFF, 0xFF, 0x53, 0x44, 0x46, 0x5B, 0xDE, 0xD1, 0xD5, 0xDB, 0xD0,
    0xCD, 0xC9, 0xC9, 0xE2, 0x53, 0x45, 0x5C, 0xF2, 0xF8, 0x4E, 0x61, 0xD6, 0xCB, 0xD6, 0xD3, 0xCD,
    0xCA, 0xD8, 0xFF, 0xFF, 0x6D, 0x4D, 0x46, 0x56, 0xE0, 0xDF, 0x6E, 0x67, 0x6C, 0xFF, 0xFF, 0x6F,
    0x5C, 0x4E, 0x3D, 0x38, 0x3C, 0x43, 0x49, 0x45, 0x45, 0x4A, 0x50, 0x5B, 0x5B, 0x4F, 0x45, 0x41,
    0x41, 0x40, 0x3E, 0x42, 0x47, 0x49, 0x4D, 0x50, 0x53, 0x5B, 0x5B, 0x5B, 0x50, 0x47, 0x41, 0x46,
    0x4D, 0x4F, 0x53, 0x4D, 0x4D, 0x4D, 0x49, 0x48, 0x4D, 0x56, 0x63, 0x67, 0x5F, 0x4E, 0x4A, 0x5A,
    0xE7, 0xDE, 0x6F, 0x4C, 0x45, 0x42, 0x45, 0x5B, 0xDB, 0xDA, 0x62, 0x5E, 0xDE, 0xCA, 0xD8, 0x67,
    0x69, 0xE0, 0xE4, 0x5F, 0x4B, 0x4D, 0xE3, 0xC5, 0xC6, 0xE4, 0x56, 0xEA, 0xC6, 0xC1, 0xDE, 0x5D,
    0x6A, 0xE0, 0xE5, 0x6F, 0xD0, 0xC2, 0xCB, 0x67, 0x5F, 0xCB, 0xBF, 0xCA, 0x6E, 0x53, 0x56, 0x63,
    0xE2, 0xD3, 0xD3, 0x5F, 0x53, 0xFA, 0xCC, 0xCD, 0xD5, 0xE9, 0x5C, 0x51, 0x56, 0xE5, 0xD0, 0xDF,
    0x67, 0xFA, 0xCE, 0xCD, 0xCB, 0xC1, 0xBE, 0xC8, 0xEB, 0xEE, 0xCE, 0xC4, 0xC1, 0xCA, 0xD7, 0xD4,
    0xC5, 0xB9, 0xB7, 0xC0, 0xD0, 0xCC, 0xBE, 0xBE, 0xC8, 0xD1, 0xD3, 0xCD, 0xCA, 0xC9, 0xC5, 0xC9,
    0xCB, 0xCB, 0xC6, 0xCB, 0xD2, 0xD3, 0xD3, 0xD3, 0xD6, 0xDB, 0xDC, 0xEF, 0x6A, 0xED, 0xCD, 0xC9,
    0xD4, 0x70, 0x69, 0xE8, 0xD4, 0xCF, 0xEB, 0x53, 0x4F, 0x5F, 0xDB, 0xDF, 0x6B, 0x60, 0xED, 0xDB,
    0xDF, 0xE7, 0x7A, 0x5F, 0x5B, 0x6C, 0xFF, 0x66, 0x5B, 0x5B, 0x6A, 0xFF, 0xFF, 0xE7, 0xF5, 0x5B,
    0x50, 0x52, 0x53, 0x53, 0x4E, 0x48, 0x48, 0x55, 0x67, 0x67, 0x59, 0x4F, 0x53, 0x5E, 0x5D, 0x4C,
    0x41, 0x45, 0x4E, 0x4F, 0x45, 0x4D, 0x60, 0x7A, 0x67, 0x67, 0xFF, 0x62, 0x53, 0x53, 0x53, 0x5B,
    0x5B, 0x5B, 0x53, 0x53, 0x69, 0xE7, 0xF9, 0x61, 0x53, 0x53, 0x5E, 0x5E, 0x53, 0x50, 0x4D, 0x4E,
    0x58, 0x67, 0x5E, 0x4E, 0x49, 0x4B, 0x52, 0x51, 0x4B, 0x45, 0x47, 0x4C, 0x53, 0x4F, 0x46, 0x4A,
    0x56, 0x5B, 0x4D, 0x42, 0x43, 0x54, 0x5B, 0x51, 0x4D, 0x53, 0x53, 0x53, 0x55, 0x60, 0x67, 0x6C,
    0xEC, 0xE8, 0x70, 0x5D, 0xF1, 0xDB, 0xDB, 0xE7, 0xE7, 0xE6, 0xDB, 0xDB, 0xD9, 0xCF, 0xC9, 0xCF,
    0xDF, 0xE5, 0xD7, 0xCE, 0xCE, 0xD8, 0xE7, 0xE1, 0xD5, 0xD5, 0xE0, 0xFC, 0xDF, 0xCF, 0xCE, 0xD7,
    0xE4, 0xE7, 0xDF, 0xD4, 0xCD, 0xD6, 0x7C, 0x7B, 0xD6, 0xCE, 0xD8, 0xE7, 0xE7, 0xDE, 0xDB, 0xD0,
    0xCD, 0xCD, 0xD0, 0xD3, 0xD0, 0xCD, 0xDC, 0xE7, 0xDC, 0xCD, 0xD0, 0xDB, 0xCE, 0xC6, 0xC7, 0xD0,
    0xD3, 0xCD, 0xCD, 0xCE, 0xD7, 0xE4, 0xFF, 0xEE, 0xD5, 0xC9, 0xCC, 0xDC, 0xFF, 0xFF, 0xE1, 0xCF,
    0xCD, 0xD9, 0x65, 0x54, 0x66, 0xDE, 0xDD, 0xE7, 0xE7, 0xE7, 0xE7, 0xFF, 0xFF, 0xE9, 0xDB, 0xDB,
    0xDB, 0xDE, 0xE7, 0xE5, 0xD7, 0xD3, 0xD6, 0xE2, 0xDB, 0xD0, 0xD2, 0xEA, 0xEF, 0xDC, 0xD1, 0xCD,
    0xD3, 0xD3, 0xD3, 0xDD, 0xE7, 0xE7, 0xE7, 0xE7, 0xE7, 0xEE, 0x6A, 0x5B, 0x60, 0xE8, 0xE7, 0xF6,
    0x67, 0x6F, 0xFF, 0x4B, 0x39, 0x41, 0x51, 0x63, 0xE7, 0x67, 0x4E, 0x4C, 0x39, 0x3B, 0x63, 0xC8,
    0xD0, 0x52, 0x36, 0x32, 0x3C, 0x68, 0xE1, 0xF2, 0x48, 0x46, 0x63, 0xF3, 0x58, 0x4D, 0x49, 0x5E,
    0xEA, 0x65, 0x4E, 0x49, 0x49, 0x5D, 0xFF, 0xFF, 0xFF, 0x6D, 0x54, 0x4F, 0x53, 0x5C, 0x6F, 0x69,
    0x51, 0x4D, 0x4D, 0x56, 0x5B, 0x51, 0x47, 0x49, 0x79, 0xD6, 0xEA, 0x47, 0x3B, 0x3F, 0x55, 0xEA,
    0xF2, 0x53, 0x41, 0x3F, 0x48, 0x5E, 0xE5, 0xE6, 0x59, 0x44, 0x46, 0x64, 0xE7, 0x60, 0x4D, 0x49,
    0x54, 0xF0, 0xEB, 0x58, 0x4A, 0x5B, 0xD9, 0xD3, 0x5D, 0x53, 0x6B, 0xE7, 0x5E, 0x53, 0x58, 0xE7,
    0xD8, 0xDA, 0x70, 0x4F, 0x5A, 0xDC, 0xCD, 0xDC, 0x60, 0x64, 0xE4, 0xDB, 0xFB, 0x67, 0x67, 0xE5,
    0xCE, 0xCD, 0xE4, 0x52, 0x4D, 0xD6, 0xC5, 0xCF, 0xEF, 0xFF, 0xE0, 0xCF, 0xCD, 0xD1, 0xEF, 0x6B,
    0xD7, 0xC6, 0xCB, 0xDE, 0xE7, 0xD2, 0xC3, 0xC3, 0xCE, 0xE4, 0xE7, 0xDE, 0xD3, 0xCD, 0xCD, 0xD5,
    0xE0, 0xDC, 0xCB, 0xC5, 0xCA, 0xCD, 0xD2, 0xD5, 0xDB, 0xDB, 0xDB, 0xDB, 0xDB, 0xD0, 0xCD, 0xCE,
    0xD8, 0xDB, 0xD9, 0xD3, 0xD2, 0xCF, 0xDA, 0xE7, 0xF3, 0xFF, 0xDD, 0xCE, 0xCA, 0xCF, 0xDB, 0xE7,
    0xE7, 0xDB, 0xD3, 0xD3, 0xDB, 0xDB, 0xD4, 0xD6, 0xE2, 0xDB, 0xD8, 0xDA, 0xE4, 0xDB, 0xD4, 0xDE,
    0xDE, 0xD3, 0xCD, 0xD2, 0xDB, 0xDB, 0xDB, 0xED, 0xEC, 0xE6, 0xDB, 0xE5, 0xE7, 0xDE, 0xDB, 0xD3,
    0xD9, 0xE9, 0xFF, 0xFF, 0xE7, 0xE7, 0x67, 0x5B, 0x70, 0xDB, 0xDB, 0xF9, 0x67, 0x67, 0x67, 0x67,
    0x78, 0xEA, 0x65, 0x4E, 0x4B, 0x56, 0xFF, 0xFF, 0x6A, 0x5A, 0x4D, 0x49, 0x59, 0x67, 0x5B, 0x4F,
    0x4D, 0x55, 0x5B, 0x53, 0x53, 0x59, 0x5A, 0x4F, 0x4D, 0x53, 0x58, 0x53, 0x4D, 0x4D, 0x53, 0x4F,
    0x52, 0x53, 0x4F, 0x49, 0x4D, 0x5A, 0x64, 0x53, 0x4A, 0x4C, 0x5E, 0x66, 0x54, 0x4A, 0x4A, 0x4D,
    0x4D, 0x4F, 0x59, 0x5A, 0x4D, 0x4D, 0x5F, 0x6D, 0x54, 0x4D, 0x51, 0x5A, 0x53, 0x4E, 0x55, 0x5B,
    0x53, 0x56, 0x63, 0x7A, 0x5F, 0x54, 0x55, 0x61, 0x67, 0x61, 0x55, 0x5D, 0x67, 0x5C, 0x5E, 0x74,
    0x7D, 0x60, 0x5B, 0x6D, 0xE7, 0xFD, 0x5B, 0x62, 0xFF, 0xFF, 0xFF, 0xF8, 0xE7, 0xFE, 0x62, 0x63,
    0xFC, 0xE7, 0xFA, 0xE3, 0xDB, 0xDB, 0x73, 0x67, 0xE5, 0xDB, 0xDB, 0xE7, 0xF3, 0xFE, 0xE7, 0xDD,
    0xDB, 0xDB, 0xDB, 0xD3, 0xD9, 0xE7, 0xE7, 0xDD, 0xDB, 0xE0, 0xE7, 0xD1, 0xCD, 0xCE, 0xD7, 0xD5,
    0xCD, 0xCC, 0xCD, 0xCD, 0xCD, 0xD3, 0xD7, 0xD5, 0xCD, 0xCC, 0xCD, 0xCD, 0xC8, 0xC5, 0xC7, 0xCD,
    0xD5, 0xDB, 0xCD, 0xC4, 0xC1, 0xCB, 0xDC, 0xE7, 0xD7, 0xCB, 0xC9, 0xCB, 0xD2, 0xD2, 0xCD, 0xCD,
    0xD3, 0xD3, 0xDB, 0xDB, 0xDB, 0xDA, 0xD3, 0xDB, 0xDB, 0xDB, 0xD4, 0xDB, 0xDB, 0xD3, 0xD3, 0xDB,
    0xED, 0xFF, 0xE9, 0xFF, 0xFF, 0xE3, 0xD6, 0xD3, 0xE3, 0xFF, 0xE7, 0xDF, 0xDB, 0xDB, 0xE2, 0x7E,
    0x61, 0x63, 0xFA, 0xDF, 0xE6, 0xE7, 0xE7, 0xE7, 0xE7, 0xF9, 0xE7, 0xE7, 0xE7, 0x74, 0x67, 0x5B,
    0x5F, 0x67, 0x6A, 0xFF, 0xE8, 0xED, 0xFF, 0x7B, 0x67, 0x5C, 0x53, 0x58, 0x67, 0x67, 0x5D, 0x5B,
    0x5B, 0x5B, 0x5B, 0x5B, 0x5B, 0x5B, 0x55, 0x53, 0x53, 0x53, 0x51, 0x4D, 0x54, 0x5B, 0x5B, 0x5A,
    0x53, 0x53, 0x4D, 0x4B, 0x4E, 0x57, 0x5B, 0x52, 0x4B, 0x49, 0x4B, 0x4D, 0x53, 0x53, 0x4E, 0x4C,
    0x49, 0x4D, 0x53, 0x53, 0x53, 0x53, 0x4E, 0x48, 0x48, 0x4D, 0x5B, 0x55, 0x4D, 0x4F, 0x5A, 0x63,
    0x5B, 0x5B, 0x58, 0x4E, 0x4D, 0x4D, 0x53, 0x56, 0x5B, 0x67, 0x60, 0x55, 0x5D, 0x71, 0xE8, 0x6D,
    0x56, 0x5C, 0x67, 0x5D, 0x53, 0x58, 0x67, 0xFF, 0xFF, 0xFC, 0xE7, 0xFA, 0x67, 0x72, 0xFF, 0x73,
    0x67, 0xFF, 0xEF, 0xFB, 0x76, 0x67, 0xFF, 0xF2, 0xDD, 0xDA, 0xD8, 0xE6, 0x67, 0x74, 0xE7, 0xDF,
    0xF9, 0xE4, 0xDB, 0xDB, 0xE7, 0xE7, 0xE8, 0xFF, 0xDE, 0xCD, 0xCC, 0xE5, 0x67, 0xE5, 0xC9, 0xCD,
    0xF1, 0x6E, 0xDA, 0xD3, 0xD6, 0xDB, 0xDB, 0xDB, 0xDB, 0xD7, 0xCB, 0xC9, 0xD2, 0xE3, 0xE5, 0xDB,
    0xD4, 0xD3, 0xD3, 0xDB, 0xDB, 0xCF, 0xC9, 0xCC, 0xD3, 0xD9, 0xCF, 0xC6, 0xCB, 0xD2, 0xDD, 0xE7,
    0xE7, 0xD6, 0xCB, 0xC6, 0xCB, 0xD9, 0xD8, 0xCB, 0xCD, 0xD6, 0xE3, 0xDA, 0xCB, 0xCD, 0xCE, 0xD8,
    0xDB, 0xE7, 0xDD, 0xCD, 0xCD, 0xDA, 0xE7, 0xDE, 0xDB, 0xDB, 0xE4, 0xE5, 0xDB, 0xDB, 0xEC, 0x6C,
    0x67, 0x6E, 0xFF, 0xE4, 0xDB, 0xE6, 0x74, 0x67, 0xFF, 0xFF, 0xFF, 0xFF, 0x6E, 0x5C, 0x53, 0x5F,
    0xFC, 0xEF, 0x69, 0x6B, 0xED, 0xE7, 0x73, 0x5D, 0x5A, 0x53, 0x53, 0x5D, 0xF6, 0xDB, 0xF8, 0x5D,
    0x5B, 0x5B, 0x5B, 0x5B, 0x62, 0x5B, 0x5B, 0x64, 0x5B, 0x57, 0x53, 0x5B, 0x62, 0x67, 0x60, 0x5B,
    0x53, 0x4F, 0x4A, 0x4B, 0x57, 0x67, 0x67, 0x67, 0x63, 0x56, 0x53, 0x4C, 0x49, 0x4E, 0x57, 0x5B,
    0x5B, 0x56, 0x4D, 0x4F, 0x59, 0x5B, 0x5B, 0x54, 0x4D, 0x4D, 0x4D, 0x4D, 0x4D, 0x4D, 0x50, 0x5B,
    0x67, 0x5E, 0x53, 0x4C, 0x49, 0x49, 0x4C, 0x53, 0x56, 0x5B, 0x53, 0x50, 0x4D, 0x4A, 0x50, 0x5B,
    0x61, 0x55, 0x52, 0x4D, 0x4D, 0x4E, 0x53, 0x5B, 0x58, 0x59, 0x5C, 0x5F, 0x54, 0x4D, 0x56, 0xFE,
    0xEE, 0x6B, 0x5B, 0x57, 0x53, 0x5E, 0x67, 0xFF, 0xFF, 0xFF, 0xF9, 0xDF, 0xDB, 0xE7, 0xE7, 0xDC,
    0xEE, 0x6A, 0x67, 0x71, 0xE8, 0xE7, 0xE7, 0xDB, 0xD0, 0xCD, 0xCE, 0xD3, 0xD3, 0xDE, 0xF7, 0xFB,
    0xDF, 0xD4, 0xDB, 0xE1, 0xDB, 0xD0, 0xC7, 0xC6, 0xC9, 0xCD, 0xD6, 0xE2, 0xE7, 0xE1, 0xD5, 0xCD,
    0xCD, 0xCD, 0xCD, 0xD1, 0xD3, 0xCD, 0xCD, 0xCD, 0xCD, 0xCD, 0xD3, 0xD9, 0xDB, 0xD0, 0xCD, 0xCA,
    0xCD, 0xCD, 0xCF, 0xD3, 0xD2, 0xCB, 0xC6, 0xC5, 0xC5, 0xC9, 0xCF, 0xD9, 0xDA, 0xCF, 0xCD, 0xCF,
    0xD9, 0xDB, 0xDB, 0xCF, 0xC9, 0xC5, 0xC9, 0xCF, 0xD9, 0xE7, 0xE7, 0xE7, 0xE7, 0xE7, 0xDC, 0xD1,
    0xCD, 0xCE, 0xDB, 0xDD, 0xD3, 0xD3, 0xDB, 0xED, 0xFF, 0xFF, 0xFF, 0xE9, 0xE3, 0xDB, 0xDB, 0xDB,
    0xDB, 0xDB, 0xDB, 0xF8, 0x63, 0x61, 0xFE, 0xDB, 0xE4, 0x65, 0x5B, 0x66, 0xFF, 0xED, 0xE7, 0xEE,
    0x6A, 0x67, 0x5F, 0x54, 0x56, 0x6D, 0x66, 0x5B, 0xE2, 0xD0, 0x5C, 0x3D, 0x41, 0x7A, 0xE9, 0xFF,
    0xEA, 0x5A, 0x3F, 0x41, 0xFC, 0x77, 0x45, 0x4D, 0xDF, 0x67, 0x46, 0x41, 0x4B, 0x4D, 0x56, 0xFE,
    0xE7, 0x4C, 0x3D, 0x46, 0x64, 0x6A, 0x4D, 0x4C, 0x63, 0x6D, 0x48, 0x3D, 0x4E, 0xD9, 0xED, 0x40,
    0x3E, 0x48, 0xD9, 0xBA, 0xBF, 0x32, 0x24, 0x31, 0xB9, 0xAD, 0xBF, 0x34, 0x29, 0x34, 0xD0, 0xB5,
    0xBE, 0x3F, 0x31, 0x3F, 0xDF, 0xD2, 0x51, 0x3F, 0x4E, 0xEA, 0xDB, 0x54, 0x39, 0x34, 0x4B, 0xCF,
    0xCE, 0x57, 0x3C, 0x3C, 0x56, 0xCE, 0xC8, 0xDC, 0x5B, 0x66, 0xEA, 0x5D, 0x47, 0x4D, 0xE1, 0xCB,
    0xCE, 0xE7, 0x5E, 0x6F, 0xD5, 0xBF, 0xBE, 0xCD, 0xDA, 0xCD, 0xC6, 0xCC, 0xD8, 0xE7, 0xD5, 0xCA,
    0xCE, 0xD3, 0xDB, 0xD1, 0xC5, 0xBD, 0xC1, 0xD5, 0x64, 0x60, 0xE9, 0xD3, 0xE8, 0x52, 0x45, 0x4C,
    0xE7, 0xC5, 0xC5, 0xD1, 0xD6, 0xC9, 0xC7, 0xDE, 0x58, 0x4D, 0x7C, 0xD0, 0xD1, 0x77, 0x5B, 0x76,
    0xC5, 0xBA, 0xBB, 0xC5, 0xC9, 0xC9, 0xC5, 0xCD, 0xDB, 0xD1, 0xC1, 0xBA, 0xBA, 0xBF, 0xCE, 0xDB,
    0xCA, 0xBC, 0xB9, 0xBC, 0xC7, 0xD6, 0xE7, 0xE7, 0xD9, 0xCF, 0xCE, 0xD7, 0xE5, 0xFF, 0xFF, 0xFF,
    0xFF, 0xEC, 0xE9, 0x68, 0x54, 0x4D, 0x4D, 0x5B, 0x67, 0x67, 0x59, 0x4D, 0x4D, 0x5D, 0xF6, 0xE8,
    0x6A, 0x55, 0x56, 0x70, 0xE9, 0xDB, 0xE2, 0x66, 0x58, 0x61, 0xE1, 0xCF, 0xCA, 0xCF, 0xD9, 0xDB,
    0xD7, 0xE4, 0x71, 0x5B, 0x5B, 0x67, 0x67, 0x5B, 0x5F, 0x7A, 0xDA, 0xD8, 0x68, 0x45, 0x3B, 0x3B,
    0x41, 0x49, 0x4D, 0x4D, 0x3A, 0x35, 0x3C, 0x5F, 0xC8, 0x51, 0x35, 0x2A, 0x31, 0x3F, 0x7E, 0x57,
    0x41, 0x37, 0x3E, 0x51, 0xE9, 0x60, 0x5B, 0x53, 0x4A, 0x3B, 0x3E, 0x5D, 0xCA, 0xDA, 0x57, 0x4C,
    0xF2, 0xD4, 0xCC, 0xEA, 0x65, 0x5B, 0x76, 0xE3, 0xE1, 0xFF, 0xF3, 0xDD, 0xE9, 0x67, 0x65, 0xEA,
    0xD3, 0xE9, 0x4E, 0x46, 0x56, 0x70, 0xFF, 0x59, 0x53, 0x54, 0x5B, 0x5B, 0x53, 0x58, 0x5B, 0x62,
    0x56, 0x4E, 0x5E, 0xDE, 0xD7, 0x6B, 0x4E, 0x5C, 0xDA, 0xCD, 0xCF, 0xD3, 0xD1, 0xCD, 0xD3, 0xD3,
    0xCE, 0xC9, 0xC5, 0xC9, 0xD5, 0xDB, 0xCD, 0xC4, 0xC1, 0xC2, 0xC5, 0xC5, 0xBE, 0xC5, 0x64, 0x49,
    0x78, 0xBF, 0xBA, 0xC1, 0xEB, 0x4D, 0x4E, 0xD9, 0xC0, 0xC5, 0xEC, 0x54, 0x56, 0x5B, 0x5C, 0x6F,
    0xEA, 0xD2, 0xD0, 0xFD, 0x53, 0x59, 0xF7, 0xD3, 0xCD, 0xD7, 0x76, 0xFE, 0xD5, 0xCA, 0xCE, 0xD3,
    0xCA, 0xC5, 0xCB, 0xDC, 0xE1, 0xCC, 0xC1, 0xC4, 0xCD, 0xD6, 0xD6, 0xC9, 0xC7, 0xCD, 0xDD, 0xDF,
    0xCE, 0xD1, 0xEE, 0x5C, 0x7C, 0xCF, 0xD1, 0x6A, 0x4A, 0x51, 0x6E, 0x78, 0x57, 0x4E, 0x4E, 0x58,
    0x53, 0x4C, 0x46, 0x4A, 0x5B, 0x67, 0x4F, 0x47, 0x45, 0x4B, 0x52, 0x53, 0x53, 0x5B, 0x67, 0x5E,
    0x5B, 0x5B, 0x5B, 0x67, 0x67, 0x67, 0x67, 0x75, 0xE7, 0xFC, 0x5D, 0x6A, 0xEE, 0xDC, 0xED, 0xFF,
    0xFF, 0xFF, 0x69, 0x59, 0x53, 0x5B, 0x6D, 0x6B, 0x5A, 0x4F, 0x52, 0x5B, 0x56, 0x4D, 0x49, 0x49,
    0x4D, 0x4D, 0x4A, 0x49, 0x4C, 0x4D, 0x49, 0x49, 0x4B, 0x58, 0x5B, 0x51, 0x4B, 0x4A, 0x4F, 0x53,
    0x53, 0x53, 0x5B, 0x6C, 0x6C, 0x67, 0x67, 0x67, 0xFF, 0x6D, 0x5B, 0x5E, 0x76, 0xE5, 0xD7, 0xDA,
    0xDD, 0xE7, 0xFF, 0x72, 0x67, 0x67, 0x67, 0x7B, 0xE7, 0xF4, 0xFF, 0xF2, 0xE7, 0xDB, 0xE0, 0xFC,
    0xFF, 0x6C, 0x5B, 0x50, 0x52, 0x5E, 0xFF, 0xE8, 0xE2, 0xD6, 0xD3, 0xD7, 0xDB, 0xDB, 0xE1, 0xE7,
    0xED, 0xFF, 0xE7, 0xE7, 0xD6, 0xCC, 0xC5, 0xC5, 0xC9, 0xC6, 0xC5, 0xC7, 0xC9, 0xC8, 0xC8, 0xCE,
    0xD7, 0xD5, 0xCD, 0xC7, 0xC5, 0xC0, 0xC0, 0xC2, 0xC9, 0xD8, 0xDD, 0xDF, 0xE6, 0xE7, 0xDE, 0xDB,
    0xD7, 0xDB, 0xD2, 0xCB, 0xCD, 0xD3, 0xD9, 0xEA, 0x5C, 0x4E, 0x55, 0x5B, 0x53, 0x56, 0x63, 0xE5,
    0xDB, 0xDB, 0xDB, 0xD6, 0xD3, 0xE4, 0x6B, 0x67, 0x67, 0x5C, 0x5B, 0x62, 0xFE, 0xE7, 0xDD, 0xD2,
    0xCB, 0xCD, 0xD3, 0xD9, 0xDC, 0xEE, 0x6A, 0x67, 0x67, 0x67, 0x67, 0x75, 0xDB, 0xD3, 0xD3, 0xD2,
    0xCD, 0xD3, 0xF6, 0x5D, 0x5A, 0x53, 0x4A, 0x4A, 0x55, 0x67, 0xFF, 0xFF, 0xE5, 0xD7, 0xDB, 0xEC,
    0x6D, 0x5B, 0x53, 0x4E, 0x53, 0x58, 0x5B, 0x67, 0x74, 0xE7, 0xE0, 0xDB, 0xEA, 0x6E, 0x67, 0x5B,
    0x5B, 0x53, 0x57, 0x64, 0xFF, 0xFF, 0x68, 0x6D, 0xFF, 0x67, 0x5F, 0x54, 0x5B, 0x5B, 0x5B, 0x56,
    0x63, 0x67, 0x5F, 0x54, 0x4D, 0x4D, 0x4D, 0x4D, 0x4D, 0x49, 0x4C, 0x4D, 0x53, 0x53, 0x4E, 0x53,
    0x53, 0x50, 0x47, 0x45, 0x49, 0x49, 0x49, 0x4B, 0x52, 0x5B, 0x5B, 0x5B, 0x5E, 0x67, 0x67, 0x5F,
    0x5B, 0x5D, 0x67, 0x7E, 0xF3, 0xE7, 0x5F, 0x45, 0x4F, 0xCA, 0xC1, 0xD4, 0x5D, 0x4E, 0x58, 0xD7,
    0xCD, 0xE5, 0x67, 0x5B, 0x4E, 0x49, 0x65, 0xCB, 0xC9, 0xDB, 0x6C, 0x5C, 0x6E, 0xEA, 0xDB, 0xE0,
    0xFD, 0x56, 0x4D, 0x5D, 0xDC, 0xCE, 0xCF, 0xE1, 0xFE, 0x6D, 0xE0, 0xD2, 0xCD, 0xD9, 0x5F, 0x53,
    0x5B, 0xDA, 0xC7, 0xC6, 0xCE, 0xE4, 0xFF, 0xED, 0xD3, 0xC6, 0xC1, 0xC7, 0xD4, 0xFA, 0xE3, 0xD6,
    0xCD, 0xCD, 0xCD, 0xD3, 0xD3, 0xD3, 0xCC, 0xC7, 0xC2, 0xC7, 0xD1, 0xDB, 0xDB, 0xE7, 0xED, 0xFF,
    0xFF, 0xF0, 0xD6, 0xCC, 0xC7, 0xC5, 0xC7, 0xCF, 0xDC, 0xEF, 0xFF, 0xFF, 0xFF, 0xFE, 0xE7, 0xDD,
    0xD3, 0xD3, 0xCE, 0xC9, 0xC9, 0xCA, 0xCF, 0xE1, 0xFF, 0x6E, 0x67, 0xF5, 0xE7, 0xDB, 0xDB, 0xD5,
    0xD2, 0xD0, 0xD3, 0xDE, 0xF6, 0x66, 0x5B, 0x65, 0xFF, 0xEE, 0xE7, 0x73, 0x5D, 0x5B, 0x5F, 0x7A,
    0xE7, 0xE7, 0x7E, 0x58, 0x4E, 0x4E, 0x57, 0x5B, 0x5B, 0x5B, 0x53, 0x4D, 0x52, 0x53, 0x53, 0x53,
    0x53, 0x59, 0x67, 0x6E, 0x6A, 0x58, 0x49, 0x45, 0x4B, 0x57, 0x5B, 0x5B, 0x55, 0x53, 0x58, 0x67,
    0xF4, 0xE7, 0x78, 0x54, 0x4A, 0x4E, 0x53, 0x53, 0x53, 0x53, 0x5B, 0x5B, 0x65, 0x6B, 0x6D, 0x5B,
    0x50, 0x4D, 0x4D, 0x4D, 0x4A, 0x49, 0x4C, 0x4E, 0x53, 0x5A, 0x5D, 0x5F, 0x54, 0x4D, 0x4D, 0x4D,
    0x4D, 0x4D, 0x4E, 0x53, 0x53, 0x53, 0x59, 0x65, 0x5B, 0x5B, 0x5B, 0x5B, 0x5B, 0x53, 0x59, 0x5B,
    0x5B, 0x65, 0x6B, 0xFF, 0x67, 0x5B, 0x5B, 0x69, 0xEF, 0xFC, 0xFF, 0xFF, 0xE7, 0xDF, 0x45, 0x37,
    0xD9, 0xAD, 0xBB, 0x33, 0x29, 0xDE, 0xAA, 0xB7, 0x3F, 0x3E, 0x7E, 0xDB, 0xCD, 0xC7, 0xEB, 0x3F,
    0x3F, 0xCA, 0xB5, 0xCB, 0x42, 0x66, 0xC7, 0xDF, 0x58, 0xC9, 0xC2, 0x66, 0x45, 0xCF, 0xB7, 0xCB,
    0x48, 0x6B, 0xBB, 0xBD, 0xEF, 0x60, 0xDD, 0xE1, 0xDB, 0xBE, 0xBC, 0xE2, 0x4D, 0xCB, 0xB7, 0xC8,
    0x55, 0xF2, 0xC8, 0xCC, 0xDB, 0xCE, 0xC6, 0xD9, 0x58, 0xDE, 0xBC, 0xBE, 0x68, 0x50, 0xE8, 0xD0,
    0xCD, 0xCE, 0xE7, 0x69, 0xDD, 0xC6, 0xC6, 0xE1, 0x5D, 0xF0, 0xD8, 0x6B, 0x71, 0xD9, 0xD5, 0x5D,
    0x5A, 0xCF, 0xC3, 0xC9, 0xE6, 0x67, 0xFB, 0xD4, 0xD2, 0x6D, 0x4F, 0x5B, 0xDE, 0xCF, 0xD4, 0xDF,
    0xE7, 0xDB, 0xE1, 0xE7, 0xD8, 0xD3, 0xED, 0x53, 0x59, 0xEF, 0xDB, 0x7E, 0x5B, 0x63, 0xD9, 0xD0,
    0xE4, 0x5F, 0x53, 0x68, 0xFF, 0x58, 0x49, 0x48, 0x52, 0x5B, 0x5B, 0x69, 0xE7, 0xF9, 0x58, 0x4D,
    0x4A, 0x49, 0x4C, 0x55, 0x60, 0x4F, 0x45, 0x4F, 0xDC, 0xE3, 0x4F, 0x43, 0x57, 0xEC, 0x5B, 0x47,
    0x4D, 0x63, 0x59, 0x54, 0x67, 0xE9, 0x66, 0x4B, 0x4A, 0x78, 0xF8, 0x52, 0x4B, 0x59, 0x5E, 0x74,
    0xE6, 0xDB, 0x71, 0x53, 0x58, 0x66, 0x56, 0x4B, 0x4E, 0xF3, 0xDB, 0x78, 0x67, 0x7D, 0xFF, 0x6B,
    0x67, 0x67, 0x67, 0x59, 0x53, 0x5B, 0x76, 0xE7, 0xE7, 0xE7, 0xDC, 0xDD, 0xF3, 0x67, 0x61, 0x5B,
    0x5E, 0xEF, 0xE7, 0xDE, 0xE7, 0xDB, 0xD8, 0xDA, 0xE7, 0xDF, 0xD4, 0xD6, 0xED, 0x66, 0x5F, 0x79,
    0xE4, 0xD7, 0xD3, 0xD3, 0xD3, 0xD3, 0xD7, 0xDB, 0x77, 0x67, 0x7E, 0xE1, 0xDB, 0xE7, 0xEF, 0xFF,
    0xFF, 0xED, 0xDB, 0xCC, 0xCC, 0xD4, 0xE0, 0xFC, 0x63, 0x5B, 0x68, 0xEA, 0xD5, 0xCE, 0xD8, 0xDB,
    0xDE, 0xE7, 0xE8, 0xF1, 0xE7, 0xE4, 0xE0, 0xE7, 0xE7, 0xDE, 0xE7, 0xEF, 0xEA, 0xE4, 0xD7, 0xDB,
    0xED, 0xFF, 0xFF, 0xEF, 0xE7, 0xE3, 0xDB, 0xDB, 0xE7, 0xF7, 0xFF, 0x6F, 0x67, 0x67, 0x73, 0xFF,
    0xFF, 0xFF, 0xFF, 0xFF, 0xFF, 0x67, 0x67, 0x5B, 0x5B, 0x5B, 0x5B, 0x60, 0x67, 0xFF, 0xFF, 0x7C,
    0x67, 0x67, 0x64, 0x57, 0x53, 0x5E, 0x67, 0x67, 0x67, 0x67, 0xF8, 0xE7, 0xFF, 0x73, 0x5D, 0x53,
    0x53, 0x5A, 0x67, 0x67, 0x67, 0x67, 0x77, 0xFF, 0xEF, 0xE7, 0xEC, 0x6C, 0x5B, 0x53, 0x53, 0x5D,
    0x70, 0xE8, 0xE7, 0xF5, 0x7D, 0x67, 0x67, 0xFF, 0xEE, 0xFD, 0x74, 0x67, 0x67, 0x6E, 0xFF, 0xE7,
    0xE7, 0xE7, 0x73, 0x67, 0x67, 0x6F, 0xFF, 0xFF, 0xFF, 0xFF, 0xE7, 0xDD, 0xD3, 0xD7, 0xE6, 0x63,
    0x56, 0x53, 0x5F, 0x78, 0xE5, 0xDB, 0xDB, 0xEC, 0xFF, 0xFD, 0xE7, 0xE7, 0xE7, 0x7A, 0x5C, 0x53,
    0x59, 0x68, 0xF0, 0xD6, 0xD3, 0xD3, 0xE6, 0x73, 0x67, 0x67, 0x6F, 0xFF, 0xFF, 0x6D, 0x67, 0x6D,
    0xDF, 0xD3, 0xD3, 0xDA, 0xDD, 0xE7, 0xFF, 0xFF, 0xFF, 0xFF, 0xEF, 0xDC, 0xD9, 0xD9, 0xDB, 0xDB,
    0xDB, 0xDB, 0xE0, 0xE7, 0xF5, 0xE7, 0xDB, 0xDB, 0xDB, 0xDB, 0xDB, 0xDB, 0xDB, 0xDB, 0xDC, 0xE7,
    0xFA, 0xFF, 0xFF, 0xE7, 0xDB, 0xDB, 0xDB, 0xDB, 0xDB, 0xEB, 0x6D, 0x67, 0xFF, 0xFF, 0xFF, 0xFF,
    0xFF, 0xFF, 0xFF, 0xFF, 0xFF, 0xEB, 0xE7, 0xF0, 0xFF, 0x62, 0x56, 0x54, 0x5B, 0x64, 0xE4, 0xDB,
    0xE6, 0x62, 0x56, 0x5B, 0x5F, 0x67, 0xFF, 0xFF, 0x67, 0x58, 0x53, 0x53, 0x57, 0x65, 0xFF, 0xFF,
    0xFF, 0x61, 0x5B, 0x5B, 0x5B, 0x5B, 0x67, 0x67, 0x67, 0x5B, 0x5B, 0x53, 0x53, 0x5B, 0x67, 0x67,
    0x67, 0x67, 0x67, 0x67, 0x67, 0x67, 0x67, 0x5E, 0x5B, 0x5B, 0x5B, 0x67, 0x67, 0x67, 0x5B, 0x5B,
    0x67, 0x6F, 0xFF, 0xFF, 0x6D, 0x5B, 0x5B, 0x5B, 0x5C, 0x67, 0x67, 0x5B, 0x5B, 0x5B, 0x67, 0x77,
    0x7A, 0x67, 0x5C, 0x53, 0x59, 0x68, 0xFF, 0xFF, 0x79, 0x5F, 0x54, 0x56, 0x5B, 0x67, 0x67, 0x67,
    0x64, 0x5B, 0x66, 0xF4, 0xE7, 0xE9, 0xFF, 0x69, 0x67, 0x5E, 0x67, 0x67, 0x67, 0x65, 0x5B, 0x65,
    0xF7, 0xDE, 0xD3, 0xDB, 0xE3, 0x7A, 0x67, 0x67, 0xFF, 0xFF, 0xFF, 0xFF, 0xFF, 0xFA, 0xDF, 0xDB,
    0xDB, 0xDB, 0xE7, 0xEE, 0x6A, 0x67, 0x71, 0xE8, 0xDB, 0xDB, 0xDB, 0xDB, 0xDB, 0xDB, 0xDB, 0xD4,
    0xD6, 0xDB, 0xE9, 0xFF, 0xFF, 0xE3, 0xD6, 0xD3, 0xCD, 0xCD, 0xCE, 0xD3, 0xDA, 0xDB, 0xDB, 0xDB,
    0xDB, 0xDB, 0xDB, 0xD7, 0xD3, 0xD6, 0xDB, 0xDB, 0xD8, 0xD3, 0xDB, 0xDB, 0xDB, 0xDE, 0xE7, 0xE7,
    0xE7, 0xE7, 0xE7, 0xE7, 0xFE, 0xFF, 0xEC, 0xE7, 0xE0, 0xDB, 0xDD, 0xE7, 0xE7, 0xED, 0xFF, 0xFF,
    0x6F, 0x5C, 0x5D, 0x67, 0xFF, 0xE7, 0xDD, 0xDA, 0xD3, 0xDB, 0xDE, 0xF4, 0x67, 0x60, 0x5B, 0x5B,
    0x60, 0x7C, 0xE7, 0xDE, 0xDB, 0xD3, 0xDA, 0xDD, 0xF1, 0xFF, 0x62, 0x56, 0x54, 0x5F, 0x67, 0xFF,
    0xEE, 0xE7, 0xE7, 0xE7, 0xFF, 0x6F, 0x67, 0x5B, 0x5B, 0x5B, 0x5B, 0x63, 0x69, 0xFF, 0x69, 0x67,
    0x5E, 0x5B, 0x53, 0x53, 0x53, 0x58, 0x5B, 0x6C, 0xEC, 0xE8, 0x71, 0x5D, 0x53, 0x53, 0x5B, 0x5B,
    0x56, 0x53, 0x53, 0x5A, 0x5F, 0xEE, 0xE7, 0xED, 0x6B, 0x5A, 0x4F, 0x4D, 0x55, 0x5B, 0x5B, 0x58,
    0x53, 0x55, 0x6F, 0xFF, 0x6F, 0x5B, 0x53, 0x56, 0x5B, 0x53, 0x53, 0x5B, 0x5E, 0x5E, 0x5B, 0x53,
    0x5A, 0x5D, 0x67, 0x7C, 0x75, 0x5E, 0x5B, 0x5F, 0x79, 0xE7, 0xF2, 0x68, 0x59, 0x59, 0x67, 0x6F,
    0xFF, 0xE7, 0xE7, 0xE7, 0xED, 0x6B, 0x5B, 0x5B, 0x65, 0xE3, 0xDB, 0xDB, 0xED, 0x6B, 0xFF, 0xEF,
    0xE7, 0xEC, 0xFF, 0xFF, 0xFF, 0x6A, 0x5A, 0x53, 0x65, 0xDF, 0xCF, 0xCE, 0xDF, 0x6D, 0x5B, 0x5B,
    0x66, 0xFF, 0xFF, 0xFF, 0xF0, 0xDD, 0xDB, 0xDB, 0xE7, 0xE2, 0xDB, 0xD4, 0xDF, 0xE7, 0xE7, 0xE7,
    0xDB, 0xDB, 0xD5, 0xCD, 0xC9, 0xC6, 0xCC, 0xD9, 0xFE, 0xE1, 0xD5, 0xD1, 0xC9, 0xC9, 0xCD, 0xCD,
    0xC9, 0xC9, 0xC9, 0xCE, 0xDC, 0xFD, 0xFF, 0xE1, 0xD3, 0xCC, 0xC6, 0xC1, 0xC1, 0xC5, 0xCC, 0xD9,
    0xE7, 0xEF, 0xFF, 0xFF, 0xFF, 0xE7, 0xD8, 0xCB, 0xC9, 0xC3, 0xC5, 0xC6, 0xCC, 0xDC, 0x6A, 0x55,
    0x4D, 0x54, 0x79, 0xD5, 0xC7, 0xC1, 0xC3, 0xC9, 0xD5, 0xE9, 0x68, 0x62, 0x5B, 0x5B, 0x5F, 0x79,
    0xE7, 0xDF, 0xD4, 0xD3, 0xD3, 0xDC, 0xE7, 0xFA, 0x59, 0x4F, 0x49, 0x4B, 0x57, 0xFB, 0xDF, 0xD4,
    0xD5, 0xEB, 0x5B, 0x50, 0x4D, 0x4D, 0x4D, 0x52, 0x6B, 0xFF, 0xFF, 0x71, 0x5D, 0x5B, 0x57, 0x53,
    0x56, 0x5B, 0x5B, 0x50, 0x4D, 0x55, 0x60, 0x7D, 0xF5, 0xE7, 0xE7, 0xEF, 0x5E, 0x53, 0x53, 0x53,
    0x53, 0x53, 0x5C, 0x7E, 0xDC, 0xDB, 0xE1, 0xE7, 0xFF, 0x6B, 0x5B, 0x5B, 0x5B, 0x5B, 0x61, 0x67,
    0xFF, 0xEB, 0xEA, 0x6E, 0x5C, 0x51, 0x4B, 0x49, 0x4D, 0x5A, 0x67, 0x5F, 0x5B, 0x53, 0x53, 0x53,
    0x57, 0x55, 0x4D, 0x47, 0x42, 0x41, 0x47, 0x55, 0x7D, 0xE7, 0xEB, 0x6D, 0x53, 0x42, 0x3D, 0x3B,
    0x3E, 0x4C, 0x77, 0xD1, 0xC9, 0xCB, 0xDE, 0x59, 0x49, 0x45, 0x4B, 0x4D, 0x54, 0x64, 0xEB, 0xDA,
    0xCF, 0xCD, 0xCB, 0xD1, 0xE9, 0x5C, 0x4B, 0x49, 0x4C, 0x5B, 0xE7, 0xCF, 0xC9, 0xC9, 0xCD, 0xD5,
    0xEA, 0x5C, 0x4C, 0x46, 0x4A, 0x53, 0x76, 0xCF, 0xC7, 0xC1, 0xC7, 0xD6, 0x60, 0x4B, 0x49, 0x55,
    0x61, 0xE7, 0xD5, 0xC7, 0xC5, 0xC8, 0xD2, 0xD3, 0xD9, 0xDC, 0xE7, 0xF9, 0xF9, 0xDF, 0xD4, 0xCC,
    0xC7, 0xC5, 0xC7, 0xC9, 0xCE, 0xD8, 0xE7, 0x67, 0x67, 0xF8, 0xD4, 0xC7, 0xC0, 0xC0, 0xC9, 0xD9,
    0x6F, 0x5B, 0x5F, 0x7B, 0xE3, 0xD1, 0xCD, 0xD2, 0xE4, 0xE7, 0xDF, 0xDB, 0xEC, 0xFF, 0x67, 0x67,
    0x67, 0x6A, 0xEE, 0xD4, 0xCC, 0xC9, 0xCE, 0xDB, 0x6D, 0x52, 0x4D, 0x5B, 0xEC, 0xD0, 0xC9, 0xC7,
    0xC9, 0xCE, 0xD8, 0xE7, 0xE7, 0xE7, 0xE7, 0xEF, 0x69, 0x6B, 0xED, 0xD3, 0xC9, 0xCC, 0xD6, 0x7D,
    0x5C, 0x53, 0x53, 0x54, 0x58, 0x53, 0x5D, 0xFC, 0xDC, 0xDE, 0x73, 0x5B, 0x50, 0x4A, 0x49, 0x4A,
    0x4D, 0x5E, 0x75, 0xFC, 0xFD, 0x67, 0x5A, 0x4F, 0x4D, 0x56, 0x5B, 0xFF, 0xFF, 0x69, 0x59, 0x53,
    0x53, 0x5E, 0xEF, 0xDB, 0xDF, 0x6B, 0x4F, 0x44, 0x41, 0x4A, 0x60, 0xDA, 0xD3, 0xE5, 0x57, 0x48,
    0x42, 0x49, 0x58, 0xF9, 0xE7, 0xFD, 0x4F, 0x44, 0x3F, 0x43, 0x4F, 0x6A, 0xFF, 0x68, 0x56, 0x48,
    0x45, 0x45, 0x4C, 0x55, 0x61, 0x67, 0x55, 0x47, 0x41, 0x43, 0x4C, 0x5F, 0xED, 0xDB, 0xEE, 0x5F,
    0x4D, 0x4D, 0x53, 0x6C, 0xED, 0xE7, 0xE7, 0x6E, 0x58, 0x4D, 0x53, 0x72, 0xDE, 0xDB, 0xDF, 0xF9,
    0x58, 0x4B, 0x49, 0x59, 0x75, 0xE7, 0xE7, 0xFA, 0x59, 0x4F, 0x49, 0x51, 0x63, 0xE5, 0xDB, 0xE5,
    0xEB, 0x6D, 0x53, 0x56, 0x63, 0xE5, 0xD7, 0xDB, 0xEC, 0xFF, 0x67, 0x6E, 0xDF, 0xC8, 0xC1, 0xC5,
    0xD0, 0xED, 0xFF, 0xF1, 0xDD, 0xD8, 0xCD, 0xCD, 0xCF, 0xD3, 0xCD, 0xC8, 0xC2, 0xC2, 0xCA, 0xDB,
    0x6C, 0x5B, 0x6A, 0xDC, 0xCB, 0xC5, 0xCA, 0xD3, 0xE7, 0xF7, 0xE5, 0xD7, 0xCE, 0xD5, 0xEC, 0x53,
    0x4F, 0x60, 0xD9, 0xCB, 0xC9, 0xCC, 0xDE, 0x66, 0x5B, 0x64, 0xF9, 0xE7, 0xDC, 0xD1, 0xCB, 0xC9,
    0xC9, 0xCD, 0xDD, 0xF2, 0x68, 0x6C, 0xE0, 0xD3, 0xCD, 0xD2, 0xD3, 0xD3, 0xCD, 0xC8, 0xC2, 0xC6,
    0xD3, 0x5F, 0x4B, 0x48, 0x54, 0xE4, 0xCB, 0xC5, 0xCA, 0xD3, 0xEC, 0xFF, 0xFE, 0xE7, 0xF8, 0x64,
    0x57, 0x53, 0x5B, 0x6D, 0xE6, 0xD8, 0xD3, 0xDD, 0xF1, 0xFF, 0xFF, 0xEC, 0xE9, 0xFF, 0xFF, 0xE7,
    0xDF, 0xDB, 0xD6, 0xDB, 0xE9, 0xFF, 0x69, 0xF7, 0xDE, 0xD3, 0xD3, 0xD9, 0xE9, 0xFF, 0xFF, 0xE3,
    0xDB, 0xDC, 0xF9, 0x5D, 0x4D, 0x50, 0x5B, 0xF5, 0xE7, 0xE9, 0x60, 0x4F, 0x49, 0x4C, 0x53, 0x53,
    0x53, 0x4D, 0x48, 0x45, 0x4A, 0x50, 0x5B, 0x58, 0x53, 0x4D, 0x4D, 0x4D, 0x53, 0x58, 0x5B, 0x50,
    0x4D, 0x4D, 0x53, 0x5B, 0x67, 0x67, 0x67, 0x67, 0x67, 0x5B, 0x60, 0x7C, 0x75, 0x5E, 0x5B, 0x5F,
    0x67, 0x5A, 0x53, 0x65, 0xFF, 0x6C, 0x5B, 0x5F, 0x79, 0xEA, 0x64, 0x5B, 0x5B, 0x56, 0x4D, 0x4F,
    0x62, 0xFF, 0x6D, 0x5B, 0x4D, 0x4D, 0x4D, 0x4F, 0x5A, 0xF7, 0xDE, 0xDB, 0xE7, 0xE7, 0x65, 0x53,
    0x46, 0x45, 0x4B, 0x5C, 0xDD, 0xCE, 0xCD, 0xD4, 0xE6, 0xFF, 0x6C, 0x68, 0xE9, 0xD5, 0xD6, 0xF1,
    0x5C, 0x5B, 0x62, 0xF7, 0xCA, 0xBD, 0xBB, 0xC1, 0xE5, 0x48, 0x3A, 0x39, 0x49, 0xCD, 0xB9, 0xB2,
    0xB8, 0xCF, 0x53, 0x41, 0x41, 0x51, 0xDB, 0xC4, 0xC2, 0xD2, 0x74, 0x5D, 0xED, 0xCA, 0xBD, 0xBA,
    0xC2, 0x7A, 0x44, 0x3B, 0x40, 0x73, 0xBF, 0xB2, 0xAF, 0xB8, 0xCD, 0x56, 0x47, 0x4D, 0xF3, 0xC9,
    0xC1, 0xC3, 0xCC, 0xD5, 0xDB, 0xCE, 0xC8, 0xC5, 0xCF, 0x7E, 0x5C, 0x5B, 0x6B, 0xD3, 0xC1, 0xB9,
    0xBB, 0xC4, 0xE1, 0x4E, 0x43, 0x42, 0x59, 0xD2, 0xC0, 0xBC, 0xBE, 0xC9, 0xDE, 0x7C, 0x6E, 0xFF,
    0xFF, 0x6E, 0x5C, 0x5B, 0x5B, 0xF6, 0xCE, 0xC3, 0xBF, 0xC4, 0xD3, 0x66, 0x49, 0x3E, 0x41, 0x57,
    0xD7, 0xC8, 0xC5, 0xC9, 0xDE, 0x63, 0x4F, 0x4D, 0x55, 0x5B, 0x5B, 0x58, 0x5A, 0x6C, 0xD6, 0xCA,
    0xCB, 0xDC, 0x59, 0x40, 0x3B, 0x3E, 0x4C, 0x65, 0xE2, 0xD6, 0xD4, 0xDF, 0xFA, 0x67, 0x5F, 0x53,
    0x4B, 0x42, 0x42, 0x47, 0x4D, 0x55, 0x6B, 0xE7, 0xD8, 0xD9, 0xEB, 0x5B, 0x4A, 0x40, 0x3E, 0x41,
    0x47, 0x50, 0x55, 0x5B, 0x54, 0x53, 0x53, 0x5B, 0x5B, 0x5B, 0x52, 0x49, 0x42, 0x43, 0x48, 0x54,
    0x6E, 0xFF, 0x64, 0x52, 0x4A, 0x49, 0x4C, 0x5B, 0x5F, 0x5C, 0x5B, 0x5B, 0x5B, 0x5E, 0x76, 0xE7,
    0xEF, 0xFF, 0x59, 0x53, 0x53, 0x5E, 0x77, 0xFF, 0xFF, 0xFF, 0xF6, 0xDE, 0xD3, 0xDA, 0x6E, 0x51,
    0x49, 0x49, 0x58, 0xF3, 0xD4, 0xDF, 0xF9, 0x67, 0x71, 0xFF, 0xFF, 0xFF, 0x66, 0x58, 0x4B, 0x4A,
    0x55, 0x67, 0xFF, 0xFF, 0xE7, 0xE7, 0xFB, 0x77, 0x67, 0x67, 0x5B, 0x5B, 0x69, 0xEF, 0xDC, 0xDE,
    0xF4, 0xFF, 0xFF, 0xFF, 0xE7, 0xDF, 0xD4, 0xD3, 0xD9, 0xE7, 0xE0, 0xDB, 0xDB, 0xDB, 0xE6, 0xEC,
    0xFF, 0xFC, 0xE0, 0xD5, 0xC9, 0xC9, 0xC9, 0xCF, 0xD9, 0xE7, 0xEF, 0xFF, 0xFF, 0xED, 0xE7, 0xE1,
    0xD5, 0xCD, 0xCD, 0xCD, 0xCE, 0xD8, 0xDC, 0xE7, 0xE7, 0xE5, 0xDB, 0xDB, 0xE7, 0xDE, 0xD3, 0xCC,
    0xC9, 0xC9, 0xCC, 0xDA, 0xEC, 0xFF, 0xDB, 0xCE, 0xC9, 0xCA, 0xD0, 0xD3, 0xD6, 0xDB, 0xDB, 0xD3,
    0xD3, 0xDB, 0xE1, 0xDB, 0xD8, 0xD3, 0xCD, 0xCF, 0xDA, 0xEB, 0xFF, 0xFF, 0xFF, 0xFF, 0x7A, 0x67,
    0x67, 0x6B, 0xED, 0xDB, 0xDF, 0xF8, 0x64, 0x5B, 0x5B, 0x5E, 0x74, 0xFF, 0x71, 0x56, 0x4D, 0x50,
    0x5B, 0x6C, 0xEC, 0xE7, 0xEF, 0x6A, 0x5B, 0x5B, 0x67, 0x67, 0x67, 0x5B, 0x5B, 0x5B, 0x6B, 0xFF,
    0xFF, 0xE7, 0xE7, 0x7A, 0x67, 0x67, 0x5B, 0x5B, 0x4D, 0x4D, 0x52, 0x6A, 0xEF, 0xE7, 0xEC, 0x6C,
    0x52, 0x49, 0x49, 0x55, 0x60, 0x67, 0x62, 0x5B, 0x53, 0x4C, 0x4D, 0x57, 0x71, 0xFF, 0x5E, 0x4C,
    0x45, 0x47, 0x4D, 0x57, 0x72, 0xE7, 0x73, 0x57, 0x4D, 0x4D, 0x52, 0x53, 0x58, 0x5B, 0x67, 0x5D,
    0x5B, 0x5F, 0x67, 0xFF, 0x6C, 0x67, 0x67, 0x67, 0x5A, 0x53, 0x53, 0x56, 0x6D, 0xE6, 0xDF, 0xF9,
    0x64, 0x57, 0x53, 0x56, 0x62, 0xFF, 0xFF, 0x69, 0x5B, 0x5B, 0x5B, 0x5B, 0x63, 0xFB, 0xE7, 0xE7,
    0x77, 0x5E, 0x5B, 0x5B, 0x63, 0xE5, 0xD7, 0xD3, 0xDE, 0xF4, 0x67, 0x67, 0x67, 0xE5, 0xD7, 0xCE,
    0xD6, 0xE2, 0xE7, 0xE7, 0xE7, 0xDB, 0xDB, 0xDB, 0xDB, 0xE2, 0xE7, 0xE7, 0xDD, 0xDB, 0xD7, 0xD3,
    0xD3, 0xD9, 0xDC, 0xEF, 0x69, 0x6B, 0xFF, 0xE7, 0xD8, 0xD3, 0xDB, 0xDF, 0xE7, 0xE7, 0xDE, 0xDB,
    0xD7, 0xDB, 0xE7, 0xF0, 0xFF, 0xFF, 0xE2, 0xD3, 0xCC, 0xC9, 0xCA, 0xD0, 0xDB, 0xEC, 0xEC, 0xD3,
    0xCC, 0xC9, 0xCE, 0xD3, 0xDB, 0xE7, 0xDE, 0xCD, 0xC4, 0xC5, 0xCB, 0xD8, 0xE7, 0xFF, 0xFF, 0xE5,
    0xD7, 0xCE, 0xD5, 0xE1, 0xE7, 0xE7, 0xE7, 0xE7, 0xE7, 0xE7, 0xFF, 0x6C, 0x66, 0x5B, 0x5B, 0x5D,
    0x70, 0xE8, 0xDB, 0xDB, 0xE8, 0x70, 0x5D, 0x5B, 0x60, 0x7D, 0xE2, 0xDB, 0xE9, 0x70, 0x67, 0xF8,
    0xDF, 0xD4, 0xD3, 0xD9, 0xEB, 0x5F, 0x5B, 0x6B, 0xED, 0xDB, 0xDE, 0xF7, 0x65, 0x5B, 0x5B, 0x6B,
    0xFF, 0xE8, 0x72, 0x5D, 0x53, 0x53, 0x53, 0x5B, 0x5B, 0x5B, 0x5B, 0x55, 0x53, 0x53, 0x5B, 0x5B,
    0x5B, 0x5B, 0x5B, 0x5B, 0x5B, 0x5B, 0x5B, 0x5B, 0x55, 0x5B, 0x5F, 0x7A, 0xFF, 0xED, 0xFF, 0x61,
    0x5B, 0x67, 0x6F, 0xE9, 0xE3, 0xDB, 0xE7, 0xEE, 0xFF, 0xFF, 0xEF, 0xDC, 0xDB, 0xE2, 0x7D, 0x60,
    0x64, 0xF9, 0xE7, 0xE7, 0xDB, 0xE2, 0x7A, 0x58, 0x4E, 0x55, 0x5B, 0x5B, 0x53, 0x59, 0x67, 0x5F,
    0x54, 0x53, 0x53, 0x5B, 0x53, 0x53, 0x53, 0x53, 0x53, 0x4E, 0x58, 0x67, 0xE7, 0xF7, 0x7A, 0x67,
    0x67, 0x59, 0x53, 0x54, 0x79, 0xD7, 0xD5, 0xDB, 0xE6, 0xE7, 0xF5, 0xFF, 0xF1, 0xDD, 0xDB, 0xE0,
    0x69, 0x6C, 0xFF, 0xE6, 0xDB, 0xDB, 0xDB, 0xDB, 0xE7, 0xFF, 0xFF, 0xFF, 0xFF, 0xFF, 0x67, 0x72,
    0xE7, 0xED, 0x6B, 0x67, 0x67, 0x7B, 0xF6, 0xE7, 0xE7, 0xE7, 0xF8, 0xFF, 0xFF, 0xE9, 0xE7, 0xF4,
    0x7D, 0x6E, 0xFF, 0xE4, 0xD7, 0xD3, 0xD3, 0xD3, 0xD3, 0xD3, 0xD3, 0xD3, 0xD3, 0xD3, 0xD6, 0xE3,
    0xE7, 0xE0, 0xD5, 0xD3, 0xD3, 0xD3, 0xD3, 0xD9, 0xDC, 0xE7, 0xE7, 0xE3, 0xDB, 0xE7, 0xE7, 0xF8,
    0x65, 0x5B, 0x5B, 0x5E, 0x74, 0xE7, 0xE1, 0xDB, 0xDB, 0xE0, 0xE7, 0xFF, 0xFF, 0xFD, 0xEE, 0x6A,
    0x5A, 0x53, 0x5B, 0xF4, 0xDE, 0xCD, 0xC4, 0xC1, 0xD1, 0x78, 0x5B, 0x5E, 0x67, 0x5B, 0x5F, 0x7A,
    0xFF, 0xFF, 0xFF, 0xE1, 0xD5, 0xD3, 0xD8, 0xF8, 0x59, 0x4F, 0x4D, 0x49, 0x49, 0x4F, 0x73, 0xDC,
    0xDE, 0xF5, 0x67, 0x60, 0x55, 0x4D, 0x50, 0x5B, 0x67, 0x5E, 0x53, 0x53, 0x53, 0x5B, 0x61, 0xE8,
    0xDB, 0xE3, 0x64, 0x4F, 0x4D, 0x5F, 0xED, 0xDB, 0xDB, 0xEF, 0x63, 0x4F, 0x4D, 0x58, 0xF6, 0xDB,
    0xD7, 0xE4, 0x65, 0x5B, 0x66, 0x67, 0x67, 0x67, 0x60, 0x4F, 0x49, 0x48, 0x4D, 0x5E, 0x75, 0xFF,
    0x70, 0x67, 0x52, 0x4D, 0x4A, 0x49, 0x49, 0x4E, 0x57, 0x5B, 0x5B, 0x5B, 0x5B, 0x67, 0x67, 0x69,
    0xEF, 0xFB, 0x5F, 0x4F, 0x4D, 0x5A, 0x77, 0xE5, 0xDB, 0xDB, 0xEC, 0x6C, 0x66, 0x5F, 0x78, 0xE4,
    0xDB, 0xDB, 0xEC, 0xFF, 0x67, 0x6E, 0xFF, 0xF9, 0xE7, 0xFD, 0x5E, 0x53, 0x54, 0x5F, 0x7A, 0xE7,
    0xDF, 0xE7, 0x73, 0x5D, 0x53, 0x53, 0x53, 0x5B, 0x5B, 0x67, 0x6D, 0xEB, 0xE5, 0xDB, 0xE6, 0xFF,
    0x6D, 0xFF, 0xFF, 0xFF, 0xEA, 0xFF, 0xFF, 0xE2, 0xD6, 0xCD, 0xCD, 0xCD, 0xD3, 0xD3, 0xD3, 0xD1,
    0xCD, 0xD3, 0xD7, 0xDB, 0xDB, 0xD7, 0xD3, 0xCF, 0xD3, 0xDC, 0xE7, 0xE7, 0xDB, 0xDB, 0xDB, 0xE7,
    0xF7, 0xFF, 0xFF, 0xFF, 0xFF, 0x6D, 0x67, 0xFF, 0xFF, 0xE7, 0xE7, 0xFC, 0x75, 0x5E, 0x5C, 0x6E,
    0xFF, 0xE7, 0xE7, 0xE7, 0xE7, 0xF5, 0xFF, 0xF1, 0xDD, 0xD3, 0xD3, 0xDB, 0xDB, 0xDB, 0xE7, 0xE7,
    0xE7, 0xDA, 0xCF, 0xCD, 0xCF, 0xD9, 0xE9, 0xFF, 0xE9, 0xD7, 0xCB, 0xC9, 0xD2, 0xF0, 0x5B, 0x5F,
    0xEA, 0xD1, 0xCD, 0xCE, 0xDF, 0x6E, 0x5B, 0x5B, 0x66, 0xF5, 0xE7, 0xDC, 0xE7, 0xF9, 0x5A, 0x53,
    0x53, 0x5E, 0xF2, 0xDB, 0xDB, 0xF5, 0x5A, 0x4F, 0x53, 0x62, 0xE0, 0xD2, 0xCF, 0xE3, 0x5F, 0x4F,
    0x4D, 0x5E, 0x77, 0xE7, 0xE7, 0xE7, 0xFF, 0xFF, 0xFE, 0xE7, 0xDD, 0xDB, 0xE0, 0x6A, 0x59, 0x4C,
    0x49, 0x49, 0x4D, 0x5E, 0xE5, 0xD4, 0xDE, 0x72, 0x5A, 0x4C, 0x49, 0x4A, 0x4D, 0x53, 0x51, 0x51,
    0x54, 0x5F, 0x67, 0xFF, 0xFF, 0x67, 0x58, 0x4E, 0x4D, 0x4D, 0x4D, 0x55, 0x61, 0xFE, 0xE1, 0xD5,
    0xCE, 0xD8, 0x6C, 0x4C, 0x47, 0x4A, 0x5D, 0xDF, 0xCD, 0xCC, 0xD3, 0xE7, 0xE7, 0xFF, 0xFF, 0xEA,
    0xD0, 0xCC, 0xE5, 0x4D, 0x45, 0x4E, 0xF2, 0xCB, 0xC1, 0xC6, 0xDB, 0x4C, 0x3F, 0x43, 0x67, 0xCF,
    0xCA, 0xD5, 0x5B, 0x48, 0x4B, 0x5F, 0xDB, 0xD3, 0xE0, 0x62, 0x4D, 0x4B, 0x58, 0xEF, 0xCF, 0xD3,
    0xE1, 0x6C, 0x67, 0x6E, 0xEA, 0xDB, 0xDB, 0xE6, 0xEC, 0xEC, 0xDB, 0xD0, 0xCD, 0xD5, 0xEA, 0x67,
    0x6D, 0xEC, 0xDB, 0xD3, 0xD3, 0xDD, 0x77, 0x67, 0x6D, 0xEB, 0xDB, 0xDB, 0xDB, 0xF0, 0x67, 0x67,
    0x78, 0xDD, 0xCD, 0xD0, 0xE4, 0x5F, 0x4F, 0x54, 0x5F, 0xEE, 0xE4, 0xE0, 0xE7, 0xE7, 0xDE, 0xD3,
    0xD0, 0xD2, 0xD7, 0xF2, 0x68, 0x67, 0x76, 0xFC, 0xE0, 0xDB, 0xDA, 0xCF, 0xC9, 0xC9, 0xCC, 0xDC,
    0xFF, 0x67, 0x6B, 0xFF, 0xFF, 0xF2, 0xD1, 0xC5, 0xCA, 0xE3, 0xFF, 0xED, 0xE7, 0xE1, 0xDB, 0xEF,
    0x52, 0x46, 0x4D, 0xFD, 0xCD, 0xC9, 0xD0, 0xF2, 0x52, 0x4A, 0x59, 0xF2, 0xDB, 0xD7, 0xE5, 0x63,
    0x5B, 0x67, 0xE2, 0xD5, 0xD3, 0xD3, 0xE3, 0x63, 0x5B, 0x67, 0xE1, 0xDB, 0xDA, 0xD3, 0xD3, 0xDE,
    0xE7, 0xDB, 0xD3, 0xE0, 0xFF, 0xFF, 0xE9, 0xE7, 0xDE, 0xDC, 0xEE, 0x5E, 0x5D, 0xFB, 0xDC, 0xDE,
    0xF5, 0x66, 0x58, 0x4E, 0x57, 0x71, 0xE8, 0xFF, 0xFF, 0x7B, 0x5C, 0x4E, 0x4A, 0x50, 0x5B, 0x5B,
    0x63, 0x7A, 0x5F, 0x54, 0x55, 0x61, 0x67, 0x5B, 0x5B, 0x5C, 0x5F, 0x5B, 0x59, 0x53, 0x53, 0x57,
    0x72, 0xD1, 0xC9, 0xCD, 0xE6, 0x53, 0x45, 0x43, 0x4F, 0xF2, 0xDB, 0xDB, 0xED, 0x6C, 0x5B, 0x5B,
    0x65, 0xE7, 0xF2, 0x5C, 0x4C, 0x46, 0x46, 0x4B, 0x52, 0x6B, 0xED, 0xE7, 0x72, 0x5D, 0x51, 0x47,
    0x45, 0x46, 0x4C, 0x54, 0x64, 0xEB, 0xDD, 0xF0, 0x68, 0x5B, 0x5B, 0x5C, 0x67, 0x5D, 0x5A, 0x53,
    0x53, 0x74, 0xD8, 0xCD, 0xCB, 0xD9, 0x78, 0x5E, 0x53, 0x53, 0x59, 0x67, 0x6F, 0xE9, 0xDB, 0xDB,
    0xE7, 0x67, 0x67, 0x67, 0x67, 0x67, 0x67, 0x73, 0xD3, 0xD5, 0x54, 0x3A, 0x42, 0xCC, 0xBB, 0xCA,
    0x49, 0x3C, 0x40, 0x45, 0x48, 0xDE, 0xB9, 0xBF, 0x4B, 0x35, 0x3C, 0xFD, 0xC6, 0xBD, 0xBF, 0xD0,
    0x4B, 0x3A, 0x47, 0xC8, 0xB9, 0xC1, 0x64, 0x40, 0x44, 0xE7, 0xBC, 0xB4, 0xBA, 0xD4, 0x44, 0x39,
    0x4B, 0xBF, 0xB1, 0xB9, 0x68, 0x3C, 0x40, 0x78, 0xBD, 0xB2, 0xB6, 0xDA, 0x3B, 0x33, 0x42, 0xD5,
    0xBE, 0xBE, 0xC9, 0x56, 0x40, 0x4C, 0xCC, 0xBB, 0xC3, 0x67, 0x46, 0x48, 0x5D, 0xD9, 0xC4, 0xBE,
    0xCF, 0x4D, 0x3E, 0x53, 0xCB, 0xC3, 0xD4, 0x57, 0x4D, 0x56, 0xE6, 0xC9, 0xBD, 0xBC, 0xD1, 0x4B,
    0x43, 0x4E, 0xE5, 0xD0, 0xCD, 0xCD, 0xD4, 0xFC, 0x59, 0x5F, 0xD2, 0xC9, 0xD1, 0x6D, 0x4F, 0x49,
    0x4F, 0x5F, 0xDB, 0xCF, 0xD9, 0x6B, 0x4F, 0x4D, 0x5C, 0xDF, 0xD5, 0x7E, 0x4B, 0x41, 0x47, 0x5C,
    0xD5, 0xCA, 0xD8, 0x56, 0x4A, 0x52, 0xE7, 0xC9, 0xC3, 0xCF, 0x55, 0x41, 0x45, 0xEE, 0xC5, 0xC2,
    0xD2, 0x59, 0x49, 0x51, 0xDD, 0xC4, 0xC7, 0xDE, 0x54, 0x46, 0x51, 0xEA, 0xD3, 0xD4, 0x5B, 0x49,
    0x4F, 0x77, 0xD7, 0xCD, 0xD4, 0x6E, 0x42, 0x3D, 0x4E, 0xD6, 0xD0, 0xEC, 0x53, 0x4D, 0x52, 0x56,
    0xE4, 0xCE, 0xDB, 0x5B, 0x4A, 0x52, 0x73, 0xE4, 0xD7, 0xDB, 0x67, 0x4C, 0x4E, 0x7C, 0xD6, 0xCE,
    0xDD, 0xFE, 0x5B, 0x63, 0xDA, 0xCB, 0xC9, 0xD9, 0x63, 0x4D, 0x49, 0x4F, 0xFB, 0xDF, 0xF8, 0x57,
    0x4D, 0x54, 0x6E, 0xEB, 0xDD, 0x7C, 0x55, 0x43, 0x3E, 0x46, 0x4F, 0x61, 0x67, 0x67, 0x5C, 0x5B,
    0x62, 0xFC, 0xE7, 0xFA, 0x60, 0x4F, 0x4D, 0x56, 0x6E, 0xDB, 0xD3, 0xD3, 0xD3, 0xD3, 0xCD, 0xCD,
    0xCD, 0xCE, 0xD7, 0xE5, 0xE3, 0xD6, 0xCD, 0xCD, 0xCD, 0xCD, 0xCB, 0xC9, 0xCB, 0xCD, 0xD3, 0xD7,
    0xDB, 0xE7, 0xDF, 0xDB, 0xDB, 0xDB, 0xDC, 0xE7, 0xE7, 0xE7, 0xE7, 0xE7, 0x74, 0x5E, 0x5B, 0x5B,
    0x5B, 0x67, 0x72, 0xE7, 0xDB, 0xD5, 0xDB, 0xDF, 0xFB, 0x76, 0x67, 0x67, 0xFF, 0xFF, 0xFF, 0xFF,
    0xE9, 0xD1, 0xCB, 0xC9, 0xCD, 0xDA, 0xEA, 0x6E, 0x5C, 0x5B, 0x62, 0xFD, 0xE0, 0xDB, 0xD3, 0xD8,
    0xFC, 0x51, 0x3E, 0x34, 0x2F, 0x2F, 0x34, 0x41, 0x7B, 0xC8, 0xBC, 0xB9, 0xBC, 0xCB, 0x67, 0x41,
    0x34, 0x2D, 0x2B, 0x2C, 0x34, 0x4A, 0xC1, 0xAE, 0xA8, 0xA8, 0xAC, 0xB4, 0xC8, 0x5F, 0x43, 0x3D,
    0x3F, 0x47, 0x6B, 0xC6, 0xB6, 0xAE, 0xAC, 0xAD, 0xB1, 0xBD, 0xD6, 0x5E, 0x4B, 0x46, 0x47, 0x4C,
    0x5D, 0xF0, 0xDD, 0xDD, 0xF3, 0xFF, 0x55, 0x47, 0x41, 0x43, 0x49, 0x4D, 0x4B, 0x45, 0x3B, 0x35,
    0x30, 0x2F, 0x32, 0x38, 0x3D, 0x46, 0x55, 0xEE, 0xD2, 0xCD, 0xD3, 0xFD, 0x4D, 0x3E, 0x39, 0x38,
    0x3C, 0x4B, 0xEA, 0xC9, 0xBC, 0xB6, 0xB4, 0xB6, 0xBB, 0xC7, 0xE6, 0x4D, 0x3F, 0x3F, 0x45, 0x51,
    0xEF, 0xD6, 0xCD, 0xC9, 0xCC, 0xCE, 0xDC, 0xFC, 0x4F, 0x44, 0x3E, 0x3E, 0x41, 0x4A, 0x54, 0x5B,
    0x67, 0x67, 0x68, 0xE9, 0xD5, 0xCD, 0xC9, 0xCD, 0xCF, 0xD3, 0xDB, 0xDB, 0xD5, 0xD3, 0xD8, 0xDB,
    0xD9, 0xCC, 0xC1, 0xBB, 0xB7, 0xB4, 0xB2, 0xB4, 0xB9, 0xBD, 0xC2, 0xCA, 0xD2, 0xDD, 0xE7, 0xE7,
    0xCE, 0xC3, 0xBC, 0xB9, 0xBA, 0xC0, 0xCD, 0xE9, 0x5C, 0x4B, 0x40, 0x3C, 0x3C, 0x3E, 0x44, 0x4E,
    0x5F, 0x67, 0x64, 0x57, 0x4E, 0x48, 0x43, 0x41, 0x3E, 0x3E, 0x3F, 0x44, 0x49, 0x59, 0xEF, 0xD2,
    0xCB, 0xC9, 0xCE, 0xDE, 0xFF, 0xE1, 0xCF, 0xC5, 0xBF, 0xC5, 0xD2, 0x74, 0x5B, 0x64, 0xD2, 0xC0,
    0xBC, 0xC5, 0xEB, 0x4D, 0x4A, 0x56, 0xE0, 0xCD, 0xD0, 0xFA, 0x43, 0x36, 0x33, 0x38, 0x44, 0x62,
    0xDF, 0xDB, 0x6C, 0x4A, 0x3C, 0x36, 0x34, 0x3A, 0x45, 0x53, 0x67, 0x5D, 0x48, 0x3D, 0x3C, 0x4B,
    0xD4, 0xBA, 0xB8, 0xC2, 0x65, 0x3B, 0x35, 0x3F, 0xD8, 0xB6, 0xAF, 0xB7, 0xCE, 0x4E, 0x42, 0x58,
    0xC9, 0xB6, 0xB1, 0xB7, 0xCF, 0x50, 0x42, 0x44, 0x55, 0xDA, 0xCC, 0xCD, 0xE6, 0x4C, 0x3C, 0x38,
    0x3B, 0x47, 0xFE, 0xCE, 0xD0, 0x64, 0x3E, 0x33, 0x30, 0x38, 0x51, 0xCF, 0xC7, 0xD3, 0x52, 0x3D,
    0x3C, 0x4E, 0xCE, 0xBB, 0xBA, 0xC4, 0x74, 0x46, 0x45, 0x6B, 0xBF, 0xB3, 0xAF, 0xB4, 0xBF, 0xDF,
    0x5E, 0x6E, 0xD5, 0xC2, 0xBC, 0xBE, 0xC6, 0xD7, 0x6B, 0x5B, 0x6B, 0xD3, 0xCC, 0xCC, 0xDF, 0x57,
    0x43, 0x3E, 0x3E, 0x4A, 0xF7, 0xD5, 0xDF, 0x4E, 0x3B, 0x36, 0x36, 0x3D, 0x51, 0xED, 0xEA, 0x59,
    0x42, 0x3F, 0x47, 0x5D, 0xE8, 0xD5, 0xDD, 0x78, 0x5B, 0x53, 0x59, 0xE0, 0xC4, 0xBB, 0xBD, 0xC9,
    0xD3, 0xD8, 0xD9, 0xDB, 0xD3, 0xC3, 0xBC, 0xBE, 0xC1, 0xC1, 0xC1, 0xCB, 0xD8, 0xD4, 0xCD, 0xD6,
    0x7D, 0x67, 0x67, 0x5A, 0x5C, 0xD5, 0xC3, 0xC6, 0xEC, 0x4C, 0x45, 0x41, 0x41, 0x4D, 0xFE, 0xD6,
    0xEA, 0x67, 0x67, 0xF7, 0xF3, 0xFF, 0xFF, 0xFF, 0x5A, 0x53, 0x5A, 0x6F, 0xE7, 0xDB, 0xCA, 0xC5,
    0xCB, 0xD8, 0xDB, 0xEC, 0x62, 0x5C, 0xEA, 0xCF, 0xCE, 0xDC, 0xE7, 0xEC, 0x61, 0x53, 0x52, 0x73,
    0x72, 0x52, 0x4A, 0x4F, 0x59, 0x5C, 0x6F, 0xEA, 0x77, 0x5A, 0x46, 0x40, 0x3E, 0x3F, 0x45, 0x58,
    0xFF, 0xFF, 0x67, 0x67, 0x67, 0x65, 0x5F, 0x67, 0xF6, 0xF4, 0x67, 0x5F, 0xEE, 0xD1, 0xC7, 0xC2,
    0xC1, 0xC4, 0xC9, 0xCB, 0xD2, 0xDD, 0xF1, 0xFF, 0xDE, 0xCC, 0xC1, 0xC3, 0xC9, 0xCD, 0xCD, 0xCD,
    0xCF, 0xD9, 0x7B, 0x58, 0x4A, 0x40, 0x40, 0x49, 0x56, 0x63, 0x5A, 0x4F, 0x4D, 0x4D, 0x4D, 0x45,
    0x41, 0x3F, 0x3C, 0x3C, 0x3C, 0x44, 0x4C, 0x53, 0x53, 0x5A, 0x5B, 0x5B, 0x54, 0x53, 0x53, 0x54,
    0x5B, 0x64, 0xF2, 0xD7, 0xD3, 0xD6, 0xE3, 0xE7, 0xE0, 0xDB, 0xDB, 0xDB, 0xDB, 0xDB, 0xDB, 0xD3,
    0xD3, 0xCE, 0xD5, 0xEC, 0x5B, 0x58, 0x59, 0x5C, 0x67, 0x7B, 0xE7, 0xE7, 0xE7, 0xE7, 0xF8, 0x67,
    0x5F, 0x54, 0x4C, 0x49, 0x4A, 0x4F, 0x5A, 0x6A, 0xEE, 0xE7, 0xE7, 0xE7, 0xE9, 0xFF, 0x6A, 0x67,
    0x72, 0xE8, 0xCF, 0xC6, 0xC5, 0xC5, 0xC5, 0xC9, 0xCC, 0xCD, 0xC9, 0xC6, 0xC6, 0xC9, 0xC9, 0xC8,
    0xC5, 0xC2, 0xC5, 0xC9, 0xCA, 0xD0, 0xD3, 0xD9, 0xD9, 0xE9, 0x5C, 0x4E, 0x4A, 0x50, 0x65, 0x67,
    0x67, 0x52, 0x46, 0x3F, 0x44, 0x5E, 0xDC, 0xE2, 0x5A, 0x45, 0x43, 0x4C, 0x5D, 0x67, 0x67, 0xFF,
    0xEB, 0xE7, 0xE7, 0x6B, 0x67, 0x73, 0xDB, 0xCD, 0xCD, 0xD3, 0xD3, 0xCE, 0xCD, 0xCD, 0xC9, 0xC2,
    0xBD, 0xBE, 0xCC, 0xE5, 0xF5, 0xDE, 0xCD, 0xC8, 0xC5, 0xC6, 0xCE, 0xE6, 0x62, 0x5B, 0x69, 0xF0,
    0xE7, 0x6C, 0x4F, 0x46, 0x47, 0x4C, 0x69, 0xEF, 0xFB, 0x55, 0x47, 0x45, 0x47, 0x4C, 0x4E, 0x57,
    0x5B, 0x51, 0x4D, 0x4E, 0x5F, 0xEE, 0xE7, 0xE7, 0xDC, 0xD9, 0xD3, 0xDC, 0xE7, 0xDD, 0xDA, 0xD3,
    0xD3, 0xD1, 0xD1, 0xD4, 0xDF, 0xFA, 0xE4, 0xD7, 0xD3, 0xDE, 0xF6, 0xFF, 0x6F, 0x67, 0x6B, 0xED,
    0xE7, 0x72, 0x57, 0x4D, 0x4F, 0x5A, 0x5B, 0x56, 0x53, 0x50, 0x4D, 0x4E, 0x58, 0x66, 0x67, 0x5E,
    0x53, 0x57, 0x64, 0xFF, 0x6E, 0x5C, 0x53, 0x4F, 0x54, 0x5F, 0x79, 0xE1, 0xD3, 0xD3, 0xD3, 0xD9,
    0xDC, 0xEF, 0x69, 0x59, 0x4F, 0x4D, 0x48, 0x48, 0x4F, 0xEF, 0xCB, 0xC1, 0xC4, 0xCA, 0xDD, 0x59,
    0x44, 0x3D, 0x3B, 0x39, 0x3D, 0x46, 0x52, 0x64, 0xE4, 0xD7, 0xCE, 0xCF, 0xDE, 0x5A, 0x48, 0x3C,
    0x36, 0x36, 0x3C, 0x49, 0x7A, 0xD2, 0xC6, 0xBF, 0xBE, 0xC0, 0xC9, 0xD9, 0x6F, 0x51, 0x49, 0x49,
    0x59, 0xE3, 0xC9, 0xBF, 0xBB, 0xB8, 0xBA, 0xBE, 0xC8, 0xD6, 0x7D, 0x5B, 0x55, 0x5E, 0xEF, 0xDC,
    0xD1, 0xCD, 0xC9, 0xC9, 0xD0, 0xED, 0x5F, 0x54, 0x51, 0x4D, 0x4E, 0x5F, 0xEC, 0xD2, 0xCD, 0xCD,
    0xCF, 0xDF, 0x64, 0x4E, 0x46, 0x4A, 0x50, 0x67, 0xE1, 0xCF, 0xC9, 0xCB, 0xD2, 0xDB, 0xE2, 0x67,
    0x55, 0x4A, 0x49, 0x4E, 0x5B, 0xEE, 0xD1, 0xC9, 0xC7, 0xC9, 0xCD, 0xD4, 0xE6, 0x62, 0x56, 0x4D,
    0x4D, 0x4D, 0x4F, 0x6A, 0xE8, 0xD1, 0xCD, 0xCD, 0xCD, 0xD9, 0xF5, 0x52, 0x45, 0x43, 0x48, 0x4E,
    0x5B, 0xEB, 0xD9, 0xD3, 0xDB, 0xDB, 0xDB, 0xDB, 0xDB, 0xE6, 0x63, 0x5B, 0x5C, 0xEA, 0xD5, 0xCD,
    0xD0, 0xDB, 0xD9, 0xD3, 0xD3, 0xD7, 0xE4, 0x78, 0x67, 0x67, 0x62, 0x5B, 0x5C, 0x67, 0x67, 0x6B,
    0xFF, 0xFF, 0x61, 0x55, 0x4D, 0x49, 0x4D, 0x53, 0x53, 0x53, 0x53, 0x59, 0x69, 0xFF, 0x69, 0x57,
    0x4D, 0x4D, 0x4D, 0x52, 0x55, 0x60, 0x67, 0x67, 0x67, 0xFD, 0xE0, 0xD5, 0xDE, 0x6E, 0x5C, 0x53,
    0x59, 0x5C, 0x6E, 0xEA, 0xDA, 0xD3, 0xD3, 0xD3, 0xD3, 0xD4, 0xE7, 0x5E, 0x53, 0x58, 0x67, 0xFF,
    0xEB, 0xE5, 0xDB, 0xDB, 0xDD, 0xE7, 0x7E, 0x5D, 0x4B, 0x49, 0x4E, 0x64, 0xE7, 0xE7, 0xE8, 0xFF,
    0x6A, 0x67, 0x67, 0x67, 0xFF, 0xFF, 0x5B, 0x5B, 0x73, 0xDA, 0xD3, 0xDB, 0xDB, 0xDB, 0xE7, 0xEF,
    0xFF, 0xFF, 0xEE, 0xE7, 0xDB, 0xD5, 0xD3, 0xD3, 0xDA, 0xDB, 0xDB, 0xDB, 0xED, 0x6B, 0x65, 0x5F,
    0x67, 0xF6, 0xDE, 0xDB, 0xD7, 0xDB, 0xED, 0x5F, 0x5B, 0x53, 0x59, 0x5C, 0x7B, 0xDD, 0xDB, 0xDB,
    0xE6, 0xDE, 0xE7, 0x64, 0x53, 0x53, 0x6B, 0xFF, 0x67, 0xEC, 0xCD, 0xC2, 0xC9, 0xD9, 0xEB, 0x6D,
    0x67, 0x6D, 0xEB, 0xE9, 0x6F, 0x7B, 0xD5, 0xC4, 0xBF, 0xC9, 0xD8, 0x74, 0x5B, 0x5B, 0x51, 0x4D,
    0x54, 0x6C, 0xD6, 0xCD, 0xD0, 0xD3, 0xDE, 0xF5, 0x5B, 0x50, 0x47, 0x41, 0x44, 0x4D, 0xFE, 0xD6,
    0xD4, 0xDF, 0xFA, 0x63, 0x56, 0x49, 0x45, 0x48, 0x4E, 0x5F, 0xEB, 0xD7, 0xCB, 0xC9, 0xCD, 0xDA,
    0xEA, 0x6F, 0x55, 0x4D, 0x51, 0x68, 0xEA, 0xD5, 0xC9, 0xC3, 0xC5, 0xD0, 0xED, 0x5B, 0x5B, 0x5B,
    0x5A, 0x58, 0x7C, 0xD9, 0xD3, 0xDB, 0xD8, 0xD3, 0xDD, 0x78, 0x5B, 0x53, 0x53, 0x4D, 0x4F, 0x5A,
    0xEF, 0xD1, 0xC9, 0xCB, 0xD8, 0x76, 0x57, 0x53, 0x5D, 0x67, 0xFE, 0xE7, 0xDD, 0xD3, 0xD3, 0xD3,
    0xDB, 0xE2, 0xE7, 0xEE, 0xFF, 0xFF, 0xFF, 0xE8, 0xDB, 0xD6, 0xD3, 0xD3, 0xD3, 0xDB, 0xE1, 0xFE,
    0x73, 0x67, 0x69, 0xFF, 0xFF, 0xFF, 0x6D, 0x5B, 0x53, 0x53, 0x5B, 0x5F, 0x7B, 0xFF, 0x6D, 0x67,
    0x61, 0x55, 0x53, 0x58, 0x66, 0x75, 0x67, 0x5B, 0x57, 0x64, 0xFF, 0xFF, 0x68, 0x5B, 0x56, 0x54,
    0x7B, 0xD6, 0xC9, 0xCA, 0xDB, 0x5E, 0x53, 0x5D, 0xF0, 0xD6, 0xCD, 0xC9, 0xCD, 0xE3, 0x5F, 0x6B,
    0xDB, 0xCE, 0xD7, 0x76, 0x67, 0x67, 0x67, 0x52, 0x4D, 0x52, 0xEE, 0xD1, 0xCE, 0xE2, 0x4D, 0x3E,
    0x3E, 0x45, 0x50, 0x5B, 0x68, 0xF1, 0xE7, 0x72, 0x57, 0x53, 0x53, 0x4F, 0x49, 0x4B, 0x59, 0xF8,
    0xF2, 0x5C, 0x56, 0x6F, 0xDA, 0xD7, 0xF7, 0x4F, 0x47, 0x45, 0x4B, 0x57, 0xF6, 0xD3, 0xCA, 0xCF,
    0xDE, 0x7E, 0x5D, 0x4B, 0x41, 0x46, 0x59, 0xD7, 0xCD, 0xEA, 0x58, 0x53, 0x5D, 0x71, 0xE8, 0xE7,
    0xF5, 0x5A, 0x4C, 0x4D, 0x57, 0x71, 0xDC, 0xD3, 0xD3, 0xDC, 0xEF, 0x69, 0x57, 0x4D, 0x53, 0xE5,
    0xC8, 0xC1, 0xC5, 0xD2, 0xEB, 0x6D, 0x67, 0xF2, 0xDD, 0xD2, 0xD0, 0xDB, 0xFF, 0xED, 0xDB, 0xCD,
    0xD2, 0xDE, 0x65, 0x54, 0x51, 0x51, 0x5C, 0xE9, 0xD5, 0xD3, 0xD8, 0xE7, 0x74, 0x5E, 0x53, 0x4D,
    0x59, 0xEC, 0xCD, 0xC5, 0xC3, 0xCB, 0xEB, 0x5F, 0x5B, 0x5D, 0x73, 0xE7, 0xE7, 0xDD, 0xCD, 0xC7,
    0xC2, 0xC3, 0xCB, 0xCD, 0xCD, 0xCD, 0xCE, 0xD3, 0xDB, 0xD1, 0xCB, 0xC1, 0xC3, 0xC5, 0xC6, 0xCE,
    0xDB, 0xE7, 0xF6, 0xE5, 0xCE, 0xC6, 0xC6, 0xCC, 0xCD, 0xD3, 0xD9, 0xDC, 0xEF, 0xFF, 0xFF, 0xFF,
    0x67, 0x5B, 0x63, 0xFF, 0xEF, 0xE7, 0xE7, 0xF4, 0x67, 0x55, 0x4A, 0x4E, 0x5C, 0x67, 0xFF, 0xEC,
    0xE7, 0xE7, 0xE7, 0xED, 0x67, 0x5C, 0x53, 0x53, 0x53, 0x57, 0x5B, 0x6A, 0xEE, 0xE7, 0xED, 0xFF,
    0x65, 0x57, 0x4E, 0x4D, 0x4D, 0x5B, 0x76, 0xE7, 0xE9, 0x6F, 0x5C, 0x5B, 0x61, 0x5B, 0x4C, 0x46,
    0x4A, 0x4D, 0x53, 0x4D, 0x4D, 0x4E, 0x5F, 0x5D, 0x52, 0x4D, 0x4D, 0x53, 0x53, 0x4D, 0x4D, 0x52,
    0x5D, 0x67, 0x5C, 0x53, 0x53, 0x53, 0x50, 0x4D, 0x4D, 0x4D, 0x53, 0x5B, 0x5B, 0x5C, 0x6F, 0xFF,
    0x77, 0x67, 0x67, 0x6D, 0xFF, 0xFF, 0x6F, 0x67, 0x67, 0x5E, 0x5B, 0x5B, 0x5B, 0x67, 0x67, 0x67,
    0x5B, 0x5B, 0x5C, 0x67, 0x67, 0x67, 0x5F, 0x5B, 0x53, 0x53, 0x4D, 0x4C, 0x49, 0x4D, 0x50, 0x53,
    0x53, 0x4E, 0x53, 0x57, 0x65, 0x67, 0x67, 0x5B, 0x5B, 0x5B, 0x5C, 0x6F, 0xFF, 0xE7, 0xE7, 0xFF,
    0xF2, 0xDD, 0xCD, 0xD0, 0xE4, 0x75, 0x67, 0xFD, 0xE7, 0xE7, 0xE4, 0xDB, 0xDB, 0xD1, 0xCB, 0xC9,
    0xCB, 0xD2, 0xDB, 0xDB, 0xD4, 0xCC, 0xCC, 0xD4, 0xDB, 0xDB, 0xDA, 0xD3, 0xD3, 0xD3, 0xD9, 0xDB,
    0xDB, 0xDB, 0xE3, 0xDB, 0xD3, 0xD3, 0xDA, 0xDA, 0xCF, 0xCD, 0xDE, 0xF4, 0xFF, 0xF2, 0xE7, 0xDA,
    0xD3, 0xCE, 0xCD, 0xD1, 0xD3, 0xCC, 0xC9, 0xCD, 0xCD, 0xCA, 0xC9, 0xC9, 0xC9, 0xC9, 0xC9, 0xCE,
    0xD3, 0xD3, 0xCC, 0xC9, 0xCE, 0xD7, 0xDB, 0xD9, 0xCF, 0xCD, 0xCF, 0xD9, 0xDB, 0xDB, 0xDB, 0xD3,
    0xD9, 0xDC, 0xEE, 0xEB, 0xDB, 0xDB, 0xDB, 0xEC, 0xFF, 0x7D, 0x67, 0x78, 0xF3, 0xDB, 0xDB, 0xF4,
    0x67, 0xFC, 0xDC, 0xD3, 0xDD, 0xF2, 0xFF, 0xE2, 0xDB, 0xE9, 0x6F, 0x5C, 0x6B, 0xE4, 0xDB, 0xD6,
    0xE3, 0x7A, 0x67, 0x5C, 0x5D, 0x73, 0xFF, 0xFF, 0x6B, 0x67, 0x67, 0x67, 0x67, 0x5E, 0x53, 0x48,
    0x45, 0x4B, 0x53, 0x53, 0x44, 0x3A, 0x3B, 0x3F, 0x4C, 0x53, 0x4F, 0x4D, 0x49, 0x49, 0x4A, 0x4D,
    0x4A, 0x44, 0x41, 0x45, 0x47, 0x4C, 0x4E, 0x57, 0x65, 0x63, 0x56, 0x4D, 0x56, 0x63, 0x65, 0x57,
    0x4E, 0x53, 0x59, 0x5C, 0x6E, 0xEB, 0xDB, 0xE0, 0xFD, 0x5B, 0x5B, 0x53, 0x53, 0x53, 0x55, 0x5B,
    0x5B, 0x59, 0x53, 0x5C, 0x6E, 0x6A, 0x5A, 0x58, 0x67, 0xF4, 0xF6, 0x5A, 0x4B, 0x46, 0x4A, 0x50,
    0x5B, 0x67, 0x5D, 0x54, 0x5F, 0x67, 0xFF, 0x6D, 0x67, 0x67, 0x78, 0xE5, 0xDB, 0xFA, 0xFF, 0xFF,
    0xFF, 0xFF, 0x6A, 0x64, 0x5B, 0x5B, 0x5E, 0x75, 0xE6, 0xD8, 0xCE, 0xCD, 0xCC, 0xD3, 0xED, 0xFF,
    0xFF, 0xFF, 0x69, 0x5B, 0x61, 0xE8, 0xD3, 0xD3, 0xD4, 0xDF, 0xE7, 0xFF, 0xED, 0xE7, 0xFF, 0xFF,
    0xE5, 0xD3, 0xCA, 0xC5, 0xC5, 0xC5, 0xC5, 0xC9, 0xCE, 0xCF, 0xCD, 0xCC, 0xC7, 0xC1, 0xBE, 0xBE,
    0xBE, 0xC2, 0xC9, 0xC9, 0xCC, 0xCD, 0xCC, 0xC9, 0xC9, 0xC5, 0xC5, 0xC5, 0xC8, 0xCD, 0xCF, 0xDA,
    0xDB, 0xE1, 0x7E, 0x67, 0x67, 0x69, 0xEF, 0xDC, 0xD3, 0xD3, 0xD4, 0xDB, 0xDB, 0xDA, 0xD8, 0xD4,
    0xD1, 0xCB, 0xCE, 0xD3, 0xDA, 0xDD, 0xF1, 0xFF, 0xD9, 0xCF, 0xC5, 0xC0, 0xBE, 0xC5, 0xC5, 0xC5,
    0xC5, 0xC5, 0xC9, 0xC9, 0xC9, 0xC4, 0xBF, 0xBC, 0xBF, 0xC1, 0xC6, 0xCF, 0xE4, 0x6F, 0x51, 0x49,
    0x47, 0x49, 0x49, 0x49, 0x49, 0x48, 0x43, 0x3E, 0x3C, 0x3B, 0x3A, 0x37, 0x35, 0x32, 0x34, 0x36,
    0x36, 0x33, 0x2F, 0x30, 0x36, 0x3C, 0x40, 0x3F, 0x41, 0x48, 0x57, 0xF8, 0xE7, 0xE1, 0xDB, 0xE7,
    0xEF, 0x69, 0x67, 0x67, 0x67, 0x61, 0x63, 0xF6, 0xD3, 0xCA, 0xC4, 0xC1, 0xC2, 0xC7, 0xD0, 0xD5,
    0xE0, 0xE7, 0xFF, 0x6C, 0x67, 0x67, 0x67, 0x53, 0x4F, 0x4A, 0x44, 0x41, 0x45, 0x45, 0x42, 0x40,
    0x3E, 0x45, 0x45, 0x42, 0x3C, 0x39, 0x38, 0x38, 0x3A, 0x3E, 0x48, 0x57, 0x65, 0x5B, 0x65, 0xFF,
    0xED, 0xE8, 0x72, 0x67, 0xFA, 0xDF, 0xDB, 0xD1, 0xCB, 0xCA, 0xCD, 0xCA, 0xC5, 0xC3, 0xC5, 0xCC,
    0xD9, 0xE7, 0xEF, 0xFF, 0xFF, 0x6E, 0x5C, 0x50, 0x4D, 0x54, 0x5B, 0x4F, 0x48, 0x43, 0x41, 0x44,
    0x4C, 0x53, 0x4F, 0x4D, 0x4E, 0x53, 0x53, 0x50, 0x4A, 0x45, 0x45, 0x45, 0x4B, 0x5B, 0xDB, 0xCE,
    0xC6, 0xC5, 0xBF, 0xBB, 0xB7, 0xBB, 0xBD, 0xC3, 0xC5, 0xBD, 0xB6, 0xB4, 0xB7, 0xBB, 0xBC, 0xB8,
    0xB6, 0xB7, 0xBA, 0xB8, 0xB6, 0xB4, 0xB4, 0xB5, 0xB8, 0xBD, 0xC9, 0xD3, 0xDB, 0xE3, 0xFF, 0xFF,
    0xFF, 0xFF, 0xED, 0xE7, 0xD8, 0xD3, 0xDE, 0x66, 0x4E, 0x4D, 0x51, 0x53, 0x53, 0x53, 0x5D, 0x71,
    0xFF, 0xFF, 0xEC, 0xE6, 0xD8, 0xCE, 0xC5, 0xC1, 0xC5, 0xD1, 0xDB, 0xD2, 0xC4, 0xBD, 0xBD, 0xBE,
    0xBE, 0xC3, 0xCB, 0xDC, 0xE7, 0xDC, 0xDB, 0xE2, 0x67, 0x6D, 0xEB, 0xDD, 0x7C, 0x4E, 0x40, 0x3E,
    0x41, 0x40, 0x3D, 0x3A, 0x3B, 0x41, 0x47, 0x44, 0x3C, 0x3A, 0x38, 0x39, 0x3C, 0x3E, 0x44, 0x4F,
    0x5B, 0x57, 0x4E, 0x48, 0x43, 0x45, 0x47, 0x4C, 0x5F, 0xCF, 0xC9, 0xD0, 0xDB, 0xDB, 0xDF, 0xE7,
    0xEA, 0x6F, 0x7C, 0xD3, 0xD9, 0x66, 0x53, 0x53, 0x56, 0x70, 0xE8, 0xEC, 0x6C, 0x5A, 0x48, 0x3D,
    0x3A, 0x3C, 0x3C, 0x3A, 0x39, 0x36, 0x37, 0x38, 0x38, 0x35, 0x32, 0x2F, 0x31, 0x37, 0x3B, 0x3E,
    0x42, 0x48, 0x4D, 0x56, 0x55, 0x49, 0x43, 0x3F, 0x3F, 0x47, 0x69, 0xD5, 0xC7, 0xBE, 0xBE, 0xBD,
    0xBC, 0xBC, 0xBE, 0xBE, 0xBD, 0xBF, 0xC1, 0xC1, 0xC7, 0xCC, 0xC9, 0xC2, 0xBB, 0xB7, 0xBB, 0xC5,
    0xCF, 0xD9, 0xEB, 0x5F, 0x54, 0x55, 0x6B, 0xE7, 0xDB, 0xDB, 0xDC, 0xEF, 0x69, 0x51, 0x4D, 0x4D,
    0x4D, 0x51, 0x53, 0x53, 0x5B, 0x71, 0xDE, 0xD3, 0xCC, 0xC9, 0xCA, 0xCD, 0xD3, 0xD3, 0xCF, 0xC9,
    0xC9, 0xCD, 0xC8, 0xBE, 0xB9, 0xB6, 0xB9, 0xBC, 0xBC, 0xBE, 0xC2, 0xC5, 0xC5, 0xC7, 0xC9, 0xCD,
    0xCD, 0xCA, 0xC5, 0xCB, 0xDB, 0xDB, 0xD5, 0xCD, 0xD0, 0xF6, 0x57, 0x4D, 0x4D, 0x4D, 0x4D, 0x56,
    0x5A, 0x46, 0x3D, 0x48, 0xE6, 0xE5, 0x58, 0x52, 0xD9, 0xD3, 0x6C, 0x62, 0xCC, 0xBD, 0xCE, 0x4C,
    0x4F, 0xCA, 0xBD, 0xC9, 0xE4, 0xC8, 0xB8, 0xB7, 0xCA, 0xE7, 0xCB, 0xBD, 0xC4, 0x7D, 0x5B, 0xD3,
    0xC8, 0xDC, 0x5B, 0xF4, 0xC9, 0xD5, 0x4B, 0x3D, 0x48, 0x66, 0x4E, 0x3C, 0x3A, 0x48, 0x4A, 0x3A,
    0x33, 0x3B, 0x56, 0x67, 0x46, 0x3B, 0x3C, 0x3E, 0x3C, 0x36, 0x38, 0x40, 0x4A, 0x4B, 0x4D, 0x59,
    0x77, 0x63, 0x4F, 0x52, 0x78, 0xD6, 0xDC, 0xFF, 0xEB, 0xCD, 0xC9, 0xCD, 0xD3, 0xD3, 0xDC, 0xE7,
    0xDD, 0xD1, 0xC5, 0xBF, 0xC3, 0xC8, 0xCE, 0xDB, 0xF9, 0x64, 0x57, 0x53, 0x56, 0x62, 0xFF, 0xFF,
    0xFF, 0xFF, 0xFF, 0xFF, 0x55, 0x4A, 0x49, 0x45, 0x42, 0x3E, 0x42, 0x53, 0xEB, 0xD5, 0xD5, 0xE0,
    0xFC, 0x76, 0x67, 0x68, 0xFF, 0xFF, 0x67, 0x70, 0xD5, 0xC3, 0xC0, 0xCA, 0xCC, 0xC9, 0xC5, 0xCA,
    0xDB, 0xD9, 0xCF, 0xCA, 0xD3, 0xDB, 0xDB, 0xDB, 0xD4, 0xD3, 0xD9, 0xE9, 0x6F, 0x67, 0x67, 0x72,
    0xFF, 0x5D, 0x4E, 0x4D, 0x47, 0x49, 0x4D, 0x50, 0x53, 0x56, 0x5B, 0x55, 0x60, 0x5C, 0x4F, 0x49,
    0x4E, 0x53, 0x61, 0x79, 0x5F, 0x5B, 0x66, 0xDE, 0xD3, 0xCD, 0xCD, 0xCE, 0xD8, 0xFD, 0xFF, 0xE0,
    0xCD, 0xCD, 0xCD, 0xD1, 0xCB, 0xC9, 0xD1, 0xE3, 0xFF, 0xEF, 0xDC, 0xDD, 0xE7, 0xE7, 0xFF, 0x5F,
    0x52, 0x4D, 0x4D, 0x4D, 0x4D, 0x49, 0x49, 0x46, 0x45, 0x3F, 0x41, 0x45, 0x45, 0x45, 0x47, 0x46,
    0x45, 0x41, 0x41, 0x4C, 0x59, 0x66, 0x58, 0x53, 0x53, 0x53, 0x4D, 0x4F, 0x59, 0xF8, 0xD7, 0xCE,
    0xCE, 0xD3, 0xDB, 0xDE, 0xDD, 0xD2, 0xCD, 0xCA, 0xCB, 0xD1, 0xDC, 0xE1, 0xD5, 0xD3, 0xD3, 0xCE,
    0xCD, 0xCB, 0xCE, 0xDA, 0x6D, 0x6A, 0xEE, 0xDC, 0xDB, 0xDB, 0xE7, 0xE7, 0xFA, 0xFF, 0xFF, 0xFF,
    0xFF, 0x6B, 0xFF, 0xEF, 0xE7, 0xE7, 0xDE, 0xDB, 0xD3, 0xCE, 0xCD, 0xCF, 0xDA, 0xD9, 0xCF, 0xC9,
    0xC0, 0xBE, 0xC1, 0xC4, 0xC9, 0xCF, 0xD9, 0xD3, 0xCA, 0xBF, 0xBC, 0xBF, 0xC5, 0xC9, 0xCC, 0xD4,
    0xDB, 0xDB, 0xD3, 0xD8, 0xDB, 0xD9, 0xD3, 0xDC, 0xEF, 0x69, 0x67, 0x72, 0xFF, 0x61, 0x5B, 0x53,
    0x57, 0x5B, 0x67, 0x73, 0xFF, 0xE7, 0xF8, 0x65, 0x5B, 0x5B, 0x67, 0x67, 0x67, 0x6E, 0xEB, 0xE4,
    0xD7, 0xD3, 0xD3, 0xD3, 0xD4, 0xDB, 0xE4, 0xE7, 0xE7, 0xE7, 0xE7, 0xE7, 0xDB, 0xD0, 0xD2, 0xD5,
    0xE1, 0xE7, 0x73, 0x5D, 0x52, 0x4D, 0x52, 0x53, 0x53, 0x4D, 0x4C, 0x49, 0x45, 0x43, 0x3F, 0x3C,
    0x3F, 0x45, 0x45, 0x42, 0x3E, 0x3E, 0x3E, 0x3E, 0x3D, 0x3C, 0x3D, 0x3E, 0x3E, 0x3C, 0x3E, 0x3F,
    0x44, 0x45, 0x49, 0x52, 0x5B, 0x57, 0x4A, 0x45, 0x48, 0x53, 0x53, 0x53, 0x55, 0x61, 0x67, 0x61,
    0x55, 0x4E, 0x53, 0x5A, 0x5D, 0x5E, 0x5B, 0x5B, 0x5B, 0x5B, 0x60, 0x67, 0x67, 0x5E, 0x53, 0x50,
    0x4D, 0x4D, 0x4B, 0x49, 0x4B, 0x51, 0x5B, 0x5B, 0x55, 0x53, 0x53, 0x5B, 0x5B, 0x5B, 0x5C, 0x6F,
    0xFF, 0xEB, 0x6D, 0x5B, 0x6D, 0xE0, 0xCD, 0xC9, 0xCD, 0xD5, 0xDB, 0xDB, 0xDE, 0xDD, 0xDA, 0xCF,
    0xC6, 0xC0, 0xBE, 0xC2, 0xC7, 0xCD, 0xCE, 0xCF, 0xCD, 0xCD, 0xCD, 0xCD, 0xCF, 0xD3, 0xD3, 0xD3,
    0xCE, 0xCC, 0xC9, 0xCE, 0xDB, 0xE5, 0xE7, 0xE7, 0xDC, 0xD3, 0xD3, 0xD3, 0xCF, 0xCD, 0xCD, 0xD0,
    0xD3, 0xD3, 0xCE, 0xCD, 0xCD, 0xD2, 0xD3, 0xCF, 0xC5, 0xC1, 0xC1, 0xC1, 0xBF, 0xBE, 0xBF, 0xC4,
    0xC5, 0xC4, 0xBF, 0xBB, 0xBF, 0xC9, 0xCD, 0xCB, 0xC9, 0xC9, 0xC6, 0xC1, 0xBE, 0xBE, 0xC7, 0xCC,
    0xD3, 0xD7, 0xE5, 0xE7, 0xDE, 0xDB, 0xDE, 0xF7, 0x67, 0x67, 0x67, 0x6B, 0xED, 0xE7, 0xFF, 0x6B,
    0x5A, 0x4F, 0x4A, 0x4C, 0x59, 0x68, 0x71, 0x5D, 0x5D, 0x67, 0x5C, 0x53, 0x53, 0x67, 0x67, 0x67,
    0x64, 0x57, 0x53, 0x56, 0x62, 0xFF, 0xFF, 0xFF, 0x77, 0x67, 0x5B, 0x50, 0x4A, 0x4D, 0x4F, 0x53,
    0x5B, 0x5B, 0x5B, 0x50, 0x4A, 0x45, 0x45, 0x45, 0x49, 0x49, 0x49, 0x45, 0x45, 0x41, 0x3F, 0x3E,
    0x43, 0x48, 0x49, 0x44, 0x41, 0x3E, 0x40, 0x45, 0x49, 0x47, 0x46, 0x49, 0x4D, 0x4D, 0x4B, 0x49,
    0x4B, 0x51, 0x53, 0x53, 0x5A, 0x5D, 0x5E, 0x53, 0x4C, 0x49, 0x4E, 0x57, 0x5B, 0x5B, 0x61, 0x67,
    0x67, 0x5D, 0x4D, 0x4D, 0x53, 0x53, 0x53, 0x53, 0x4D, 0x52, 0x53, 0x4F, 0x4D, 0x49, 0x4C, 0x4D,
    0x4D, 0x4D, 0x53, 0x53, 0x53, 0x53, 0x53, 0x53, 0x57, 0x5B, 0x67, 0x72, 0xFF, 0xFF, 0xFF, 0xFF,
    0xFF, 0xFF, 0xE3, 0xDB, 0xDB, 0xD3, 0xCE, 0xCD, 0xC9, 0xC9, 0xC9, 0xC9, 0xCA, 0xCD, 0xCA, 0xC5,
    0xC5, 0xC5, 0xC7, 0xC7, 0xC5, 0xC5, 0xC5, 0xC5, 0xC5, 0xC9, 0xC9, 0xCC, 0xCD, 0xCD, 0xCA, 0xC9,
    0xC9, 0xCD, 0xCD, 0xCD, 0xCE, 0xD3, 0xCE, 0xCD, 0xCD, 0xD3, 0xD3, 0xD3, 0xD3, 0xD3, 0xD3, 0xCD,
    0xCB, 0xC5, 0xC5, 0xC5, 0xCA, 0xCD, 0xCD, 0xCD, 0xCD, 0xC9, 0xC8, 0xC5, 0xC5, 0xC4, 0xC5, 0xC5,
    0xC5, 0xC6, 0xC9, 0xC9, 0xC9, 0xC9, 0xC9, 0xC9, 0xC9, 0xC9, 0xC9, 0xC9, 0xC9, 0xCC, 0xD3, 0xDE,
    0xE7, 0xE7, 0xDF, 0xDB, 0xDB, 0xD6, 0xD4, 0xDF, 0xE7, 0x7A, 0x67, 0x67, 0x67, 0x74, 0xFE, 0xE7,
    0xE7, 0xEA, 0xFF, 0x68, 0x67, 0x67, 0x68, 0xFF, 0x6A, 0x67, 0x67, 0x7D, 0xE7, 0xF6, 0xFF, 0x6F,
    0x67, 0x63, 0x56, 0x53, 0x53, 0x59, 0x67, 0x67, 0x67, 0x63, 0x5B, 0x53, 0x4D, 0x4D, 0x4D, 0x49,
    0x46, 0x45, 0x45, 0x49, 0x49, 0x4D, 0x4D, 0x4B, 0x46, 0x40, 0x3E, 0x3F, 0x41, 0x41, 0x41, 0x41,
    0x45, 0x4B, 0x4D, 0x49, 0x45, 0x42, 0x42, 0x45, 0x45, 0x44, 0x44, 0x4A, 0x4D, 0x4D, 0x4C, 0x49,
    0x49, 0x4B, 0x4D, 0x4D, 0x49, 0x4D, 0x4D, 0x50, 0x53, 0x53, 0x53, 0x52, 0x4D, 0x4D, 0x4D, 0x4D,
    0x4D, 0x4C, 0x49, 0x4D, 0x50, 0x53, 0x53, 0x4F, 0x4D, 0x4D, 0x4D, 0x4D, 0x50, 0x53, 0x5B, 0x5B,
    0x5B, 0x57, 0x53, 0x53, 0x53, 0x53, 0x53, 0x59, 0xFF, 0xEF, 0xFB, 0x76, 0x5E, 0x5B, 0x78, 0xD7,
    0xCD, 0xD0, 0xE4, 0x6E, 0x5B, 0xFC, 0xD5, 0xCA, 0xCE, 0xD8, 0xE6, 0xDB, 0xD6, 0xD3, 0xD3, 0xDA,
    0xE4, 0xD7, 0xCE, 0xC9, 0xCC, 0xD4, 0xDF, 0xDD, 0xD2, 0xCB, 0xC6, 0xCB, 0xD7, 0xE7, 0xDF, 0xD4,
    0xCB, 0xC5, 0xC5, 0xCB, 0xCD, 0xCD, 0xCD, 0xD3, 0xD1, 0xCB, 0xC5, 0xC0, 0xBD, 0xBD, 0xBE, 0xC5,
    0xC9, 0xCC, 0xC9, 0xC5, 0xC2, 0xC2, 0xC5, 0xC5, 0xBF, 0xBB, 0xBB, 0xBE, 0xC8, 0xD5, 0xDB, 0xD4,
    0xC7, 0xBF, 0xBA, 0xBA, 0xBC, 0xC3, 0xD2, 0x67, 0x50, 0x4D, 0x6D, 0xCF, 0xC2, 0xBE, 0xC0, 0xC5,
    0xC3, 0xC9, 0xEF, 0x53, 0x53, 0x5C, 0x56, 0xE6, 0xCB, 0xBD, 0xD0, 0x7B, 0x5C, 0xC8, 0xC9, 0xD6,
    0x4F, 0x4B, 0x64, 0xDF, 0xCD, 0xEC, 0xDB, 0x56, 0xF0, 0xDD, 0xC6, 0xCE, 0xCA, 0xF9, 0x5F, 0x7B,
    0x67, 0x4B, 0x3F, 0x41, 0x4A, 0xD2, 0xC9, 0xCB, 0xDC, 0xFC, 0x57, 0x51, 0x4D, 0x45, 0x3F, 0x3F,
    0x41, 0x4D, 0xF5, 0xF5, 0x5A, 0x48, 0x49, 0x4A, 0x50, 0x46, 0x3E, 0x3E, 0x42, 0x4B, 0x52, 0x58,
    0x46, 0x3B, 0x39, 0x3D, 0x4F, 0x6F, 0x5D, 0x47, 0x41, 0x4D, 0x53, 0x4B, 0x3B, 0x31, 0x2F, 0x37,
    0x46, 0xE6, 0xD3, 0xED, 0x4C, 0x48, 0x52, 0x6C, 0x61, 0x40, 0x34, 0x32, 0x3F, 0xD8, 0xBF, 0xC9,
    0x4B, 0x34, 0x36, 0x49, 0xDE, 0xCD, 0xDB, 0x61, 0x5B, 0x4D, 0x45, 0x49, 0x53, 0x4C, 0x3E, 0x42,
    0x63, 0xCC, 0xC5, 0xD8, 0x4D, 0x3E, 0x3F, 0x58, 0xD3, 0xCF, 0x5E, 0x42, 0x40, 0x4D, 0xE5, 0xCA,
    0xCC, 0xE0, 0x67, 0xDD, 0xCD, 0xD6, 0x66, 0x58, 0x41, 0x4A, 0xBB, 0xB4, 0xE2, 0x51, 0xE6, 0xD0,
    0xBC, 0xBB, 0xDC, 0xDC, 0xBE, 0xDB, 0x4E, 0x67, 0xDC, 0xCE, 0xBD, 0xBF, 0xCD, 0xC1, 0xB7, 0xC2,
    0x6F, 0x53, 0x59, 0xE3, 0xBB, 0xBB, 0xDA, 0x69, 0xCB, 0xBD, 0xC0, 0xCA, 0xCF, 0xD3, 0xCD, 0xE5,
    0x4E, 0xE2, 0xBD, 0xBD, 0xD3, 0xD5, 0xC4, 0xBB, 0xB8, 0xD2, 0x4A, 0x5A, 0xBF, 0xB8, 0xC5, 0xDD,
    0xFF, 0xD5, 0xCD, 0xDE, 0xDF, 0xC3, 0xB8, 0xB9, 0xCA, 0x4C, 0x3B, 0x46, 0xD6, 0xC6, 0xCB, 0xCB,
    0xBC, 0xBB, 0xCD, 0x4E, 0x44, 0x59, 0xDE, 0x52, 0x3B, 0x46, 0xC8, 0xB7, 0xC8, 0x4A, 0x42, 0xFD,
    0xC2, 0xD2, 0x42, 0x39, 0x43, 0x5B, 0x58, 0x53, 0x6F, 0xC9, 0xC1, 0xE4, 0x3F, 0x39, 0x4F, 0xD9,
    0xE1, 0x4D, 0x42, 0x4C, 0x5E, 0xFF, 0x71, 0x67, 0xE4, 0xDB, 0xFB, 0x4F, 0x41, 0x3C, 0x3C, 0x47,
    0x72, 0xD2, 0xCD, 0xE7, 0x58, 0x4E, 0x53, 0x53, 0x44, 0x3D, 0x41, 0x51, 0x6F, 0xFF, 0xFF, 0xE9,
    0x6B, 0x47, 0x3E, 0x4E, 0xF6, 0xE7, 0x6E, 0x47, 0x4A, 0xE3, 0xCE, 0x77, 0x4F, 0x55, 0x68, 0xDD,
    0xE1, 0x61, 0x5C, 0x6E, 0x5E, 0x4D, 0x4C, 0x78, 0xC6, 0xC3, 0xCE, 0xD8, 0xD3, 0xF4, 0x4E, 0x3D,
    0x3C, 0x4F, 0xCC, 0xC1, 0xC8, 0xD5, 0xD6, 0xD3, 0xDE, 0x6F, 0x67, 0x5F, 0x54, 0x55, 0x61, 0xDB,
    0xC1, 0xBC, 0xC4, 0xD8, 0xD4, 0xCD, 0xD6, 0x7C, 0x58, 0x5A, 0xE1, 0xCD, 0xC9, 0xC9, 0xC7, 0xC1,
    0xC5, 0xDE, 0x67, 0xE2, 0xC2, 0xC2, 0xDA, 0x69, 0xE0, 0xCE, 0xE2, 0x5E, 0x7E, 0xCB, 0xC2, 0xCA,
    0xD7, 0xD4, 0xD3, 0xE6, 0x53, 0x52, 0xF5, 0xEC, 0x5F, 0x65, 0xCE, 0xC5, 0xCE, 0x5B, 0x43, 0x48,
    0xF9, 0xD4, 0x68, 0x4F, 0x5D, 0xD4, 0xCD, 0xF2, 0x4E, 0x4D, 0x74, 0xE7, 0x5A, 0x4D, 0x60, 0xDA,
    0xD8, 0xFE, 0x5B, 0x63, 0xFB, 0xE7, 0x6B, 0x4B, 0x40, 0x3E, 0x4B, 0xD7, 0xBC, 0xC6, 0x4D, 0x3C,
    0x4D, 0xDC, 0x60, 0x3B, 0x36, 0x4B, 0xCF, 0xCD, 0x6C, 0x4D, 0x4F, 0x5A, 0x4F, 0x41, 0x3D, 0x45,
    0x64, 0xD4, 0xF9, 0x41, 0x39, 0x41, 0x7A, 0xD3, 0xEA, 0x5A, 0x57, 0x76, 0xDD, 0x69, 0x49, 0x3E,
    0x43, 0x57, 0xD7, 0xC3, 0xBD, 0xC8, 0xE8, 0x67, 0x77, 0x7A, 0x57, 0x4A, 0x50, 0x6C, 0xDB, 0xD0,
    0xC4, 0xBC, 0xBC, 0xC1, 0xD8, 0x4C, 0x3C, 0x3A, 0x43, 0x61, 0xDA, 0xCE, 0xC7, 0xBF, 0xC2, 0xD2,
    0x58, 0x48, 0x45, 0x45, 0x47, 0x55, 0xE2, 0xCD, 0xCD, 0xD1, 0xCD, 0xCE, 0xF8, 0x51, 0x46, 0x4E,
    0x5A, 0x6B, 0xE2, 0xC9, 0xC1, 0xC5, 0xCA, 0xD0, 0xE5, 0x5E, 0x4F, 0x5D, 0xDC, 0xCE, 0xC8, 0xBF,
    0xBE, 0xC8, 0xD1, 0xEA, 0x6E, 0x6A, 0x6B, 0xFF, 0xDC, 0xD3, 0xCC, 0xCA, 0xCB, 0xCD, 0xD3, 0xDD,
    0xE7, 0xF7, 0x67, 0x5B, 0x5F, 0x7B, 0xE3, 0xDB, 0xDC, 0xE7, 0x6E, 0x64, 0x5B, 0x66, 0xF6, 0xDE,
    0xD3, 0xCC, 0xC9, 0xCF, 0xF5, 0x4E, 0x49, 0x4C, 0x5C, 0xF0, 0xDD, 0xD2, 0xCD, 0xCD, 0xD6, 0xE3,
    0xE7, 0xE7, 0xFA, 0x63, 0x5B, 0x67, 0x6D, 0xFF, 0xFB, 0xDF, 0xDB, 0xDD, 0x76, 0x53, 0x4C, 0x49,
    0x4E, 0x5C, 0x7C, 0xE3, 0xD6, 0xDC, 0xFA, 0x57, 0x49, 0x43, 0x41, 0x43, 0x48, 0x4E, 0x5F, 0x79,
    0x78, 0x67, 0x67, 0x67, 0x67, 0x5B, 0x50, 0x4A, 0x45, 0x43, 0x45, 0x4B, 0x57, 0xFB, 0xDF, 0xE5,
    0x77, 0x5E, 0x53, 0x53, 0x53, 0x5B, 0x5F, 0x67, 0x67, 0x67, 0x5B, 0x5B, 0x5B, 0x5B, 0x60, 0x7C,
    0xE7, 0xE7, 0x7D, 0x60, 0x55, 0x5B, 0x60, 0x7D, 0xFF, 0x6C, 0x5B, 0x53, 0x53, 0x5B, 0x61, 0x7E,
    0xE7, 0xE7, 0xE9, 0xFF, 0x69, 0x67, 0x67, 0x67, 0xF3, 0xDD, 0xDB, 0xDB, 0xE5, 0xFF, 0x6D, 0x67,
    0xF2, 0xDD, 0xD3, 0xD3, 0xD3, 0xDB, 0xDB, 0xDB, 0xD7, 0xDB, 0xDB, 0xDB, 0xDB, 0xE7, 0xE7, 0xE6,
    0xDB, 0xD5, 0xD3, 0xCF, 0xCD, 0xCD, 0xD1, 0xDC, 0xE7, 0xE7, 0xE4, 0xDB, 0xDB, 0xDB, 0xDB, 0xDB,
    0xDB, 0xDB, 0xD3, 0xD3, 0xDB, 0xDE, 0xDD, 0xDB, 0xE0, 0xE7, 0xE7, 0xE7, 0xDB, 0xD3, 0xD3, 0xDB,
    0xD7, 0xD3, 0xD3, 0xD9, 0xE6, 0xD8, 0xD3, 0xCE, 0xD8, 0xDB, 0xD9, 0xD3, 0xDB, 0xDB, 0xD5, 0xCD,
    0xD0, 0xCE, 0xCF, 0xD3, 0xDB, 0xDF, 0xE7, 0xEB, 0xFF, 0xFF, 0xF3, 0xE7, 0xFF, 0xEF, 0xDC, 0xD6,
    0xDB, 0xDB, 0xDF, 0x6E, 0x5A, 0x53, 0x53, 0x5B, 0x5B, 0x67, 0x6E, 0xEA, 0xE7, 0xF1, 0x68, 0x67,
    0x67, 0x66, 0x5B, 0x5B, 0x5B, 0x60, 0x5C, 0x5B, 0x5B, 0x69, 0xF0, 0xE7, 0x63, 0x56, 0x53, 0x5E,
    0x67, 0x67, 0x67, 0x5C, 0x5B, 0x5B, 0x67, 0x61, 0x5B, 0x53, 0x53, 0x53, 0x5B, 0x5B, 0x5B, 0x53,
    0x4E, 0x4E, 0x53, 0x53, 0x53, 0x53, 0x4D, 0x4D, 0x4D, 0x4D, 0x4D, 0x4A, 0x48, 0x48, 0x4A, 0x4D,
    0x4D, 0x4C, 0x4C, 0x4D, 0x56, 0x5B, 0x5B, 0x5B, 0x54, 0x51, 0x4D, 0x53, 0x4D, 0x4A, 0x4D, 0x4F,
    0x5A, 0x67, 0x67, 0xFF, 0xFF, 0x6A, 0x67, 0x67, 0x67, 0x62, 0x5B, 0x5B, 0x5B, 0x5B, 0x67, 0x67,
    0x67, 0xFF, 0x6C, 0x5B, 0x5B, 0x64, 0xF8, 0xE7, 0xFE, 0x73, 0x67, 0x67, 0x67, 0x67, 0xFF, 0xFF,
    0xFF, 0x67, 0x67, 0xFB, 0xDF, 0xE5, 0x76, 0x73, 0xE7, 0xDB, 0xE4, 0xE7, 0xDF, 0xDB, 0xD3, 0xD9,
    0xDB, 0xD8, 0xD3, 0xDB, 0xDB, 0xD4, 0xD3, 0xD3, 0xD4, 0xD8, 0xD3, 0xCD, 0xCC, 0xD3, 0xD6, 0xD6,
    0xD3, 0xD3, 0xD3, 0xD3, 0xCF, 0xCD, 0xD3, 0xD3, 0xD3, 0xD3, 0xDA, 0xE7, 0xE7, 0xDB, 0xDB, 0xDB,
    0xDB, 0xDB, 0xD4, 0xD3, 0xCF, 0xD3, 0xD3, 0xDA, 0xE7, 0xE7, 0xDC, 0xDE, 0xE7, 0xE6, 0xDB, 0xD5,
    0xD3, 0xD3, 0xD3, 0xD3, 0xD3, 0xD3, 0xD3, 0xD3, 0xDB, 0xDB, 0xDB, 0xDB, 0xDB, 0xD3, 0xD3, 0xD3,
    0xDB, 0xDB, 0xD3, 0xD3, 0xD3, 0xD4, 0xDB, 0xE6, 0xE7, 0xE7, 0xE7, 0xE7, 0xE7, 0xE7, 0xE7, 0xE7,
    0xDB, 0xDB, 0xE8, 0xFF, 0xFF, 0xFF, 0xFF, 0xFF, 0xFF, 0xFF, 0xFF, 0xFF, 0xFF, 0xE7, 0xE7, 0xFE,
    0x67, 0x67, 0x67, 0x67, 0x67, 0x67, 0x67, 0x67, 0x67, 0x67, 0xFF, 0x6F, 0x67, 0x67, 0x67, 0x67,
    0x67, 0x67, 0x67, 0x67, 0x5C, 0x5B, 0x5B, 0x5B, 0x53, 0x53, 0x52, 0x4D, 0x4A, 0x4B, 0x4D, 0x53,
    0x53, 0x5A, 0x5B, 0x5B, 0x5B, 0x51, 0x4B, 0x45, 0x3F, 0x3E, 0x42, 0x48, 0x4D, 0x4D, 0x51, 0x5B,
    0x5F, 0x67, 0x5B, 0x56, 0x53, 0x4D, 0x4D, 0x4E, 0x57, 0x5B, 0x5B, 0x5B, 0x5C, 0x6E, 0xFF, 0x67,
    0x5F, 0x54, 0x56, 0x62, 0xFD, 0xE7, 0xE7, 0xFF, 0x6E, 0x67, 0xFF, 0xEC, 0xE9, 0x70, 0x67, 0x67,
    0x67, 0x67, 0x61, 0x5B, 0x5B, 0x5B, 0x5B, 0x67, 0x73, 0xFF, 0xED, 0xFF, 0x67, 0x5F, 0x5B, 0x5B,
    0x5B, 0x5B, 0x53, 0x5A, 0x5D, 0x67, 0x7C, 0xFF, 0xFF, 0xFF, 0xFF, 0xEA, 0xEA, 0xFF, 0x68, 0xFF,
    0xEC, 0xCD, 0xCC, 0xCD, 0xDD, 0xDF, 0xE7, 0xDB, 0xE3, 0xDB, 0xD3, 0xCE, 0xD5, 0xDB, 0xDB, 0xD3,
    0xD3, 0xDB, 0xDB, 0xD4, 0xCC, 0xCC, 0xD4, 0xDF, 0xF8, 0x7A, 0x70, 0xFF, 0xE3, 0xDB, 0xD3, 0xD3,
    0xD3, 0xD5, 0xE0, 0xE7, 0xE7, 0xDE, 0xDB, 0xD8, 0xD3, 0xD3, 0xD8, 0xE7, 0xE7, 0xDE, 0xD3, 0xD7,
    0xDB, 0xDA, 0xCF, 0xCD, 0xCD, 0xD1, 0xD4, 0xD7, 0xD3, 0xCD, 0xCD, 0xCD, 0xCD, 0xD1, 0xCE, 0xD3,
    0xDB, 0xDB, 0xDB, 0xDB, 0xDB, 0xE4, 0xE7, 0xDF, 0xDB, 0xDB, 0xE2, 0xE7, 0xE7, 0xE7, 0xFF, 0x6E,
    0x7D, 0xFF, 0xFF, 0x66, 0x5B, 0x5B, 0x67, 0x72, 0xFF, 0x73, 0x67, 0x5B, 0x5F, 0x67, 0xFF, 0xFF,
    0x67, 0x67, 0x67, 0xFB, 0xE7, 0xE7, 0xFF, 0x6D, 0x67, 0x6D, 0xFF, 0xFF, 0xFF, 0xFF, 0xFF, 0xFF,
    0xFD, 0xEE, 0xFF, 0x67, 0x67, 0x7D, 0xFF, 0x6C, 0x66, 0x5B, 0x5B, 0x53, 0x53, 0x5B, 0x5B, 0x5B,
    0x5C, 0x5F, 0x5B, 0x59, 0x53, 0x53, 0x56, 0x55, 0x53, 0x53, 0x53, 0x53, 0x53, 0x53, 0x53, 0x53,
    0x53, 0x57, 0x5B, 0x5B, 0x5B, 0x5B, 0x5B, 0x55, 0x53, 0x58, 0x5B, 0x5B, 0x5B, 0x5C, 0x67, 0x67,
    0x64, 0x5B, 0x66, 0x67, 0x5E, 0x5B, 0x5F, 0x67, 0x63, 0x5B, 0x5B, 0x5E, 0x67, 0x65, 0x5B, 0x5B,
    0x5B, 0x5B, 0x5B, 0x5B, 0x5B, 0x52, 0x4F, 0x53, 0x5D, 0x67, 0x67, 0x5B, 0x5B, 0x5B, 0x60, 0x67,
    0x67, 0x67, 0x67, 0x6E, 0xFF, 0xFF, 0xFF, 0xFF, 0xFF, 0xEC, 0xE7, 0xE7, 0xE7, 0xE7, 0xE7, 0xDC,
    0xDB, 0xDB, 0xDB, 0xDB, 0xD4, 0xD5, 0xDB, 0xE7, 0xE7, 0xE7, 0xE7, 0xE7, 0xE7, 0xE7, 0xDE, 0xDB,
    0xDB, 0xDB, 0xE7, 0xE7, 0xE7, 0xE7, 0xE7, 0xE7, 0xE7, 0xF9, 0xFF, 0xEE, 0xE7, 0xE7, 0xE7, 0xE7,
    0xE7, 0xF9, 0xE7, 0xE7, 0xE7, 0xE7, 0xE7, 0xE7, 0xE0, 0xDB, 0xDA, 0xD3, 0xDB, 0xDB, 0xDB, 0xDB,
    0xDB, 0xD4, 0xDB, 0xD6, 0xD3, 0xD3, 0xCE, 0xCD, 0xD0, 0xD3, 0xDB, 0xDB, 0xDB, 0xD3, 0xD3, 0xDB,
    0xDB, 0xDB, 0xDB, 0xDB, 0xDB, 0xDB, 0xDB, 0xE7, 0xF1, 0xE8, 0xE7, 0xE7, 0xE9, 0xFF, 0xFF, 0xFF,
    0xFF, 0xFF, 0xFF, 0xFF, 0xFF, 0xFF, 0xFF, 0xFF, 0xFF, 0xFF, 0xFF, 0xFF, 0xE7, 0xEF, 0xFF, 0xFF,
    0xED, 0xFF, 0xFF, 0xEB, 0xE5, 0xDB, 0xE6, 0xE7, 0xF5, 0xFF, 0xFF, 0xFF, 0xFF, 0x6E, 0x67, 0x6C,
    0xFF, 0xE8, 0xFF, 0xFF, 0xFF, 0xFF, 0xFF, 0x67, 0x5D, 0x5A, 0x57, 0x5B, 0x5B, 0x5B, 0x5B, 0x5E,
    0x67, 0x67, 0x5F, 0x5B, 0x5B, 0x5B, 0x53, 0x53, 0x53, 0x54, 0x5B, 0x5B, 0x5B, 0x5B, 0x5B, 0x5B,
    0x5B, 0x67, 0x67, 0x5C, 0x5B, 0x5B, 0x5C, 0x67, 0x67, 0x67, 0x67, 0x67, 0x67, 0x67, 0x67, 0x67,
    0x67, 0x5B, 0x5B, 0x5B, 0x67, 0x76, 0x67, 0x5F, 0x5B, 0x5B, 0x5B, 0x67, 0x5B, 0x5B, 0x5B, 0x5B,
    0x5B, 0x5B, 0x62, 0x67, 0x60, 0x5B, 0x5B, 0x5B, 0x5B, 0x5B, 0x5B, 0x67, 0x67, 0x67, 0x67, 0x67,
    0x67, 0xFF, 0xFF, 0xFF, 0x70, 0x67, 0x67, 0x67, 0x7E, 0xFF, 0xFF, 0xFF, 0xFF, 0xE9, 0xE7, 0xE7,
    0xE7, 0xFF, 0xFF, 0xE7, 0xEF, 0xFF, 0xFF, 0xFF, 0xFE, 0xE7, 0xE7, 0xE7, 0xE7, 0xE7, 0xEC, 0xEC,
    0xE8, 0xFF, 0xFF, 0xFF, 0xFF, 0xFF, 0xFF, 0xFF, 0xFF, 0xF0, 0xE7, 0xE7, 0xE7, 0xE7, 0xFF, 0xEC,
    0xE7, 0xE7, 0xFA, 0xFF, 0xFF, 0xE7, 0xE1, 0xDB, 0xDB, 0xDB, 0xDB, 0xDB, 0xDB, 0xDB, 0xDB, 0xE4,
    0xE7, 0xE7, 0xE7, 0xDB, 0xDB, 0xDB, 0xDB, 0xDB, 0xDB, 0xDB, 0xDB, 0xDB, 0xE2, 0xE7, 0xE7, 0xE7,
    0xE7, 0xE7, 0xE7, 0xDB, 0xDB, 0xDB, 0xDF, 0xE7, 0xE7, 0xE7, 0xE7, 0xE7, 0xE7, 0xE7, 0xE7, 0xE7,
    0xE7, 0xE7, 0xE7, 0xDB, 0xDB, 0xE7, 0xE7, 0xFC, 0xF6, 0xE7, 0xE7, 0xE7, 0xE7, 0xE7, 0xE7, 0xE7,
    0xE7, 0xE7, 0xE7, 0xE7, 0xE7, 0xFF, 0xFF, 0xE8, 0xE7, 0xE7, 0xE7, 0xE7, 0xE7, 0xE7, 0xF2, 0xFF,
    0xFF, 0xFF, 0xFF, 0xFF, 0xFF, 0xFF, 0xFF, 0xFF, 0xFF, 0xFF, 0x67, 0x67, 0x67, 0x67, 0x67, 0x67,
    0x67, 0x67, 0x67, 0x67, 0x67, 0x67, 0x67, 0x67, 0x67, 0x67, 0x67, 0x67, 0x67, 0x67, 0x67, 0x67,
    0x67, 0x67, 0x67, 0x67, 0x67, 0x67, 0x67, 0x67, 0x67, 0x67, 0x67, 0x67, 0x67, 0x67, 0x67, 0x69,
    0xFF, 0xFF, 0x67, 0x67, 0x5B, 0x67, 0x67, 0x67, 0x67, 0x67, 0x67, 0x67, 0x67, 0x67, 0x67, 0x5B,
    0x60, 0x67, 0x67, 0x67, 0x67, 0x60, 0x5B, 0x5D, 0x67, 0x67, 0x67, 0x67, 0x67, 0x67, 0x67, 0x67,
    0x67, 0x67, 0x67, 0x67, 0x67, 0x6F, 0x69, 0x67, 0x67, 0xFF, 0xFF, 0xFF, 0x67, 0x67, 0x7B, 0xFF,
    0xFF, 0xFF, 0xFF, 0xFF, 0x67, 0x70, 0xFF, 0xFF, 0xFF, 0x7D, 0x6E, 0xFF, 0xFF, 0xFF, 0xFF, 0xFF,
    0xFF, 0xFF, 0xFF, 0xFF, 0xFF, 0xFF, 0xFF, 0xFF, 0xFF, 0xFF, 0xFF, 0xFF, 0xFF, 0xED, 0xE7, 0xE7,
    0xF7, 0xFB, 0xE7, 0xE7, 0xE7, 0xE7, 0xE7, 0xE7, 0xE7, 0xE7, 0xE7, 0xE7, 0xE7, 0xE7, 0xE7, 0xE7,
    0xE7, 0xE7, 0xDF, 0xDB, 0xDE, 0xE7, 0xE7, 0xE7, 0xE7, 0xE7, 0xE7, 0xE7, 0xE7, 0xE7, 0xE7, 0xE7,
    0xE7, 0xE7, 0xE7, 0xE7, 0xF3, 0xE7, 0xE7, 0xE7, 0xE7, 0xEB, 0xED, 0xE7, 0xE7, 0xE7, 0xEA, 0xFF,
    0xFF, 0xFF, 0xFF, 0xE7, 0xE7, 0xE7, 0xE7, 0xE7, 0xE7, 0xE7, 0xE7, 0xE7, 0xE7, 0xE7, 0xE7, 0xE7,
    0xFD, 0xF4, 0xE7, 0xE7, 0xE7, 0xE7, 0xE7, 0xE7, 0xE7, 0xED, 0xFF, 0xFF, 0xFF, 0xFF, 0xE7, 0xF3,
    0xFF, 0xFF, 0xFF, 0xFF, 0xFF, 0xFF, 0xFF, 0xFF, 0xFF, 0xFF, 0xFF, 0xFF, 0xFF, 0xFF, 0xFF, 0xFF,
    0xFF, 0xFF, 0xFF, 0xFF, 0xFF, 0xFF, 0xFF, 0xFF, 0xFF, 0xFF, 0xFF, 0xFF, 0xFF, 0xFF, 0xFF, 0xFF,
    0xFF, 0xFF, 0xFF, 0xFF, 0xFF, 0xFF, 0xFF, 0xFF, 0xFF, 0x6F, 0x67, 0x67, 0x67, 0x67, 0x67, 0x67,
    0x67, 0x67, 0x67, 0x67, 0x67, 0x67, 0x67, 0x67, 0x67, 0x67, 0x67, 0x67, 0x67, 0x67, 0x67, 0x67,
    0x67, 0x67, 0x67, 0x67, 0x67, 0x67, 0x67, 0x67, 0x67, 0x67, 0x67, 0x67, 0x76, 0x67, 0x67, 0x67,
    0x67, 0x67, 0x67, 0x67, 0x67, 0x69, 0xFF, 0xFF, 0xFF, 0xFF, 0xFF, 0xFF, 0xFF, 0x79, 0x67, 0x7C,
    0xFF, 0xFF, 0x67, 0x67, 0x79, 0xFF, 0xFF, 0xFF, 0x74, 0x75, 0xFF, 0xFF, 0xFF, 0xFF, 0x6E, 0x67,
    0x67, 0x76, 0xFF, 0xFF, 0xFF, 0x67, 0x67, 0x7E, 0xFF, 0xFF, 0xFF, 0x6F, 0x67, 0xFF, 0xFF, 0xFF,
    0xFF, 0xFF, 0xFF, 0xEF, 0xE7, 0xE7, 0xF4, 0xFF, 0xFF, 0xEA, 0xE7, 0xE7, 0xFD, 0xFF, 0xFF, 0xE7,
    0xE7, 0xE7, 0xE7, 0xF2, 0xFF, 0xE7, 0xE7, 0xE7, 0xEF, 0xFF, 0xE7, 0xE7, 0xE7, 0xE7, 0xE7, 0xE9,
    0xFF, 0xFF, 0xF7, 0xE7, 0xFF, 0xFF, 0xFF, 0xFF, 0xFF, 0xE9, 0xE7, 0xE7, 0xE8, 0xFF, 0xFF, 0xF9,
    0xE7, 0xE7, 0xEC, 0xFF, 0xFF, 0xFF, 0xEA, 0xE7, 0xE7, 0xE7, 0xFF, 0xFF, 0xE7, 0xE7, 0xE7, 0xEB,
    0xFF, 0xFF, 0xE7, 0xE7, 0xE7, 0xEF, 0xE9, 0xE7, 0xE7, 0xE7, 0xE7, 0xF7, 0xFF, 0xFF, 0xFF, 0xFF,
    0xED, 0xE8, 0xFF, 0xFF, 0xFF, 0xFF, 0xFF, 0xE7, 0xF5, 0xFF, 0xFF, 0xFF, 0xFF, 0xFF, 0xFF, 0xFF,
    0xFF, 0xFF, 0xFF, 0xFF, 0xFF, 0xFF, 0xFF, 0xFF, 0xFF, 0xFF, 0xFF, 0xFF, 0xFF, 0xFF, 0xFF, 0xFF,
    0xFF, 0xFF, 0xFF, 0xFF, 0xFF, 0xFF, 0xFF, 0xFF, 0xFF, 0xFF, 0xFF, 0xFF, 0xFF, 0xFF, 0xFF, 0xFF,
    0xFF, 0xFF, 0xFF, 0xFF, 0x67, 0x67, 0x67, 0x67, 0x67, 0x67, 0x67, 0x67, 0x67, 0x75, 0x7C, 0x67,
    0x7A, 0x67, 0x72, 0x67, 0x67, 0x67, 0x67, 0x67, 0x7B, 0xFF, 0xFF, 0xFF, 0xFF, 0xFF, 0xFF, 0xFF,
    0x69, 0x67, 0x74, 0x7D, 0x6E, 0xFF, 0xFF, 0xFF, 0xFF, 0xFF, 0xFF, 0xFF, 0xFF, 0xFF, 0xFF, 0x6E,
    0x67, 0x67, 0x67, 0x68, 0xFF, 0xFF, 0xFF, 0xFF, 0xFF, 0xFF, 0xFF, 0xFF, 0xFF, 0xFF, 0x77, 0x72,
    0xFF, 0xFF, 0xFF, 0xFF, 0xFF, 0xFF, 0xFF, 0xFF, 0xFF, 0xFF, 0xFF, 0xFF, 0xFF, 0xFF, 0xFF, 0xFF,
    0xFF, 0xFF, 0xFF, 0xFF, 0xFF, 0xFF, 0xFF, 0xFF, 0xFF, 0xFF, 0xFF, 0xFF, 0xFF, 0xFF, 0xFF, 0xFF,
    0xFF, 0xFF, 0xFF, 0xFF, 0xFF, 0xFF, 0xFF, 0xFF, 0xFF, 0xFF, 0xFF, 0xFF, 0xFF, 0xFF, 0xFF, 0xFF,
    0xFF, 0xFF, 0xFF, 0xFF, 0xFF, 0xFF, 0xFF, 0xFF, 0xFF, 0xFF, 0xFF, 0xFF, 0xFF, 0xFF, 0xFF, 0xFF,
    0xFF, 0xFF, 0xE8, 0xE7, 0xF6, 0xFF, 0xFF, 0xFF, 0xFF, 0xFF, 0xFF, 0xFF, 0xFF, 0xFF, 0xFF, 0xFF,
    0xFF, 0xFF, 0xFF, 0xFF, 0xFF, 0xFF, 0xFF, 0xFF, 0xFF, 0xFF, 0xFF, 0xFF, 0xFF, 0xFF, 0xFF, 0xFF,
    0xFF, 0xFF, 0xFF, 0xFF, 0xFF, 0xFF, 0xFF, 0xFF, 0xFF, 0xFF, 0xFF, 0xFF, 0xFF, 0xFF, 0xFF, 0xE8,
    0xE7, 0xF6, 0xFF, 0xEF, 0xE7, 0xE7, 0xE7, 0xE7, 0xFF, 0xFF, 0xFF, 0xFF, 0xFF, 0xFF, 0xFF, 0xFF,
    0xFF, 0xFF, 0xFF, 0xFF, 0xFF, 0xFF, 0xFF, 0xFF, 0xFF, 0xFF, 0xFF, 0xFF, 0xFF, 0xFF, 0xFF, 0xFF,
    0xFF, 0xFF, 0xFF, 0xFF, 0xFF, 0xFF, 0xFF, 0xFF, 0xFF, 0xFF, 0xFF, 0xFF, 0xFF, 0xFF, 0xFF, 0xFF,
    0xFF, 0xFF, 0xFF, 0xFF, 0xFF, 0xFF, 0xFF, 0xFF, 0xFF, 0xFF, 0xFF, 0xFF, 0xFF, 0xFF, 0xFF, 0xFF,
    0xFF, 0xFF, 0xFF, 0xFF, 0xFF, 0xFF, 0xEA, 0xFF, 0xFF, 0xFF, 0xFF, 0xFF, 0xFF, 0xFF, 0xFF, 0x67,
    0x67, 0x7E, 0xFF, 0xEB, 0xFF, 0xFF, 0xFF, 0xFF, 0xFF, 0xFF, 0xFF, 0xFF, 0xFF, 0xFF, 0xFF, 0xFF,
    0xFF, 0xFF, 0xFF, 0xFF, 0xFF, 0xFF, 0xFF, 0xFF, 0xFF, 0xFF, 0xFF, 0xFF, 0xFF, 0xFF, 0xFF, 0xFF,
    0xFF, 0xFF, 0xFF, 0xFF, 0xFF, 0xFF, 0xFF, 0xFF, 0xFF, 0xFF, 0xFF, 0xFF, 0xFF, 0xFF, 0xFF, 0xFF,
    0xFF, 0xFF, 0xFF, 0xFF, 0xFF, 0xFF, 0xFF, 0xFF, 0xFF, 0xFF, 0xFF, 0xFF, 0xFF, 0xFF, 0xFF, 0xFF,
    0xFF, 0xFF, 0xFF, 0xFF, 0xFF, 0xFF, 0xFF, 0xFF, 0xFF, 0xFF, 0xFF, 0xFF, 0xFF, 0xFF, 0xFF, 0xFF,
    0xFF, 0xFF, 0xFF, 0xFF, 0xFF, 0xFF, 0xFF, 0xFF, 0xFF, 0xFF, 0xFF, 0xFF, 0xFF, 0xFF, 0xFF, 0xFF,
    0xFF,
};
static const unsigned int snd_anomaly_len = 17569;

/* tick.wav: 8162 bytes @ 8kHz u-law */
static const unsigned char snd_tick[] = {
    0xFF, 0xFF, 0xFF, 0xFF, 0xFF, 0xFF, 0xFF, 0xFF, 0xFF, 0xFF, 0xFF, 0xFF, 0xFF, 0xFF, 0xFF, 0xFF,
    0xFF, 0xFF, 0xFF, 0xFF, 0xFF, 0xFF, 0xFF, 0xFF, 0xFF, 0xFF, 0xFF, 0xFF, 0xFF, 0xFF, 0xFF, 0xFF,
    0xFF, 0xFF, 0xFF, 0xFF, 0xFF, 0xFF, 0xFF, 0xFF, 0xFF, 0xFF, 0xFF, 0xFF, 0xFF, 0xFF, 0xFF, 0xFF,
    0xFF, 0xFF, 0xFF, 0xFF, 0xFF, 0xFF, 0xFF, 0xFF, 0xFF, 0xFF, 0xFF, 0xFF, 0xFF, 0xFF, 0xFF, 0xFF,
    0xFF, 0xFF, 0xFF, 0xFF, 0xFF, 0xFF, 0xFF, 0xFF, 0xFF, 0xFF, 0xFF, 0xFF, 0xFF, 0xFF, 0xFF, 0xFF,
    0xFF, 0xFF, 0xFF, 0xFF, 0xFF, 0xFF, 0xFF, 0xFF, 0xFF, 0xFF, 0xFF, 0xFF, 0xFF, 0xFF, 0xFF, 0xFF,
    0xFF, 0xFF, 0xFF, 0xFF, 0xFF, 0xFF, 0xFF, 0xFF, 0xFF, 0xFF, 0xFF, 0xFF, 0xFF, 0xFF, 0xFF, 0xFF,
    0xFF, 0xFF, 0xFF, 0xFF, 0xFF, 0xFF, 0xFF, 0xFF, 0xFF, 0xFF, 0xFF, 0xFF, 0xFF, 0xFF, 0xFF, 0xFF,
    0xFF, 0xFF, 0xFF, 0xFF, 0xFF, 0xFF, 0xFF, 0xFF, 0xFF, 0xFF, 0xFF, 0xFF, 0xFF, 0xFF, 0xFF, 0xFF,
    0xFF, 0xFF, 0xFF, 0xFF, 0xFF, 0xFF, 0xFF, 0xFF, 0xFF, 0xFF, 0xFF, 0xFF, 0xFF, 0xFF, 0xFF, 0xFF,
    0xFF, 0xFF, 0xFF, 0xFF, 0xFF, 0xFF, 0xFF, 0xFF, 0xFF, 0xFF, 0xFF, 0xFF, 0xFF, 0xFF, 0xFF, 0xFF,
    0xFF, 0xFF, 0xFF, 0xFF, 0xFF, 0xFF, 0xFF, 0xFF, 0xFF, 0xFF, 0xFF, 0xFF, 0xFF, 0xFF, 0xFF, 0xFF,
    0xFF, 0xFF, 0xFF, 0xFF, 0xFF, 0xFF, 0xFF, 0xFF, 0xFF, 0xFF, 0xFF, 0xFF, 0xFF, 0xFF, 0xFF, 0xFF,
    0xFF, 0xFF, 0xFF, 0xFF, 0xFF, 0xFF, 0xFF, 0xFF, 0xFF, 0xFF, 0xFF, 0xFF, 0xFF, 0xFF, 0xFF, 0xFF,
    0xFF, 0xFF, 0xFF, 0xFF, 0xEE, 0x67, 0xDC, 0x7D, 0x6E, 0x64, 0x6E, 0xDB, 0xD7, 0x5B, 0x53, 0xBF,
    0x51, 0xF2, 0xC6, 0x42, 0xD9, 0xDA, 0x4A, 0xE1, 0x55, 0x4F, 0xBC, 0xC6, 0x48, 0xBC, 0xB4, 0x46,
    0xF9, 0xE9, 0xBF, 0x3F, 0x45, 0xC7, 0xD8, 0xC5, 0x3E, 0x46, 0xC5, 0xB9, 0xBD, 0x45, 0x55, 0x5F,
    0xD9, 0xB8, 0x5E, 0xB5, 0x4C, 0x39, 0xD6, 0xBE, 0xAF, 0x4A, 0x35, 0x6A, 0xB1, 0x5C, 0xB6, 0xC3,
    0x22, 0xC7, 0xA9, 0x3D, 0xFD, 0x2C, 0xDB, 0x4C, 0xB8, 0xBC, 0xC2, 0xBB, 0x27, 0xA5, 0xB3, 0xCD,
    0x38, 0x2B, 0x39, 0xA6, 0xC9, 0x4B, 0x4F, 0x46, 0x58, 0x9F, 0xD6, 0x3F, 0x3A, 0x66, 0x55, 0xC1,
    0x2C, 0x76, 0x24, 0x9B, 0x35, 0x9B, 0x33, 0x3A, 0x9B, 0x39, 0xB8, 0xC1, 0x2D, 0x2D, 0x62, 0xA8,
    0xD9, 0xBE, 0x2E, 0x47, 0xC3, 0x4B, 0xAF, 0x43, 0x2D, 0x4C, 0xC5, 0xCC, 0xA7, 0xA8, 0x38, 0xB8,
    0x43, 0x2C, 0xB9, 0x28, 0x37, 0x9C, 0x22, 0x46, 0xB3, 0xA3, 0xA2, 0xA8, 0xB0, 0x4D, 0x3E, 0x2D,
    0x1F, 0x39, 0x18, 0xBD, 0x26, 0x4E, 0x97, 0xA0, 0xF2, 0xB0, 0x90, 0x43, 0x26, 0x10, 0xBD, 0xA5,
    0x33, 0x1D, 0x1E, 0xC1, 0x99, 0xAF, 0x9E, 0x3E, 0x1C, 0xB5, 0xD0, 0x4E, 0xC9, 0x37, 0x1C, 0x2C,
    0x8F, 0x9E, 0x30, 0x14, 0xC9, 0xAB, 0x97, 0xB1, 0x1D, 0x23, 0xAD, 0xBD, 0xA7, 0x27, 0x20, 0x23,
    0xA4, 0xA9, 0xCD, 0x3C, 0xE3, 0xB0, 0xAC, 0x9E, 0xB1, 0x23, 0x1D, 0x71, 0xAE, 0x59, 0x25, 0x34,
    0xAE, 0xB6, 0xBF, 0xB3, 0xBB, 0x3C, 0x41, 0x67, 0x2F, 0x3E, 0x74, 0x49, 0xE6, 0xAF, 0xAE, 0xA8,
    0xBC, 0xBA, 0xBF, 0x4F, 0x2F, 0x2F, 0x28, 0x3F, 0x42, 0x58, 0xB8, 0xB1, 0xA0, 0xB9, 0xA8, 0xB0,
    0x2C, 0x53, 0x2D, 0x3A, 0x28, 0xAD, 0xC4, 0x39, 0xA6, 0x36, 0xA5, 0x4A, 0xB0, 0xCC, 0x23, 0xA6,
    0x1C, 0x4A, 0x9E, 0x33, 0x4A, 0xBE, 0x9B, 0x9F, 0x50, 0xEA, 0x1C, 0x9A, 0x34, 0x28, 0xD0, 0x1F,
    0xD8, 0x4B, 0xAD, 0x9D, 0x3E, 0x22, 0x3E, 0xC3, 0xAE, 0xA0, 0x2A, 0x31, 0x37, 0xA8, 0xAB, 0x36,
    0x2D, 0xDE, 0xA6, 0x59, 0x2B, 0x71, 0x33, 0xB6, 0x4B, 0xAC, 0xB7, 0xC5, 0x1B, 0x7A, 0xBF, 0xB4,
    0x27, 0x19, 0x9B, 0xB8, 0xC2, 0x39, 0xAD, 0xAB, 0x27, 0xA8, 0xB9, 0x0E, 0x32, 0x20, 0xAA, 0xBC,
    0xC1, 0xA6, 0xB4, 0x4B, 0xA8, 0xDF, 0xBA, 0x1F, 0xA4, 0x29, 0x23, 0x9C, 0x2D, 0x3C, 0x1D, 0x45,
    0x9C, 0xC7, 0xA0, 0x58, 0x19, 0x2C, 0xCC, 0xA5, 0xBB, 0x25, 0x23, 0x35, 0xCC, 0x9D, 0xBB, 0x22,
    0x1E, 0x2C, 0x9D, 0x93, 0x2A, 0x38, 0x1E, 0x4D, 0xA8, 0xB0, 0x3C, 0x1B, 0x25, 0xAD, 0xAA, 0xAA,
    0x2D, 0x1C, 0x2E, 0xB7, 0x9B, 0xB4, 0x27, 0x28, 0x1F, 0xE7, 0xAE, 0xAD, 0x3E, 0x34, 0x77, 0xA7,
    0x72, 0x3D, 0x30, 0x37, 0x59, 0xBA, 0xB2, 0xC9, 0x2C, 0x5E, 0x4C, 0xAF, 0xCD, 0x42, 0x60, 0xDF,
    0x69, 0x3E, 0x3F, 0x4B, 0xDD, 0x78, 0xB7, 0xB7, 0xC9, 0xEA, 0x44, 0x67, 0x7E, 0x51, 0x44, 0xEB,
    0x67, 0xC3, 0x6E, 0x6C, 0x45, 0xFB, 0xCB, 0xC8, 0xE5, 0xC9, 0xDE, 0x5F, 0x47, 0x45, 0xFF, 0xC5,
    0xC2, 0x6E, 0x5F, 0xDB, 0x5B, 0x46, 0x72, 0xD3, 0xD2, 0xC8, 0xBF, 0xC9, 0x4F, 0x54, 0x5E, 0x58,
    0x59, 0x5E, 0xBB, 0xBE, 0xC5, 0xDB, 0x5B, 0xD3, 0x45, 0x70, 0xC2, 0xEC, 0x4C, 0x45, 0x4D, 0xD5,
    0x6C, 0xF0, 0xDD, 0xCC, 0xBF, 0xBD, 0x48, 0x3E, 0x59, 0xDB, 0x6B, 0x5C, 0xEA, 0xC0, 0xEB, 0xC8,
    0x6D, 0x6C, 0x5C, 0xED, 0xCD, 0xCF, 0xFF, 0xFF, 0x3C, 0x58, 0xE7, 0xDE, 0xD8, 0xF1, 0x6E, 0xF3,
    0x4C, 0x69, 0x3E, 0x44, 0xC4, 0xEC, 0x5F, 0x54, 0x50, 0x5B, 0x78, 0x41, 0x53, 0x79, 0x70, 0x68,
    0xDF, 0xE8, 0x5A, 0x4C, 0x46, 0x54, 0xE0, 0x4E, 0x49, 0x4C, 0x3E, 0x56, 0x45, 0x4D, 0xD9, 0x37,
    0xC5, 0x5C, 0x44, 0x58, 0x3A, 0xC8, 0x3F, 0x3A, 0xE7, 0xB6, 0x34, 0x3F, 0x74, 0x4E, 0xF6, 0x2A,
    0xCD, 0xCC, 0x3C, 0x40, 0x3C, 0x4C, 0x48, 0xF9, 0xDC, 0x50, 0x42, 0xB8, 0x5C, 0x33, 0x40, 0xC7,
    0x77, 0x3B, 0x4D, 0xFA, 0xFE, 0x3B, 0x6F, 0xEC, 0x4E, 0x49, 0x57, 0x67, 0x4E, 0x51, 0x49, 0x35,
    0x45, 0xD0, 0x6B, 0x4C, 0x67, 0xF2, 0xE7, 0x3A, 0x46, 0x54, 0x43, 0x48, 0xDD, 0x47, 0x4A, 0x6D,
    0x6D, 0x47, 0x4E, 0xD3, 0x62, 0x49, 0x52, 0x65, 0x3D, 0x5A, 0x49, 0x47, 0xF0, 0x6A, 0xD9, 0x4F,
    0x47, 0x79, 0x5F, 0x45, 0x52, 0xCD, 0xD9, 0x3E, 0x3A, 0xBF, 0x65, 0x45, 0x48, 0xFD, 0xF8, 0x4E,
    0x3F, 0x5C, 0xE4, 0x5E, 0x45, 0x48, 0x63, 0xE1, 0x56, 0x52, 0x4D, 0x44, 0x48, 0x60, 0x5C, 0x4B,
    0x51, 0x68, 0x61, 0x47, 0x49, 0x4C, 0x7B, 0x53, 0x46, 0x55, 0x67, 0x56, 0x47, 0x48, 0x5B, 0x5D,
    0x4B, 0x76, 0x53, 0x4D, 0x51, 0x4B, 0x53, 0x4F, 0x4E, 0x4A, 0x50, 0x76, 0x52, 0x45, 0x4E, 0x58,
    0x53, 0x5E, 0x59, 0x53, 0x5B, 0x4D, 0x42, 0x4D, 0x58, 0x4E, 0x5D, 0x67, 0x74, 0x5E, 0x61, 0x49,
    0x58, 0x6E, 0x6A, 0x53, 0x5B, 0x5B, 0x52, 0x53, 0x54, 0x55, 0x61, 0x67, 0x67, 0x77, 0x5C, 0x5B,
    0x53, 0x5D, 0x67, 0x67, 0x60, 0x64, 0x6F, 0x53, 0x77, 0x67, 0x74, 0x68, 0xF1, 0xD6, 0x67, 0x71,
    0x68, 0xFF, 0x60, 0x79, 0x5B, 0x74, 0xE0, 0xED, 0x5B, 0xED, 0xEC, 0xE9, 0xEF, 0xDC, 0xDF, 0x6D,
    0x53, 0xE7, 0xDD, 0x63, 0x60, 0xE9, 0xD0, 0xE2, 0xE8, 0xFF, 0xDF, 0xDB, 0xE0, 0x6A, 0xDA, 0xEC,
    0xE4, 0xCF, 0xE4, 0xF1, 0x69, 0xD5, 0xD3, 0xD9, 0xDB, 0xDB, 0xE5, 0xE7, 0xDF, 0xDB, 0xD3, 0xDF,
    0xFC, 0xE7, 0xD6, 0xDD, 0xDE, 0xDB, 0xDB, 0xE3, 0xEF, 0xCF, 0xDA, 0xD7, 0xD6, 0xE7, 0xD5, 0xD8,
    0xCF, 0xD7, 0xCE, 0xCD, 0xD6, 0xD4, 0xDB, 0xD5, 0xCE, 0xD8, 0xDB, 0xCD, 0xD1, 0xD3, 0xD0, 0xD2,
    0xD3, 0xCD, 0xC9, 0xD3, 0xD3, 0xC9, 0xCB, 0xD2, 0xD8, 0xCB, 0xC9, 0xD6, 0xD0, 0xC6, 0xCD, 0xDA,
    0xD9, 0xCF, 0xC9, 0xCC, 0xCC, 0xC9, 0xC9, 0xCD, 0xCB, 0xCD, 0xD3, 0xC9, 0xCD, 0xCD, 0xCD, 0xD3,
    0xCB, 0xCD, 0xD2, 0xC9, 0xCD, 0xC8, 0xD8, 0xCE, 0xCC, 0xCC, 0xDB, 0xCE, 0xC6, 0xCA, 0xCB, 0xCD,
    0xCD, 0xD1, 0xCD, 0xC7, 0xCC, 0xCC, 0xC9, 0xC9, 0xCC, 0xCE, 0xCA, 0xCF, 0xCD, 0xCD, 0xCB, 0xC9,
    0xC8, 0xCC, 0xD1, 0xC9, 0xC6, 0xCC, 0xCF, 0xCE, 0xCE, 0xC9, 0xC9, 0xC9, 0xC9, 0xC8, 0xC8, 0xCD,
    0xCC, 0xC9, 0xCD, 0xCD, 0xCA, 0xC7, 0xCC, 0xC5, 0xC7, 0xC9, 0xD0, 0xC7, 0xC9, 0xCF, 0xC9, 0xC5,
    0xC3, 0xC9, 0xC6, 0xCC, 0xD3, 0xC9, 0xCD, 0xCE, 0xCF, 0xCA, 0xC7, 0xC7, 0xC6, 0xC9, 0xCD, 0xD3,
    0xCD, 0xC9, 0xCB, 0xCD, 0xCA, 0xCD, 0xCA, 0xC6, 0xC9, 0xC9, 0xC4, 0xCC, 0xCE, 0xD0, 0xCD, 0xCD,
    0xD0, 0xCA, 0xC9, 0xCC, 0xCD, 0xCD, 0xCA, 0xCD, 0xCB, 0xCD, 0xD3, 0xCE, 0xD3, 0xCF, 0xCD, 0xD1,
    0xCD, 0xD3, 0xD3, 0xD3, 0xD1, 0xCC, 0xCD, 0xD9, 0xD3, 0xD3, 0xCF, 0xD3, 0xD3, 0xD3, 0xD3, 0xD1,
    0xCD, 0xCD, 0xCF, 0xDA, 0xD3, 0xD3, 0xCE, 0xCF, 0xD3, 0xDB, 0xD0, 0xCD, 0xCD, 0xCD, 0xCD, 0xCF,
    0xD3, 0xD3, 0xD7, 0xD4, 0xCE, 0xD3, 0xCD, 0xC9, 0xCD, 0xD5, 0xD7, 0xCE, 0xD3, 0xD3, 0xD3, 0xD3,
    0xD3, 0xD3, 0xCF, 0xCD, 0xCF, 0xD3, 0xD3, 0xCF, 0xD3, 0xD3, 0xCF, 0xD3, 0xD6, 0xD0, 0xD3, 0xD0,
    0xD2, 0xD2, 0xCD, 0xD3, 0xD0, 0xD1, 0xCD, 0xCD, 0xD2, 0xD3, 0xD3, 0xD3, 0xDB, 0xD5, 0xDA, 0xCF,
    0xD3, 0xCF, 0xD9, 0xDB, 0xD7, 0xDB, 0xD3, 0xD8, 0xDB, 0xD9, 0xD3, 0xE7, 0xE0, 0xDB, 0xDB, 0xE0,
    0xE7, 0xDB, 0xDB, 0xDB, 0xDB, 0xDB, 0xDD, 0xE7, 0xE7, 0xF4, 0xDE, 0xDC, 0xDF, 0xDB, 0xE7, 0xE7,
    0xFF, 0xED, 0xFF, 0xE9, 0xFF, 0xDD, 0xEC, 0xED, 0xDB, 0xDF, 0xE7, 0xE7, 0xE7, 0xE7, 0xFF, 0xEC,
    0xE8, 0xFF, 0xFF, 0xF9, 0xF1, 0xFF, 0xED, 0xE2, 0xFF, 0xFF, 0xFF, 0x6A, 0xFF, 0xFF, 0x74, 0x67,
    0xFF, 0x6F, 0x67, 0x67, 0x72, 0x67, 0x6D, 0x6B, 0x67, 0x67, 0x5C, 0x5D, 0x67, 0x67, 0x67, 0x5D,
    0x5B, 0x5F, 0x67, 0x62, 0x5B, 0x5C, 0x60, 0x5B, 0x5B, 0x5B, 0x66, 0x5B, 0x62, 0x67, 0x67, 0x67,
    0x64, 0x5B, 0x5B, 0x67, 0x5E, 0x5B, 0x5B, 0x65, 0x5B, 0x5B, 0x5B, 0x53, 0x53, 0x5B, 0x5B, 0x5B,
    0x5D, 0x5E, 0x53, 0x56, 0x63, 0x5B, 0x5B, 0x5B, 0x55, 0x5B, 0x5B, 0x5B, 0x5B, 0x5B, 0x5B, 0x5B,
    0x59, 0x53, 0x5B, 0x5F, 0x5D, 0x5B, 0x5B, 0x5B, 0x5B, 0x5B, 0x5B, 0x5B, 0x5B, 0x5A, 0x58, 0x5B,
    0x67, 0x5D, 0x54, 0x5B, 0x54, 0x5B, 0x5B, 0x5B, 0x58, 0x53, 0x54, 0x5F, 0x5C, 0x53, 0x58, 0x5B,
    0x5B, 0x5B, 0x5B, 0x5B, 0x5B, 0x5B, 0x56, 0x5B, 0x5B, 0x5B, 0x5B, 0x57, 0x5B, 0x5B, 0x5B, 0x5B,
    0x57, 0x64, 0x5B, 0x57, 0x5B, 0x59, 0x59, 0x5C, 0x5F, 0x5B, 0x67, 0x5A, 0x53, 0x59, 0x67, 0x65,
    0x5B, 0x5B, 0x5D, 0x67, 0x5B, 0x5E, 0x67, 0x5B, 0x5B, 0x65, 0x5E, 0x5E, 0x5B, 0x5B, 0x5B, 0x5D,
    0x67, 0x5C, 0x67, 0x67, 0x67, 0x67, 0x67, 0x67, 0x67, 0x7D, 0xFF, 0xFF, 0xFF, 0xFF, 0xFF, 0xFF,
    0xFF, 0xFF, 0xFF, 0xFF, 0xE7, 0xE7, 0xFB, 0xFF, 0xFF, 0xFF, 0xFF, 0xFF, 0xFF, 0xFF, 0xFF, 0xFF,
    0x6D, 0xFF, 0xFF, 0xFF, 0xFF, 0xFF, 0xFF, 0xFF, 0xFF, 0xFF, 0xFF, 0xFF, 0xFF, 0xFF, 0xFF, 0xFF,
    0xFF, 0xFF, 0xFF, 0xFF, 0xFF, 0xFF, 0xFF, 0xFF, 0xFF, 0xFF, 0xFF, 0xFF, 0xFF, 0xFF, 0xFF, 0xFF,
    0xFF, 0xFF, 0xFF, 0xFF, 0xFF, 0xFF, 0xFF, 0xFF, 0xFF, 0xFF, 0xFF, 0xFF, 0xFF, 0xFF, 0xFF, 0xFF,
    0xFF, 0xFF, 0xFF, 0xFF, 0xFF, 0xFF, 0xFF, 0xFF, 0xFF, 0xFF, 0xFF, 0xFF, 0xFF, 0xFF, 0xFF, 0xFF,
    0xFF, 0xFF, 0xFF, 0xFF, 0xFF, 0xFF, 0xFF, 0xFF, 0xFF, 0xFF, 0xFF, 0xFF, 0xFF, 0xFF, 0xFF, 0xFF,
    0xFF, 0xFF, 0xFF, 0xFF, 0xFF, 0xFF, 0xFF, 0xFF, 0xFF, 0xFF, 0xFF, 0xFF, 0xFF, 0xFF, 0xFF, 0xFF,
    0xFF, 0xFF, 0xFF, 0xFF, 0xFF, 0xFF, 0xFF, 0xFF, 0xFF, 0xFF, 0xFF, 0xFF, 0xFF, 0xFF, 0xFF, 0xFF,
    0xFF, 0xFF, 0xFF, 0xFF, 0xFF, 0xFF, 0xFF, 0xFF, 0xFF, 0xFF, 0xFF, 0xFF, 0xFF, 0xFF, 0xFF, 0xFF,
    0xFF, 0xFF, 0xFF, 0xFF, 0xFF, 0xFF, 0xFF, 0xFF, 0xFF, 0xFF, 0xFF, 0xFF, 0xFF, 0xFF, 0xFF, 0xFF,
    0xFF, 0xFF, 0xFF, 0xFF, 0xFF, 0xFF, 0xFF, 0xFF, 0xFF, 0xFF, 0xFF, 0xFF, 0xFF, 0xFF, 0xFF, 0xFF,
    0xFF, 0xFF, 0xFF, 0xFF, 0xFF, 0xFF, 0xFF, 0xFF, 0xFF, 0xFF, 0xFF, 0xFF, 0xFF, 0xFF, 0xFF, 0xFF,
    0xFF, 0xFF, 0xFF, 0xFF, 0xFF, 0xFF, 0xFF, 0xFF, 0xFF, 0xFF, 0xFF, 0xFF, 0xFF, 0xFF, 0xFF, 0xFF,
    0xFF, 0xFF, 0xFF, 0xFF, 0xFF, 0xFF, 0xFF, 0xFF, 0xFF, 0xFF, 0xFF, 0xFF, 0xFF, 0xFF, 0xFF, 0xFF,
    0xFF, 0xFF, 0xFF, 0xFF, 0xFF, 0xFF, 0xFF, 0xFF, 0xFF, 0xFF, 0xFF, 0xFF, 0xFF, 0xFF, 0xFF, 0xFF,
    0xFF, 0xFF, 0xFF, 0xFF, 0xFF, 0xFF, 0xFF, 0xFF, 0xFF, 0xFF, 0xFF, 0xFF, 0xFF, 0xFF, 0xFF, 0xFF,
    0xFF, 0xFF, 0xFF, 0xFF, 0xFF, 0xFF, 0xFF, 0xFF, 0xFF, 0xFF, 0xFF, 0xFF, 0xFF, 0xFF, 0xFF, 0xFF,
    0xFF, 0xFF, 0xFF, 0xFF, 0xFF, 0xFF, 0xFF, 0xFF, 0xFF, 0xFF, 0xFF, 0xFF, 0xFF, 0xFF, 0xFF, 0xFF,
    0xFF, 0xFF, 0xFF, 0xFF, 0xFF, 0xFF, 0xFF, 0xFF, 0xFF, 0xFF, 0xFF, 0xFF, 0xFF, 0xFF, 0xFF, 0xFF,
    0xFF, 0xFF, 0xFF, 0xFF, 0xFF, 0xFF, 0xFF, 0xFF, 0xFF, 0xFF, 0xFF, 0xFF, 0xFF, 0xFF, 0xFF, 0xFF,
    0xFF, 0xFF, 0xFF, 0xFF, 0xFF, 0xFF, 0xFF, 0xFF, 0xFF, 0xFF, 0xFF, 0xFF, 0xFF, 0xFF, 0xFF, 0xFF,
    0xFF, 0xFF, 0xFF, 0xFF, 0xFF, 0xFF, 0xFF, 0xFF, 0xFF, 0xFF, 0xFF, 0xFF, 0xFF, 0xFF, 0xFF, 0xFF,
    0xFF, 0xFF, 0xFF, 0xFF, 0xFF, 0xFF, 0xFF, 0xFF, 0xFF, 0xFF, 0xFF, 0xFF, 0xFF, 0xFF, 0xFF, 0xFF,
    0xFF, 0xFF, 0xFF, 0xFF, 0xFF, 0xFF, 0xFF, 0xFF, 0xFF, 0xFF, 0xFF, 0xFF, 0xFF, 0xFF, 0xFF, 0xFF,
    0xFF, 0xFF, 0xFF, 0xFF, 0xFF, 0xFF, 0xFF, 0xFF, 0xFF, 0xFF, 0xFF, 0xFF, 0xFF, 0xFF, 0xFF, 0xFF,
    0xFF, 0xFF, 0xFF, 0xFF, 0xFF, 0xFF, 0xFF, 0xFF, 0xFF, 0xFF, 0xFF, 0xFF, 0xFF, 0xFF, 0xFF, 0xFF,
    0xFF, 0xFF, 0xFF, 0xFF, 0xFF, 0xFF, 0xFF, 0xFF, 0xFF, 0xFF, 0xFF, 0xFF, 0xFF, 0xFF, 0xFF, 0xFF,
    0xFF, 0xFF, 0xFF, 0xFF, 0xFF, 0xFF, 0xFF, 0xFF, 0xFF, 0xFF, 0xFF, 0xFF, 0xFF, 0xFF, 0xFF, 0xFF,
    0xFF, 0xFF, 0xFF, 0xFF, 0xFF, 0xFF, 0xFF, 0xFF, 0xFF, 0xFF, 0xFF, 0xFF, 0xFF, 0xFF, 0xFF, 0xFF,
    0xFF, 0xFF, 0xFF, 0xFF, 0xFF, 0xFF, 0xFF, 0xFF, 0xFF, 0xFF, 0xFF, 0xFF, 0xFF, 0xFF, 0xFF, 0xFF,
    0xFF, 0xFF, 0xFF, 0xFF, 0xFF, 0xFF, 0xFF, 0xFF, 0xFF, 0xFF, 0xFF, 0xFF, 0xFF, 0xFF, 0xFF, 0xFF,
    0xFF, 0xFF, 0xFF, 0xFF, 0xFF, 0xFF, 0xFF, 0xFF, 0xFF, 0xFF, 0xFF, 0xFF, 0xFF, 0xFF, 0xFF, 0xFF,
    0xFF, 0xFF, 0xFF, 0xFF, 0xFF, 0xFF, 0xFF, 0xFF, 0xFF, 0xFF, 0xFF, 0xFF, 0xFF, 0xFF, 0xFF, 0xFF,
    0xFF, 0xFF, 0xFF, 0xFF, 0xFF, 0xFF, 0xFF, 0xFF, 0xFF, 0xFF, 0xFF, 0xFF, 0xFF, 0xFF, 0xFF, 0xFF,
    0xFF, 0xFF, 0xFF, 0xFF, 0xFF, 0xFF, 0xFF, 0xFF, 0xFF, 0xFF, 0xFF, 0xFF, 0xFF, 0xFF, 0xFF, 0xFF,
    0xFF, 0xFF, 0xFF, 0xFF, 0xFF, 0xFF, 0xFF, 0xFF, 0xFF, 0xFF, 0xFF, 0xFF, 0xFF, 0xFF, 0xFF, 0xFF,
    0xFF, 0xFF, 0xFF, 0xFF, 0xFF, 0xFF, 0xFF, 0xFF, 0xFF, 0xFF, 0xFF, 0xFF, 0xFF, 0xFF, 0xFF, 0xFF,
    0xFF, 0xFF, 0xFF, 0xFF, 0xFF, 0xFF, 0xFF, 0xFF, 0xFF, 0xFF, 0xFF, 0xFF, 0xFF, 0xFF, 0xFF, 0xFF,
    0xFF, 0xFF, 0xFF, 0xFF, 0xFF, 0xFF, 0xFF, 0xFF, 0xFF, 0xFF, 0xFF, 0xFF, 0xFF, 0xFF, 0xFF, 0xFF,
    0xFF, 0xFF, 0xFF, 0xFF, 0xFF, 0xFF, 0xFF, 0xFF, 0xFF, 0xFF, 0xFF, 0xFF, 0xFF, 0xFF, 0xFF, 0xFF,
    0xFF, 0xFF, 0xFF, 0xFF, 0xFF, 0xFF, 0xFF, 0xFF, 0xFF, 0xFF, 0xFF, 0xFF, 0xFF, 0xFF, 0xFF, 0xFF,
    0xFF, 0xFF, 0xFF, 0xFF, 0xFF, 0xFF, 0xFF, 0xFF, 0xFF, 0xFF, 0xFF, 0xFF, 0xFF, 0xFF, 0xFF, 0xFF,
    0xFF, 0xFF, 0xFF, 0xFF, 0xFF, 0xFF, 0xFF, 0xFF, 0xFF, 0xFF, 0xFF, 0xFF, 0xFF, 0xFF, 0xFF, 0xFF,
    0xFF, 0xFF, 0xFF, 0xFF, 0xFF, 0xFF, 0xFF, 0xFF, 0xFF, 0xFF, 0xFF, 0xFF, 0xFF, 0xFF, 0xFF, 0xFF,
    0xFF, 0xFF, 0xFF, 0xFF, 0xFF, 0xFF, 0xFF, 0xFF, 0xFF, 0xFF, 0xFF, 0xFF, 0xFF, 0xFF, 0xFF, 0xFF,
    0xFF, 0xFF, 0xFF, 0xFF, 0xFF, 0xFF, 0xFF, 0xFF, 0xFF, 0xFF, 0xFF, 0xFF, 0xFF, 0xFF, 0xFF, 0xFF,
    0xFF, 0xFF, 0xFF, 0xFF, 0xFF, 0xFF, 0xFF, 0xFF, 0xFF, 0xFF, 0xFF, 0xFF, 0xFF, 0xFF, 0xFF, 0xFF,
    0xFF, 0xFF, 0xFF, 0xFF, 0xFF, 0xFF, 0xFF, 0xFF, 0xFF, 0xFF, 0xFF, 0xFF, 0xFF, 0xFF, 0xFF, 0xFF,
    0xFF, 0xFF, 0xFF, 0xFF, 0xFF, 0xFF, 0xFF, 0xFF, 0xFF, 0xFF, 0xFF, 0xFF, 0xFF, 0xFF, 0xFF, 0xFF,
    0xFF, 0xFF, 0xFF, 0xFF, 0xFF, 0xFF, 0xFF, 0xFF, 0xFF, 0xFF, 0xFF, 0xFF, 0xFF, 0xFF, 0xFF, 0xFF,
    0xFF, 0xFF, 0xFF, 0xFF, 0xFF, 0xFF, 0xFF, 0xFF, 0xFF, 0xFF, 0xFF, 0xFF, 0xFF, 0xFF, 0xFF, 0xFF,
    0xFF, 0xFF, 0xFF, 0xFF, 0xFF, 0xFF, 0xFF, 0xFF, 0xFF, 0xFF, 0xFF, 0xFF, 0xFF, 0xFF, 0xFF, 0xFF,
    0xFF, 0xFF, 0xFF, 0xFF, 0xFF, 0xFF, 0xFF, 0xFF, 0xFF, 0xFF, 0xFF, 0xFF, 0xFF, 0xFF, 0xFF, 0xFF,
    0xFF, 0xFF, 0xFF, 0xFF, 0xFF, 0xFF, 0xFF, 0xFF, 0xFF, 0xFF, 0xFF, 0xFF, 0xFF, 0xFF, 0xFF, 0xFF,
    0xFF, 0xFF, 0xFF, 0xFF, 0xFF, 0xFF, 0xFF, 0xFF, 0xFF, 0xFF, 0xFF, 0xFF, 0xFF, 0xFF, 0xFF, 0xFF,
    0xFF, 0xFF, 0xFF, 0xFF, 0xFF, 0xFF, 0xFF, 0xFF, 0xFF, 0xFF, 0xFF, 0xFF, 0xFF, 0xFF, 0xFF, 0xFF,
    0xFF, 0xFF, 0xFF, 0xFF, 0xFF, 0xFF, 0xFF, 0xFF, 0xFF, 0xFF, 0xFF, 0xFF, 0xFF, 0xFF, 0xFF, 0xFF,
    0xFF, 0xFF, 0xFF, 0xFF, 0xFF, 0xFF, 0xFF, 0xFF, 0xFF, 0xFF, 0xFF, 0xFF, 0xFF, 0xFF, 0xFF, 0xFF,
    0xFF, 0xFF, 0xFF, 0xFF, 0xFF, 0xFF, 0xFF, 0xFF, 0xFF, 0xFF, 0xFF, 0xFF, 0xFF, 0xFF, 0xFF, 0xFF,
    0xFF, 0xFF, 0xFF, 0xFF, 0xFF, 0xFF, 0xFF, 0xFF, 0xFF, 0xFF, 0xFF, 0xFF, 0xFF, 0xFF, 0xFF, 0xFF,
    0xFF, 0xFF, 0xFF, 0xFF, 0xFF, 0xFF, 0xFF, 0xFF, 0xFF, 0xFF, 0xFF, 0xFF, 0xFF, 0xFF, 0xFF, 0xFF,
    0xFF, 0xFF, 0xFF, 0xFF, 0xFF, 0xFF, 0xFF, 0xFF, 0xFF, 0xFF, 0xFF, 0xFF, 0xFF, 0xFF, 0xFF, 0xFF,
    0xFF, 0xFF, 0xFF, 0xFF, 0xFF, 0xFF, 0xFF, 0xFF, 0xFF, 0xFF, 0xFF, 0xFF, 0xFF, 0xFF, 0xFF, 0xFF,
    0xFF, 0xFF, 0xFF, 0xFF, 0xFF, 0xFF, 0xFF, 0xFF, 0xFF, 0xFF, 0xFF, 0xFF, 0xFF, 0xFF, 0xFF, 0xFF,
    0xFF, 0xFF, 0xFF, 0xFF, 0xFF, 0xFF, 0xFF, 0xFF, 0xFF, 0xFF, 0xFF, 0xFF, 0xFF, 0xFF, 0xFF, 0xFF,
    0xFF, 0xFF, 0xFF, 0xFF, 0xFF, 0xFF, 0xFF, 0xFF, 0xFF, 0xFF, 0xFF, 0xFF, 0xFF, 0xFF, 0xFF, 0xFF,
    0xFF, 0xFF, 0xFF, 0xFF, 0xFF, 0xFF, 0xFF, 0xFF, 0xFF, 0xFF, 0xFF, 0xFF, 0xFF, 0xFF, 0xFF, 0xFF,
    0xFF, 0xFF, 0xFF, 0xFF, 0xFF, 0xFF, 0xFF, 0xFF, 0xFF, 0xFF, 0xFF, 0xFF, 0xFF, 0xFF, 0xFF, 0xFF,
    0xFF, 0xFF, 0xFF, 0xFF, 0xFF, 0xFF, 0xFF, 0xFF, 0xFF, 0xFF, 0xFF, 0xFF, 0xFF, 0xFF, 0xFF, 0xFF,
    0xFF, 0xFF, 0xFF, 0xFF, 0xFF, 0xFF, 0xFF, 0xFF, 0xFF, 0xFF, 0xFF, 0xFF, 0xFF, 0xFF, 0xFF, 0xFF,
    0xFF, 0xFF, 0xFF, 0xFF, 0xFF, 0xFF, 0xFF, 0xFF, 0xFF, 0xFF, 0xFF, 0xFF, 0xFF, 0xFF, 0xFF, 0xFF,
    0xFF, 0xFF, 0xFF, 0xFF, 0xFF, 0xFF, 0xFF, 0xFF, 0xFF, 0xFF, 0xFF, 0xFF, 0xFF, 0xFF, 0xFF, 0xFF,
    0xFF, 0xFF, 0xFF, 0xFF, 0xFF, 0xFF, 0xFF, 0xFF, 0xFF, 0xFF, 0xFF, 0xFF, 0xFF, 0xFF, 0xFF, 0xFF,
    0xFF, 0xFF, 0xFF, 0xFF, 0xFF, 0xFF, 0xFF, 0xFF, 0xFF, 0xFF, 0xFF, 0xFF, 0xFF, 0xFF, 0xFF, 0xFF,
    0xFF, 0xFF, 0xFF, 0xFF, 0xFF, 0xFF, 0xFF, 0xFF, 0xFF, 0xFF, 0xFF, 0xFF, 0xFF, 0xFF, 0xFF, 0xFF,
    0xFF, 0xFF, 0xFF, 0xFF, 0xFF, 0xFF, 0xFF, 0xFF, 0xFF, 0xFF, 0xFF, 0xFF, 0xFF, 0xFF, 0xFF, 0xFF,
    0xFF, 0xFF, 0xFF, 0xFF, 0xFF, 0xFF, 0xFF, 0xFF, 0xFF, 0xFF, 0xFF, 0xFF, 0xFF, 0xFF, 0xFF, 0xFF,
    0xFF, 0xFF, 0xFF, 0xFF, 0xFF, 0xFF, 0xFF, 0xFF, 0xFF, 0xFF, 0xFF, 0xFF, 0xFF, 0xFF, 0xFF, 0xFF,
    0xFF, 0xFF, 0xFF, 0xFF, 0xFF, 0xFF, 0xFF, 0xFF, 0xFF, 0xFF, 0xFF, 0xFF, 0xFF, 0xFF, 0xFF, 0xFF,
    0xFF, 0xFF, 0xFF, 0xFF, 0xFF, 0xFF, 0xFF, 0xFF, 0xFF, 0xFF, 0xFF, 0xFF, 0xFF, 0xFF, 0xFF, 0xFF,
    0xFF, 0xFF, 0xFF, 0xFF, 0xFF, 0xFF, 0xFF, 0xFF, 0xFF, 0xFF, 0xFF, 0xFF, 0xFF, 0xFF, 0xFF, 0xFF,
    0xFF, 0xFF, 0xFF, 0xFF, 0xFF, 0xFF, 0xFF, 0xFF, 0xFF, 0xFF, 0xFF, 0xFF, 0xFF, 0xFF, 0xFF, 0xFF,
    0xFF, 0xFF, 0xFF, 0xFF, 0xFF, 0xFF, 0xFF, 0xFF, 0xFF, 0xFF, 0xFF, 0xFF, 0xFF, 0xFF, 0xFF, 0xFF,
    0xFF, 0xFF, 0xFF, 0xFF, 0xFF, 0xFF, 0xFF, 0xFF, 0xFF, 0xFF, 0xFF, 0xFF, 0xFF, 0xFF, 0xFF, 0xFF,
    0xFF, 0xFF, 0xFF, 0xFF, 0xFF, 0xFF, 0xFF, 0xFF, 0xFF, 0xFF, 0xFF, 0xFF, 0xFF, 0xFF, 0xFF, 0xFF,
    0xFF, 0xFF, 0xFF, 0xFF, 0xFF, 0xFF, 0xFF, 0xFF, 0xFF, 0xFF, 0xFF, 0xFF, 0xFF, 0xFF, 0xFF, 0xFF,
    0xFF, 0xFF, 0xFF, 0xFF, 0xFF, 0xFF, 0xFF, 0xFF, 0xFF, 0xFF, 0xFF, 0xFF, 0xFF, 0xFF, 0xFF, 0xFF,
    0xFF, 0xFF, 0xFF, 0xFF, 0xFF, 0xFF, 0xFF, 0xFF, 0xFF, 0xFF, 0xFF, 0xFF, 0xFF, 0xFF, 0xFF, 0xFF,
    0xFF, 0xFF, 0xFF, 0xFF, 0xFF, 0xFF, 0xFF, 0xFF, 0xFF, 0xFF, 0xFF, 0xFF, 0xFF, 0xFF, 0xFF, 0xFF,
    0xFF, 0xFF, 0xFF, 0xFF, 0xFF, 0xFF, 0xFF, 0xFF, 0xFF, 0xFF, 0xFF, 0xFF, 0xFF, 0xFF, 0xFF, 0xFF,
    0xFF, 0xFF, 0xFF, 0xFF, 0xFF, 0xFF, 0xFF, 0xFF, 0xFF, 0xFF, 0xFF, 0xFF, 0xFF, 0xFF, 0xFF, 0xFF,
    0xFF, 0xFF, 0xFF, 0xFF, 0xFF, 0xFF, 0xFF, 0xFF, 0xFF, 0xFF, 0xFF, 0xFF, 0xFF, 0xFF, 0xFF, 0xFF,
    0xFF, 0xFF, 0xFF, 0xFF, 0xFF, 0xFF, 0xFF, 0xFF, 0xFF, 0xFF, 0xFF, 0xFF, 0xFF, 0xFF, 0xFF, 0xFF,
    0xFF, 0xFF, 0xFF, 0xFF, 0xFF, 0xFF, 0xFF, 0xFF, 0xFF, 0xFF, 0xFF, 0xFF, 0xFF, 0xFF, 0xFF, 0xFF,
    0xFF, 0xFF, 0xFF, 0xFF, 0xFF, 0xFF, 0xFF, 0xFF, 0xFF, 0xFF, 0xFF, 0xFF, 0xFF, 0xFF, 0xFF, 0xFF,
    0xFF, 0xFF, 0xFF, 0xFF, 0xFF, 0xFF, 0xFF, 0xFF, 0xFF, 0xFF, 0xFF, 0xFF, 0xFF, 0xFF, 0xFF, 0xFF,
    0xFF, 0xFF, 0xFF, 0xFF, 0xFF, 0xFF, 0xFF, 0xFF, 0xFF, 0xFF, 0xFF, 0xFF, 0xFF, 0xFF, 0xFF, 0xFF,
    0xFF, 0xFF, 0xFF, 0xFF, 0xFF, 0xFF, 0xFF, 0xFF, 0xFF, 0xFF, 0xFF, 0xFF, 0xFF, 0xFF, 0xFF, 0xFF,
    0xFF, 0xFF, 0xFF, 0xFF, 0xFF, 0xFF, 0xFF, 0xFF, 0xFF, 0xFF, 0xFF, 0xFF, 0xFF, 0xFF, 0xFF, 0xFF,
    0xFF, 0xFF, 0xFF, 0xFF, 0xFF, 0xFF, 0xFF, 0xFF, 0xFF, 0xFF, 0xFF, 0xFF, 0xFF, 0xFF, 0xFF, 0xFF,
    0xFF, 0xFF, 0xFF, 0xFF, 0xFF, 0xFF, 0xFF, 0xFF, 0xFF, 0xFF, 0xFF, 0xFF, 0xFF, 0xFF, 0xFF, 0xFF,
    0xFF, 0xFF, 0xFF, 0xFF, 0xFF, 0xFF, 0xFF, 0xFF, 0xFF, 0xFF, 0xFF, 0xFF, 0xFF, 0xFF, 0xFF, 0xFF,
    0xFF, 0xFF, 0xFF, 0xFF, 0xFF, 0xFF, 0xFF, 0xFF, 0xFF, 0xFF, 0xFF, 0xFF, 0xFF, 0xFF, 0xFF, 0xFF,
    0xFF, 0xFF, 0xFF, 0xFF, 0xFF, 0xFF, 0xFF, 0xFF, 0xFF, 0xFF, 0xFF, 0xFF, 0xFF, 0xFF, 0xFF, 0xFF,
    0xFF, 0xFF, 0xFF, 0xFF, 0xFF, 0xFF, 0xFF, 0xFF, 0xFF, 0xFF, 0xFF, 0xFF, 0xFF, 0xFF, 0xFF, 0xFF,
    0xFF, 0xFF, 0xFF, 0xFF, 0xFF, 0xFF, 0xFF, 0xFF, 0xFF, 0xFF, 0xFF, 0xFF, 0xFF, 0xFF, 0xFF, 0xFF,
    0xFF, 0xFF, 0xFF, 0xFF, 0xFF, 0xFF, 0xFF, 0xFF, 0xFF, 0xFF, 0xFF, 0xFF, 0xFF, 0xFF, 0xFF, 0xFF,
    0xFF, 0xFF, 0xFF, 0xFF, 0xFF, 0xFF, 0xFF, 0xFF, 0xFF, 0xFF, 0xFF, 0xFF, 0xFF, 0xFF, 0xFF, 0xFF,
    0xFF, 0xFF, 0xFF, 0xFF, 0xFF, 0xFF, 0xFF, 0xFF, 0xFF, 0xFF, 0xFF, 0xFF, 0xFF, 0xFF, 0xFF, 0xFF,
    0xFF, 0xFF, 0xFF, 0xFF, 0xFF, 0xFF, 0xFF, 0xFF, 0xFF, 0xFF, 0xFF, 0xFF, 0xFF, 0xFF, 0xFF, 0xFF,
    0xFF, 0xFF, 0xFF, 0xFF, 0xFF, 0xFF, 0xFF, 0xFF, 0xFF, 0xFF, 0xFF, 0xFF, 0xFF, 0xFF, 0xFF, 0xFF,
    0xFF, 0xFF, 0xFF, 0xFF, 0xFF, 0xFF, 0xFF, 0xFF, 0xFF, 0xFF, 0xFF, 0xFF, 0xFF, 0xFF, 0xFF, 0xFF,
    0xFF, 0xFF, 0xFF, 0xFF, 0xFF, 0xFF, 0xFF, 0xFF, 0xFF, 0xFF, 0xFF, 0xFF, 0xFF, 0xFF, 0xFF, 0xFF,
    0xFF, 0xFF, 0xFF, 0xFF, 0xFF, 0xFF, 0xFF, 0xFF, 0xFF, 0xFF, 0xFF, 0xFF, 0xFF, 0xFF, 0xFF, 0xFF,
    0xFF, 0xFF, 0xFF, 0xFF, 0xFF, 0xFF, 0xFF, 0xFF, 0xFF, 0xFF, 0xFF, 0xFF, 0xFF, 0xFF, 0xFF, 0xFF,
    0xFF, 0xFF, 0xFF, 0xFF, 0xFF, 0xFF, 0xFF, 0xFF, 0xFF, 0xFF, 0xFF, 0xFF, 0xFF, 0xFF, 0xFF, 0xFF,
    0xFF, 0xFF, 0xFF, 0xFF, 0xFF, 0xFF, 0xFF, 0xFF, 0xFF, 0xFF, 0xFF, 0xFF, 0xFF, 0xFF, 0xFF, 0xFF,
    0xFF, 0xFF, 0xFF, 0xFF, 0xFF, 0xFF, 0xFF, 0xFF, 0xFF, 0xFF, 0xFF, 0xFF, 0xFF, 0xFF, 0xFF, 0xFF,
    0xFF, 0xFF, 0xFF, 0xFF, 0xFF, 0xFF, 0xFF, 0xFF, 0xFF, 0xFF, 0xFF, 0xFF, 0xFF, 0xFF, 0xFF, 0xFF,
    0xFF, 0xFF, 0xFF, 0xFF, 0xFF, 0xFF, 0xFF, 0xFF, 0xFF, 0xFF, 0xFF, 0xFF, 0xFF, 0xFF, 0xFF, 0xFF,
    0xFF, 0xFF, 0xFF, 0xFF, 0xFF, 0xFF, 0xFF, 0xFF, 0xFF, 0xFF, 0xFF, 0xFF, 0xFF, 0xFF, 0xFF, 0xFF,
    0xFF, 0xFF, 0xFF, 0xFF, 0xFF, 0xFF, 0xFF, 0xFF, 0xFF, 0xFF, 0xFF, 0xFF, 0xFF, 0xFF, 0xFF, 0xFF,
    0xFF, 0xFF, 0xFF, 0xFF, 0xFF, 0xFF, 0xFF, 0xFF, 0xFF, 0xFF, 0xFF, 0xFF, 0xFF, 0xFF, 0xFF, 0xFF,
    0xFF, 0xFF, 0xFF, 0xFF, 0xFF, 0xFF, 0xFF, 0xFF, 0xFF, 0xFF, 0xFF, 0xFF, 0xFF, 0xFF, 0xFF, 0xFF,
    0xFF, 0xFF, 0xFF, 0xFF, 0xFF, 0xFF, 0xFF, 0xFF, 0xFF, 0xFF, 0xFF, 0xFF, 0xFF, 0xFF, 0xFF, 0xFF,
    0xFF, 0xFF, 0xFF, 0xFF, 0xFF, 0xFF, 0xFF, 0xFF, 0xFF, 0xFF, 0xFF, 0xFF, 0xFF, 0xFF, 0xFF, 0xFF,
    0xFF, 0xFF, 0xFF, 0xFF, 0xFF, 0xFF, 0xFF, 0xFF, 0xFF, 0xFF, 0xFF, 0xFF, 0xFF, 0xFF, 0xFF, 0xFF,
    0xFF, 0xFF, 0xFF, 0xFF, 0xFF, 0xFF, 0xFF, 0xFF, 0xFF, 0xFF, 0xFF, 0xFF, 0xFF, 0xFF, 0xFF, 0xFF,
    0xFF, 0xFF, 0xFF, 0xFF, 0xFF, 0xFF, 0xFF, 0xFF, 0xFF, 0xFF, 0xFF, 0xFF, 0xFF, 0xFF, 0xFF, 0xFF,
    0xFF, 0xFF, 0xFF, 0xFF, 0xFF, 0xFF, 0xFF, 0xFF, 0xFF, 0xFF, 0xFF, 0xFF, 0xFF, 0xFF, 0xFF, 0xFF,
    0xFF, 0xFF, 0xFF, 0xFF, 0xFF, 0xFF, 0xFF, 0xFF, 0xFF, 0xFF, 0xFF, 0xFF, 0xFF, 0xFF, 0xFF, 0xFF,
    0xFF, 0xFF, 0xFF, 0xFF, 0xFF, 0xFF, 0xFF, 0xFF, 0xFF, 0xFF, 0xFF, 0xFF, 0xFF, 0xFF, 0xFF, 0xFF,
    0xFF, 0xFF, 0xFF, 0xFF, 0xFF, 0xFF, 0xFF, 0xFF, 0xFF, 0xFF, 0xFF, 0xFF, 0xFF, 0xFF, 0xFF, 0xFF,
    0xFF, 0xFF, 0xFF, 0xFF, 0xFF, 0xFF, 0xFF, 0xFF, 0xFF, 0xFF, 0xFF, 0xFF, 0xFF, 0xFF, 0xFF, 0xFF,
    0xFF, 0xFF, 0xFF, 0xFF, 0xFF, 0xFF, 0xFF, 0xFF, 0xFF, 0xFF, 0xFF, 0xFF, 0xFF, 0xFF, 0xFF, 0xFF,
    0xFF, 0xFF, 0xFF, 0xFF, 0xFF, 0xFF, 0xFF, 0xFF, 0xFF, 0xFF, 0xFF, 0xFF, 0xFF, 0xFF, 0xFF, 0xFF,
    0xFF, 0xFF, 0xFF, 0xFF, 0xFF, 0xFF, 0xFF, 0xFF, 0xFF, 0xFF, 0xFF, 0xFF, 0xFF, 0xFF, 0xFF, 0xFF,
    0xFF, 0xFF, 0xFF, 0xFF, 0xFF, 0xFF, 0xFF, 0xFF, 0xFF, 0xFF, 0xFF, 0xFF, 0xFF, 0xFF, 0xFF, 0xFF,
    0xFF, 0xFF, 0xFF, 0xFF, 0xFF, 0xFF, 0xFF, 0xFF, 0xFF, 0xFF, 0xFF, 0xFF, 0xFF, 0xFF, 0xFF, 0xFF,
    0xFF, 0xFF, 0xFF, 0xFF, 0xFF, 0xFF, 0xFF, 0xFF, 0xFF, 0xFF, 0xFF, 0xFF, 0xFF, 0xFF, 0xFF, 0xFF,
    0xFF, 0xFF, 0xFF, 0xFF, 0xFF, 0xFF, 0xFF, 0xFF, 0xFF, 0xFF, 0xFF, 0xFF, 0xFF, 0xFF, 0xFF, 0xFF,
    0xFF, 0xFF, 0xFF, 0xFF, 0xFF, 0xFF, 0xFF, 0xFF, 0xFF, 0xFF, 0xFF, 0xFF, 0xFF, 0xFF, 0xFF, 0xFF,
    0xFF, 0xFF, 0xFF, 0xFF, 0xFF, 0xFF, 0xFF, 0xFF, 0xFF, 0xFF, 0xFF, 0xFF, 0xFF, 0xFF, 0xFF, 0xFF,
    0xFF, 0xFF, 0xFF, 0xFF, 0xFF, 0xFF, 0xFF, 0xFF, 0xFF, 0xFF, 0xFF, 0xFF, 0xFF, 0xFF, 0xFF, 0xFF,
    0xFF, 0xFF, 0xFF, 0xFF, 0xFF, 0xFF, 0xFF, 0xFF, 0xFF, 0xFF, 0xFF, 0xFF, 0xFF, 0xFF, 0xFF, 0xFF,
    0xFF, 0xFF, 0xFF, 0xFF, 0xFF, 0xFF, 0xFF, 0xFF, 0xFF, 0xFF, 0xFF, 0xFF, 0xFF, 0xFF, 0xFF, 0xFF,
    0xFF, 0xFF, 0xFF, 0xFF, 0xFF, 0xFF, 0xFF, 0xFF, 0xFF, 0xFF, 0xFF, 0xFF, 0xFF, 0xFF, 0xFF, 0xFF,
    0xFF, 0xFF, 0xFF, 0xFF, 0xFF, 0xFF, 0xFF, 0xFF, 0xFF, 0xFF, 0xFF, 0xFF, 0xFF, 0xFF, 0xFF, 0xFF,
    0xFF, 0xFF, 0xFF, 0xFF, 0xFF, 0xFF, 0xFF, 0xFF, 0xFF, 0xFF, 0xFF, 0xFF, 0xFF, 0xFF, 0xFF, 0xFF,
    0xFF, 0xFF, 0xFF, 0xFF, 0xFF, 0xFF, 0xFF, 0xFF, 0xFF, 0xFF, 0xFF, 0xFF, 0xFF, 0xFF, 0xFF, 0xFF,
    0xFF, 0xFF, 0xFF, 0xFF, 0xFF, 0xFF, 0xFF, 0xFF, 0xFF, 0xFF, 0xFF, 0xFF, 0xFF, 0xFF, 0xFF, 0xFF,
    0xFF, 0xFF, 0xFF, 0xFF, 0xFF, 0xFF, 0xFF, 0xFF, 0xFF, 0xFF, 0xFF, 0xFF, 0xFF, 0xFF, 0xFF, 0xFF,
    0xFF, 0xFF, 0xFF, 0xFF, 0xFF, 0xFF, 0xFF, 0xFF, 0xFF, 0xFF, 0xFF, 0xFF, 0xFF, 0xFF, 0xFF, 0xFF,
    0xFF, 0xFF, 0xFF, 0xFF, 0xFF, 0xFF, 0xFF, 0xFF, 0xFF, 0xFF, 0xFF, 0xFF, 0xFF, 0xFF, 0xFF, 0xFF,
    0xFF, 0xFF, 0xFF, 0xFF, 0xFF, 0xFF, 0xFF, 0xFF, 0xFF, 0xFF, 0xFF, 0xFF, 0xFF, 0xFF, 0xFF, 0xFF,
    0xFF, 0xFF, 0xFF, 0xFF, 0xFF, 0xFF, 0xFF, 0xFF, 0xFF, 0xFF, 0xFF, 0xFF, 0xFF, 0xFF, 0xFF, 0xFF,
    0xFF, 0xFF, 0xFF, 0xFF, 0xFF, 0xFF, 0xFF, 0xFF, 0xFF, 0xFF, 0xFF, 0xFF, 0xFF, 0xFF, 0xFF, 0xFF,
    0xFF, 0xFF, 0xFF, 0xFF, 0xFF, 0xFF, 0xFF, 0xFF, 0xFF, 0xFF, 0xFF, 0xFF, 0xFF, 0xFF, 0xFF, 0xFF,
    0xFF, 0xFF, 0xFF, 0xFF, 0xFF, 0xFF, 0xFF, 0xFF, 0xFF, 0xFF, 0xFF, 0xFF, 0xFF, 0xFF, 0xFF, 0xFF,
    0xFF, 0xFF, 0xFF, 0xFF, 0xFF, 0xFF, 0xFF, 0xFF, 0xFF, 0xFF, 0xFF, 0xFF, 0xFF, 0xFF, 0xFF, 0xFF,
    0xFF, 0xFF, 0xFF, 0xFF, 0xFF, 0xFF, 0xFF, 0xFF, 0xFF, 0xFF, 0xFF, 0xFF, 0xFF, 0xFF, 0xFF, 0xFF,
    0xFF, 0xFF, 0xFF, 0xFF, 0xFF, 0xFF, 0xFF, 0xFF, 0xFF, 0xFF, 0xFF, 0xFF, 0xFF, 0xFF, 0xFF, 0xFF,
    0xFF, 0xFF, 0xFF, 0xFF, 0xFF, 0xFF, 0xFF, 0xFF, 0xFF, 0xFF, 0xFF, 0xFF, 0xFF, 0xFF, 0xFF, 0xFF,
    0xFF, 0xFF, 0xFF, 0xFF, 0xFF, 0xFF, 0xFF, 0xFF, 0xFF, 0xFF, 0xFF, 0xFF, 0xFF, 0xFF, 0xFF, 0xFF,
    0xFF, 0xFF, 0xFF, 0xFF, 0xFF, 0xFF, 0xFF, 0xFF, 0xFF, 0xFF, 0xFF, 0xFF, 0xFF, 0xFF, 0xFF, 0xFF,
    0xFF, 0xFF, 0xFF, 0xFF, 0xFF, 0xFF, 0xFF, 0xFF, 0xFF, 0xFF, 0xFF, 0xFF, 0xFF, 0xFF, 0xFF, 0xFF,
    0xFF, 0xFF, 0xFF, 0xFF, 0xFF, 0xFF, 0xFF, 0xFF, 0xFF, 0xFF, 0xFF, 0xFF, 0xFF, 0xFF, 0xFF, 0xFF,
    0xFF, 0xFF, 0xFF, 0xFF, 0xFF, 0xFF, 0xFF, 0xFF, 0xFF, 0xFF, 0xFF, 0xFF, 0xFF, 0xFF, 0xFF, 0xFF,
    0xFF, 0xFF, 0xFF, 0xFF, 0xFF, 0xFF, 0xFF, 0xFF, 0xFF, 0xFF, 0xFF, 0xFF, 0xFF, 0xFF, 0xFF, 0xFF,
    0xFF, 0xFF, 0xFF, 0xFF, 0xFF, 0xFF, 0xFF, 0xFF, 0xFF, 0xFF, 0xFF, 0xFF, 0xFF, 0xFF, 0xFF, 0xFF,
    0xFF, 0xFF, 0xFF, 0xFF, 0xFF, 0xFF, 0xFF, 0xFF, 0xFF, 0xFF, 0xFF, 0xFF, 0xFF, 0xFF, 0xFF, 0xFF,
    0xFF, 0xFF, 0xFF, 0xFF, 0xFF, 0xFF, 0xFF, 0xFF, 0xFF, 0xFF, 0xFF, 0xFF, 0xFF, 0xFF, 0xFF, 0xFF,
    0xFF, 0xFF, 0xFF, 0xFF, 0xFF, 0xFF, 0xFF, 0xFF, 0xFF, 0xFF, 0xFF, 0xFF, 0xFF, 0xFF, 0xFF, 0xFF,
    0xFF, 0xFF, 0xFF, 0xFF, 0xFF, 0xFF, 0xFF, 0xFF, 0xFF, 0xFF, 0xFF, 0xFF, 0xFF, 0xFF, 0xFF, 0xFF,
    0xFF, 0xFF, 0xFF, 0xFF, 0xFF, 0xFF, 0xFF, 0xFF, 0xFF, 0xFF, 0xFF, 0xFF, 0xFF, 0xFF, 0xFF, 0xFF,
    0xFF, 0xFF, 0xFF, 0xFF, 0xFF, 0xFF, 0xFF, 0xFF, 0xFF, 0xFF, 0xFF, 0xFF, 0xFF, 0xFF, 0xFF, 0xFF,
    0xFF, 0xFF, 0xFF, 0xFF, 0xFF, 0xFF, 0xFF, 0xFF, 0xFF, 0xFF, 0xFF, 0xFF, 0xFF, 0xFF, 0xFF, 0xFF,
    0xFF, 0xFF, 0xFF, 0xFF, 0xFF, 0xFF, 0xFF, 0xFF, 0xFF, 0xFF, 0xFF, 0xFF, 0xFF, 0xFF, 0xFF, 0xFF,
    0xFF, 0xFF, 0xFF, 0xFF, 0xFF, 0xFF, 0xFF, 0xFF, 0xFF, 0xFF, 0xFF, 0xFF, 0xFF, 0xFF, 0xFF, 0xFF,
    0xFF, 0xFF, 0xFF, 0xFF, 0xFF, 0xFF, 0xFF, 0xFF, 0xFF, 0xFF, 0xFF, 0xFF, 0xFF, 0xFF, 0xFF, 0xFF,
    0xFF, 0xFF, 0xFF, 0xFF, 0xFF, 0xFF, 0xFF, 0xFF, 0xFF, 0xFF, 0xFF, 0xFF, 0xFF, 0xFF, 0xFF, 0xFF,
    0xFF, 0xFF, 0xFF, 0xFF, 0xFF, 0xFF, 0xFF, 0xFF, 0xFF, 0xFF, 0xFF, 0xFF, 0xFF, 0xFF, 0xFF, 0xFF,
    0xFF, 0xFF, 0xFF, 0xFF, 0xFF, 0xFF, 0xFF, 0xFF, 0xFF, 0xFF, 0xFF, 0xFF, 0xFF, 0xFF, 0xFF, 0xFF,
    0xFF, 0xFF, 0xFF, 0xFF, 0xFF, 0xFF, 0xFF, 0xFF, 0xFF, 0xFF, 0xFF, 0xFF, 0xFF, 0xFF, 0xFF, 0xFF,
    0xFF, 0xFF, 0xFF, 0xFF, 0xFF, 0xFF, 0xFF, 0xFF, 0xFF, 0xFF, 0xFF, 0xFF, 0xFF, 0xFF, 0xFF, 0xFF,
    0xFF, 0xFF, 0xFF, 0xFF, 0xFF, 0xFF, 0xFF, 0xFF, 0xFF, 0xFF, 0xFF, 0xFF, 0xFF, 0xFF, 0xFF, 0xFF,
    0xFF, 0xFF, 0xFF, 0xFF, 0xFF, 0xFF, 0xFF, 0xFF, 0xFF, 0xFF, 0xFF, 0xFF, 0xFF, 0xFF, 0xFF, 0xFF,
    0xFF, 0xFF, 0xFF, 0xFF, 0xFF, 0xFF, 0xFF, 0xFF, 0xFF, 0xFF, 0xFF, 0xFF, 0xFF, 0xFF, 0xFF, 0xFF,
    0xFF, 0xFF, 0xFF, 0xFF, 0xFF, 0xFF, 0xFF, 0xFF, 0xFF, 0xFF, 0xFF, 0xFF, 0xFF, 0xFF, 0xFF, 0xFF,
    0xFF, 0xFF, 0xFF, 0xFF, 0xFF, 0xFF, 0xFF, 0xFF, 0xFF, 0xFF, 0xFF, 0xFF, 0xFF, 0xFF, 0xFF, 0xFF,
    0xFF, 0xFF, 0xFF, 0xFF, 0xFF, 0xFF, 0xFF, 0xFF, 0xFF, 0xFF, 0xFF, 0xFF, 0xFF, 0xFF, 0xFF, 0xFF,
    0xFF, 0xFF, 0xFF, 0xFF, 0xFF, 0xFF, 0xFF, 0xFF, 0xFF, 0xFF, 0xFF, 0xFF, 0xFF, 0xFF, 0xFF, 0xFF,
    0xFF, 0xFF, 0xFF, 0xFF, 0xFF, 0xFF, 0xFF, 0xFF, 0xFF, 0xFF, 0xFF, 0xFF, 0xFF, 0xFF, 0xFF, 0xFF,
    0xFF, 0xFF, 0xFF, 0xFF, 0xFF, 0xFF, 0xFF, 0xFF, 0xFF, 0xFF, 0xFF, 0xFF, 0xFF, 0xFF, 0xFF, 0xFF,
    0xFF, 0xFF, 0xFF, 0xFF, 0xFF, 0xFF, 0xFF, 0xFF, 0xFF, 0xFF, 0xFF, 0xFF, 0xFF, 0xFF, 0xFF, 0xFF,
    0xFF, 0xFF, 0xFF, 0xFF, 0xFF, 0xFF, 0xFF, 0xFF, 0xFF, 0xFF, 0xFF, 0xFF, 0xFF, 0xFF, 0xFF, 0xFF,
    0xFF, 0xFF, 0xFF, 0xFF, 0xFF, 0xFF, 0xFF, 0xFF, 0xFF, 0xFF, 0xFF, 0xFF, 0xFF, 0xFF, 0xFF, 0xFF,
    0xFF, 0xFF, 0xFF, 0xFF, 0xFF, 0xFF, 0xFF, 0xFF, 0xFF, 0xFF, 0xFF, 0xFF, 0xFF, 0xFF, 0xFF, 0xFF,
    0xFF, 0xFF, 0xFF, 0xFF, 0xFF, 0xFF, 0xFF, 0xFF, 0xFF, 0xFF, 0xFF, 0xFF, 0xFF, 0xFF, 0xFF, 0xFF,
    0xFF, 0xFF, 0xFF, 0xFF, 0xFF, 0xFF, 0xFF, 0xFF, 0xFF, 0xFF, 0xFF, 0xFF, 0xFF, 0xFF, 0xFF, 0xFF,
    0xFF, 0xFF, 0xFF, 0xFF, 0xFF, 0xFF, 0xFF, 0xFF, 0xFF, 0xFF, 0xFF, 0xFF, 0xFF, 0xFF, 0xFF, 0xFF,
    0xFF, 0xFF, 0xFF, 0xFF, 0xFF, 0xFF, 0xFF, 0xFF, 0xFF, 0xFF, 0xFF, 0xFF, 0xFF, 0xFF, 0xFF, 0xFF,
    0xFF, 0xFF, 0xFF, 0xFF, 0xFF, 0xFF, 0xFF, 0xFF, 0xFF, 0xFF, 0xFF, 0xFF, 0xFF, 0xFF, 0xFF, 0xFF,
    0xFF, 0xFF, 0xFF, 0xFF, 0xFF, 0xFF, 0xFF, 0xFF, 0xFF, 0xFF, 0xFF, 0xFF, 0xFF, 0xFF, 0xFF, 0xFF,
    0xFF, 0xFF, 0xFF, 0xFF, 0xFF, 0xFF, 0xFF, 0xFF, 0xFF, 0xFF, 0xFF, 0xFF, 0xFF, 0xFF, 0xFF, 0xFF,
    0xFF, 0xFF, 0xFF, 0xFF, 0xFF, 0xFF, 0xFF, 0xFF, 0xFF, 0xFF, 0xFF, 0xFF, 0xFF, 0xFF, 0xFF, 0xFF,
    0xFF, 0xFF, 0xFF, 0xFF, 0xFF, 0xFF, 0xFF, 0xFF, 0xFF, 0xFF, 0xFF, 0xFF, 0xFF, 0xFF, 0xFF, 0xFF,
    0xFF, 0xFF, 0xFF, 0xFF, 0xFF, 0xFF, 0xFF, 0xFF, 0xFF, 0xFF, 0xFF, 0xFF, 0xFF, 0xFF, 0xFF, 0xFF,
    0xFF, 0xFF, 0xFF, 0xFF, 0xFF, 0xFF, 0xFF, 0xFF, 0xFF, 0xFF, 0xFF, 0xFF, 0xFF, 0xFF, 0xFF, 0xFF,
    0xFF, 0xFF, 0xFF, 0xFF, 0xFF, 0xFF, 0xFF, 0xFF, 0xFF, 0xFF, 0xFF, 0xFF, 0xFF, 0xFF, 0xFF, 0xFF,
    0xFF, 0xFF, 0xFF, 0xFF, 0xFF, 0xFF, 0xFF, 0xFF, 0xFF, 0xFF, 0xFF, 0xFF, 0xFF, 0xFF, 0xFF, 0xFF,
    0xFF, 0xFF, 0xFF, 0xFF, 0xFF, 0xFF, 0xFF, 0xFF, 0xFF, 0xFF, 0xFF, 0xFF, 0xFF, 0xFF, 0xFF, 0xFF,
    0xFF, 0xFF, 0xFF, 0xFF, 0xFF, 0xFF, 0xFF, 0xFF, 0xFF, 0xFF, 0xFF, 0xFF, 0xFF, 0xFF, 0xFF, 0xFF,
    0xFF, 0xFF, 0xFF, 0xFF, 0xFF, 0xFF, 0xFF, 0xFF, 0xFF, 0xFF, 0xFF, 0xFF, 0xFF, 0xFF, 0xFF, 0xFF,
    0xFF, 0xFF, 0xFF, 0xFF, 0xFF, 0xFF, 0xFF, 0xFF, 0xFF, 0xFF, 0xFF, 0xFF, 0xFF, 0xFF, 0xFF, 0xFF,
    0xFF, 0xFF, 0xFF, 0xFF, 0xFF, 0xFF, 0xFF, 0xFF, 0xFF, 0xFF, 0xFF, 0xFF, 0xFF, 0xFF, 0xFF, 0xFF,
    0xFF, 0xFF, 0xFF, 0xFF, 0xFF, 0xFF, 0xFF, 0xFF, 0xFF, 0xFF, 0xFF, 0xFF, 0xFF, 0xFF, 0xFF, 0xFF,
    0xFF, 0xFF, 0xFF, 0xFF, 0xFF, 0xFF, 0xFF, 0xFF, 0xFF, 0xFF, 0xFF, 0xFF, 0xFF, 0xFF, 0xFF, 0xFF,
    0xFF, 0xFF, 0xFF, 0xFF, 0xFF, 0xFF, 0xFF, 0xFF, 0xFF, 0xFF, 0xFF, 0xFF, 0xFF, 0xFF, 0xFF, 0xFF,
    0xFF, 0xFF, 0xFF, 0xFF, 0xFF, 0xFF, 0xFF, 0xFF, 0xFF, 0xFF, 0xFF, 0xFF, 0xFF, 0xFF, 0xFF, 0xFF,
    0xFF, 0xFF, 0xFF, 0xFF, 0xFF, 0xFF, 0xFF, 0xFF, 0xFF, 0xFF, 0xFF, 0xFF, 0xFF, 0xFF, 0xFF, 0xFF,
    0xFF, 0xFF, 0xFF, 0xFF, 0xFF, 0xFF, 0xFF, 0xFF, 0xFF, 0xFF, 0xFF, 0xFF, 0xFF, 0xFF, 0xFF, 0xFF,
    0xFF, 0xFF, 0xFF, 0xFF, 0xFF, 0xFF, 0xFF, 0xFF, 0xFF, 0xFF, 0xFF, 0xFF, 0xFF, 0xFF, 0xFF, 0xFF,
    0xFF, 0xFF, 0xFF, 0xFF, 0xFF, 0xFF, 0xFF, 0xFF, 0xFF, 0xFF, 0xFF, 0xFF, 0xFF, 0xFF, 0xFF, 0xFF,
    0xFF, 0xFF, 0xFF, 0xFF, 0xFF, 0xFF, 0xFF, 0xFF, 0xFF, 0xFF, 0xFF, 0xFF, 0xFF, 0xFF, 0xFF, 0xFF,
    0xFF, 0xFF, 0xFF, 0xFF, 0xFF, 0xFF, 0xFF, 0xFF, 0xFF, 0xFF, 0xFF, 0xFF, 0xFF, 0xFF, 0xFF, 0xFF,
    0xFF, 0xFF, 0xFF, 0xFF, 0xFF, 0xFF, 0xFF, 0xFF, 0xFF, 0xFF, 0xFF, 0xFF, 0xFF, 0xFF, 0xFF, 0xFF,
    0xFF, 0xFF, 0xFF, 0xFF, 0xFF, 0xFF, 0xFF, 0xFF, 0xFF, 0xFF, 0xFF, 0xFF, 0xFF, 0xFF, 0xFF, 0xFF,
    0xFF, 0xFF, 0xFF, 0xFF, 0xFF, 0xFF, 0xFF, 0xFF, 0xFF, 0xFF, 0xFF, 0xFF, 0xFF, 0xFF, 0xFF, 0xFF,
    0xFF, 0xFF, 0xFF, 0xFF, 0xFF, 0xFF, 0xFF, 0xFF, 0xFF, 0xFF, 0xFF, 0xFF, 0xFF, 0xFF, 0xFF, 0xFF,
    0xFF, 0xFF, 0xFF, 0xFF, 0xFF, 0xFF, 0xFF, 0xFF, 0xFF, 0xFF, 0xFF, 0xFF, 0xFF, 0xFF, 0xFF, 0xFF,
    0xFF, 0xFF, 0xFF, 0xFF, 0xFF, 0xFF, 0xFF, 0xFF, 0xFF, 0xFF, 0xFF, 0xFF, 0xFF, 0xFF, 0xFF, 0xFF,
    0xFF, 0xFF, 0xFF, 0xFF, 0xFF, 0xFF, 0xFF, 0xFF, 0xFF, 0xFF, 0xFF, 0xFF, 0xFF, 0xFF, 0xFF, 0xFF,
    0xFF, 0xFF, 0xFF, 0xFF, 0xFF, 0xFF, 0xFF, 0xFF, 0xFF, 0xFF, 0xFF, 0xFF, 0xFF, 0xFF, 0xFF, 0xFF,
    0xFF, 0xFF, 0xFF, 0xFF, 0xFF, 0xFF, 0xFF, 0xFF, 0xFF, 0xFF, 0xFF, 0xFF, 0xFF, 0xFF, 0xFF, 0xFF,
    0xFF, 0xFF, 0xFF, 0xFF, 0xFF, 0xFF, 0xFF, 0xFF, 0xFF, 0xFF, 0xFF, 0xFF, 0xFF, 0xFF, 0xFF, 0xFF,
    0xFF, 0xFF, 0xFF, 0xFF, 0xFF, 0xFF, 0xFF, 0xFF, 0xFF, 0xFF, 0xFF, 0xFF, 0xFF, 0xFF, 0xFF, 0xFF,
    0xFF, 0xFF, 0xFF, 0xFF, 0xFF, 0xFF, 0xFF, 0xFF, 0xFF, 0xFF, 0xFF, 0xFF, 0xFF, 0xFF, 0xFF, 0xFF,
    0xFF, 0xFF, 0xFF, 0xFF, 0xFF, 0xFF, 0xFF, 0xFF, 0xFF, 0xFF, 0xFF, 0xFF, 0xFF, 0xFF, 0xFF, 0xFF,
    0xFF, 0xFF, 0xFF, 0xFF, 0xFF, 0xFF, 0xFF, 0xFF, 0xFF, 0xFF, 0xFF, 0xFF, 0xFF, 0xFF, 0xFF, 0xFF,
    0xFF, 0xFF, 0xFF, 0xFF, 0xFF, 0xFF, 0xFF, 0xFF, 0xFF, 0xFF, 0xFF, 0xFF, 0xFF, 0xFF, 0xFF, 0xFF,
    0xFF, 0xFF, 0xFF, 0xFF, 0xFF, 0xFF, 0xFF, 0xFF, 0xFF, 0xFF, 0xFF, 0xFF, 0xFF, 0xFF, 0xFF, 0xFF,
    0xFF, 0xFF, 0xFF, 0xFF, 0xFF, 0xFF, 0xFF, 0xFF, 0xFF, 0xFF, 0xFF, 0xFF, 0xFF, 0xFF, 0xFF, 0xFF,
    0xFF, 0xFF, 0xFF, 0xFF, 0xFF, 0xFF, 0xFF, 0xFF, 0xFF, 0xFF, 0xFF, 0xFF, 0xFF, 0xFF, 0xFF, 0xFF,
    0xFF, 0xFF, 0xFF, 0xFF, 0xFF, 0xFF, 0xFF, 0xFF, 0xFF, 0xFF, 0xFF, 0xFF, 0xFF, 0xFF, 0xFF, 0xFF,
    0xFF, 0xFF, 0xFF, 0xFF, 0xFF, 0xFF, 0xFF, 0xFF, 0xFF, 0xFF, 0xFF, 0xFF, 0xFF, 0xFF, 0xFF, 0xFF,
    0xFF, 0xFF, 0xFF, 0xFF, 0xFF, 0xFF, 0xFF, 0xFF, 0xFF, 0xFF, 0xFF, 0xFF, 0xFF, 0xFF, 0xFF, 0xFF,
    0xFF, 0xFF, 0xFF, 0xFF, 0xFF, 0xFF, 0xFF, 0xFF, 0xFF, 0xFF, 0xFF, 0xFF, 0xFF, 0xFF, 0xFF, 0xFF,
    0xFF, 0xFF, 0xFF, 0xFF, 0xFF, 0xFF, 0xFF, 0xFF, 0xFF, 0xFF, 0xFF, 0xFF, 0xFF, 0xFF, 0xFF, 0xFF,
    0xFF, 0xFF, 0xFF, 0xFF, 0xFF, 0xFF, 0xFF, 0xFF, 0xFF, 0xFF, 0xFF, 0xFF, 0xFF, 0xFF, 0xFF, 0xFF,
    0xFF, 0xFF, 0xFF, 0xFF, 0xFF, 0xFF, 0xFF, 0xFF, 0xFF, 0xFF, 0xFF, 0xFF, 0xFF, 0xFF, 0xFF, 0xFF,
    0xFF, 0xFF, 0xFF, 0xFF, 0xFF, 0xFF, 0xFF, 0xFF, 0xFF, 0xFF, 0xFF, 0xFF, 0xFF, 0xFF, 0xFF, 0xFF,
    0xFF, 0xFF, 0xFF, 0xFF, 0xFF, 0xFF, 0xFF, 0xFF, 0xFF, 0xFF, 0xFF, 0xFF, 0xFF, 0xFF, 0xFF, 0xFF,
    0xFF, 0xFF, 0xFF, 0xFF, 0xFF, 0xFF, 0xFF, 0xFF, 0xFF, 0xFF, 0xFF, 0xFF, 0xFF, 0xFF, 0xFF, 0xFF,
    0xFF, 0xFF, 0xFF, 0xFF, 0xFF, 0xFF, 0xFF, 0xFF, 0xFF, 0xFF, 0xFF, 0xFF, 0xFF, 0xFF, 0xFF, 0xFF,
    0xFF, 0xFF, 0xFF, 0xFF, 0xFF, 0xFF, 0xFF, 0xFF, 0xFF, 0xFF, 0xFF, 0xFF, 0xFF, 0xFF, 0xFF, 0xFF,
    0xFF, 0xFF, 0xFF, 0xFF, 0xFF, 0xFF, 0xFF, 0xFF, 0xFF, 0xFF, 0xFF, 0xFF, 0xFF, 0xFF, 0xFF, 0xFF,
    0xFF, 0xFF, 0xFF, 0xFF, 0xFF, 0xFF, 0xFF, 0xFF, 0xFF, 0xFF, 0xFF, 0xFF, 0xFF, 0xFF, 0xFF, 0xFF,
    0xFF, 0xFF, 0xFF, 0xFF, 0xFF, 0xFF, 0xFF, 0xFF, 0xFF, 0xFF, 0xFF, 0xFF, 0xFF, 0xFF, 0xFF, 0xFF,
    0xFF, 0xFF, 0xFF, 0xFF, 0xFF, 0xFF, 0xFF, 0xFF, 0xFF, 0xFF, 0xFF, 0xFF, 0xFF, 0xFF, 0xFF, 0xFF,
    0xFF, 0xFF, 0xFF, 0xFF, 0xFF, 0xFF, 0xFF, 0xFF, 0xFF, 0xFF, 0xFF, 0xFF, 0xFF, 0xFF, 0xFF, 0xFF,
    0xFF, 0xFF, 0xFF, 0xFF, 0xFF, 0xFF, 0xFF, 0xFF, 0xFF, 0xFF, 0xFF, 0xFF, 0xFF, 0xFF, 0xFF, 0xFF,
    0xFF, 0xFF, 0xFF, 0xFF, 0xFF, 0xFF, 0xFF, 0xFF, 0xFF, 0xFF, 0xFF, 0xFF, 0xFF, 0xFF, 0xFF, 0xFF,
    0xFF, 0xFF, 0xFF, 0xFF, 0xFF, 0xFF, 0xFF, 0xFF, 0xFF, 0xFF, 0xFF, 0xFF, 0xFF, 0xFF, 0xFF, 0xFF,
    0xFF, 0xFF, 0xFF, 0xFF, 0xFF, 0xFF, 0xFF, 0xFF, 0xFF, 0xFF, 0xFF, 0xFF, 0xFF, 0xFF, 0xFF, 0xFF,
    0xFF, 0xFF, 0xFF, 0xFF, 0xFF, 0xFF, 0xFF, 0xFF, 0xFF, 0xFF, 0xFF, 0xFF, 0xFF, 0xFF, 0xFF, 0xFF,
    0xFF, 0xFF, 0xFF, 0xFF, 0xFF, 0xFF, 0xFF, 0xFF, 0xFF, 0xFF, 0xFF, 0xFF, 0xFF, 0xFF, 0xFF, 0xFF,
    0xFF, 0xFF, 0xFF, 0xFF, 0xFF, 0xFF, 0xFF, 0xFF, 0xFF, 0xFF, 0xFF, 0xFF, 0xFF, 0xFF, 0xFF, 0xFF,
    0xFF, 0xFF, 0xFF, 0xFF, 0xFF, 0xFF, 0xFF, 0xFF, 0xFF, 0xFF, 0xFF, 0xFF, 0xFF, 0xFF, 0xFF, 0xFF,
    0xFF, 0xFF, 0xFF, 0xFF, 0xFF, 0xFF, 0xFF, 0xFF, 0xFF, 0xFF, 0xFF, 0xFF, 0xFF, 0xFF, 0xFF, 0xFF,
    0xFF, 0xFF, 0xFF, 0xFF, 0xFF, 0xFF, 0xFF, 0xFF, 0xFF, 0xFF, 0xFF, 0xFF, 0xFF, 0xFF, 0xFF, 0xFF,
    0xFF, 0xFF, 0xFF, 0xFF, 0xFF, 0xFF, 0xFF, 0xFF, 0xFF, 0xFF, 0xFF, 0xFF, 0xFF, 0xFF, 0xFF, 0xFF,
    0xFF, 0xFF, 0xFF, 0xFF, 0xFF, 0xFF, 0xFF, 0xFF, 0xFF, 0xFF, 0xFF, 0xFF, 0xFF, 0xFF, 0xFF, 0xFF,
    0xFF, 0xFF, 0xFF, 0xFF, 0xFF, 0xFF, 0xFF, 0xFF, 0xFF, 0xFF, 0xFF, 0xFF, 0xFF, 0xFF, 0xFF, 0xFF,
    0xFF, 0xFF, 0xFF, 0xFF, 0xFF, 0xFF, 0xFF, 0xFF, 0xFF, 0xFF, 0xFF, 0xFF, 0xFF, 0xFF, 0xFF, 0xFF,
    0xFF, 0xFF, 0xFF, 0xFF, 0xFF, 0xFF, 0xFF, 0xFF, 0xFF, 0xFF, 0xFF, 0xFF, 0xFF, 0xFF, 0xFF, 0xFF,
    0xFF, 0xFF, 0xFF, 0xFF, 0xFF, 0xFF, 0xFF, 0xFF, 0xFF, 0xFF, 0xFF, 0xFF, 0xFF, 0xFF, 0xFF, 0xFF,
    0xFF, 0xFF, 0xFF, 0xFF, 0xFF, 0xFF, 0xFF, 0xFF, 0xFF, 0xFF, 0xFF, 0xFF, 0xFF, 0xFF, 0xFF, 0xFF,
    0xFF, 0xFF, 0xFF, 0xFF, 0xFF, 0xFF, 0xFF, 0xFF, 0xFF, 0xFF, 0xFF, 0xFF, 0xFF, 0xFF, 0xFF, 0xFF,
    0xFF, 0xFF, 0xFF, 0xFF, 0xFF, 0xFF, 0xFF, 0xFF, 0xFF, 0xFF, 0xFF, 0xFF, 0xFF, 0xFF, 0xFF, 0xFF,
    0xFF, 0xFF, 0xFF, 0xFF, 0xFF, 0xFF, 0xFF, 0xFF, 0xFF, 0xFF, 0xFF, 0xFF, 0xFF, 0xFF, 0xFF, 0xFF,
    0xFF, 0xFF, 0xFF, 0xFF, 0xFF, 0xFF, 0xFF, 0xFF, 0xFF, 0xFF, 0xFF, 0xFF, 0xFF, 0xFF, 0xFF, 0xFF,
    0xFF, 0xFF, 0xFF, 0xFF, 0xFF, 0xFF, 0xFF, 0xFF, 0xFF, 0xFF, 0xFF, 0xFF, 0xFF, 0xFF, 0xFF, 0xFF,
    0xFF, 0xFF, 0xFF, 0xFF, 0xFF, 0xFF, 0xFF, 0xFF, 0xFF, 0xFF, 0xFF, 0xFF, 0xFF, 0xFF, 0xFF, 0xFF,
    0xFF, 0xFF, 0xFF, 0xFF, 0xFF, 0xFF, 0xFF, 0xFF, 0xFF, 0xFF, 0xFF, 0xFF, 0xFF, 0xFF, 0xFF, 0xFF,
    0xFF, 0xFF, 0xFF, 0xFF, 0xFF, 0xFF, 0xFF, 0xFF, 0xFF, 0xFF, 0xFF, 0xFF, 0xFF, 0xFF, 0xFF, 0xFF,
    0xFF, 0xFF, 0xFF, 0xFF, 0xFF, 0xFF, 0xFF, 0xFF, 0xFF, 0xFF, 0xFF, 0xFF, 0xFF, 0xFF, 0xFF, 0xFF,
    0xFF, 0xFF, 0xFF, 0xFF, 0xFF, 0xFF, 0xFF, 0xFF, 0xFF, 0xFF, 0xFF, 0xFF, 0xFF, 0xFF, 0xFF, 0xFF,
    0xFF, 0xFF, 0xFF, 0xFF, 0xFF, 0xFF, 0xFF, 0xFF, 0xFF, 0xFF, 0xFF, 0xFF, 0xFF, 0xFF, 0xFF, 0xFF,
    0xFF, 0xFF, 0xFF, 0xFF, 0xFF, 0xFF, 0xFF, 0xFF, 0xFF, 0xFF, 0xFF, 0xFF, 0xFF, 0xFF, 0xFF, 0xFF,
    0xFF, 0xFF, 0xFF, 0xFF, 0xFF, 0xFF, 0xFF, 0xFF, 0xFF, 0xFF, 0xFF, 0xFF, 0xFF, 0xFF, 0xFF, 0xFF,
    0xFF, 0xFF, 0xFF, 0xFF, 0xFF, 0xFF, 0xFF, 0xFF, 0xFF, 0xFF, 0xFF, 0xFF, 0xFF, 0xFF, 0xFF, 0xFF,
    0xFF, 0xFF, 0xFF, 0xFF, 0xFF, 0xFF, 0xFF, 0xFF, 0xFF, 0xFF, 0xFF, 0xFF, 0xFF, 0xFF, 0xFF, 0xFF,
    0xFF, 0xFF, 0xFF, 0xFF, 0xFF, 0xFF, 0xFF, 0xFF, 0xFF, 0xFF, 0xFF, 0xFF, 0xFF, 0xFF, 0xFF, 0xFF,
    0xFF, 0xFF, 0xFF, 0xFF, 0xFF, 0xFF, 0xFF, 0xFF, 0xFF, 0xFF, 0xFF, 0xFF, 0xFF, 0xFF, 0xFF, 0xFF,
    0xFF, 0xFF, 0xFF, 0xFF, 0xFF, 0xFF, 0xFF, 0xFF, 0xFF, 0xFF, 0xFF, 0xFF, 0xFF, 0xFF, 0xFF, 0xFF,
    0xFF, 0xFF, 0xFF, 0xFF, 0xFF, 0xFF, 0xFF, 0xFF, 0xFF, 0xFF, 0xFF, 0xFF, 0xFF, 0xFF, 0xFF, 0xFF,
    0xFF, 0xFF, 0xFF, 0xFF, 0xFF, 0xFF, 0xFF, 0xFF, 0xFF, 0xFF, 0xFF, 0xFF, 0xFF, 0xFF, 0xFF, 0xFF,
    0xFF, 0xFF, 0xFF, 0xFF, 0xFF, 0xFF, 0xFF, 0xFF, 0xFF, 0xFF, 0xFF, 0xFF, 0xFF, 0xFF, 0xFF, 0xFF,
    0xFF, 0xFF, 0xFF, 0xFF, 0xFF, 0xFF, 0xFF, 0xFF, 0xFF, 0xFF, 0xFF, 0xFF, 0xFF, 0xFF, 0xFF, 0xFF,
    0xFF, 0xFF, 0xFF, 0xFF, 0xFF, 0xFF, 0xFF, 0xFF, 0xFF, 0xFF, 0xFF, 0xFF, 0xFF, 0xFF, 0xFF, 0xFF,
    0xFF, 0xFF, 0xFF, 0xFF, 0xFF, 0xFF, 0xFF, 0xFF, 0xFF, 0xFF, 0xFF, 0xFF, 0xFF, 0xFF, 0xFF, 0xFF,
    0xFF, 0xFF, 0xFF, 0xFF, 0xFF, 0xFF, 0xFF, 0xFF, 0xFF, 0xFF, 0xFF, 0xFF, 0xFF, 0xFF, 0xFF, 0xFF,
    0xFF, 0xFF, 0xFF, 0xFF, 0xFF, 0xFF, 0xFF, 0xFF, 0xFF, 0xFF, 0xFF, 0xFF, 0xFF, 0xFF, 0xFF, 0xFF,
    0xFF, 0xFF, 0xFF, 0xFF, 0xFF, 0xFF, 0xFF, 0xFF, 0xFF, 0xFF, 0xFF, 0xFF, 0xFF, 0xFF, 0xFF, 0xFF,
    0xFF, 0xFF, 0xFF, 0xFF, 0xFF, 0xFF, 0xFF, 0xFF, 0xFF, 0xFF, 0xFF, 0xFF, 0xFF, 0xFF, 0xFF, 0xFF,
    0xFF, 0xFF, 0xFF, 0xFF, 0xFF, 0xFF, 0xFF, 0xFF, 0xFF, 0xFF, 0xFF, 0xFF, 0xFF, 0xFF, 0xFF, 0xFF,
    0xFF, 0xFF, 0xFF, 0xFF, 0xFF, 0xFF, 0xFF, 0xFF, 0xFF, 0xFF, 0xFF, 0xFF, 0xFF, 0xFF, 0xFF, 0xFF,
    0xFF, 0xFF, 0xFF, 0xFF, 0xFF, 0xFF, 0xFF, 0xFF, 0xFF, 0xFF, 0xFF, 0xFF, 0xFF, 0xFF, 0xFF, 0xFF,
    0xFF, 0xFF, 0xFF, 0xFF, 0xFF, 0xFF, 0xFF, 0xFF, 0xFF, 0xFF, 0xFF, 0xFF, 0xFF, 0xFF, 0xFF, 0xFF,
    0xFF, 0xFF, 0xFF, 0xFF, 0xFF, 0xFF, 0xFF, 0xFF, 0xFF, 0xFF, 0xFF, 0xFF, 0xFF, 0xFF, 0xFF, 0xFF,
    0xFF, 0xFF, 0xFF, 0xFF, 0xFF, 0xFF, 0xFF, 0xFF, 0xFF, 0xFF, 0xFF, 0xFF, 0xFF, 0xFF, 0xFF, 0xFF,
    0xFF, 0xFF, 0xFF, 0xFF, 0xFF, 0xFF, 0xFF, 0xFF, 0xFF, 0xFF, 0xFF, 0xFF, 0xFF, 0xFF, 0xFF, 0xFF,
    0xFF, 0xFF, 0xFF, 0xFF, 0xFF, 0xFF, 0xFF, 0xFF, 0xFF, 0xFF, 0xFF, 0xFF, 0xFF, 0xFF, 0xFF, 0xFF,
    0xFF, 0xFF, 0xFF, 0xFF, 0xFF, 0xFF, 0xFF, 0xFF, 0xFF, 0xFF, 0xFF, 0xFF, 0xFF, 0xFF, 0xFF, 0xFF,
    0xFF, 0xFF, 0xFF, 0xFF, 0xFF, 0xFF, 0xFF, 0xFF, 0xFF, 0xFF, 0xFF, 0xFF, 0xFF, 0xFF, 0xFF, 0xFF,
    0xFF, 0xFF, 0xFF, 0xFF, 0xFF, 0xFF, 0xFF, 0xFF, 0xFF, 0xFF, 0xFF, 0xFF, 0xFF, 0xFF, 0xFF, 0xFF,
    0xFF, 0xFF, 0xFF, 0xFF, 0xFF, 0xFF, 0xFF, 0xFF, 0xFF, 0xFF, 0xFF, 0xFF, 0xFF, 0xFF, 0xFF, 0xFF,
    0xFF, 0xFF, 0xFF, 0xFF, 0xFF, 0xFF, 0xFF, 0xFF, 0xFF, 0xFF, 0xFF, 0xFF, 0xFF, 0xFF, 0xFF, 0xFF,
    0xFF, 0xFF, 0xFF, 0xFF, 0xFF, 0xFF, 0xFF, 0xFF, 0xFF, 0xFF, 0xFF, 0xFF, 0xFF, 0xFF, 0xFF, 0xFF,
    0xFF, 0xFF, 0xFF, 0xFF, 0xFF, 0xFF, 0xFF, 0xFF, 0xFF, 0xFF, 0xFF, 0xFF, 0xFF, 0xFF, 0xFF, 0xFF,
    0xFF, 0xFF, 0xFF, 0xFF, 0xFF, 0xFF, 0xFF, 0xFF, 0xFF, 0xFF, 0xFF, 0xFF, 0xFF, 0xFF, 0xFF, 0xFF,
    0xFF, 0xFF, 0xFF, 0xFF, 0xFF, 0xFF, 0xFF, 0xFF, 0xFF, 0xFF, 0xFF, 0xFF, 0xFF, 0xFF, 0xFF, 0xFF,
    0xFF, 0xFF, 0xFF, 0xFF, 0xFF, 0xFF, 0xFF, 0xFF, 0xFF, 0xFF, 0xFF, 0xFF, 0xFF, 0xFF, 0xFF, 0xFF,
    0xFF, 0xFF, 0xFF, 0xFF, 0xFF, 0xFF, 0xFF, 0xFF, 0xFF, 0xFF, 0xFF, 0xFF, 0xFF, 0xFF, 0xFF, 0xFF,
    0xFF, 0xFF, 0xFF, 0xFF, 0xFF, 0xFF, 0xFF, 0xFF, 0xFF, 0xFF, 0xFF, 0xFF, 0xFF, 0xFF, 0xFF, 0xFF,
    0xFF, 0xFF, 0xFF, 0xFF, 0xFF, 0xFF, 0xFF, 0xFF, 0xFF, 0xFF, 0xFF, 0xFF, 0xFF, 0xFF, 0xFF, 0xFF,
    0xFF, 0xFF, 0xFF, 0xFF, 0xFF, 0xFF, 0xFF, 0xFF, 0xFF, 0xFF, 0xFF, 0xFF, 0xFF, 0xFF, 0xFF, 0xFF,
    0xFF, 0xFF, 0xFF, 0xFF, 0xFF, 0xFF, 0xFF, 0xFF, 0xFF, 0xFF, 0xFF, 0xFF, 0xFF, 0xFF, 0xFF, 0xFF,
    0xFF, 0xFF, 0xFF, 0xFF, 0xFF, 0xFF, 0xFF, 0xFF, 0xFF, 0xFF, 0xFF, 0xFF, 0xFF, 0xFF, 0xFF, 0xFF,
    0xFF, 0xFF, 0xFF, 0xFF, 0xFF, 0xFF, 0xFF, 0xFF, 0xFF, 0xFF, 0xFF, 0xFF, 0xFF, 0xFF, 0xFF, 0xFF,
    0xFF, 0xFF, 0xFF, 0xFF, 0xFF, 0xFF, 0xFF, 0xFF, 0xFF, 0xFF, 0xFF, 0xFF, 0xFF, 0xFF, 0xFF, 0xFF,
    0xFF, 0xFF, 0xFF, 0xFF, 0xFF, 0xFF, 0xFF, 0xFF, 0xFF, 0xFF, 0xFF, 0xFF, 0xFF, 0xFF, 0xFF, 0xFF,
    0xFF, 0xFF, 0xFF, 0xFF, 0xFF, 0xFF, 0xFF, 0xFF, 0xFF, 0xFF, 0xFF, 0xFF, 0xFF, 0xFF, 0xFF, 0xFF,
    0xFF, 0xFF, 0xFF, 0xFF, 0xFF, 0xFF, 0xFF, 0xFF, 0xFF, 0xFF, 0xFF, 0xFF, 0xFF, 0xFF, 0xFF, 0xFF,
    0xFF, 0xFF, 0xFF, 0xFF, 0xFF, 0xFF, 0xFF, 0xFF, 0xFF, 0xFF, 0xFF, 0xFF, 0xFF, 0xFF, 0xFF, 0xFF,
    0xFF, 0xFF, 0xFF, 0xFF, 0xFF, 0xFF, 0xFF, 0xFF, 0xFF, 0xFF, 0xFF, 0xFF, 0xFF, 0xFF, 0xFF, 0xFF,
    0xFF, 0xFF, 0xFF, 0xFF, 0xFF, 0xFF, 0xFF, 0xFF, 0xFF, 0xFF, 0xFF, 0xFF, 0xFF, 0xFF, 0xFF, 0xFF,
    0xFF, 0xFF, 0xFF, 0xFF, 0xFF, 0xFF, 0xFF, 0xFF, 0xFF, 0xFF, 0xFF, 0xFF, 0xFF, 0xFF, 0xFF, 0xFF,
    0xFF, 0xFF, 0xFF, 0xFF, 0xFF, 0xFF, 0xFF, 0xFF, 0xFF, 0xFF, 0xFF, 0xFF, 0xFF, 0xFF, 0xFF, 0xFF,
    0xFF, 0xFF, 0xFF, 0xFF, 0xFF, 0xFF, 0xFF, 0xFF, 0xFF, 0xFF, 0xFF, 0xFF, 0xFF, 0xFF, 0xFF, 0xFF,
    0xFF, 0xFF, 0xFF, 0xFF, 0xFF, 0xFF, 0xFF, 0xFF, 0xFF, 0xFF, 0xFF, 0xFF, 0xFF, 0xFF, 0xFF, 0xFF,
    0xFF, 0xFF, 0xFF, 0xFF, 0xFF, 0xFF, 0xFF, 0xFF, 0xFF, 0xFF, 0xFF, 0xFF, 0xFF, 0xFF, 0xFF, 0xFF,
    0xFF, 0xFF, 0xFF, 0xFF, 0xFF, 0xFF, 0xFF, 0xFF, 0xFF, 0xFF, 0xFF, 0xFF, 0xFF, 0xFF, 0xFF, 0xFF,
    0xFF, 0xFF, 0xFF, 0xFF, 0xFF, 0xFF, 0xFF, 0xFF, 0xFF, 0xFF, 0xFF, 0xFF, 0xFF, 0xFF, 0xFF, 0xFF,
    0xFF, 0xFF, 0xFF, 0xFF, 0xFF, 0xFF, 0xFF, 0xFF, 0xFF, 0xFF, 0xFF, 0xFF, 0xFF, 0xFF, 0xFF, 0xFF,
    0xFF, 0xFF, 0xFF, 0xFF, 0xFF, 0xFF, 0xFF, 0xFF, 0xFF, 0xFF, 0xFF, 0xFF, 0xFF, 0xFF, 0xFF, 0xFF,
    0xFF, 0xFF, 0xFF, 0xFF, 0xFF, 0xFF, 0xFF, 0xFF, 0xFF, 0xFF, 0xFF, 0xFF, 0xFF, 0xFF, 0xFF, 0xFF,
    0xFF, 0xFF, 0xFF, 0xFF, 0xFF, 0xFF, 0xFF, 0xFF, 0xFF, 0xFF, 0xFF, 0xFF, 0xFF, 0xFF, 0xFF, 0xFF,
    0xFF, 0xFF, 0xFF, 0xFF, 0xFF, 0xFF, 0xFF, 0xFF, 0xFF, 0xFF, 0xFF, 0xFF, 0xFF, 0xFF, 0xFF, 0xFF,
    0xFF, 0xFF, 0xFF, 0xFF, 0xFF, 0xFF, 0xFF, 0xFF, 0xFF, 0xFF, 0xFF, 0xFF, 0xFF, 0xFF, 0xFF, 0xFF,
    0xFF, 0xFF, 0xFF, 0xFF, 0xFF, 0xFF, 0xFF, 0xFF, 0xFF, 0xFF, 0xFF, 0xFF, 0xFF, 0xFF, 0xFF, 0xFF,
    0xFF, 0xFF, 0xFF, 0xFF, 0xFF, 0xFF, 0xFF, 0xFF, 0xFF, 0xFF, 0xFF, 0xFF, 0xFF, 0xFF, 0xFF, 0xFF,
    0xFF, 0xFF, 0xFF, 0xFF, 0xFF, 0xFF, 0xFF, 0xFF, 0xFF, 0xFF, 0xFF, 0xFF, 0xFF, 0xFF, 0xFF, 0xFF,
    0xFF, 0xFF, 0xFF, 0xFF, 0xFF, 0xFF, 0xFF, 0xFF, 0xFF, 0xFF, 0xFF, 0xFF, 0xFF, 0xFF, 0xFF, 0xFF,
    0xFF, 0xFF, 0xFF, 0xFF, 0xFF, 0xFF, 0xFF, 0xFF, 0xFF, 0xFF, 0xFF, 0xFF, 0xFF, 0xFF, 0xFF, 0xFF,
    0xFF, 0xFF, 0xFF, 0xFF, 0xFF, 0xFF, 0xFF, 0xFF, 0xFF, 0xFF, 0xFF, 0xFF, 0xFF, 0xFF, 0xFF, 0xFF,
    0xFF, 0xFF, 0xFF, 0xFF, 0xFF, 0xFF, 0xFF, 0xFF, 0xFF, 0xFF, 0xFF, 0xFF, 0xFF, 0xFF, 0xFF, 0xFF,
    0xFF, 0xFF, 0xFF, 0xFF, 0xFF, 0xFF, 0xFF, 0xFF, 0xFF, 0xFF, 0xFF, 0xFF, 0xFF, 0xFF, 0xFF, 0xFF,
    0xFF, 0xFF, 0xFF, 0xFF, 0xFF, 0xFF, 0xFF, 0xFF, 0xFF, 0xFF, 0xFF, 0xFF, 0xFF, 0xFF, 0xFF, 0xFF,
    0xFF, 0xFF, 0xFF, 0xFF, 0xFF, 0xFF, 0xFF, 0xFF, 0xFF, 0xFF, 0xFF, 0xFF, 0xFF, 0xFF, 0xFF, 0xFF,
    0xFF, 0xFF, 0xFF, 0xFF, 0xFF, 0xFF, 0xFF, 0xFF, 0xFF, 0xFF, 0xFF, 0xFF, 0xFF, 0xFF, 0xFF, 0xFF,
    0xFF, 0xFF, 0xFF, 0xFF, 0xFF, 0xFF, 0xFF, 0xFF, 0xFF, 0xFF, 0xFF, 0xFF, 0xFF, 0xFF, 0xFF, 0xFF,
    0xFF, 0xFF, 0xFF, 0xFF, 0xFF, 0xFF, 0xFF, 0xFF, 0xFF, 0xFF, 0xFF, 0xFF, 0xFF, 0xFF, 0xFF, 0xFF,
    0xFF, 0xFF, 0xFF, 0xFF, 0xFF, 0xFF, 0xFF, 0xFF, 0xFF, 0xFF, 0xFF, 0xFF, 0xFF, 0xFF, 0xFF, 0xFF,
    0xFF, 0xFF, 0xFF, 0xFF, 0xFF, 0xFF, 0xFF, 0xFF, 0xFF, 0xFF, 0xFF, 0xFF, 0xFF, 0xFF, 0xFF, 0xFF,
    0xFF, 0xFF, 0xFF, 0xFF, 0xFF, 0xFF, 0xFF, 0xFF, 0xFF, 0xFF, 0xFF, 0xFF, 0xFF, 0xFF, 0xFF, 0xFF,
    0xFF, 0xFF, 0xFF, 0xFF, 0xFF, 0xFF, 0xFF, 0xFF, 0xFF, 0xFF, 0xFF, 0xFF, 0xFF, 0xFF, 0xFF, 0xFF,
    0xFF, 0xFF, 0xFF, 0xFF, 0xFF, 0xFF, 0xFF, 0xFF, 0xFF, 0xFF, 0xFF, 0xFF, 0xFF, 0xFF, 0xFF, 0xFF,
    0xFF, 0xFF, 0xFF, 0xFF, 0xFF, 0xFF, 0xFF, 0xFF, 0xFF, 0xFF, 0xFF, 0xFF, 0xFF, 0xFF, 0xFF, 0xFF,
    0xFF, 0xFF, 0xFF, 0xFF, 0xFF, 0xFF, 0xFF, 0xFF, 0xFF, 0xFF, 0xFF, 0xFF, 0xFF, 0xFF, 0xFF, 0xFF,
    0xFF, 0xFF, 0xFF, 0xFF, 0xFF, 0xFF, 0xFF, 0xFF, 0xFF, 0xFF, 0xFF, 0xFF, 0xFF, 0xFF, 0xFF, 0xFF,
    0xFF, 0xFF, 0xFF, 0xFF, 0xFF, 0xFF, 0xFF, 0xFF, 0xFF, 0xFF, 0xFF, 0xFF, 0xFF, 0xFF, 0xFF, 0xFF,
    0xFF, 0xFF, 0xFF, 0xFF, 0xFF, 0xFF, 0xFF, 0xFF, 0xFF, 0xFF, 0xFF, 0xFF, 0xFF, 0xFF, 0xFF, 0xFF,
    0xFF, 0xFF, 0xFF, 0xFF, 0xFF, 0xFF, 0xFF, 0xFF, 0xFF, 0xFF, 0xFF, 0xFF, 0xFF, 0xFF, 0xFF, 0xFF,
    0xFF, 0xFF, 0xFF, 0xFF, 0xFF, 0xFF, 0xFF, 0xFF, 0xFF, 0xFF, 0xFF, 0xFF, 0xFF, 0xFF, 0xFF, 0xFF,
    0xFF, 0xFF, 0xFF, 0xFF, 0xFF, 0xFF, 0xFF, 0xFF, 0xFF, 0xFF, 0xFF, 0xFF, 0xFF, 0xFF, 0xFF, 0xFF,
    0xFF, 0xFF, 0xFF, 0xFF, 0xFF, 0xFF, 0xFF, 0xFF, 0xFF, 0xFF, 0xFF, 0xFF, 0xFF, 0xFF, 0xFF, 0xFF,
    0xFF, 0xFF, 0xFF, 0xFF, 0xFF, 0xFF, 0xFF, 0xFF, 0xFF, 0xFF, 0xFF, 0xFF, 0xFF, 0xFF, 0xFF, 0xFF,
    0xFF, 0xFF, 0xFF, 0xFF, 0xFF, 0xFF, 0xFF, 0xFF, 0xFF, 0xFF, 0xFF, 0xFF, 0xFF, 0xFF, 0xFF, 0xFF,
    0xFF, 0xFF, 0xFF, 0xFF, 0xFF, 0xFF, 0xFF, 0xFF, 0xFF, 0xFF, 0xFF, 0xFF, 0xFF, 0xFF, 0xFF, 0xFF,
    0xFF, 0xFF, 0xFF, 0xFF, 0xFF, 0xFF, 0xFF, 0xFF, 0xFF, 0xFF, 0xFF, 0xFF, 0xFF, 0xFF, 0xFF, 0xFF,
    0xFF, 0xFF, 0xFF, 0xFF, 0xFF, 0xFF, 0xFF, 0xFF, 0xFF, 0xFF, 0xFF, 0xFF, 0xFF, 0xFF, 0xFF, 0xFF,
    0xFF, 0xFF, 0xFF, 0xFF, 0xFF, 0xFF, 0xFF, 0xFF, 0xFF, 0xFF, 0xFF, 0xFF, 0xFF, 0xFF, 0xFF, 0xFF,
    0xFF, 0xFF, 0xFF, 0xFF, 0xFF, 0xFF, 0xFF, 0xFF, 0xFF, 0xFF, 0xFF, 0xFF, 0xFF, 0xFF, 0xFF, 0xFF,
    0xFF, 0xFF, 0xFF, 0xFF, 0xFF, 0xFF, 0xFF, 0xFF, 0xFF, 0xFF, 0xFF, 0xFF, 0xFF, 0xFF, 0xFF, 0xFF,
    0xFF, 0xFF, 0xFF, 0xFF, 0xFF, 0xFF, 0xFF, 0xFF, 0xFF, 0xFF, 0xFF, 0xFF, 0xFF, 0xFF, 0xFF, 0xFF,
    0xFF, 0xFF, 0xFF, 0xFF, 0xFF, 0xFF, 0xFF, 0xFF, 0xFF, 0xFF, 0xFF, 0xFF, 0xFF, 0xFF, 0xFF, 0xFF,
    0xFF, 0xFF, 0xFF, 0xFF, 0xFF, 0xFF, 0xFF, 0xFF, 0xFF, 0xFF, 0xFF, 0xFF, 0xFF, 0xFF, 0xFF, 0xFF,
    0xFF, 0xFF, 0xFF, 0xFF, 0xFF, 0xFF, 0xFF, 0xFF, 0xFF, 0xFF, 0xFF, 0xFF, 0xFF, 0xFF, 0xFF, 0xFF,
    0xFF, 0xFF, 0xFF, 0xFF, 0xFF, 0xFF, 0xFF, 0xFF, 0xFF, 0xFF, 0xFF, 0xFF, 0xFF, 0xFF, 0xFF, 0xFF,
    0xFF, 0xFF, 0xFF, 0xFF, 0xFF, 0xFF, 0xFF, 0xFF, 0xFF, 0xFF, 0xFF, 0xFF, 0xFF, 0xFF, 0xFF, 0xFF,
    0xFF, 0xFF, 0xFF, 0xFF, 0xFF, 0xFF, 0xFF, 0xFF, 0xFF, 0xFF, 0xFF, 0xFF, 0xFF, 0xFF, 0xFF, 0xFF,
    0xFF, 0xFF, 0xFF, 0xFF, 0xFF, 0xFF, 0xFF, 0xFF, 0xFF, 0xFF, 0xFF, 0xFF, 0xFF, 0xFF, 0xFF, 0xFF,
    0xFF, 0xFF, 0xFF, 0xFF, 0xFF, 0xFF, 0xFF, 0xFF, 0xFF, 0xFF, 0xFF, 0xFF, 0xFF, 0xFF, 0xFF, 0xFF,
    0xFF, 0xFF, 0xFF, 0xFF, 0xFF, 0xFF, 0xFF, 0xFF, 0xFF, 0xFF, 0xFF, 0xFF, 0xFF, 0xFF, 0xFF, 0xFF,
    0xFF, 0xFF, 0xFF, 0xFF, 0xFF, 0xFF, 0xFF, 0xFF, 0xFF, 0xFF, 0xFF, 0xFF, 0xFF, 0xFF, 0xFF, 0xFF,
    0xFF, 0xFF, 0xFF, 0xFF, 0xFF, 0xFF, 0xFF, 0xFF, 0xFF, 0xFF, 0xFF, 0xFF, 0xFF, 0xFF, 0xFF, 0xFF,
    0xFF, 0xFF, 0xFF, 0xFF, 0xFF, 0xFF, 0xFF, 0xFF, 0xFF, 0xFF, 0xFF, 0xFF, 0xFF, 0xFF, 0xFF, 0xFF,
    0xFF, 0xFF, 0xFF, 0xFF, 0xFF, 0xFF, 0xFF, 0xFF, 0xFF, 0xFF, 0xFF, 0xFF, 0xFF, 0xFF, 0xFF, 0xFF,
    0xFF, 0xFF, 0xFF, 0xFF, 0xFF, 0xFF, 0xFF, 0xFF, 0xFF, 0xFF, 0xFF, 0xFF, 0xFF, 0xFF, 0xFF, 0xFF,
    0xFF, 0xFF, 0xFF, 0xFF, 0xFF, 0xFF, 0xFF, 0xFF, 0xFF, 0xFF, 0xFF, 0xFF, 0xFF, 0xFF, 0xFF, 0xFF,
    0xFF, 0xFF, 0xFF, 0xFF, 0xFF, 0xFF, 0xFF, 0xFF, 0xFF, 0xFF, 0xFF, 0xFF, 0xFF, 0xFF, 0xFF, 0xFF,
    0xFF, 0xFF, 0xFF, 0xFF, 0xFF, 0xFF, 0xFF, 0xFF, 0xFF, 0xFF, 0xFF, 0xFF, 0xFF, 0xFF, 0xFF, 0xFF,
    0xFF, 0xFF, 0xFF, 0xFF, 0xFF, 0xFF, 0xFF, 0xFF, 0xFF, 0xFF, 0xFF, 0xFF, 0xFF, 0xFF, 0xFF, 0xFF,
    0xFF, 0xFF, 0xFF, 0xFF, 0xFF, 0xFF, 0xFF, 0xFF, 0xFF, 0xFF, 0xFF, 0xFF, 0xFF, 0xFF, 0xFF, 0xFF,
    0xFF, 0xFF, 0xFF, 0xFF, 0xFF, 0xFF, 0xFF, 0xFF, 0xFF, 0xFF, 0xFF, 0xFF, 0xFF, 0xFF, 0xFF, 0xFF,
    0xFF, 0xFF, 0xFF, 0xFF, 0xFF, 0xFF, 0xFF, 0xFF, 0xFF, 0xFF, 0xFF, 0xFF, 0xFF, 0xFF, 0xFF, 0xFF,
    0xFF, 0xFF, 0xFF, 0xFF, 0xFF, 0xFF, 0xFF, 0xFF, 0xFF, 0xFF, 0xFF, 0xFF, 0xFF, 0xFF, 0xFF, 0xFF,
    0xFF, 0xFF, 0xFF, 0xFF, 0xFF, 0xFF, 0xFF, 0xFF, 0xFF, 0xFF, 0xFF, 0xFF, 0xFF, 0xFF, 0xFF, 0xFF,
    0xFF, 0xFF, 0xFF, 0xFF, 0xFF, 0xFF, 0xFF, 0xFF, 0xFF, 0xFF, 0xFF, 0xFF, 0xFF, 0xFF, 0xFF, 0xFF,
    0xFF, 0xFF, 0xFF, 0xFF, 0xFF, 0xFF, 0xFF, 0xFF, 0xFF, 0xFF, 0xFF, 0xFF, 0xFF, 0xFF, 0xFF, 0xFF,
    0xFF, 0xFF, 0xFF, 0xFF, 0xFF, 0xFF, 0xFF, 0xFF, 0xFF, 0xFF, 0xFF, 0xFF, 0xFF, 0xFF, 0xFF, 0xFF,
    0xFF, 0xFF, 0xFF, 0xFF, 0xFF, 0xFF, 0xFF, 0xFF, 0xFF, 0xFF, 0xFF, 0xFF, 0xFF, 0xFF, 0xFF, 0xFF,
    0xFF, 0xFF, 0xFF, 0xFF, 0xFF, 0xFF, 0xFF, 0xFF, 0xFF, 0xFF, 0xFF, 0xFF, 0xFF, 0xFF, 0xFF, 0xFF,
    0xFF, 0xFF, 0xFF, 0xFF, 0xFF, 0xFF, 0xFF, 0xFF, 0xFF, 0xFF, 0xFF, 0xFF, 0xFF, 0xFF, 0xFF, 0xFF,
    0xFF, 0xFF, 0xFF, 0xFF, 0xFF, 0xFF, 0xFF, 0xFF, 0xFF, 0xFF, 0xFF, 0xFF, 0xFF, 0xFF, 0xFF, 0xFF,
    0xFF, 0xFF, 0xFF, 0xFF, 0xFF, 0xFF, 0xFF, 0xFF, 0xFF, 0xFF, 0xFF, 0xFF, 0xFF, 0xFF, 0xFF, 0xFF,
    0xFF, 0xFF,
};
static const unsigned int snd_tick_len = 8162;

#endif /* FTAGHN_EMBEDDED_AUDIO_H */
